track,seed,strategy,n_labels,macro_f1,weighted_f1,balanced_acc,f1_agn,f1_cep,f1_cv,f1_ecl,f1_lpv,f1_rr,f1_yso
b,0,random,14,0.44016505351493723,0.7244805688340551,0.5656853326013358,0.5937291527685123,0.08603552224213785,0.14029850746268657,0.7880427195309228,0.8257291107532654,0.3008913082490878,0.3464290535979479
b,0,random,29,0.5222442078432932,0.8172725771709289,0.5996336088429473,0.8058005427408412,0.13872022419430172,0.3261538461538461,0.9201326640372893,0.8590055726884164,0.3999407933688573,0.20595581171950048
b,0,random,44,0.572052613684738,0.8512296642618435,0.6190577408592745,0.7692182675117829,0.30952380952380953,0.4375,0.949319896309673,0.9288851651560159,0.4931262274593822,0.11679492983250339
b,0,random,59,0.5744324792889682,0.850309997171677,0.5803471438921824,0.7710352692025739,0.31643625192012287,0.47761194029850745,0.9473440707862244,0.9351445877791013,0.4317399617590822,0.14171527327716568
b,0,random,74,0.5877077222519305,0.8656411144089928,0.602380116810117,0.7758549987697859,0.32195750160978753,0.3393939393939394,0.9523155679596436,0.9380602276160741,0.6654375265919728,0.12093429382230954
b,0,random,89,0.6294813352280434,0.8805312549640316,0.6173676784955935,0.7726085537055175,0.3391003460207612,0.4383561643835616,0.9614972944044716,0.9419559631178516,0.7550258472142447,0.19782517774989544
b,0,random,104,0.6294009471933737,0.8818954255271405,0.6214079254460367,0.7742515949615574,0.3379073756432247,0.41975308641975306,0.9611926100979474,0.9438343743703406,0.7494914269107817,0.21937616195001033
b,0,random,119,0.6236076226931421,0.8763247422701729,0.6076135548246945,0.7803148957217048,0.34688346883468835,0.4370860927152318,0.9586309919983435,0.9393939393939394,0.7167995187246202,0.186144451463466
b,0,random,134,0.6537924731478638,0.8864060109099916,0.6487677845704191,0.7790927021696252,0.2979094076655052,0.5432098765432098,0.9581749049429658,0.9488421639992898,0.7263655462184874,0.3229527104959631
b,0,random,149,0.6603490800820879,0.8952352475774451,0.6460405391863757,0.8075445933259366,0.2926829268292683,0.44594594594594594,0.9572631642041538,0.9509382081116174,0.714170475934391,0.45389824622330266
b,0,random,164,0.6935862977814731,0.8977074742709175,0.6771865535560199,0.837039672656111,0.29233511586452765,0.6303030303030303,0.9595830642375452,0.9409705727929595,0.7214832728738412,0.4733893557422969
b,0,random,179,0.6888604656805991,0.8973945048107685,0.6747708382413767,0.8419265481190242,0.31078610603290674,0.5605095541401274,0.9563164108618654,0.9407381476295259,0.7171641791044776,0.49458231387626705
b,0,random,194,0.6937563010081871,0.8941239311463052,0.6773483302553288,0.8796967699406724,0.35102925243770317,0.631578947368421,0.9556987025614536,0.9390488948425988,0.7150511446663419,0.384190395240119
b,0,random,209,0.6942799712069326,0.898943071646363,0.6674887231390223,0.8902650483031954,0.3420479302832244,0.6174496644295302,0.9638304891581442,0.936783313562673,0.7559248161263961,0.35365853658536583
b,0,random,224,0.7226853540931689,0.9197175783432487,0.6932821786659137,0.9096893990546928,0.31874298540965207,0.5341614906832298,0.9646215186860272,0.9517255389928642,0.7667894587701899,0.6130670870555264
b,0,random,239,0.7387559710165965,0.9225513239594102,0.7046351751025978,0.9119861531804414,0.3258306538049303,0.5921052631578947,0.9642437668188103,0.9526137549970718,0.7623522711092126,0.6621599340478154
b,0,random,254,0.728622076698634,0.923113323325114,0.6972191087362419,0.9158780231335436,0.317937701396348,0.5100671140939598,0.9622621863239472,0.954724510155011,0.7392354696603667,0.7002495321272614
b,0,random,269,0.7429438256299271,0.9285393960734883,0.7165683725884749,0.9115824386837741,0.31419939577039274,0.5503355704697986,0.9649739135634521,0.9582361235739008,0.7695495993368334,0.7317297380113376
b,0,random,284,0.7567322842697141,0.9315702416102066,0.7274624184282867,0.92353770260747,0.33507853403141363,0.5815602836879432,0.9629407980370741,0.9622223367520486,0.7553293907302985,0.7764569440417513
b,0,random,299,0.7667410142197991,0.9385919382755752,0.7366355139092221,0.9450193467110591,0.3223052294557097,0.5774647887323944,0.9663819192867898,0.9631063950636408,0.7745516652433817,0.8183577550456179
b,0,random,314,0.7768734361038597,0.938833536388152,0.7474463185792504,0.9437376814191005,0.33297062023939067,0.64,0.9666532504509339,0.9635190918472653,0.7766657134686874,0.8145676953016403
b,0,random,329,0.7757497217931331,0.9380345079820817,0.7450255346831878,0.9417144906743186,0.34273318872017355,0.6357615894039735,0.966808256949102,0.9628353180216558,0.7738248321188741,0.8065703766638346
b,0,random,344,0.7868107997468511,0.9396597076197096,0.7627124176359805,0.9537119458785829,0.3347921225382932,0.6962025316455697,0.9660737812911726,0.9637983418301663,0.7771538145459526,0.8159430604982206
b,0,random,359,0.7898672796997622,0.9403529324083092,0.7617609744121978,0.9530428584157533,0.32905982905982906,0.7152317880794702,0.9664343195620307,0.9643712806244686,0.7800692041522491,0.8208616780045351
b,0,random,374,0.7867161710569358,0.9405373714519948,0.7630616314915251,0.9522111269614836,0.33368532206969376,0.6838709677419355,0.966260879968893,0.9645063723082491,0.7825368406555571,0.823941687692739
b,0,random,389,0.7823837966354635,0.9431314917710594,0.7504077146590736,0.9542134331017281,0.3390216154721274,0.625,0.9683404153450237,0.9660206651930293,0.7976206944252318,0.8264697529111048
b,0,random,404,0.7823781530262648,0.9428093965398333,0.7502781694271612,0.9521680822530174,0.34823529411764703,0.6197183098591549,0.9675720164609054,0.966976876079503,0.7934767712758668,0.8284997211377579
b,0,random,419,0.7819514440632591,0.9422010532454566,0.7478474850734276,0.9558060475934872,0.34530706836616454,0.624113475177305,0.9681597248186645,0.9639303802349796,0.7966759002770083,0.8196675119752043
b,0,random,434,0.795023346728661,0.9416377804117688,0.7637151314945879,0.956467328148744,0.33605600933488916,0.7307692307692307,0.9678410548611318,0.9631685814891922,0.7996081724041422,0.811253050093297
b,0,random,449,0.7896343305252785,0.9421095068280562,0.7515171868509373,0.9571198856530284,0.354577056778679,0.6713286713286714,0.9683249821045097,0.9630428641138249,0.8014025245441795,0.8116443291540568
b,0,random,464,0.7876702933175527,0.9419241464268394,0.7522334735747044,0.9593380193967435,0.3419811320754717,0.6711409395973155,0.9679564601506002,0.9633983572895277,0.7978142076502732,0.8120629370629371
b,0,random,479,0.7910906684703767,0.9424183341173621,0.7565359434110587,0.9592291908287983,0.342042755344418,0.6887417218543046,0.9682747927723776,0.9633378722092336,0.8020716685330347,0.8139366777504699
b,0,random,494,0.7883495785678514,0.9411184427568,0.7561608763852593,0.9580988117573483,0.3404761904761905,0.6838709677419355,0.9673346962529659,0.9628109771736343,0.7958757140866657,0.8099796924862199
b,0,random,509,0.7844227663697351,0.9415799094719434,0.7501960357347468,0.9563350035790981,0.33926453143534996,0.6533333333333333,0.9673138289940652,0.9642710472279261,0.7943977591036414,0.8160438609147309
b,0,random,524,0.7823703042466565,0.9423294239128257,0.7520604616554518,0.95772633836804,0.3486454652532391,0.625,0.9681337163439356,0.9644435309834549,0.7957173447537473,0.8169257340241797
b,0,random,539,0.7887136600963958,0.9422984581707087,0.7559765633155188,0.9557443004023245,0.3419811320754717,0.6753246753246753,0.9679860562813771,0.9646447764264225,0.7951398700197796,0.8201748101447198
b,0,random,554,0.7881431035491312,0.9421000706561122,0.7560898465108442,0.9551569506726457,0.3393939393939394,0.6753246753246753,0.9671813520925241,0.9658385892650276,0.7941915666015079,0.8199146514935989
b,0,random,569,0.7856104539446136,0.9421044930997157,0.7526058865456177,0.953686285048822,0.33014354066985646,0.6666666666666666,0.9677621096832795,0.9653008205365641,0.7966197183098591,0.8190940366972477
b,0,random,584,0.7862000211131256,0.9427881108662045,0.7523663692918493,0.9565995525727069,0.31873479318734793,0.6711409395973155,0.9676285250346358,0.9659401246972742,0.7999440794072418,0.8234121332953575
b,0,random,599,0.7909742899664675,0.9438186561902434,0.7594613130427919,0.955796646642159,0.33095238095238094,0.6797385620915033,0.968232928736317,0.9658090986504271,0.8073523221551845,0.8289380905373008
b,0,random,614,0.8231282741830368,0.9473805540329959,0.7893818888983725,0.9597429260019638,0.5226824457593688,0.697986577181208,0.9696996808923086,0.9665368043551176,0.8160090510535992,0.8292404340376928
b,0,random,629,0.8136448116282827,0.9470717981509903,0.7743245689424835,0.9611918993665804,0.4672897196261682,0.6853146853146853,0.9698124441798154,0.9666640884832547,0.8181299885974914,0.8271108558299828
b,0,random,644,0.8123632558831125,0.9502600499961292,0.7767390332235135,0.960427807486631,0.4979757085020243,0.6153846153846154,0.9729431582713436,0.9664671894345852,0.8463497453310697,0.8269945667715184
b,0,random,659,0.8164629261645969,0.9506826552347574,0.7774850912664866,0.9609834313201496,0.4927835051546392,0.6474820143884892,0.9730536687318057,0.9675759135357694,0.8470060300098163,0.8263559200115091
b,0,random,674,0.8178967167944274,0.9506995000329227,0.7856975075850327,0.9628246175738171,0.5024342745861733,0.6438356164383562,0.9726254728123551,0.9669504385175278,0.8454302962235013,0.8311763014092609
b,0,random,689,0.8154846716290953,0.9505937792977782,0.7807061007246945,0.9630156472261735,0.5073457394711067,0.624113475177305,0.9725192663838939,0.967087303631213,0.8426252646436133,0.8316860048703624
b,0,random,704,0.8187648629794452,0.9525427988637828,0.7805532909897313,0.9622424617561235,0.4852941176470588,0.6474820143884892,0.973262830853797,0.969743867523021,0.8461322869955157,0.8471964616921102
b,0,random,719,0.826629272140676,0.9528106249223144,0.7899590918423284,0.9641688047421039,0.5164506480558325,0.6713286713286714,0.973261712921516,0.9692811637564159,0.8438614002566662,0.8480525039235269
b,0,random,734,0.8312833304356994,0.952296378514748,0.7989321323566185,0.9644472027662027,0.5135658914728682,0.7114093959731543,0.9729899309809077,0.9685349826053343,0.8428368794326241,0.8451990298188043
b,0,random,749,0.8262186022328849,0.953469638877831,0.7868948544242584,0.9647413182140326,0.47608695652173916,0.6993006993006993,0.9732535763831913,0.9712323107117034,0.8407643312101911,0.858151023288638
b,0,random,764,0.8295113524409602,0.9549356825860305,0.7910124632436044,0.9655538829363323,0.5304878048780488,0.656934306569343,0.9737517916865743,0.9719679337988104,0.845122123394042,0.8627616238235707
b,0,random,779,0.8151289271622952,0.9531570606485361,0.7723497065321093,0.9674212161562361,0.5236051502145923,0.5801526717557252,0.9738727978501045,0.9686107892365134,0.8418977896663382,0.8503420752565565
b,0,random,794,0.8071500973670019,0.9536564303633126,0.7630718098765861,0.9681020733652312,0.5243770314192849,0.5161290322580645,0.9737289399135232,0.9695406597374462,0.8440418907444098,0.8541310541310542
b,0,random,809,0.8098783303193436,0.9528803619543691,0.7669747757131271,0.965450035435861,0.5283018867924528,0.5396825396825397,0.9735284029051646,0.9686202717685584,0.8433016053416679,0.8502635703091609
b,0,random,824,0.8087415188224466,0.9529926013826031,0.7664963122103726,0.967787610619469,0.5133120340788072,0.5426356589147286,0.9732663376522686,0.9689280833397798,0.8408476745839852,0.8544132325680879
b,0,random,839,0.8009979976193768,0.9529236853010692,0.7588225393620748,0.9671811247117261,0.49176728869374314,0.5079365079365079,0.9733750745378652,0.9690620565088376,0.8461647125300183,0.851499218416939
b,0,random,854,0.7807686616146707,0.9525748974275138,0.7400591566463869,0.9672669209615896,0.4839067702552719,0.37168141592920356,0.9726888253514415,0.969398032177259,0.8444318503825446,0.8560068162453849
b,0,random,869,0.7973795279090632,0.9524678276102866,0.7533380741981259,0.9663499955606855,0.45629965947786605,0.5161290322580645,0.973175054737187,0.9684976392579788,0.8485362749257531,0.8526690391459075
b,0,random,884,0.7998549076027289,0.9532812575966078,0.7565458769936536,0.9665242165242165,0.526775956284153,0.4628099173553719,0.9732927956123878,0.9692264039002244,0.8469459726336578,0.8534090909090909
b,0,random,899,0.7778892671600213,0.9523005092874379,0.7369686696676796,0.9676731793960923,0.4611923509561305,0.375,0.9727886090466332,0.9690322580645161,0.8450783787600621,0.8544600938967136
b,0,random,914,0.8054893121029865,0.9552393002254487,0.7638814107130261,0.967948717948718,0.5975359342915811,0.41739130434782606,0.9740615962553293,0.97012111664902,0.851841359773371,0.8595251554550594
b,0,uncertainty,14,0.44016505351493723,0.7244805688340551,0.5656853326013358,0.5937291527685123,0.08603552224213785,0.14029850746268657,0.7880427195309228,0.8257291107532654,0.3008913082490878,0.3464290535979479
b,0,uncertainty,29,0.3897738027994378,0.6485007629336881,0.4951717715332065,0.7402728650833754,0.10734345745787394,0.11001410437235543,0.6201284961335745,0.8842839887263455,0.15712401970990353,0.1092496881126359
b,0,uncertainty,44,0.49367488196756654,0.7426040715028919,0.5197544997702187,0.784245215595966,0.227792436235708,0.43548387096774194,0.8204169849033914,0.8238844078222016,0.2004458660463313,0.16345539220162542
b,0,uncertainty,59,0.5457290424931502,0.7458103159551989,0.5976944914978881,0.8809387051776483,0.2003577817531306,0.6225165562913907,0.8114567966716945,0.7949425017601502,0.2680745976326322,0.2418163581654053
b,0,uncertainty,74,0.5328305634427272,0.7573132793113013,0.6519887046285032,0.9142048764250645,0.12809667673716013,0.4077669902912621,0.7874903005971459,0.8438057988266304,0.24150422632396068,0.4069450748978665
b,0,uncertainty,89,0.5759573363315358,0.7873378495988956,0.6258741879965121,0.9450017295053614,0.1309840425531915,0.5862068965517241,0.8505641041961715,0.8178001679261125,0.2804369414101291,0.4207074721780604
b,0,uncertainty,104,0.6520723282761922,0.834255404715195,0.6970120409661692,0.9326017375400092,0.25643516270033995,0.625,0.8476052249637155,0.9334216803604559,0.30492876736571983,0.6645137250031052
b,0,uncertainty,119,0.6546343602721336,0.8445993267983251,0.6811580995906245,0.9567873506423502,0.389010989010989,0.5882352941176471,0.8884737473610668,0.9095023873264704,0.19326014807250447,0.6571706053739074
b,0,uncertainty,134,0.759937689106726,0.9107515013645956,0.7260233086648349,0.962020748759585,0.6001917545541706,0.6521739130434783,0.9425694303375025,0.9703533876195747,0.3441358024691358,0.8481187869636341
b,0,uncertainty,149,0.7685308866323265,0.9108219980440174,0.73980842353755,0.9646722117878545,0.5847047434656341,0.7142857142857143,0.9404528203114776,0.9714705650770321,0.3462483462483463,0.8578818052502263
b,0,uncertainty,164,0.7491396533436865,0.899716743180636,0.7269164181541372,0.9397366957166697,0.5864077669902913,0.7142857142857143,0.935143156424581,0.9694874095972127,0.28232189973614774,0.816594930655189
b,0,uncertainty,179,0.7419014736381463,0.8973537004166766,0.7139046001326846,0.9557441372387991,0.5231116121758738,0.8129032258064516,0.9413326102778531,0.9675987102912416,0.1665859564164649,0.8260340632603407
b,0,uncertainty,194,0.7366125244862332,0.8976629172048608,0.7100620407983638,0.9439200444197668,0.5,0.779874213836478,0.9408499069967091,0.9679193885377271,0.211932734392997,0.8117913832199547
b,0,uncertainty,209,0.7273607962993325,0.8932374911830214,0.7018319385997965,0.9417106848299509,0.5127020785219399,0.7948717948717948,0.9410324655915968,0.9700431715278509,0.11453296004072283,0.8166324187114711
b,0,uncertainty,224,0.7456027627977357,0.8961409267489371,0.7305848035303978,0.9411328450913136,0.6274111675126903,0.788235294117647,0.9422490669249837,0.9711189436582671,0.12827691524560958,0.8207951070336391
b,0,uncertainty,239,0.7660758338139989,0.9039285051030543,0.7475952977149939,0.9471552200331431,0.6672914714151827,0.7926829268292683,0.9437225724373544,0.9759987409175563,0.18821803959912,0.8474618654663666
b,0,uncertainty,254,0.7531488102992673,0.8976167303118607,0.737483062157993,0.9206289069899602,0.666030534351145,0.8,0.9435286064685414,0.9753495217071376,0.15209701869631126,0.8144070838817757
b,0,uncertainty,269,0.7721377570871766,0.905622277313121,0.7524545205008976,0.9559736938253562,0.6673040152963671,0.8192771084337349,0.9447173043974871,0.976361444520153,0.18317200297840655,0.8581587301587301
b,0,uncertainty,284,0.7700341133336213,0.9036128109545094,0.7495306078444257,0.9534096109839817,0.6772277227722773,0.8263473053892215,0.944063422354669,0.9763626834381551,0.15760322255790535,0.8552248258391387
b,0,uncertainty,299,0.7737810208170232,0.9062688567203383,0.7540384113748717,0.9604642727602466,0.6749760306807286,0.8192771084337349,0.9445403569848903,0.9777149291643753,0.16771277931207632,0.8717816683831102
b,0,uncertainty,314,0.7763902624125366,0.9080935584052761,0.7490535412997346,0.9626743975357854,0.7098001902949572,0.7848101265822784,0.945304467039872,0.978396268209418,0.17928979389123417,0.8744565933342116
b,0,uncertainty,329,0.7959687509544696,0.9160149606214043,0.7635626174866995,0.9686994063680519,0.7096153846153846,0.8074534161490683,0.9480108304800653,0.9792812280107372,0.27353629976580796,0.8851846912921723
b,0,uncertainty,344,0.8132206683801272,0.9247464833418104,0.7738050381740378,0.9658783173858098,0.6954813359528488,0.8176100628930818,0.9523356675600126,0.9798430206785053,0.40034364261168387,0.8810526315789474
b,0,uncertainty,359,0.8091747686604845,0.9228034836044765,0.7742388525682867,0.9670448406266883,0.6686746987951807,0.8383233532934131,0.9507092912842057,0.980665362035225,0.37491863744847037,0.8838871971402091
b,0,uncertainty,374,0.8119714175281827,0.9240231300404376,0.775011830670038,0.9667929976538531,0.6761421319796954,0.8363636363636363,0.9519467257324493,0.9799524294937139,0.3892033086634741,0.8833986928104575
b,0,uncertainty,389,0.8153860365527504,0.923818600083976,0.7788359067815043,0.9692058346839546,0.7008032128514057,0.8363636363636363,0.9506519703191413,0.9804801670146138,0.38133787814230935,0.8888595564941922
b,0,uncertainty,404,0.8146030510395386,0.9245391850726324,0.7771924566758491,0.9663348416289593,0.7047047047047047,0.8220858895705522,0.9515566947956569,0.980957605203354,0.38885316184351554,0.8877284595300261
b,0,uncertainty,419,0.8108533449122779,0.9211412038682649,0.7803593525317841,0.9654173456454825,0.7101879327398615,0.8352941176470589,0.9493705488813754,0.9810078633193134,0.3476936466492602,0.8870019595035924
b,0,uncertainty,434,0.8123524393847953,0.9225161874376943,0.775872645456977,0.9641528269352936,0.7037411526794742,0.8363636363636363,0.9508258042239742,0.9807617009057924,0.36758635672387574,0.8830355978615204
b,0,uncertainty,449,0.8367487642409587,0.9363834125999897,0.7955281993836134,0.964078374455733,0.6890927624872579,0.8292682926829268,0.9581281861356804,0.9814283478533048,0.5490569632310917,0.8861884228407161
b,0,uncertainty,464,0.8428459774654261,0.9390963015354011,0.8030622424599566,0.9656485090183994,0.6906474820143885,0.8292682926829268,0.9591027099559523,0.9812405288185191,0.5869447941017802,0.8870695256660169
b,0,uncertainty,479,0.8460939641720463,0.9397026958578583,0.8079972239583447,0.965098359169613,0.6928645294725957,0.8383233532934131,0.9594869022747528,0.9803337773250803,0.6026722925457103,0.8838785351231592
b,0,uncertainty,494,0.8570623670588401,0.9418147412614759,0.8236212536558289,0.9648040638606676,0.7580174927113703,0.8313253012048193,0.9603579812206573,0.9808335074159181,0.6195229233632211,0.8845752996352266
b,0,uncertainty,509,0.8497510787069308,0.9403626115168721,0.8143678217328648,0.964301934780634,0.6945010183299389,0.8502994011976048,0.9596482227922316,0.9799926866217417,0.6190879810137312,0.8804263062126332
b,0,uncertainty,524,0.8536003344085422,0.9431131283915987,0.8137654830053993,0.9648979591836735,0.713272543059777,0.8343558282208589,0.9630767430293455,0.9787767903815996,0.6458224769845405,0.875
b,0,uncertainty,539,0.8512510422981093,0.94306221928538,0.8124443072631903,0.9644153957879448,0.7025380710659899,0.8313253012048193,0.9630138186917526,0.9798061600355287,0.6397175639894086,0.877940985311322
b,0,uncertainty,554,0.8603830730635437,0.9457882046877872,0.8238156131607335,0.9724572457245725,0.7135678391959799,0.8433734939759037,0.963188924412636,0.9800365821792527,0.6606121762529431,0.8894452497035182
b,0,uncertainty,569,0.8629466431282676,0.9459817037596272,0.8282969586967229,0.9729924378826071,0.7394296951819076,0.8383233532934131,0.9641925747941512,0.9785562799465871,0.6629079104732616,0.8842242503259452
b,0,uncertainty,584,0.8703111784993297,0.9481979598885312,0.8334762992637625,0.9730606360933417,0.7497546614327772,0.8536585365853658,0.9647864554245907,0.9803010932240979,0.6816984858459513,0.8889183808891838
b,0,uncertainty,599,0.8635838862205097,0.9458413007424268,0.8261630913684741,0.974912328028055,0.7367387033398821,0.8484848484848485,0.9636070853462158,0.9795939696391712,0.6524211614682061,0.8893291072371896
b,0,uncertainty,614,0.8640104163526642,0.9448980199911771,0.8282645448860396,0.9749078154510298,0.75,0.8484848484848485,0.9621284263885023,0.9802989130434783,0.639221045439016,0.8930318656617744
b,0,uncertainty,629,0.8609929452740713,0.9448625446533906,0.8223168562873325,0.9761220825852783,0.7381889763779528,0.8395061728395061,0.9627430910951894,0.9794100696809347,0.6397071640230085,0.8912730603166296
b,0,uncertainty,644,0.8571471854313436,0.9424012168262476,0.8211349572599312,0.9755703251302317,0.7482993197278912,0.8271604938271605,0.960239180455205,0.9792424678690155,0.6191687871077184,0.8903497239021825
b,0,uncertainty,659,0.8587003806362932,0.9417971406158122,0.8211221926792636,0.9758419398293668,0.7485380116959064,0.8536585365853658,0.9601412788067195,0.9803767660910518,0.5964661788327682,0.8958799526128735
b,0,uncertainty,674,0.860594839184654,0.9439412660371893,0.8207731354784753,0.9777737945868435,0.7467980295566502,0.8395061728395061,0.9611759720618963,0.980622891660783,0.617703768624014,0.9005832449628844
b,0,uncertainty,689,0.8558234464333212,0.9425773120647015,0.8183629938225242,0.9773114518877231,0.7492566897918731,0.8170731707317073,0.9591367622728804,0.9819502128882271,0.6032562125107113,0.9027796249501263
b,0,uncertainty,704,0.8546120843138556,0.9430342232014071,0.8158442229679158,0.9764811490125673,0.7134146341463414,0.8363636363636363,0.9600889187884815,0.981574889580012,0.613950276243094,0.9004110860628564
b,0,uncertainty,719,0.8721108195384794,0.9495895228365979,0.8345387611552081,0.9770444763271162,0.75365141187926,0.8466257668711656,0.9651953084861207,0.9811724768246507,0.680113352225371,0.9009729441556711
b,0,uncertainty,734,0.8738326833799626,0.9496653715671851,0.8400422125600022,0.9777857398781798,0.754863813229572,0.8571428571428571,0.9652854228132752,0.9810472381251144,0.6792578973758984,0.9014458150948401
b,0,uncertainty,749,0.8784489917271955,0.9508044981232353,0.8476858168987157,0.977702158144533,0.7626459143968871,0.863905325443787,0.9659326901833714,0.9801695269987443,0.6995010461934653,0.8992862807295797
b,0,uncertainty,764,0.8764981435090541,0.9498876722128663,0.8432079847517576,0.9774988794262662,0.775,0.8571428571428571,0.9655142052124912,0.9811488482756817,0.6782169890664423,0.9009652254396403
b,0,uncertainty,779,0.8747964474222095,0.9479860630181776,0.8446693977986302,0.9773991031390135,0.7727708533077661,0.863905325443787,0.9636853020341526,0.980458837994088,0.6668852459016393,0.8984704641350211
b,0,uncertainty,794,0.8856968690030653,0.9559407874352746,0.8550909029486166,0.9785899847711189,0.7714561234329798,0.8520710059171598,0.970548802946593,0.9802392231789986,0.7479072762395363,0.8990656665350704
b,0,uncertainty,809,0.892764151812915,0.9571505439570585,0.8634235414119511,0.9789784417210842,0.7988721804511278,0.8622754491017964,0.9715069867642502,0.9796057281985496,0.7599682287529785,0.8981420477006193
b,0,uncertainty,824,0.8937094221194537,0.9581069468976101,0.8694633703781912,0.9791722535085366,0.7966573816155988,0.8588235294117647,0.9720134903260162,0.9799188375441812,0.7699472213598262,0.8994332410702518
b,0,uncertainty,839,0.8920370609294795,0.9565704136225585,0.8671194356268945,0.979621022524133,0.7966573816155988,0.863905325443787,0.971418442859042,0.9783515704951586,0.7606608969315499,0.8936447866370874
b,0,uncertainty,854,0.8938229451389239,0.957347103518344,0.8680554431044315,0.9789934745686958,0.7962962962962963,0.8690476190476191,0.9716539387583273,0.9794687573747279,0.7635390428211587,0.8977614871056421
b,0,uncertainty,869,0.8933493743236361,0.9578119197422763,0.8680774923414536,0.9792523698801645,0.7985074626865671,0.8588235294117647,0.9718320261148284,0.9799502031188573,0.765381589299764,0.8996984397535073
b,0,uncertainty,884,0.8963898578735948,0.9585494734907418,0.8727297746182112,0.9785292538915727,0.7985143918291551,0.872093023255814,0.9713431864246298,0.9821764582897763,0.7632475983885962,0.9088250930356193
b,0,uncertainty,899,0.8992003828972043,0.9607156712897907,0.8755047094097518,0.9796246648793566,0.8011049723756906,0.8654970760233918,0.9734521131762756,0.981624277909925,0.7849512308406874,0.908148345075103
b,0,uncertainty,914,0.8979192091101122,0.9611593131051264,0.8726393809212436,0.9789934745686958,0.793709528214616,0.8588235294117647,0.9739737371347451,0.9817278787086655,0.7901542296307836,0.9080520861015148
b,0,margin,14,0.44016505351493723,0.7244805688340551,0.5656853326013358,0.5937291527685123,0.08603552224213785,0.14029850746268657,0.7880427195309228,0.8257291107532654,0.3008913082490878,0.3464290535979479
b,0,margin,29,0.4862087958808346,0.7384008161598653,0.6375582509865284,0.6844930618859516,0.06576168929110106,0.08897742363877822,0.744063421153811,0.8669279764821166,0.4410702712711786,0.5121677274429053
b,0,margin,44,0.5133328521113809,0.8347826041684004,0.5569166192252822,0.7735185941969759,0.18799710773680406,0.13966480446927373,0.9227199503421367,0.9144379440033431,0.2646445497630332,0.39034701426809937
b,0,margin,59,0.6799981436104469,0.8868006687871685,0.6479773336633101,0.7923575456611396,0.37894736842105264,0.6081081081081081,0.9497561330712674,0.9531861593862533,0.498271225509028,0.579360465116279
b,0,margin,74,0.7158034624539972,0.8992407298329119,0.7080138970894065,0.8450177603290334,0.5490196078431373,0.5095541401273885,0.9544889331012186,0.942650348730096,0.5860670844084039,0.6238263626387026
b,0,margin,89,0.7535470606572472,0.9183477058280323,0.7377829540715016,0.9150222222222222,0.5646437994722955,0.5294117647058824,0.9548705446962242,0.9604534396190278,0.5914878137504547,0.7589398401346235
b,0,margin,104,0.7706856629732538,0.9253251467186,0.7633805200299543,0.9446547683432486,0.5488086087624904,0.5494505494505495,0.9538906600543158,0.9618446903112398,0.6256015399422522,0.8105488239486814
b,0,margin,119,0.7864240525086877,0.9306664370990695,0.7835554810576716,0.9266748725162651,0.5536547433903577,0.5911949685534591,0.9558792484694955,0.96769178951732,0.7092366311916962,0.8006361139222207
b,0,margin,134,0.8059000035242538,0.9379594681515327,0.8082652760411931,0.9341545149895842,0.5438066465256798,0.6775956284153005,0.9636658387494981,0.9688313039858466,0.7336177994513867,0.8196282925524803
b,0,margin,149,0.8200418319079847,0.9446692405412781,0.8186481728022359,0.9614707952146376,0.5864661654135338,0.6565656565656566,0.9652124914736498,0.9714374740340673,0.739501007283434,0.8596392333709132
b,0,margin,164,0.8320848659704588,0.949673081340301,0.8183565497282397,0.9550148783476282,0.5976168652612283,0.6878306878306878,0.9698638247483718,0.9742176941470008,0.782461015902424,0.857589095555871
b,0,margin,179,0.842918874645812,0.9548250454760371,0.8254828859346083,0.9656150301311591,0.6125244618395304,0.6850828729281768,0.9719567834267117,0.9753863766456783,0.814574421006048,0.8752921765433797
b,0,margin,194,0.8287080664493615,0.9525601627373982,0.8376734601341675,0.9638169563675062,0.6159292035398231,0.5971563981042654,0.9687061423153871,0.9760572952062314,0.807287218901224,0.8720032507110931
b,0,margin,209,0.856468140731269,0.9550121840578378,0.8481957864460153,0.964962459778334,0.6545454545454545,0.7415730337078652,0.9718255269669956,0.9753963914707491,0.8154294032023289,0.8715447154471545
b,0,margin,224,0.8693180789404467,0.9584663946558447,0.86051273774445,0.9682991985752449,0.7089678510998308,0.7455621301775148,0.9742348158775705,0.975549930850925,0.8384081574847755,0.8742044685172647
b,0,margin,239,0.8653714857967394,0.9587670632500749,0.8581689008109763,0.967805226076875,0.71334431630972,0.7134502923976608,0.9738673356628736,0.9775880469583778,0.8313702958919851,0.8801748872796831
b,0,margin,254,0.8768120703313906,0.9608263989555745,0.8667472734690775,0.9708685968819599,0.7427626137303557,0.7421383647798742,0.9741316037806503,0.9790323001801707,0.8344683808200138,0.8942826321467098
b,0,margin,269,0.8710401438020459,0.9613499359465055,0.8527800974802638,0.9691051136363636,0.7551369863013698,0.6845637583892618,0.9750602896900885,0.9784349005189183,0.8412588382087897,0.8937211198695297
b,0,margin,284,0.8755300857699082,0.9616082123108574,0.8651937174559052,0.967586821015138,0.7354627354627354,0.7307692307692307,0.9749820230105465,0.9792303472058939,0.845489977728285,0.8951894651975275
b,0,margin,299,0.8715864682288509,0.9608888454619551,0.8619005778585208,0.9682022372941073,0.7398171238570241,0.7080745341614907,0.9750014987111084,0.9781729991915926,0.8427028523954583,0.8891340319911748
b,0,margin,314,0.8769394307264803,0.962638393958917,0.8602293474233352,0.9681225783726665,0.7537942664418212,0.7189542483660131,0.9771621115687008,0.9779306391516194,0.8563829787234043,0.8862291924611363
b,0,margin,329,0.8844260471006334,0.9637229557720236,0.8690114005301703,0.968504631671813,0.7472527472527473,0.7701863354037267,0.9783499297269819,0.9783745803731752,0.8636881047239613,0.8846260005520287
b,0,margin,344,0.8844363105703923,0.9640417095344557,0.8688461037200144,0.968937522061419,0.7538726333907056,0.7607361963190185,0.9782761456230844,0.9789459986987639,0.859624145785877,0.890661532113877
b,0,margin,359,0.8950467352242436,0.9645827693242444,0.885242357651053,0.9721037668798863,0.7521815008726004,0.8295454545454546,0.9781508087038336,0.9790945302126994,0.8590700344431688,0.895181050912061
b,0,margin,374,0.8942917246410403,0.965968143217529,0.8818800024731576,0.9737521131773289,0.7469458987783595,0.813953488372093,0.9788034392166228,0.9802052404021462,0.8644530688515164,0.9019288236892149
b,0,margin,389,0.8981687245488839,0.9659325199676547,0.8854780966089438,0.9740340858392076,0.7469458987783595,0.8421052631578947,0.9791259455991406,0.9794704578061824,0.8670420095279342,0.8984574111334674
b,0,margin,404,0.8984793282439695,0.9664502784429397,0.8817221874209701,0.9741163870046412,0.7506654835847383,0.8352941176470589,0.9794617458260727,0.9796897405814106,0.8685831622176592,0.9015446608462055
b,0,margin,419,0.9005144361684713,0.9665447953177161,0.8860528087658729,0.9756662804171495,0.7688311688311689,0.8333333333333334,0.979319606087735,0.9799280538032428,0.8648413733159496,0.9016812373907196
b,0,margin,434,0.8999211491176607,0.9664555081273402,0.886546524524257,0.9748528624933119,0.7688266199649737,0.8304093567251462,0.9791613836721909,0.9802550927254232,0.8642441860465117,0.9016985421960679
b,0,margin,449,0.9043459941743839,0.9672732270745142,0.8891248341040863,0.9759229534510433,0.7897977132805629,0.8333333333333334,0.9796259534008985,0.9802274624373957,0.8666570563644227,0.9048574869530309
b,0,margin,464,0.9031771415371772,0.9677677629925564,0.8859436323447103,0.9754880114092165,0.7721866422689845,0.8352941176470589,0.9804928284652468,0.979654650738171,0.8772733782042103,0.9018503620273531
b,0,margin,479,0.905748665575975,0.9687248096848166,0.8881265716186745,0.9755142017629774,0.7813357731015553,0.8352941176470589,0.9809710012984493,0.9803911342894394,0.8793818858205752,0.9073525451117694
b,0,margin,494,0.903923224841663,0.9684995819307705,0.883356613696899,0.9748528624933119,0.7741935483870968,0.8333333333333334,0.9810459077070026,0.9805145815447852,0.8792756539235412,0.9042466865025697
b,0,margin,509,0.9023268010227871,0.96849584416137,0.8806106583674682,0.9738294463236603,0.7688022284122563,0.8263473053892215,0.9810966057441253,0.9805013927576601,0.8810002874389192,0.9047103410936654
b,0,margin,524,0.9027439876499265,0.9693956793582822,0.8828933579865135,0.9749021003915984,0.7669724770642202,0.8214285714285714,0.9813078530904747,0.9816365811787963,0.8835479256080114,0.9094124047878128
b,0,margin,539,0.9003242528816939,0.9689195694121412,0.8792252002740949,0.9737474414879416,0.7543698252069917,0.8192771084337349,0.9811270085189551,0.9811153655804746,0.8850722770860169,0.907560743857744
b,0,margin,554,0.9062855991777029,0.9699621643153767,0.8874271456073242,0.9747465765605549,0.7811080835603996,0.8263473053892215,0.9817905012089914,0.98122261631546,0.8897424953762982,0.9090416158329945
b,0,margin,569,0.9065930220292399,0.969864778392247,0.8870706156870342,0.9748243038875545,0.7822057460611678,0.8284023668639053,0.981814381270903,0.9809315411065959,0.8896746817538896,0.9082981332606622
b,0,margin,584,0.9053657679018314,0.9698300861219741,0.8860618129080089,0.975028881187239,0.7757352941176471,0.8263473053892215,0.9818132910919497,0.9810406792020417,0.8888263439347031,0.9087685803900177
b,0,margin,599,0.9092243303299731,0.9706441261783822,0.8912786868002723,0.9759218125277654,0.7890909090909091,0.8333333333333334,0.9823486331773955,0.9812509765116401,0.8916713562183455,0.9109532914504234
b,0,margin,614,0.9082577915511741,0.9706405667201234,0.889000743599531,0.9759559932570313,0.7921146953405018,0.8242424242424242,0.9823895801281572,0.9812480466715283,0.8922902494331065,0.90956355178547
b,0,margin,629,0.9078629082828572,0.9706115190504908,0.8872687488977145,0.9777462541005408,0.7885304659498208,0.8220858895705522,0.9819159262301203,0.9812687247622769,0.8910582908885116,0.9124348064781773
b,0,margin,644,0.9079597767532582,0.9704949288107544,0.890087991232807,0.9774141917126089,0.7895212285456188,0.8214285714285714,0.9819599175651862,0.980616923718216,0.8926505854140218,0.9121270188885847
b,0,margin,659,0.9068401121256139,0.9706051043836138,0.8909324395847956,0.9771778705265962,0.7985546522131888,0.8070175438596491,0.9820988668089998,0.9811497849041846,0.8911506926774102,0.9107313738892686
b,0,margin,674,0.9076649790674746,0.9709130396205201,0.8909123975895542,0.9765375044436545,0.8036199095022625,0.8070175438596491,0.9823472356935015,0.9817015952455427,0.8906583250391014,0.9117727396886097
b,0,margin,689,0.909646662365103,0.9715376949542117,0.8945719388397118,0.9788482047635976,0.808206958073149,0.8070175438596491,0.9822937505598519,0.9818323993222989,0.8926041371493341,0.9167236428278408
b,0,margin,704,0.909051282893924,0.9711780026766582,0.8940041970852078,0.9791129677362013,0.7996406109613656,0.813953488372093,0.982128726914406,0.9814703812775273,0.89171974522293,0.9153330597729449
b,0,margin,719,0.9116924238984926,0.9715240496652071,0.8967034042740254,0.978727191811304,0.802536231884058,0.8275862068965517,0.9824189600620858,0.9817869147189869,0.8923295454545455,0.9164619164619164
b,0,margin,734,0.9124032069760103,0.9713454043281936,0.8974443924202672,0.9792110874200426,0.8047229791099001,0.8323699421965318,0.9823141039046396,0.9815205775796909,0.8903589021815623,0.9163248564397046
b,0,margin,749,0.9149809345878784,0.9725416242643262,0.9030060159144516,0.9792036971205119,0.8096514745308311,0.8342857142857143,0.983309176217444,0.9818845301707285,0.9002528800224783,0.9162790697674419
b,0,margin,764,0.9137796382346535,0.9721069249855636,0.899423163101372,0.9790184921763869,0.8085867620751341,0.8304093567251462,0.9829647340107591,0.9815925327214893,0.8978675645342312,0.9160180253994264
b,0,margin,779,0.9152415037666204,0.9724693973493745,0.9026301710536683,0.9784965345654878,0.8212389380530973,0.8255813953488372,0.9832013151995217,0.9817176538090394,0.9006306937631394,0.9158239956272205
b,0,margin,794,0.9148360621311926,0.9722172178308378,0.8999647237768006,0.9794794350182109,0.8182616330114135,0.8263473053892215,0.9827934163514866,0.9815630948966021,0.8984331281477337,0.9169744221036794
b,0,margin,809,0.9156620852391891,0.9728105390274608,0.9036753967151994,0.9796353935082259,0.8166811468288445,0.8284023668639053,0.9832829929124675,0.9819424873440843,0.9010650224215246,0.9186251867952724
b,0,margin,824,0.914096440561772,0.9725249961439333,0.9011842720912127,0.9792,0.8178694158075601,0.8192771084337349,0.9829215768379493,0.9821852421815905,0.8987820243595128,0.9184397163120568
b,0,margin,839,0.9148200673357607,0.9727522251662466,0.9023730470918484,0.9803712585487165,0.8138528138528138,0.8263473053892215,0.9833034111310592,0.9819178082191781,0.9010315026484528,0.9169163715608826
b,0,margin,854,0.9148872934415305,0.9727412680110059,0.9000022916651579,0.9790743039546019,0.8255613126079447,0.8170731707317073,0.9834045988697186,0.9818902980011481,0.9029997196523689,0.914207650273224
b,0,margin,869,0.9131796883699103,0.9727415989735533,0.8977946637467146,0.9794180269694819,0.8293103448275863,0.8024691358024691,0.9834482139920157,0.9819586955954153,0.9018344769640106,0.9138189244383934
b,0,margin,884,0.9198939650761048,0.9730502121756897,0.9113241493113952,0.9788819875776398,0.8252595155709342,0.8505747126436781,0.983577133626492,0.9822868024939347,0.902820441217537,0.9158571624025175
b,0,margin,899,0.9187784199881216,0.9732283544132014,0.9114980615344948,0.9794070655068348,0.8274678111587983,0.8390804597701149,0.9838994463564268,0.9819974953036944,0.9041248606465998,0.9154718011743821
b,0,margin,914,0.916690042483842,0.9733834691613439,0.9059962819391696,0.9792147806004619,0.8200692041522492,0.8304093567251462,0.9840932874869188,0.9823096592391588,0.9051566671350288,0.9155773420479303
b,0,class_balanced,14,0.44016505351493723,0.7244805688340551,0.5656853326013358,0.5937291527685123,0.08603552224213785,0.14029850746268657,0.7880427195309228,0.8257291107532654,0.3008913082490878,0.3464290535979479
b,0,class_balanced,29,0.4426599102573894,0.7218064236612088,0.5084952015263765,0.7195909129013329,0.1319769040417927,0.24615384615384617,0.7514450867052023,0.8968894629211065,0.1735077970962538,0.17905536198219124
b,0,class_balanced,44,0.5119505734304417,0.7493338320113292,0.5350015055385607,0.7894986257226804,0.10403626160155408,0.6142857142857143,0.7773623559539052,0.9206380319996079,0.19870228364371786,0.17913074080591238
b,0,class_balanced,59,0.599978173489027,0.8484767776688781,0.5632441147397189,0.8227197828826209,0.38969957081545065,0.5441176470588235,0.9380315569428138,0.9268158794320932,0.2089009990917348,0.36956177819965197
b,0,class_balanced,74,0.6543638035347621,0.8707287599002645,0.6744730339740126,0.9117231050836176,0.5060070671378092,0.5526315789473685,0.9401925928058382,0.9420216276590344,0.21584025129010545,0.5121304018195603
b,0,class_balanced,89,0.659568607118585,0.8862626926785602,0.7109098989403637,0.924709618116487,0.5267249757045676,0.24315068493150685,0.9332800520972087,0.9447865197010009,0.4870978018477222,0.5572305974316024
b,0,class_balanced,104,0.713584861690995,0.8898338520901773,0.6867778292333659,0.9311597263282372,0.5377969762419006,0.6368159203980099,0.943958629906162,0.9422424702606935,0.4517409345119971,0.5513793741899649
b,0,class_balanced,119,0.775135839434851,0.9140997191948687,0.7274500386117928,0.9569205863836676,0.6261780104712041,0.7037037037037037,0.9500107828337288,0.9628826036419992,0.4203108808290155,0.8059443081806377
b,0,class_balanced,134,0.7774149424896619,0.9107508305043366,0.7396257029889937,0.957149300857014,0.6529411764705882,0.7619047619047619,0.9491661759002571,0.9649669232155268,0.3449346043005985,0.8108416547788873
b,0,class_balanced,149,0.785119093071831,0.9114849090405566,0.736820730869673,0.95404774726261,0.665314401622718,0.779874213836478,0.948720896809428,0.963226571767497,0.38052910052910055,0.8041207196749854
b,0,class_balanced,164,0.78598483515038,0.9107426086834255,0.7338842432399822,0.9587517934002869,0.7106299212598425,0.7763157894736842,0.9492989681844927,0.9649442236184126,0.34326053386278405,0.798692616253157
b,0,class_balanced,179,0.7855848042593602,0.9108274898875381,0.736657560418703,0.9574944071588367,0.6910569105691057,0.7741935483870968,0.9456041576440017,0.9689163131507906,0.3453587353060397,0.8164695575996496
b,0,class_balanced,194,0.8088669799491994,0.9158185763807378,0.7633413775762646,0.9583001328021248,0.7593283582089553,0.8,0.946740581645092,0.968960724764503,0.4121992801666982,0.8165397820570235
b,0,class_balanced,209,0.7859434148241836,0.9113687615354195,0.7391474071121918,0.9496260250518158,0.735653809971778,0.7284768211920529,0.9465926299848562,0.9679921907110564,0.3583934088568486,0.8148690180008781
b,0,class_balanced,224,0.7716507554620721,0.9137190698060724,0.7692957015858278,0.9545533693191711,0.751434034416826,0.5737704918032787,0.9451566125290023,0.9713122148619738,0.3853923853923854,0.8199361799118675
b,0,class_balanced,239,0.8139164664384524,0.9211124216514746,0.7762345917935605,0.9606313176095053,0.7466666666666667,0.7875,0.9481824764663287,0.9749321077919365,0.41697345475683006,0.8625292417779001
b,0,class_balanced,254,0.8219273111297288,0.9280184694869108,0.7822783628965764,0.9635351176576253,0.7373540856031129,0.775,0.9538909888334247,0.9752882166023268,0.4726831242411979,0.8757396449704142
b,0,class_balanced,269,0.8302311245068769,0.9321528687555652,0.7964886623550358,0.9642310118028651,0.7347670250896058,0.7692307692307693,0.955556522874679,0.9742037378257437,0.5398146396822394,0.8738141650422352
b,0,class_balanced,284,0.8332991757372714,0.9326532466261406,0.8007940418944097,0.9651445555255337,0.743521000893655,0.7875,0.9556621686258027,0.9768699624563523,0.5225294913943145,0.8818670512652419
b,0,class_balanced,299,0.8480531844450551,0.9416192474983687,0.8130356988859051,0.9667565139263252,0.7616534740545294,0.7612903225806451,0.9611869816793226,0.9776706153684873,0.6218122626153011,0.8860021208907741
b,0,class_balanced,314,0.8450616117665051,0.9383059326907908,0.8044388356707355,0.9692887931034483,0.7686635944700461,0.782051282051282,0.9592653842806163,0.9779244245423835,0.570177109122072,0.8880606947956875
b,0,class_balanced,329,0.8493283445432105,0.9414433152146889,0.8064391085753353,0.9676666067900126,0.7450236966824645,0.7870967741935484,0.9609751130892642,0.9777777777777777,0.6176631925397696,0.8890952507296365
b,0,class_balanced,344,0.8481212899079609,0.9413675659925173,0.8072267296682677,0.9657719329850477,0.7293447293447294,0.7924528301886793,0.960587550901687,0.9785830235115464,0.6174325309992706,0.8926764314247669
b,0,class_balanced,359,0.8427935515325284,0.9395274367213916,0.8014055208928611,0.9651813097600578,0.7187206020696143,0.7948717948717948,0.9596567771960443,0.9797934910469219,0.5928254437869822,0.8885054419962836
b,0,class_balanced,374,0.8423531659904702,0.9392584924803895,0.8060508714440846,0.9671437573138897,0.7140115163147792,0.7741935483870968,0.9566496521086775,0.9792515940211143,0.6164516129032258,0.8887704808845078
b,0,class_balanced,389,0.8495731428207189,0.9401348880904004,0.8139964676942257,0.9539078156312625,0.7352380952380952,0.8050314465408805,0.9597815074225805,0.9779602081100159,0.6475597772682608,0.8675331495339372
b,0,class_balanced,404,0.8535558061561639,0.9435627267135743,0.8187795181023982,0.9576494060034461,0.7203791469194313,0.8074534161490683,0.9619099422254238,0.9791617765954672,0.6713173264114212,0.8770196287888904
b,0,class_balanced,419,0.8590882390082136,0.9454651205427471,0.8291298399024395,0.9582385588208534,0.7241706161137441,0.8192771084337349,0.9629269155901611,0.9796205566558949,0.6904911838790933,0.8788927335640139
b,0,class_balanced,434,0.8517851393061873,0.9460045912268918,0.8176889964108323,0.9554945054945055,0.7182425978987583,0.775,0.9642467972316301,0.9804218045308793,0.6957918406681658,0.8732984293193717
b,0,class_balanced,449,0.8557638485211957,0.9424018964012468,0.8288984256492286,0.9563712542125876,0.7391304347826086,0.8192771084337349,0.9600768605424581,0.9806172227584588,0.6578743211792087,0.8769997377393128
b,0,class_balanced,464,0.8568350162974897,0.9436236202599921,0.8273045176630889,0.9596298648280868,0.727447216890595,0.8220858895705522,0.9608457785006654,0.9805538879173084,0.6677976557680444,0.8794848206071757
b,0,class_balanced,479,0.8599430091698624,0.9451478758100247,0.8280356798370961,0.9638270935069633,0.7291866028708134,0.8292682926829268,0.962584332557523,0.9800850886122204,0.6718072289156627,0.882842425042927
b,0,class_balanced,494,0.853977823228545,0.9440661132724263,0.8222901819797135,0.9615699100572364,0.7378277153558053,0.7950310559006211,0.9621747321323443,0.9801812152387915,0.66079869600652,0.8802614379084968
b,0,class_balanced,509,0.8575110690657279,0.9468862766584317,0.8236538732294066,0.9610436673310382,0.7187797902764538,0.8098159509202454,0.9650117508813161,0.9807004256874984,0.6857142857142857,0.8815116126492586
b,0,class_balanced,524,0.8611517125418878,0.9466058616318898,0.8314946922820514,0.9605956055928818,0.7689463955637708,0.7901234567901234,0.9637996372590943,0.9812079135564024,0.679045942052185,0.8843430369787569
b,0,class_balanced,539,0.8649416059350755,0.9480251505017244,0.8361428645387917,0.9604725124943208,0.7767695099818511,0.7950310559006211,0.9650687860334125,0.9812730169509233,0.6924558587479935,0.8835205014364064
b,0,class_balanced,554,0.8709658783191071,0.948794660449132,0.844401904995564,0.9587093245829915,0.7871198568872988,0.8220858895705522,0.9660431909369838,0.9812256834739014,0.7000803212851405,0.8814968814968815
b,0,class_balanced,569,0.8704429580601637,0.9488179917207324,0.8407831565594196,0.9622161671207993,0.784741144414169,0.8220858895705522,0.9663513175511645,0.9806913489927626,0.6944627554383652,0.8825520833333333
b,0,class_balanced,584,0.8781826265018475,0.9529927030866866,0.8539327781425984,0.9569351741793911,0.8042704626334519,0.8074534161490683,0.9699564457349412,0.9800099297081188,0.7544910179640718,0.8741619391438886
b,0,class_balanced,599,0.8791744067717422,0.9526611295395603,0.8522857504407814,0.9585084993602632,0.8077601410934744,0.8198757763975155,0.970387848399941,0.9794679988491617,0.7430600387346675,0.8751605445671718
b,0,class_balanced,614,0.8823666378915542,0.9537168010118169,0.8584401143662858,0.9622624352096026,0.804251550044287,0.8292682926829268,0.9705230168820034,0.9794755144194316,0.7506305170239597,0.8801551389786684
b,0,class_balanced,629,0.8829415517852713,0.9549464633591199,0.8587586988722345,0.9580062077779806,0.8116197183098591,0.8170731707317073,0.9718363969501743,0.9804351801060522,0.7635210150674068,0.878099173553719
b,0,class_balanced,644,0.8814860031706307,0.9549032198619001,0.8567475245540972,0.9602407441181835,0.8131672597864769,0.8048780487804879,0.9718008183523642,0.9799429931225648,0.7624801271860095,0.877892030848329
b,0,class_balanced,659,0.8858825871849139,0.9560499793713038,0.8620796751799823,0.9626057683559276,0.8068592057761733,0.8242424242424242,0.9721300793744817,0.9798980525421513,0.7730364873222016,0.8824060926810379
b,0,class_balanced,674,0.8854699263572791,0.9556353061137594,0.8627422625367354,0.9696750902527076,0.8103294746215495,0.8214285714285714,0.9710478891547756,0.9800475928976753,0.7524657970092269,0.8932950691364466
b,0,class_balanced,689,0.8792121608614352,0.9517154104221014,0.8642425002786366,0.9702595529920692,0.800718132854578,0.8143712574850299,0.9656150618869164,0.9804495556717198,0.7290865042040758,0.8939850609356572
b,0,class_balanced,704,0.8890443395615794,0.9571727148913602,0.8681992205429492,0.9657230713575111,0.8136200716845878,0.8263473053892215,0.9723681476864631,0.9804597701149426,0.7772397094430993,0.8875523012552301
b,0,class_balanced,719,0.8926042210950627,0.9594418274808669,0.871847553492526,0.9692377086152458,0.8094804010938924,0.8284023668639053,0.9736279401282965,0.9811123592570339,0.7922603869806509,0.8941083847264139
b,0,class_balanced,734,0.8930681165156849,0.9613570489150739,0.8690197815537524,0.9686794837079159,0.8158844765342961,0.8072289156626506,0.9753082760256107,0.98178496868476,0.803921568627451,0.8986691263671103
b,0,class_balanced,749,0.8945961737746756,0.961132420152891,0.8692818938952932,0.9717117117117117,0.8183453237410072,0.8170731707317073,0.9745193661710864,0.9821871006441854,0.7957778797613584,0.902558663661673
b,0,class_balanced,764,0.897233913762043,0.9625053278502598,0.8749835979211967,0.9719070772555376,0.8125,0.8242424242424242,0.9757293090131305,0.9818694075600657,0.8127346448415678,0.9016545334215751
b,0,class_balanced,779,0.8987623733368978,0.962038018336019,0.880557229497892,0.9728807471264368,0.816,0.8352941176470589,0.9751267450677212,0.9816152502151407,0.807451564828614,0.902968188473313
b,0,class_balanced,794,0.901998630721908,0.9628127412587575,0.8837071367495456,0.9741611340391172,0.8181818181818182,0.8488372093023255,0.9758002256666073,0.9816815406294035,0.8110152821909518,0.9043132050431321
b,0,class_balanced,809,0.9038902005692676,0.9643587074531635,0.8851705343185684,0.9759641255605381,0.8099027409372237,0.8520710059171598,0.9769549648604074,0.9818571018351737,0.8245008257018466,0.9059806391725236
b,0,class_balanced,824,0.9062820247927678,0.9635816514624596,0.8923897606563103,0.9755398261804498,0.8123893805309734,0.872093023255814,0.9760040564926252,0.9815573235946263,0.8214699074074074,0.9049206560874783
b,0,class_balanced,839,0.907565347580129,0.9641845285519265,0.8958716127330311,0.9761563284331302,0.808695652173913,0.8771929824561403,0.9764885131299854,0.9814597512321052,0.8292822419216471,0.9036819637139808
b,0,class_balanced,854,0.9095420762348683,0.9649120775549774,0.8952986671909474,0.9771525848938267,0.8168273444347064,0.8771929824561403,0.9769626481771416,0.9818798070655717,0.8285382156349899,0.9082409509817017
b,0,class_balanced,869,0.910019070032009,0.9658026670686406,0.8969342070141026,0.9773399014778326,0.8219895287958116,0.8654970760233918,0.977606039357274,0.9819756371129718,0.8362218370883883,0.909503470368393
b,0,class_balanced,884,0.9099806852523785,0.9660330135124838,0.8962563516369696,0.9771238898358303,0.8181011535048802,0.8700564971751412,0.9785064510375171,0.9815989350873072,0.8384972309534501,0.9059806391725236
b,0,class_balanced,899,0.9148600628768021,0.9663907907689822,0.9007056817382214,0.9761477761836442,0.8285465622280244,0.8914285714285715,0.9786797502230151,0.9818361869022489,0.8399940128723244,0.9073875802997858
b,0,class_balanced,914,0.9125236009418966,0.9660995558719289,0.8985357234045626,0.9768734313373969,0.8198433420365535,0.8850574712643678,0.978507578123838,0.9815099752249316,0.8398152287289524,0.9060581798772351
b,0,quota,14,0.44016505351493723,0.7244805688340551,0.5656853326013358,0.5937291527685123,0.08603552224213785,0.14029850746268657,0.7880427195309228,0.8257291107532654,0.3008913082490878,0.3464290535979479
b,0,quota,29,0.4860910180846127,0.7753096428642363,0.5047149360282585,0.7694683791253455,0.14849550605705353,0.3586206896551724,0.8469217970049917,0.8934514361783831,0.16721649484536083,0.2184628237259816
b,0,quota,44,0.4726711706503659,0.7941463655257599,0.4903532159639324,0.7730140753923314,0.0983201581027668,0.32061068702290074,0.9041051483806324,0.8673851680780087,0.11298606016140866,0.2322768974145121
b,0,quota,59,0.5053084006928951,0.8036426514627965,0.5188971109269191,0.8050324294756583,0.08564957792876261,0.36496350364963503,0.907140502801666,0.8522542517226251,0.29984612002637945,0.22227241924553873
b,0,quota,74,0.5169531329237468,0.8176536654933184,0.5306826245208767,0.8182537171781082,0.08479709267110842,0.3150684931506849,0.912621359223301,0.8690858266901336,0.38502024291497977,0.23382519863791146
b,0,quota,89,0.5587589177934909,0.8292692657624238,0.5624608692208126,0.8186297885868701,0.08068506184586108,0.4027777777777778,0.9113453192808432,0.8720391620170544,0.4292663942401245,0.39656892080590467
b,0,quota,104,0.5593855251623674,0.8248632682765203,0.5619395852867223,0.8194888178913738,0.06868433432648581,0.36496350364963503,0.8975989136473057,0.8675402589201137,0.4970260223048327,0.4003968253968254
b,0,quota,119,0.5514969212921793,0.8149691517605742,0.5553466981129092,0.8268573698847834,0.06566632001188531,0.32061068702290074,0.8831974921630094,0.8543382543382544,0.5110083256244218,0.3988
b,0,quota,134,0.5735242035437282,0.833964063475595,0.5778090674779122,0.8426200593281488,0.06587537091988131,0.28776978417266186,0.8914394578219182,0.8740991050450118,0.5341972642188625,0.5186683832996137
b,0,quota,149,0.6188123892158017,0.837243214230892,0.6282374795292806,0.8382303275920298,0.06240423457306032,0.5683060109289617,0.8932180954605622,0.8744223107569721,0.5532444444444444,0.5418613007545814
b,0,quota,164,0.6181978005155829,0.8419046789383178,0.6322459625502276,0.8433835845896147,0.062308762169680114,0.5520833333333334,0.8946526969344198,0.8880849011095031,0.5493577335914129,0.5375135918811164
b,0,quota,179,0.6186784773954238,0.842509320623941,0.6316976603157228,0.8528109028960817,0.060190783286309286,0.5435897435897435,0.8944701750023313,0.8866944979661743,0.5550070521861777,0.5379861868411486
b,0,quota,194,0.6149152572087137,0.8322102447211438,0.6275224454735133,0.8599571734475375,0.059416445623342175,0.5654450261780105,0.8843199773823174,0.8723985705276435,0.5474821397456002,0.5153874675565443
b,0,quota,209,0.6548315444387309,0.8738940021335917,0.6738899415694645,0.8607258533344406,0.10786059526837954,0.5759162303664922,0.9119995133893949,0.9431473144173385,0.5557586837294333,0.6284126205656367
b,0,quota,224,0.661275476771699,0.8764798353772328,0.6865273405361151,0.86067136344799,0.10888832615852115,0.6078431372549019,0.9176424254358726,0.9402894577280996,0.5724287381230205,0.6211648892534865
b,0,quota,239,0.6567967689809396,0.879491333446247,0.681360739087002,0.8579485939892031,0.13075506445672191,0.5784313725490197,0.9263677251462868,0.941563569360358,0.5685530440521366,0.593958013312852
b,0,quota,254,0.6684913788805977,0.8872929929026168,0.6902717446058183,0.8590021691973969,0.17466063348416289,0.5981308411214953,0.9399478580316407,0.9425341995457667,0.573051948051948,0.592112002731774
b,0,quota,269,0.6482850592203464,0.8859439971148689,0.6958721144216843,0.8728439630966707,0.15260115606936417,0.45674740484429066,0.9342709016149217,0.942505675518716,0.564451827242525,0.6145744861559368
b,0,quota,284,0.6605053836570625,0.8916802052891499,0.7013690192638588,0.8757874333710225,0.16666666666666666,0.4758364312267658,0.9383950965405679,0.9458203923442435,0.5656131060731425,0.6554185593770279
b,0,quota,299,0.657168462634672,0.8894857622183419,0.7043976319111355,0.8717536383372196,0.1672528331379445,0.4740740740740741,0.9364901758940161,0.9457624410895439,0.5704761904761905,0.6343698854337152
b,0,quota,314,0.6507743934871864,0.8873273519495212,0.705934157342264,0.8649124210189555,0.17401303181295516,0.45454545454545453,0.9369514597886441,0.9438436830835117,0.568039950062422,0.6131147540983607
b,0,quota,329,0.653253312250536,0.889145305232787,0.6975387743056777,0.8679698766223362,0.17599316531396839,0.4581818181818182,0.9360996098713024,0.9499396547200504,0.5799614643545279,0.6046275966897483
b,0,quota,344,0.6804945906919405,0.8911674393145126,0.703128967430264,0.8622293504410585,0.2928452579034942,0.5633802816901409,0.9402091789872893,0.9535504817762882,0.5422135796467348,0.6090340043985789
b,0,quota,359,0.6825961815000211,0.8899160526614911,0.7148480608439112,0.8657987785278045,0.28599801390268126,0.5794392523364486,0.9401516947143873,0.946834232271435,0.537303770836705,0.6226475279106858
b,0,quota,374,0.7136307088687486,0.8955441745551644,0.7270168989383411,0.8762029032784211,0.29610655737704916,0.7159090909090909,0.9409711437487983,0.9503141974651188,0.5358056265984654,0.6801054427042953
b,0,quota,389,0.7097590313401231,0.8943133526778884,0.7274319649369192,0.8817328281996376,0.2848605577689243,0.6961325966850829,0.9379304203277131,0.9498460885256342,0.5351317440401505,0.6826789838337183
b,0,quota,404,0.7060928595954962,0.8915050427200895,0.7286660358897097,0.8735165013818891,0.3109575518262586,0.6885245901639344,0.9387107771206664,0.94672,0.5356973246794364,0.6485232719962889
b,0,quota,419,0.6445380171179086,0.8897597884030458,0.746402322334512,0.8829839907575507,0.31044776119402984,0.2260596546310832,0.9313488149675723,0.9474384564204924,0.5413982717989002,0.6720891700557313
b,0,quota,434,0.6308911071252898,0.8867138970852471,0.7406509579275218,0.8745519713261649,0.3120638085742772,0.15859030837004406,0.9284804149365153,0.9482300414584883,0.5489388660120368,0.6453823391995016
b,0,quota,449,0.6532153349391504,0.8996333018593421,0.7665389614246871,0.8736362156000651,0.3471910112359551,0.125552608311229,0.9376931935268804,0.9484816196057538,0.6909297696900768,0.6490229266040929
b,0,quota,464,0.6485307838574252,0.8965284927617742,0.7717787064804895,0.8816853106883319,0.3335103558151885,0.096,0.9301799737220032,0.9469381211926899,0.6888733379986004,0.6625283875851627
b,0,quota,479,0.6405296945697699,0.889589414712117,0.7711128314000618,0.8798045602605863,0.3243523316062176,0.06709558823529412,0.917165900400935,0.9472698574065652,0.6865999177067618,0.6614197063720296
b,0,quota,494,0.6437778261222489,0.8916502303562703,0.7723047223627552,0.8835387252101526,0.3302277432712215,0.06654170571696345,0.9204671857619577,0.944974084915541,0.6950118104765874,0.665683527503318
b,0,quota,509,0.6353446022003311,0.8837389937907253,0.7609364887224276,0.8814441372580908,0.3460916442048518,0.05257472092185812,0.910780437692619,0.9437160640974706,0.6955291454442558,0.617276065783171
b,0,quota,524,0.6327587308888224,0.8791970405891747,0.7601717604246451,0.8766281045222878,0.3653318705430609,0.04623179227359088,0.905958026198413,0.9407104115707753,0.7037773359840954,0.5906735751295337
b,0,quota,539,0.6210766186741047,0.8799927285206676,0.7328490922994829,0.8814965433102887,0.28919112383679313,0.05417439703153989,0.91149097226531,0.939002339927675,0.6817807089859852,0.5904002453611409
b,0,quota,554,0.6545077941699936,0.8996294214015843,0.7390172883502103,0.8894365040249712,0.3920398009950249,0.09256844850065189,0.9326738700350022,0.9551232166018159,0.68505039193729,0.6346623270951993
b,0,quota,569,0.6478804856797343,0.8935772138224721,0.7385344992097601,0.8807563778629065,0.4053794428434198,0.07692307692307693,0.9239235403222098,0.9570776255707762,0.6538672517827756,0.6372360844529751
b,0,quota,584,0.6488220710783141,0.8946205924525615,0.7370259826471932,0.8859677949392047,0.3938814531548757,0.06765126250595521,0.923764893258599,0.9552728978783298,0.6823529411764706,0.6328632546347647
b,0,quota,599,0.6585977434879231,0.9021991283695544,0.7445562628502491,0.8865691270754562,0.3974475843208751,0.10014306151645208,0.9365601005588284,0.9550941321253699,0.6877999127526537,0.6465702860658259
b,0,quota,614,0.6591471435976862,0.9033699094739877,0.7462506722892023,0.888760234885452,0.3775700934579439,0.08930817610062892,0.933355619036042,0.9587488903973683,0.6874729085392285,0.6788140827671402
b,0,quota,629,0.6526989975675612,0.8980652117600748,0.7499015108750517,0.8877887788778878,0.376429199648197,0.08380520951302378,0.9272868713677755,0.9569824782289371,0.6629067245119306,0.673693720825177
b,0,quota,644,0.6579002854124931,0.9027281367288542,0.7513467076318578,0.8910187556804098,0.36742081447963804,0.08726415094339622,0.9297607772448138,0.9622249896222499,0.675796453798472,0.6918160561184723
b,0,quota,659,0.6698904944058622,0.9073033883948771,0.7666894221033697,0.9157509157509157,0.36627379873073435,0.07940709370037057,0.927934974311786,0.960578868198558,0.6899513312338964,0.7493364789147744
b,0,quota,674,0.7074516407973398,0.9221391699289369,0.7689546277913123,0.911976911976912,0.3637946040034813,0.2929936305732484,0.9545447706173545,0.9599834449934038,0.7304714989444053,0.7383966244725738
b,0,quota,689,0.7117876032782341,0.9233133887556997,0.7770557871669928,0.914708886618999,0.3728301886792453,0.2945054945054945,0.9557836438611805,0.9573075724524774,0.7393684210526316,0.7480090157776108
b,0,quota,704,0.7077957572619777,0.9230529749413919,0.7775764600546168,0.9157957345568868,0.3645533141210375,0.2701612903225806,0.9558489259532447,0.9553207507983074,0.7433478811769675,0.74954240390482
b,0,quota,719,0.7212272908933218,0.9285401505683556,0.7947683819843065,0.9184073663568931,0.3803418803418803,0.291220556745182,0.9601879886122283,0.955964310944818,0.7787415668456561,0.763727366406595
b,0,quota,734,0.785727729707564,0.9329842954751262,0.7939084024080086,0.9133192389006343,0.41042345276872966,0.6979166666666666,0.9639132718133393,0.9614229372894194,0.7737544241764226,0.7793441163377356
b,0,quota,749,0.7878404948089706,0.9326375504259661,0.790891982023134,0.9125585355470412,0.3719806763285024,0.7444444444444445,0.9643714011516314,0.9588517247701616,0.7790999863219806,0.7835766950990314
b,0,quota,764,0.7942065775216073,0.9347836452156796,0.7982955069293757,0.9278261619384324,0.3648960739030023,0.7640449438202247,0.9644854208829923,0.958563753112305,0.7759547773335171,0.8036749116607774
b,0,quota,779,0.7897170012631494,0.9348810784843247,0.7998423471495608,0.927177370819362,0.36459114778694673,0.7272727272727273,0.9645874528132302,0.9577775443755908,0.7805616740088106,0.8060510917653775
b,0,quota,794,0.7972373484806787,0.9365847264468756,0.804819534539378,0.9320083682008368,0.4,0.7311827956989247,0.9643194317483629,0.9604292070138707,0.7736500483358653,0.8190715883668904
b,0,quota,809,0.7875384541297502,0.9339560064623099,0.7994473715468678,0.9406949403465993,0.3435934144595562,0.7329842931937173,0.9622297862176042,0.9574680616161085,0.7536108751062022,0.822187807968464
b,0,quota,824,0.7791357571409151,0.9293721068512799,0.795513817137447,0.9152227199729525,0.37538940809968846,0.71,0.9630370525184367,0.9542310444438555,0.7609370589895569,0.7751330159619154
b,0,quota,839,0.7754905288496524,0.9293486896181015,0.7962061730654282,0.9201321250105869,0.3733133433283358,0.6796116504854369,0.962345844904297,0.9534865230182078,0.7583380440927078,0.7812061711079944
b,0,quota,854,0.7810297706010324,0.9303337904536275,0.7948583384698514,0.9151540734487126,0.3650242886884108,0.7253886010362695,0.9659496077965296,0.951153396406931,0.7735792918774175,0.7709591349529561
b,0,quota,869,0.7678910152924221,0.9290660037773671,0.7925944383471327,0.9114587737843551,0.33657858136300417,0.6666666666666666,0.9648906270911713,0.9508257660241092,0.773593265396544,0.7712234267211038
b,0,quota,884,0.7651955045318563,0.9280410069383215,0.7860486418876205,0.9061792571476482,0.3314993122420908,0.6729857819905213,0.965117661041122,0.9515145085141372,0.7753277711561383,0.7537442396313364
b,0,quota,899,0.7672717929573872,0.9310063866852649,0.7886536233032059,0.916737324063083,0.32175761871013464,0.6542056074766355,0.964863539794084,0.9537734847680713,0.7753882915173238,0.7841766843723791
b,0,quota,914,0.776366092874424,0.9334443900095643,0.7921085403976166,0.9102521008403361,0.4154929577464789,0.6283185840707964,0.9646187480480078,0.9628519599337487,0.7724568709101726,0.7805714285714286
b,0,prototype,14,0.44016505351493723,0.7244805688340551,0.5656853326013358,0.5937291527685123,0.08603552224213785,0.14029850746268657,0.7880427195309228,0.8257291107532654,0.3008913082490878,0.3464290535979479
b,0,prototype,29,0.3897738027994378,0.6485007629336881,0.4951717715332065,0.7402728650833754,0.10734345745787394,0.11001410437235543,0.6201284961335745,0.8842839887263455,0.15712401970990353,0.1092496881126359
b,0,prototype,44,0.49367488196756654,0.7426040715028919,0.5197544997702187,0.784245215595966,0.227792436235708,0.43548387096774194,0.8204169849033914,0.8238844078222016,0.2004458660463313,0.16345539220162542
b,0,prototype,59,0.5457290424931502,0.7458103159551989,0.5976944914978881,0.8809387051776483,0.2003577817531306,0.6225165562913907,0.8114567966716945,0.7949425017601502,0.2680745976326322,0.2418163581654053
b,0,prototype,74,0.5524686844737592,0.7692069441094929,0.6590176778661159,0.9221141649048625,0.16349908877896382,0.41295546558704455,0.7988266015532268,0.8476546051708166,0.31566548881036516,0.4065653765110347
b,0,prototype,89,0.6194187261291669,0.8129550973751493,0.6448011449981355,0.9068805822031095,0.20551378446115287,0.6857142857142857,0.8579840942185525,0.8832648589427554,0.3452495411240276,0.45132393624028455
b,0,prototype,104,0.6855307776528754,0.8470810707636217,0.7103633805177204,0.9402188658768201,0.2727895819054147,0.7485380116959064,0.8620353345591174,0.936077494552805,0.3449244819107833,0.6941316730692807
b,0,prototype,119,0.6670876566337041,0.8346360421696691,0.7008977730756888,0.8873131467995401,0.3707611152976639,0.6086956521739131,0.8406175539380487,0.9480780788627872,0.32150411280846064,0.6926439365555139
b,0,prototype,134,0.7095428471880869,0.8449318333300452,0.7378443759533424,0.9425144380275433,0.5633575464083939,0.5966850828729282,0.8413993882991773,0.9488840515093498,0.31629539212694535,0.7576640310722708
b,0,prototype,149,0.690074531081497,0.8342815483410569,0.7345544412248917,0.9170935306393474,0.5351437699680511,0.5789473684210527,0.8424765527218349,0.9270076948087136,0.3199505867819642,0.7099022142295156
b,0,prototype,164,0.7141718257540746,0.851832192133932,0.7374435057385612,0.9028086092076054,0.5488530161427357,0.6091954022988506,0.8451970382962031,0.9684418659104509,0.3193394042290477,0.8053674441936293
b,0,prototype,179,0.7357766438036878,0.8612149731234715,0.7432286163554672,0.9467673604715418,0.5761166818596172,0.6447368421052632,0.8494553519013763,0.9728022551680936,0.32355930878098366,0.8369987063389392
b,0,prototype,194,0.748567375032391,0.8628490204878105,0.7448398051610743,0.9642824848539651,0.5460060667340748,0.7222222222222222,0.8453253895508708,0.9763833011129108,0.31720018379537446,0.8685519769573187
b,0,prototype,209,0.7650605689627046,0.8867846212917342,0.755507892580464,0.9514207149404217,0.562874251497006,0.7397260273972602,0.8890462032186511,0.9764251812444583,0.38657056145675267,0.8493610429843811
b,0,prototype,224,0.7963150220948981,0.9159516384038967,0.7773297856899651,0.955068493150685,0.6222222222222222,0.7530864197530864,0.9344191129140906,0.976719962501953,0.47666390499861916,0.8560250391236307
b,0,prototype,239,0.8016024047602165,0.9125424021955916,0.7845733694717512,0.9391320509246353,0.6492248062015504,0.7924528301886793,0.9303245283018868,0.9775959985411348,0.4813437620207719,0.8411428571428572
b,0,prototype,254,0.8178192272454095,0.9310840655166147,0.7794507950353841,0.9243554632165455,0.6927272727272727,0.7397260273972602,0.9575755795164086,0.9760892116182572,0.609981515711645,0.8242795205304769
b,0,prototype,269,0.8237714242059088,0.9349880697248394,0.782035273602929,0.9408267533673943,0.6918714555765595,0.7346938775510204,0.9586144189593477,0.9776288097279601,0.6178365547643269,0.8449280994947532
b,0,prototype,284,0.8410017583145483,0.9376330510167279,0.803159763016634,0.9558460553981168,0.6803118908382066,0.8322981366459627,0.9591474765834567,0.9778239958403744,0.6169052488070893,0.8646795040886309
b,0,prototype,299,0.8393394770969074,0.9357656834665311,0.7971287602704706,0.9450083041151504,0.687374749498998,0.8427672955974843,0.9588884659307194,0.9781908817114965,0.6097435014632467,0.8534031413612565
b,0,prototype,314,0.8302577293321401,0.9367335479113104,0.7837609872078455,0.9555454130534002,0.6086021505376344,0.8375,0.959242894848127,0.9786593281063399,0.6040845575062701,0.8681697612732096
b,0,prototype,329,0.8415815812095738,0.9387394402445974,0.7942488131210703,0.9563629724301626,0.7082494969818913,0.8129032258064516,0.9607603055215439,0.9794516984861884,0.604143947655398,0.8691994215853819
b,0,prototype,344,0.8466557414495712,0.9413782763360878,0.8011312925181663,0.9575205104831358,0.6872427983539094,0.8354430379746836,0.9624290529203204,0.9800923630860751,0.631541346669048,0.8723210806598259
b,0,prototype,359,0.8421507642514843,0.9400112407125591,0.7959834319589755,0.9570462438311095,0.6659597030752916,0.8354430379746836,0.9614026898503369,0.9795268188227921,0.624331073849447,0.8713457823567289
b,0,prototype,374,0.85086545070198,0.941788005197116,0.8086153545276851,0.9521100917431192,0.7125506072874493,0.8354430379746836,0.9627461026128962,0.979935207440694,0.6475862068965518,0.8656869009584665
b,0,prototype,389,0.8413455183118607,0.9389474426742077,0.8010140117759661,0.9559346774929295,0.6574468085106383,0.8484848484848485,0.960466169146963,0.9795619674873243,0.6175228712174525,0.87000128584287
b,0,prototype,404,0.8456821995548855,0.9383772737196292,0.8107238415634679,0.9447059909535678,0.7245804540967423,0.8313253012048193,0.9603480349792731,0.9808093450146016,0.6177884615384616,0.8602178090967328
b,0,prototype,419,0.8405129817345263,0.9339431707817443,0.8048820366541386,0.9065823512503594,0.7214428857715431,0.8658536585365854,0.9610469546866757,0.9810266983323329,0.627150400272526,0.8204879232916616
b,0,prototype,434,0.834922961064969,0.9329508747412939,0.8019465187577663,0.8869565217391304,0.7239024390243902,0.8395061728395061,0.961997796547925,0.981028678792307,0.6503577966383758,0.8007113218731476
b,0,prototype,449,0.8514826674540383,0.941929726039544,0.8146206579508765,0.9581624282198523,0.72552783109405,0.825,0.9618144015930188,0.9807139497203784,0.6337078651685393,0.875452196382429
b,0,prototype,464,0.8521095934794866,0.9420273221277166,0.8144179261019617,0.9535331317019522,0.737247353224254,0.8176100628930818,0.9626819766249743,0.979606776824932,0.6481481481481481,0.8659397049390635
b,0,prototype,479,0.8473613713935755,0.9395138311176668,0.8107616210314454,0.9534734330549692,0.7302823758519961,0.8176100628930818,0.9600258276590748,0.9804146863738444,0.6219821036636839,0.8677411102583781
b,0,prototype,494,0.8583539861225475,0.9441553566288075,0.8256489915861825,0.9691988076957818,0.7511649580615097,0.8076923076923077,0.9608462173964357,0.980480284303222,0.6519795657726692,0.8871157619359058
b,0,prototype,509,0.8696793578629265,0.9481409307110199,0.8430682226505272,0.9678936420367188,0.7530981887511916,0.8301886792452831,0.9633058933861292,0.9798713859988498,0.7080366225839267,0.8853610930383865
b,0,prototype,524,0.8618039543552403,0.9447308709336627,0.8321069773839554,0.9702434625788999,0.7504835589941973,0.8176100628930818,0.9605288511420398,0.9798921296538723,0.6665657635840775,0.8873038516405135
b,0,prototype,539,0.8726216344698475,0.9484961257878377,0.8447415062571979,0.9682023486901535,0.7756653992395437,0.8301886792452831,0.9631865354307294,0.9811577159283941,0.6991176470588235,0.8908331156960042
b,0,prototype,554,0.8797928505092659,0.948347329441899,0.8585934087581258,0.9679110548675766,0.7847866419294991,0.8711656441717791,0.962214896251324,0.9818039215686275,0.698444412730127,0.892223382045929
b,0,prototype,569,0.8778000285959945,0.949538536282776,0.8488334419189558,0.9679869777536625,0.7853107344632768,0.85,0.9643688557405733,0.981281045751634,0.7035418236623964,0.892110762800418
b,0,prototype,584,0.874861724128116,0.9472062460002267,0.8470498312094433,0.9658235880699846,0.7830188679245284,0.8571428571428571,0.9628894092539348,0.9804383690784823,0.6892484500226826,0.8854705274043433
b,0,prototype,599,0.874452474209173,0.9497161669253807,0.8436646676552986,0.9695491099665673,0.7533718689788054,0.85,0.9637310311067598,0.982329757523556,0.7037037037037037,0.8984818481848185
b,0,prototype,614,0.876994800721889,0.9496460730520747,0.8467359862888898,0.9683315237061165,0.759884281581485,0.8641975308641975,0.9636048012581789,0.982768059647019,0.7019531832413896,0.898224224754837
b,0,prototype,629,0.874098667823886,0.9484547243927233,0.8447574272667128,0.9664490388103011,0.7682119205298014,0.85,0.9628585000890684,0.9824790113156385,0.6946428571428571,0.8940493468795355
b,0,prototype,644,0.8822949120523323,0.9527218878214693,0.8528816237619249,0.9679347826086957,0.7729007633587787,0.8571428571428571,0.9665191170791123,0.9825805778658601,0.7326440177252584,0.8963422685857653
b,0,prototype,659,0.8827861253327632,0.9515154582717292,0.8523923520487877,0.9654921903378133,0.7786116322701688,0.8780487804878049,0.966685872150571,0.9825000652009493,0.715541601255887,0.8926227356261486
b,0,prototype,674,0.8798661615288516,0.9504887748946504,0.8485548996886699,0.9710314953524051,0.7776726584673604,0.8658536585365854,0.9652677279305355,0.9819775175399703,0.6991818753933291,0.898078197481776
b,0,prototype,689,0.8853535976285949,0.9527465229016746,0.8562794864622697,0.9740037779976612,0.7822808671065034,0.8711656441717791,0.9660610012745651,0.9828288100208769,0.7187737137653665,0.902361369063412
b,0,prototype,704,0.8785963383969018,0.950366749290446,0.8481649613028609,0.9749078154510298,0.7727272727272727,0.8588957055214724,0.9643675950715163,0.9822309197651663,0.6945218198700093,0.902523240371846
b,0,prototype,719,0.8793124143637167,0.9499694252645731,0.8473957048114258,0.9767149150409062,0.7774594078319007,0.8658536585365854,0.9641918819188192,0.981987156059103,0.6858225449952636,0.9031573361634386
b,0,prototype,734,0.8808883609403407,0.9516109204091329,0.8440942909012344,0.9769320527780271,0.777992277992278,0.8641975308641975,0.9666838121831142,0.9813255217868913,0.6964138158981986,0.9026735150796786
b,0,prototype,749,0.88288341717117,0.9515096667157467,0.8480576249503547,0.9772360638107188,0.7866666666666666,0.8711656441717791,0.9669360764144012,0.9803839404970799,0.6982287700711802,0.8995667585663647
b,0,prototype,764,0.8821542379785259,0.9521044186831263,0.8473007058901699,0.9775784753363229,0.7873563218390804,0.8606060606060606,0.9672285194103483,0.9812367518907178,0.6977287909151637,0.9033447458519884
b,0,prototype,779,0.8802139117998088,0.9523188899892066,0.8455850962813015,0.9789822019497362,0.7874165872259294,0.8414634146341463,0.9666921448730009,0.9818286401547833,0.6976897689768977,0.9074246247841679
b,0,prototype,794,0.8908264035565331,0.9589020572559788,0.8611569409421611,0.9776466380543634,0.7902621722846442,0.8363636363636363,0.9720214605595708,0.981839086466853,0.7706936866718628,0.9069581444948014
b,0,prototype,809,0.8950885566147899,0.9589176301419529,0.8637970761413746,0.9796977014578302,0.7973609802073516,0.8606060606060606,0.9716624312983866,0.9822738545881738,0.7638584403382399,0.9101604278074866
b,0,prototype,824,0.8899679011400358,0.957105135372421,0.8611767715910378,0.9780288763339611,0.7913533834586466,0.8502994011976048,0.9703566944834208,0.9821232554492708,0.7503534956794973,0.9072602013778485
b,0,prototype,839,0.893690395734341,0.9580579001508743,0.8638667390953356,0.978689111747851,0.7973856209150327,0.8606060606060606,0.9710943385078947,0.9821185820349263,0.7575471698113208,0.9083918865173009
b,0,prototype,854,0.889400803127524,0.9573697541353695,0.8561846348458432,0.9789596203778315,0.7870722433460076,0.8466257668711656,0.9704159473536659,0.9822809951913025,0.7505148107080627,0.9099362380446334
b,0,prototype,869,0.8923760371096809,0.9579189636283963,0.8635189391714331,0.978167501789549,0.7947516401124649,0.8571428571428571,0.9711941443834484,0.9822497581889003,0.7546391752577319,0.9084871828928145
b,0,prototype,884,0.8926885112370219,0.9569220106511246,0.8598251509365887,0.9789784417210842,0.793233082706767,0.8727272727272727,0.9704361659817049,0.9821032005225343,0.7422747128296392,0.9090667021701504
b,0,prototype,899,0.8919094634544519,0.9577816159277965,0.8606125205954521,0.9800661482077412,0.7924528301886793,0.8571428571428571,0.9710142791883408,0.9820915783428183,0.750120831319478,0.9104777197912485
b,0,prototype,914,0.9007580547232853,0.959282270667673,0.8727000673313478,0.9797780959198282,0.818348623853211,0.8823529411764706,0.972521964738487,0.981933058325936,0.7627637300692544,0.9076079689798101
b,1,random,14,0.4703872336396945,0.7237785296369383,0.6346595802409978,0.6641553172993335,0.06171349767281503,0.11876988335100742,0.7580556269978322,0.8123309582666861,0.49584249259294655,0.3818428592972402
b,1,random,29,0.5599107905191256,0.8365591600247515,0.6529367273500493,0.7428667338032897,0.1373946856772521,0.11695906432748537,0.9255664402908829,0.8299311959345648,0.5970806940236849,0.5695767195767196
b,1,random,44,0.5523977541092604,0.8496656550852774,0.6062215013087557,0.8193405846363019,0.15789473684210525,0.15592203898050974,0.9265399456910104,0.898895590624914,0.42726580350342724,0.4809255784865541
b,1,random,59,0.5777608355051173,0.8632172945685352,0.6468714049966982,0.8596606356051374,0.10068399452804377,0.25287356321839083,0.9455477627201636,0.8849386265619816,0.380079183163159,0.6205420827389444
b,1,random,74,0.6075915053529953,0.8872551683615135,0.6568980466693269,0.8927062281829873,0.16930638995084654,0.2177121771217712,0.9478018405882948,0.9351711126251244,0.4268565615462869,0.6635862274556565
b,1,random,89,0.6531841140184463,0.9056616355489733,0.7023306224525522,0.8747386428435658,0.17578125,0.2647058823529412,0.9526553403825591,0.9439319040947421,0.6401842256764536,0.7202915527788625
b,1,random,104,0.6524351490983662,0.9047125148362583,0.7016454158710158,0.8709862385321101,0.2459123610202747,0.2190082644628099,0.9520912324016106,0.9458944359150828,0.6140406607369758,0.7191128506197
b,1,random,119,0.646399865724483,0.9022707009728297,0.6891074919287055,0.87613408461465,0.24633821571238348,0.21141649048625794,0.9502563351398857,0.9465902790611717,0.5754500818330606,0.7186135732239715
b,1,random,134,0.6888832533672948,0.9169280659797089,0.6854512752171035,0.9282182750412012,0.2812803103782735,0.328125,0.9520203119332608,0.9630384243659066,0.5693899393506957,0.8001105125017267
b,1,random,149,0.6785166382907991,0.9127510288775574,0.6723584489333486,0.9224082123370018,0.29056203605514314,0.3082706766917293,0.9500569664979305,0.9639743121182061,0.5210436107408113,0.7933006535947712
b,1,random,164,0.6907648274546935,0.9165321700795702,0.6776630077055804,0.9246462047417754,0.2824858757062147,0.33636363636363636,0.9504341744856927,0.9638541639481171,0.5845795945496843,0.7929901423877328
b,1,random,179,0.6971545770253492,0.9223207473449891,0.6861312547001843,0.9271511041876661,0.2756339581036384,0.32456140350877194,0.9551627852579565,0.9646434425163254,0.6386855376606475,0.7942438079424381
b,1,random,194,0.7309377379486216,0.9263634779261601,0.715359513274948,0.9316474253252703,0.4421416234887737,0.3675675675675676,0.9551984987978654,0.9681701064466596,0.6443976001297227,0.8074413438844926
b,1,random,209,0.7458873323906346,0.9327745483265296,0.7418001203099198,0.9308129932097633,0.4444444444444444,0.39215686274509803,0.9608827961119154,0.9662710805746408,0.7238066646652657,0.8028364849833148
b,1,random,224,0.7234577972595011,0.931452775931522,0.7062821487039389,0.9379512016814402,0.39761092150170646,0.2823529411764706,0.958108326834508,0.9676430075109805,0.6996053670086819,0.8209328151027208
b,1,random,239,0.7368738890131024,0.9343450867167826,0.7174233712450623,0.9422392554065152,0.39892183288409705,0.34615384615384615,0.9592732198598268,0.9700567483459296,0.7031299399304458,0.8383423805110553
b,1,random,254,0.7352044839653696,0.9367308890651731,0.7138265737414607,0.94313832695462,0.3535811423390752,0.35294117647058826,0.9622708143264957,0.969812602911581,0.7262605376173056,0.8384267871379218
b,1,random,269,0.7392427368898108,0.9362418339542943,0.7222933621567603,0.9301895515487748,0.4014084507042254,0.3558282208588957,0.9639345227580521,0.969524307370622,0.7217461600646726,0.8320679449234333
b,1,random,284,0.7430666150441246,0.934793959675332,0.7227141394391641,0.9292649098474342,0.417036379769299,0.3950617283950617,0.9636160910771397,0.9698047109879481,0.6998654104979811,0.8268170747340085
b,1,random,299,0.7488622705847924,0.9345419680947858,0.7283248512890974,0.9262432482771465,0.41798941798941797,0.4375,0.9638928812366175,0.9689489819982706,0.7071488645920943,0.8203125
b,1,random,314,0.7621785368542755,0.9377232868293655,0.7299006201622131,0.9312286531893289,0.484736355226642,0.43795620437956206,0.964158759070478,0.9726812992023356,0.7074761665830407,0.8370123203285421
b,1,random,329,0.7718773806714161,0.9367948820604858,0.732415730619264,0.9313680331644404,0.4714686623012161,0.53125,0.964167180662026,0.971491170870393,0.7080808080808081,0.8253158096210285
b,1,random,344,0.7722353216655075,0.9368072396849885,0.7372682142045349,0.9341790770362199,0.48450704225352115,0.5217391304347826,0.9638975383349979,0.9714956930305403,0.7023131076097888,0.8275156629587009
b,1,random,359,0.795742194224635,0.9398632702734667,0.7681695742163818,0.9351698806244261,0.5059144676979072,0.6258503401360545,0.9650962962962963,0.971523851705182,0.7375364319680933,0.8291040911444847
b,1,random,374,0.7782163280898574,0.9389553109626744,0.7480597238894252,0.9416278432447246,0.4940530649588289,0.524822695035461,0.96448620221001,0.9713690786048933,0.7146675051092596,0.8364879074658255
b,1,random,389,0.7719081460157738,0.9408475115373752,0.7403340353515598,0.9522012578616352,0.48450704225352115,0.460431654676259,0.9651504631339469,0.9706279891869412,0.7252231094410522,0.8452155055570615
b,1,random,404,0.7768103584439618,0.9388499051300802,0.7448993021827798,0.9529803110671582,0.5084745762711864,0.49624060150375937,0.962829452783359,0.9712769278801124,0.7001733102253033,0.8456973293768546
b,1,random,419,0.7710774580257753,0.9390472693102263,0.7368196159186245,0.9555396199354608,0.5046382189239332,0.453125,0.9626586674153651,0.9709368826037226,0.7010503213669854,0.8495934959349594
b,1,random,434,0.7639041775863198,0.9380704935350614,0.7298786504866561,0.9529380005399082,0.4890162368672397,0.4251968503937008,0.9621613619541081,0.9703684483653348,0.708613317043372,0.8390350279405752
b,1,random,449,0.7860225711991617,0.9404904505820904,0.7530899272678848,0.9548972511342407,0.5143918291550603,0.5333333333333333,0.9636902996143577,0.9709045565542682,0.7199517418187302,0.8449889867841409
b,1,random,464,0.770132290842944,0.9408614149813673,0.7429477516774892,0.9565990750622554,0.5099099099099099,0.4186046511627907,0.963449033522373,0.9717158037295551,0.7192353643966547,0.8514121981170691
b,1,random,479,0.7834668762306319,0.9418452177625658,0.7579124835126463,0.9543620550524523,0.4823209428830462,0.5285714285714286,0.9651859673125828,0.9707276420646909,0.7383259911894273,0.8447741065407957
b,1,random,494,0.7583464161166821,0.9414762223003454,0.7278221599445811,0.9540055371974636,0.36722606120434353,0.448,0.9652849894668131,0.9693520597295463,0.7578823874468397,0.8466738777717685
b,1,random,509,0.7584873776359314,0.9424675996691462,0.7308779111564631,0.9564597987712581,0.383756345177665,0.42105263157894735,0.965559217362905,0.9695846278359398,0.7648428405122235,0.8481561822125814
b,1,random,524,0.7638682108333478,0.9434131874495145,0.7356499681893345,0.9573535985695127,0.3889479277364506,0.44755244755244755,0.9658626480598035,0.9711600861822807,0.7660503712330762,0.8501503964998632
b,1,random,539,0.7688243446027967,0.9446757831936494,0.7378860885253861,0.9565917837644321,0.39383938393839385,0.46808510638297873,0.9673496089684499,0.9713011692116247,0.7766821345707656,0.8479212253829321
b,1,random,554,0.7646372970134573,0.9432627517597423,0.7337440983429646,0.9574848160057163,0.3875802997858672,0.45925925925925926,0.9653233364573571,0.9726798640479465,0.7566320645905421,0.8535014389475126
b,1,random,569,0.7635846074322848,0.9432224942704952,0.7333249654630679,0.9562265499374665,0.3660130718954248,0.47058823529411764,0.9653098293779591,0.9728019912364853,0.7588876146788991,0.8552649596056415
b,1,random,584,0.7609556668190379,0.9448583484033231,0.7338150585593961,0.9557363855852633,0.3611738148984199,0.43661971830985913,0.9667516132397431,0.9726829773999586,0.7782985371396108,0.8554266211604096
b,1,random,599,0.7596879733219335,0.944081640934906,0.7308142510488562,0.9555098021663235,0.3564356435643564,0.44274809160305345,0.9664487627235008,0.9725274725274725,0.7722689075630252,0.851877133105802
b,1,random,614,0.781056026354568,0.9457938625567955,0.7463106682390396,0.9555654894948592,0.4137191854233655,0.5263157894736842,0.9680820958877586,0.9719200082892965,0.7811331607707794,0.850656455142232
b,1,random,629,0.7782483170198826,0.9444135289003844,0.7499016353402045,0.9536257833482542,0.35690968443960824,0.5694444444444444,0.9663735280965867,0.9729365058771634,0.770416904625928,0.8580313683071931
b,1,random,644,0.7758022135232423,0.9460606664279814,0.7457621788808175,0.9542495317934541,0.39107332624867164,0.5037037037037037,0.9676457432533174,0.9730951020620163,0.7850227790432802,0.8558253085582531
b,1,random,659,0.7882788305159891,0.9506213912750782,0.7575780051195039,0.954703212601228,0.4008667388949079,0.5390070921985816,0.9715689924789634,0.9744802494802495,0.8175328383780697,0.8597926895799236
b,1,random,674,0.7844585315712849,0.9508889553832377,0.7536515004572191,0.9550852754710242,0.38020247469066365,0.524822695035461,0.9719843314815091,0.9737798546209762,0.8226059654631083,0.8627291242362526
b,1,random,689,0.7903566584762853,0.9508438456696401,0.7606869686833607,0.9566150818498971,0.39912758996728465,0.5517241379310345,0.9717638648954549,0.9739821354383049,0.816771970132108,0.8625118291199135
b,1,random,704,0.789831121880794,0.9515788577648584,0.7593843031842376,0.9536364451618689,0.3762597984322508,0.5594405594405595,0.972326014142166,0.9745841995841996,0.8248133256748995,0.8677575107296137
b,1,random,719,0.8121685782203475,0.9527545032768854,0.7936598684530564,0.9555375909458367,0.3855693348365276,0.7011494252873564,0.9732653698117133,0.9751062221411255,0.8307336799537839,0.8638184245660881
b,1,random,734,0.8097614979084674,0.9525403448942323,0.7907322448554318,0.9540591567023285,0.39590443686006827,0.6781609195402298,0.9733105345327485,0.9750039056397438,0.8285590902547862,0.8633324418293662
b,1,random,749,0.8086945191388498,0.9525187008300253,0.7876948291418139,0.9561781609195402,0.35157159487776485,0.7065868263473054,0.9729199196966317,0.974998044685455,0.8305060584461867,0.8681010289990645
b,1,random,764,0.81666401552084,0.9530760887710368,0.7904958562434165,0.9564904062697054,0.39260969976905313,0.7239263803680982,0.9736259490943671,0.9748717548108221,0.8319352039340469,0.8631887143997871
b,1,random,779,0.8187291050949045,0.953568594946812,0.7913821082417813,0.9566861773975687,0.38497652582159625,0.7375,0.9736838194867528,0.9750678072188609,0.8366819747416763,0.8665074309978769
b,1,random,794,0.8200169461605501,0.9527416376920098,0.794788756539958,0.9546685931009572,0.41555555555555557,0.7317073170731707,0.9735259617811697,0.9746184948480501,0.8297563805104409,0.8602863202545069
b,1,random,809,0.8127054509063518,0.9518676710416306,0.786626208842846,0.9538600451467268,0.3707093821510298,0.7283950617283951,0.9731687047370295,0.9741583874416543,0.8310104529616724,0.8576361221779548
b,1,random,824,0.8144215321055753,0.9527027199957354,0.789979897017786,0.9552669552669553,0.4023529411764706,0.7023809523809523,0.9732063379027951,0.9749008557712378,0.8265736298880652,0.8662690523525514
b,1,random,839,0.8156686254213424,0.9530382750500302,0.78578630185878,0.955062263129399,0.3857493857493858,0.7204968944099379,0.9737161821791567,0.9742331288343559,0.8366720280742799,0.8637504955728823
b,1,random,854,0.8116842838518455,0.9528698927100557,0.7851839218893113,0.9555515565952852,0.38369304556354916,0.6951219512195121,0.9733319497769015,0.9745291151806473,0.833284841431481,0.8662775271955426
b,1,random,869,0.8182550607249892,0.9535178878750891,0.7928972352784339,0.9577819785759294,0.42193087008343266,0.6982248520710059,0.9732463295269168,0.9745758287653354,0.833212367542459,0.8688131985098456
b,1,random,884,0.8040727117390297,0.9529129224634858,0.7732837917341845,0.9546354635463546,0.3870967741935484,0.6375,0.9738151658767773,0.973887209423538,0.8352456604883789,0.8663287086446104
b,1,random,899,0.8120547991434476,0.9536680503062772,0.7856664064548307,0.9558638083228247,0.38633686690223795,0.6867469879518072,0.9741014016060687,0.9744151474845474,0.8399941443419704,0.866925237394677
b,1,random,914,0.8079146924901268,0.9540304897736755,0.7775094555082062,0.956169561695617,0.3724304715840387,0.6666666666666666,0.9744296704762752,0.9747807302917524,0.8430113802159322,0.8679143665006059
b,1,uncertainty,14,0.4703872336396945,0.7237785296369383,0.6346595802409978,0.6641553172993335,0.06171349767281503,0.11876988335100742,0.7580556269978322,0.8123309582666861,0.49584249259294655,0.3818428592972402
b,1,uncertainty,29,0.4932086611932057,0.7171928582789058,0.6006582763886702,0.6614957166010651,0.07230723072307231,0.27728613569321536,0.6819247515909345,0.931057158639556,0.2713333764637381,0.5570562586408593
b,1,uncertainty,44,0.4992488945701738,0.6540323040941979,0.6209800919015417,0.8620454323876378,0.1342281879194631,0.1839080459770115,0.5144391920928234,0.9386560281850681,0.22361462916055638,0.6378507462686567
b,1,uncertainty,59,0.5067614406360917,0.6644439554021765,0.6234522666899133,0.812863705972435,0.1575943810359965,0.1981981981981982,0.5339446827392398,0.9474073487069763,0.20379867046533715,0.693523097334459
b,1,uncertainty,74,0.6715561468800155,0.9026099286404531,0.658421487388199,0.93334549101851,0.4270676691729323,0.23423423423423423,0.9445997570293175,0.9509404182559515,0.460093896713615,0.7506115617355479
b,1,uncertainty,89,0.6527548858499375,0.8965889296089953,0.6447932036896639,0.9301182893539581,0.2665021591610117,0.2803738317757009,0.9333392299074238,0.957362406410088,0.40681362725450904,0.7947746570868713
b,1,uncertainty,104,0.6177973949979139,0.8683824027952567,0.7304039241461553,0.9477578273030768,0.2718808193668529,0.13859275053304904,0.8921796748593882,0.9398675496688742,0.35088142960637525,0.7834217136477812
b,1,uncertainty,119,0.6496583821226493,0.899424628494267,0.7429523042315704,0.9344262295081968,0.31641468682505397,0.11320754716981132,0.9304836761174663,0.9510968432316746,0.4906166219839142,0.8113630700224271
b,1,uncertainty,134,0.6947964132909343,0.8831630650262552,0.7399600281045997,0.9390477931097505,0.289321409784324,0.6103286384976526,0.9129064841476836,0.9491579791499599,0.3487881981032666,0.8140243902439024
b,1,uncertainty,149,0.7332099256761648,0.9082956937521419,0.7273111067378474,0.9407360058442151,0.3164091243561442,0.7231638418079096,0.9484655639795312,0.9559436500817813,0.43790212517059857,0.8098491684929741
b,1,uncertainty,164,0.7347860582217018,0.9027573926332672,0.742228459300743,0.9394712853236098,0.29607609988109396,0.7738095238095238,0.9413561213402637,0.951180429441299,0.42685851318944845,0.814750434566675
b,1,uncertainty,179,0.7382788867091584,0.9013664492172314,0.7419674250428825,0.9428180574555404,0.2949194547707559,0.7975460122699386,0.9417276720351391,0.9436054806320493,0.4457978075517661,0.8015377222489188
b,1,uncertainty,194,0.7703834400920212,0.916495052336257,0.7564233259584314,0.942446701436545,0.4268292682926829,0.7804878048780488,0.9455923779183812,0.9698477981819611,0.4958813838550247,0.8315987460815047
b,1,uncertainty,209,0.7832837352767438,0.9175838678987932,0.77107591516455,0.9384261389783709,0.5094527363184079,0.7602339181286549,0.9431260534283967,0.9700536157970446,0.5369436842863315,0.82475
b,1,uncertainty,224,0.7820412699316163,0.9116161400693078,0.7705338945964678,0.9402587868220611,0.5197505197505198,0.7831325301204819,0.9349076869920531,0.9694148586456279,0.5030068154483496,0.8238176917422201
b,1,uncertainty,239,0.8073804903438553,0.921168157072559,0.7928661507486712,0.9412195568577184,0.6149369544131911,0.782608695652174,0.9424205047982913,0.9725274725274725,0.562625050020008,0.8353251981381306
b,1,uncertainty,254,0.8013549163238374,0.9170649140623996,0.7955977737508046,0.9628102876601846,0.5877466251298027,0.768361581920904,0.9326350941105039,0.9724497782415862,0.5262256999633207,0.8592553472405599
b,1,uncertainty,269,0.8124632312813397,0.9218160432015857,0.8034633361117958,0.9650224215246637,0.5940390544707091,0.8070175438596491,0.9401987843687314,0.9697701904136573,0.5598759850148559,0.8513186393171105
b,1,uncertainty,284,0.813995147492321,0.92013169414195,0.8070146294638584,0.9669577743765193,0.6165853658536585,0.797752808988764,0.9339030212720666,0.9742003659888141,0.5384802727715539,0.8700864231948704
b,1,uncertainty,299,0.8215589281415863,0.9289019393702213,0.8052747195747431,0.9710519283869243,0.6051587301587301,0.7931034482758621,0.9445849897602698,0.974905961766373,0.5893491124260355,0.8727583262169086
b,1,uncertainty,314,0.8387340903464809,0.9413863844674503,0.8194959718800948,0.9718940207662012,0.6038114343029087,0.8,0.9558902635825712,0.979530262439202,0.6632939853850478,0.8967186659494352
b,1,uncertainty,329,0.8381586711986905,0.9419268995275891,0.8151431278913333,0.9745830732185856,0.604989604989605,0.7931034482758621,0.9567625513668037,0.9794277116247697,0.6588473790906458,0.8993969298245614
b,1,uncertainty,344,0.8481672310805347,0.9421332492626399,0.8284003283501058,0.9753747323340471,0.6332665330661322,0.8342857142857143,0.9560913062277289,0.9800114220445459,0.6557518311072813,0.9023890784982935
b,1,uncertainty,359,0.8495137993438969,0.9448568909786073,0.8308087125786362,0.9769683985002678,0.6418056918547596,0.8111111111111111,0.9590577177614849,0.9799036618842907,0.6742569865444329,0.903493027750932
b,1,uncertainty,374,0.8488208669422136,0.9438161319627939,0.8169620204623914,0.9746328437917223,0.6313645621181263,0.8352941176470589,0.959281100814378,0.9799544183155495,0.6574102964118564,0.9038087294968029
b,1,uncertainty,389,0.8473741985131908,0.942565093880358,0.8167844290848986,0.9729537366548042,0.6352705410821643,0.8372093023255814,0.9589033001447691,0.9791219310273459,0.6491834170854272,0.8989771612722433
b,1,uncertainty,404,0.8541871775305253,0.9439888785237958,0.8258437348774121,0.9765915942543004,0.6594700686947988,0.8470588235294118,0.9590489162619922,0.9802568426514464,0.6542487684729064,0.9026352288488211
b,1,uncertainty,419,0.8523136129510706,0.9443885829892941,0.8210191253589241,0.9787913745673973,0.6573705179282868,0.8352941176470589,0.9595314321122439,0.9807402792919068,0.6472368211498646,0.9072307479607356
b,1,uncertainty,434,0.8483149423740964,0.9411133971507125,0.8197254376510266,0.9783980798293181,0.6666666666666666,0.8263473053892215,0.955806996238263,0.9802913453299057,0.6252105988665951,0.9054836042987049
b,1,uncertainty,449,0.8560456616938238,0.9449972056126899,0.8320211474118103,0.977750088999644,0.6660268714011516,0.8439306358381503,0.9593488716241213,0.9813596776290134,0.65478772854044,0.9091157578242449
b,1,uncertainty,464,0.8511312000009875,0.940580522754274,0.8223208190290106,0.9784659192027051,0.6989553656220323,0.8292682926829268,0.9554313429745955,0.98107805627131,0.6074328544659587,0.9072865687873845
b,1,uncertainty,479,0.8561641683672601,0.940848365870838,0.8337564012985391,0.9779320163730201,0.7247191011235955,0.8333333333333334,0.9546203518147406,0.9815461606630871,0.6121039195074336,0.9088942957556096
b,1,uncertainty,494,0.8664076534979225,0.9431753497000909,0.8482660500157875,0.977191732002851,0.7456700091157703,0.8588235294117647,0.9563264213250826,0.9814046892522755,0.6373787834263884,0.908058409951325
b,1,uncertainty,509,0.8657945146302298,0.9421718875833975,0.8527273267480021,0.9790757724156353,0.7642418930762489,0.8470588235294118,0.9552047463589881,0.9809824433255941,0.6262538159616223,0.9077441077441077
b,1,uncertainty,524,0.8653480367456142,0.9418260170787922,0.8524766192109745,0.978988603988604,0.75,0.8538011695906432,0.9542790502960349,0.9807903116354335,0.6312684365781711,0.9083086851304114
b,1,uncertainty,539,0.8653668219661377,0.9458590427770234,0.8448796235761503,0.9774369035940427,0.7535971223021583,0.8148148148148148,0.9587860901190955,0.9813032934365955,0.6630041925690329,0.9086253369272237
b,1,uncertainty,554,0.8647327979766374,0.9455650425148532,0.8452081987559051,0.9786324786324786,0.7476979742173112,0.8192771084337349,0.9582482448164324,0.981836212745968,0.6582242049215714,0.9092133620689655
b,1,uncertainty,569,0.8662384280038979,0.9419683132002888,0.8523306356268356,0.9798824995549226,0.7700631199278629,0.8383233532934131,0.9535806833330837,0.981545770144345,0.6281767955801105,0.9120967741935484
b,1,uncertainty,584,0.8665428091326473,0.9424564786622648,0.849207058441387,0.9785262407555912,0.7721866422689845,0.8343558282208589,0.9545086757169828,0.9810207544706957,0.6378883695353313,0.9073131529600857
b,1,uncertainty,599,0.86813927263923,0.9420898170126517,0.8511599880836267,0.979144385026738,0.7651376146788991,0.8554216867469879,0.9538461538461539,0.9814737501304666,0.6310975609756098,0.9108537570697549
b,1,uncertainty,614,0.864783890434631,0.9445845087453397,0.8426696396662547,0.9786058120877161,0.7795059469350412,0.8024691358024691,0.9575450618203486,0.9812915851272016,0.6451987235277052,0.9088709677419354
b,1,uncertainty,629,0.8670108653468688,0.9462992292881823,0.8439865848537096,0.979417268110131,0.7688073394495413,0.8074534161490683,0.9590381574629314,0.981038703964161,0.6650443744632122,0.9082767978290366
b,1,uncertainty,644,0.8718879506052737,0.9477893612949158,0.8487563532224183,0.9794862647163753,0.7683823529411765,0.8271604938271605,0.960379497583388,0.9812332439678284,0.6782234957020057,0.9083503054989817
b,1,uncertainty,659,0.8684666314813836,0.9472247498778511,0.8436346932707829,0.9802174300481198,0.7545454545454545,0.825,0.9598666686507641,0.9821391376796501,0.6637233259749816,0.9137744034707158
b,1,uncertainty,674,0.871386257385229,0.9508887124869393,0.8456571875136236,0.9801265484359682,0.7486238532110092,0.8125,0.9634478346895967,0.9821098408895602,0.6991750147318798,0.9137207097385887
b,1,uncertainty,689,0.8698201244323391,0.9475053638273623,0.8530895476042676,0.9802977623250424,0.7672188317349607,0.8170731707317073,0.9599474916836971,0.9816126679862486,0.6707228741127046,0.9118680724520141
b,1,uncertainty,704,0.8705208083422299,0.9475508450981722,0.853106935346198,0.9803851640513552,0.7648624667258208,0.8263473053892215,0.9601692768481128,0.9818787752551552,0.6679311351035891,0.9120715350223547
b,1,uncertainty,719,0.8757844117773244,0.9471250830928114,0.8596184015180411,0.9804865009355788,0.7795414462081128,0.8484848484848485,0.9589061588403369,0.9817623643884799,0.6700379266750948,0.9112716369088183
b,1,uncertainty,734,0.8692869206586876,0.9454747588593493,0.8522155513425924,0.9800427655024947,0.7835232252410167,0.8125,0.9570276186763427,0.9815931780366056,0.659788141422479,0.9105335157318741
b,1,uncertainty,749,0.8696842087292833,0.9480933862034052,0.8469914092756099,0.9807314897413024,0.7624209575429087,0.8125,0.960195885216041,0.9818295250721361,0.6785358211081043,0.9115757824244909
b,1,uncertainty,764,0.8638195319015375,0.9454251242320263,0.8439982552436874,0.9795008912655971,0.7556357078449053,0.8024691358024691,0.9577426879598062,0.9813067103450069,0.6623577350007025,0.9077238550922762
b,1,uncertainty,779,0.866710708315608,0.9447998335191817,0.8489423565873475,0.9797664675996078,0.7743682310469314,0.8098159509202454,0.9564748363124222,0.9816298917568693,0.6565726083964212,0.9083469721767594
b,1,uncertainty,794,0.8690581479028524,0.9456844245369685,0.8518099975204781,0.9802977623250424,0.7735507246376812,0.8170731707317073,0.9573479603153193,0.981312789547655,0.6652048787172811,0.908619749045281
b,1,uncertainty,809,0.870870813745525,0.9485863293945731,0.8495372287523502,0.9801856479828632,0.7665758401453224,0.8148148148148148,0.9610377991500783,0.9817755181853735,0.6821258821834941,0.9095801937567277
b,1,uncertainty,824,0.8830197431931985,0.9540955659292759,0.8607876128620211,0.9813742090722752,0.7810545129579982,0.8322981366459627,0.966329615344522,0.9818741360874215,0.7261817649641445,0.9120258272800645
b,1,uncertainty,839,0.8838032924724878,0.954390296802592,0.8594473930972916,0.9805530776092775,0.7811387900355872,0.8414634146341463,0.9673028159615641,0.982192137464202,0.7214067278287462,0.9125660837738918
b,1,uncertainty,854,0.8801075633559262,0.9503480594961179,0.8643570971917949,0.9809099018733274,0.7845884413309983,0.8414634146341463,0.9619462013487043,0.9819186076806836,0.6966831333803811,0.9132432432432432
b,1,uncertainty,869,0.8789727908262325,0.9530411682092501,0.8600322653771152,0.9808258271648979,0.7719298245614035,0.8220858895705522,0.9651235579932632,0.9822870539202917,0.7150968117629931,0.9154605708102259
b,1,uncertainty,884,0.8895914029407879,0.9565944509728881,0.8679314037184896,0.9802872179109803,0.7775831873905429,0.8606060606060606,0.9692191188917101,0.9821382075717335,0.7452344931921331,0.9120715350223547
b,1,uncertainty,899,0.8924207619314817,0.9583623763253867,0.873382777494586,0.9805634807417974,0.7835051546391752,0.8536585365853658,0.9705632985765071,0.9819991142834814,0.7626714370900417,0.9139843116040033
b,1,uncertainty,914,0.8889173802105345,0.9572503972159895,0.8694836416284927,0.9812060211988956,0.7681660899653979,0.8518518518518519,0.9688230825376491,0.9828556539864512,0.7515792566475686,0.9179397052859267
b,1,margin,14,0.4703872336396945,0.7237785296369383,0.6346595802409978,0.6641553172993335,0.06171349767281503,0.11876988335100742,0.7580556269978322,0.8123309582666861,0.49584249259294655,0.3818428592972402
b,1,margin,29,0.5332790196184467,0.7957944127873654,0.6128960661493003,0.6944575138797403,0.09317399230301802,0.3541666666666667,0.8448596876729791,0.9052735337604731,0.4777810333040336,0.3632407097422163
b,1,margin,44,0.6165816610521763,0.8825056636050252,0.6304212253558944,0.8332900320429549,0.20917678812415655,0.24281150159744408,0.9496632294212315,0.917387489030964,0.6569206842923795,0.5068219028561033
b,1,margin,59,0.6979869799432326,0.8939428053855126,0.6875218888728754,0.8887270078309962,0.4056737588652482,0.5906735751295337,0.9501102334613307,0.9427206437012824,0.4856316297010608,0.6223720109131761
b,1,margin,74,0.7358369203338173,0.9182219917449195,0.721686006404387,0.9215578716401536,0.4186822351959967,0.4880952380952381,0.9574455260540671,0.9452357071213641,0.7289269467487289,0.6909149174811728
b,1,margin,89,0.7629597907726365,0.9267717226738889,0.7588476034211118,0.9421802668603068,0.40638977635782747,0.5921052631578947,0.960728327328719,0.949777363570467,0.7446438911407064,0.7448936469925341
b,1,margin,104,0.7654993425995251,0.9307700907731139,0.7494941992314633,0.9323738352246517,0.46099290780141844,0.5316455696202531,0.965456499671583,0.9516433992074387,0.7798777888304675,0.7365053978408637
b,1,margin,119,0.7992022126495529,0.9366768693161696,0.8000949648755871,0.950258222343028,0.5932721712538226,0.5714285714285714,0.9610385652684027,0.9627170582226762,0.771552257266543,0.7841486427638263
b,1,margin,134,0.804996367688655,0.9434878824521342,0.8075968324131161,0.9562168479726693,0.5271105010295127,0.5850340136054422,0.9627887926457427,0.968443233797605,0.7929944693178825,0.8423867154517309
b,1,margin,149,0.8181564388046577,0.9511753357125121,0.7939157414621031,0.9563172650809442,0.5764192139737991,0.5714285714285714,0.9708945019609022,0.9706132769163291,0.8269466793945179,0.8544755628775398
b,1,margin,164,0.8177920910617801,0.9511122438138262,0.7819287351451435,0.9642470205850487,0.5613382899628253,0.5736434108527132,0.9716597981245894,0.9660754794803053,0.829734821040429,0.8578458173865501
b,1,margin,179,0.8075008318801506,0.948422954488326,0.7679453924437711,0.9552293243366463,0.5303186022610483,0.5693430656934306,0.9704133214391912,0.9679432624113475,0.8097385031559964,0.8495197438633938
b,1,margin,194,0.8239007569064274,0.9519532829640227,0.790705372497723,0.9690166142792995,0.5475555555555556,0.6268656716417911,0.9696174211350586,0.9724244771494965,0.8076065963452682,0.8742189622385221
b,1,margin,209,0.81690761807058,0.9495867967419743,0.779249011847111,0.9694252667443737,0.5827686350435625,0.5736434108527132,0.9680591884014648,0.9714491857349,0.78105141536684,0.8719562243502051
b,1,margin,224,0.8439862437956629,0.954690803242106,0.8237554183601555,0.9708146821844226,0.6120930232558139,0.6829268292682927,0.971528546221252,0.9726781606224313,0.8193501805054152,0.878512284512013
b,1,margin,239,0.8538480830140946,0.9569183381995356,0.8302404666104092,0.970769643336015,0.6159554730983302,0.7272727272727273,0.9730668983492615,0.9739391741360551,0.8370232823882302,0.8789093825180433
b,1,margin,254,0.8541469366089515,0.9579430317920532,0.8221413445551053,0.9704173742068103,0.6372360844529751,0.7066666666666667,0.9744850815225491,0.974573192880494,0.8416691328795501,0.8739810236536149
b,1,margin,269,0.8558785666925688,0.9615960381591081,0.8271078199563576,0.9712294496068621,0.6539923954372624,0.6666666666666666,0.9773667777163602,0.9758261140218913,0.8630884041331802,0.8829801592657579
b,1,margin,284,0.863400504386364,0.9630687832008652,0.83195049440186,0.9712807706029254,0.6779981114258735,0.6845637583892618,0.9781396319823447,0.9770604110442184,0.8660518225735617,0.8887090246863618
b,1,margin,299,0.8584468933925782,0.9626528054715005,0.8325068062569351,0.971800820988756,0.7195013357079252,0.6153846153846154,0.9776415164884469,0.9765896703867116,0.8623458560367078,0.8858644387548847
b,1,margin,314,0.8693914478593329,0.9634893097009471,0.8541564626550573,0.9720210959149013,0.7303271441202476,0.6787878787878788,0.9786368260427264,0.9768625516113116,0.8660471765546819,0.8830574619835823
b,1,margin,329,0.8765428787947095,0.9650762627602697,0.8572815941071209,0.9724082507366729,0.7402135231316725,0.7073170731707317,0.979851158073705,0.9779799818016378,0.8679410477163286,0.8900891169322172
b,1,margin,344,0.8788721699552492,0.965498963052392,0.8624162621439432,0.9731615673644659,0.7403508771929824,0.7151515151515152,0.9800552775080302,0.9773034174716942,0.8734469806414331,0.8926355543566226
b,1,margin,359,0.8804483549397684,0.9654792070861649,0.8659237240030048,0.9725806451612903,0.7316636851520573,0.7368421052631579,0.9800050771275405,0.9780574043261231,0.8722390645300996,0.8917505030181087
b,1,margin,374,0.8827724223120581,0.9664887469812942,0.8676142461335284,0.9734767025089606,0.7543554006968641,0.7228915662650602,0.9805467222048043,0.9786392610901522,0.8765539173171437,0.8929433861014221
b,1,margin,389,0.8867586004893108,0.9666209975545015,0.8772476663311919,0.9718537110075296,0.7448275862068966,0.7586206896551724,0.9805987523505357,0.9790760090679314,0.8775332947307469,0.8948001604063628
b,1,margin,404,0.8857146572227258,0.9665103446859811,0.8744195837187408,0.9722371484864768,0.7419072615923009,0.7558139534883721,0.9807393693263259,0.9787832977115154,0.8783084004602992,0.8922131694937893
b,1,margin,419,0.8946906703400522,0.9672674902708083,0.8826350414618318,0.9720329867335963,0.7514944491887275,0.8023952095808383,0.9809162585115279,0.9794917288524762,0.8823614110871131,0.8941426484260858
b,1,margin,434,0.8916931636253886,0.9675990957871661,0.8744941543058457,0.9727939860390191,0.7447916666666666,0.782608695652174,0.980983371645222,0.9797782126549249,0.8814000578536303,0.8994961548660833
b,1,margin,449,0.8925648531135023,0.9687867507642597,0.8811590804084494,0.9733070584020065,0.7487091222030982,0.7710843373493976,0.9820155177826614,0.9795012403708055,0.8947667804323094,0.8985699152542372
b,1,margin,464,0.8932224413452701,0.968581072764207,0.8791071643733493,0.9725560538116592,0.7493495229835212,0.7777777777777778,0.9820721003603523,0.9791813598725283,0.8961609293101006,0.8954593453009504
b,1,margin,479,0.8907917052162194,0.9682257635463196,0.8714144537824533,0.9720078952090436,0.7361853832442068,0.7770700636942676,0.9819541003214473,0.9792134538047736,0.8952812809975911,0.893829759242205
b,1,margin,494,0.8961622543079165,0.9691356511855014,0.8821137486045861,0.973191069667354,0.7429577464788732,0.7975460122699386,0.9823925737385836,0.9793053054620423,0.8995363214837713,0.8982067510548524
b,1,margin,509,0.8962237450600948,0.9692942584416749,0.8854233805502657,0.972653097821214,0.7547169811320755,0.7878787878787878,0.9824860786779235,0.9798496554604301,0.8986572438162544,0.8973243706339792
b,1,margin,524,0.8945348678330246,0.9691204086302992,0.880273677145418,0.9731670106793503,0.7491525423728813,0.782051282051282,0.9825995807127883,0.979179184409206,0.8998728993080073,0.895721575297658
b,1,margin,539,0.8915830279650795,0.9691920263368885,0.875854598100202,0.9736417428725122,0.7493449781659388,0.759493670886076,0.9826489213587437,0.9790600522193211,0.8990825688073395,0.8978092614456251
b,1,margin,554,0.8921122235554523,0.9697748652462613,0.8757232961586707,0.9731766394545618,0.7467362924281984,0.759493670886076,0.9825837148756621,0.9803563509247907,0.8989497587283565,0.9034891375905201
b,1,margin,569,0.8853669995517786,0.969593007515038,0.8649776494572886,0.9743865305391367,0.7497835497835498,0.7114093959731543,0.9825558780407528,0.9801507603223871,0.8970212765957447,0.9022616056077238
b,1,margin,584,0.8844043212463201,0.9696043222977156,0.8651800343508947,0.9747628423125112,0.7553648068669528,0.697986577181208,0.982415181310705,0.980026075619296,0.8967659935037424,0.9035087719298246
b,1,margin,599,0.8831402795737213,0.9699828416817715,0.8660249896068961,0.9741387024608501,0.7566182749786508,0.6845637583892618,0.9828095259505718,0.9802132485205558,0.8996926515786533,0.903945795137505
b,1,margin,614,0.8982047356120987,0.9709682347193278,0.8870608578711859,0.9748320644872369,0.7672634271099744,0.7730061349693251,0.9829050865233351,0.9817262323714189,0.8982220355592888,0.9094781682641108
b,1,margin,629,0.8974740135385316,0.9712088749131014,0.8868202492259846,0.9756403367365216,0.7595993322203672,0.7701863354037267,0.9829237942459633,0.9816771641247202,0.9013019739605208,0.9109891580779013
b,1,margin,644,0.8976385070830385,0.9710270049395211,0.8907047855802956,0.9755310567356816,0.7603305785123967,0.7730061349693251,0.9829739955558224,0.9813334721824477,0.9015916955017301,0.9087026161238655
b,1,margin,659,0.9000391502932233,0.9713766903130591,0.8938536849286131,0.975810786597384,0.7622950819672131,0.7852760736196319,0.9831714530196809,0.981659980201115,0.9026794391225879,0.9093812375249501
b,1,margin,674,0.898019390251504,0.970952571332142,0.8902442221059924,0.9753517970780676,0.75,0.7852760736196319,0.9828422174520017,0.9814564017085113,0.9011507001247747,0.9100585417775412
b,1,margin,689,0.8975347076866717,0.9706580509044885,0.8853227511882362,0.9753562147145801,0.7569856054191363,0.779874213836478,0.9831738700098978,0.9804810674171944,0.9027042096459437,0.9041677727634723
b,1,margin,704,0.8986672546622813,0.9707595175802584,0.887402565230204,0.9749843091544875,0.7644593461860855,0.779874213836478,0.9827697383219615,0.9813376427044779,0.9000837287189506,0.9071618037135278
b,1,margin,719,0.9045650722480147,0.9713635005152197,0.8986551191619434,0.9749708441733201,0.7698607698607699,0.8121212121212121,0.9833538286194176,0.9815451986237097,0.9019553072625698,0.908148345075103
b,1,margin,734,0.9026296068285361,0.9711835872640181,0.8930949850978926,0.9753517970780676,0.7716933445661331,0.7975460122699386,0.983129639349179,0.981362250084717,0.9013927576601671,0.9079314467915505
b,1,margin,749,0.9028467890144227,0.9713051495809093,0.8933077033824034,0.9759770527070635,0.7683333333333333,0.8,0.9832182527769439,0.981183216054209,0.9027528012173192,0.9084628670120898
b,1,margin,764,0.9018911375558211,0.9717919253574008,0.8902101182295626,0.9758021150743861,0.7837837837837838,0.775,0.9836276949833578,0.9813690491700758,0.903306822938468,0.9103484969406758
b,1,margin,779,0.905152278640268,0.9721534027606591,0.8960954951821039,0.9757934373318988,0.7864978902953587,0.7926829268292683,0.984013197360528,0.981391712275215,0.9063545150501672,0.9093322713394398
b,1,margin,794,0.9021525354843177,0.9717253017075849,0.895182498619022,0.9757146697732771,0.7768456375838926,0.7831325301204819,0.9836316444871198,0.9811635359403903,0.9050527484730705,0.909526982011992
b,1,margin,809,0.9011740406772891,0.9711793871471459,0.8916759507920871,0.9755091055889477,0.7720773759461732,0.7852760736196319,0.98331609479696,0.9806293505748624,0.9039832285115303,0.9074270557029178
b,1,margin,824,0.9037041321053652,0.9720022110516147,0.8931612829086287,0.9757717157214645,0.7841483979763912,0.7852760736196319,0.9841331675231859,0.9807436745967637,0.9085297418630752,0.9073261534370429
b,1,margin,839,0.9006828527176857,0.9718026786063669,0.8892940519490511,0.9761563284331302,0.782608695652174,0.7672955974842768,0.9835603710530654,0.9814872757613684,0.9048951048951049,0.9087765957446808
b,1,margin,854,0.9035307759063637,0.9719277641760892,0.891401414990531,0.9763313609467456,0.7895622895622896,0.779874213836478,0.9838276952592215,0.9810464843444482,0.9065550906555091,0.9075182967398536
b,1,margin,869,0.9047243928020914,0.972255480659283,0.8921381430830827,0.9761306532663316,0.7871621621621622,0.7875,0.9843581445523193,0.9807702329459587,0.9097027481772294,0.9074468085106383
b,1,margin,884,0.9015732845478002,0.9721760586968817,0.892042899697011,0.9755834829443447,0.7864978902953587,0.7682926829268293,0.9841555365681821,0.98153405391327,0.9072856943084884,0.9076636508781266
b,1,margin,899,0.9046230273663797,0.9724055563521782,0.8915236059938466,0.9762267874764511,0.7851099830795262,0.7875,0.9844494382022472,0.9809876028752995,0.9105713884599186,0.9075159914712153
b,1,margin,914,0.9059891354015213,0.9727295378971892,0.8925893153748848,0.9756928872544622,0.7935153583617748,0.7875,0.9846098514933089,0.9815282807492901,0.9101076471410597,0.9089699228107533
b,1,class_balanced,14,0.4703872336396945,0.7237785296369383,0.6346595802409978,0.6641553172993335,0.06171349767281503,0.11876988335100742,0.7580556269978322,0.8123309582666861,0.49584249259294655,0.3818428592972402
b,1,class_balanced,29,0.4791866081009866,0.712395368443792,0.5543808837823481,0.6733530886710736,0.07552233084147977,0.25296442687747034,0.6794622852875281,0.9317391192310666,0.2521370075916074,0.4891279982066801
b,1,class_balanced,44,0.6107931370927775,0.8150184521622393,0.6265189413832307,0.7418351477449455,0.2156185210780926,0.5714285714285714,0.83523941593931,0.9465865421814149,0.27545483562081075,0.6893889256562983
b,1,class_balanced,59,0.609608517712579,0.8303581220993843,0.6246364202313771,0.7457402080106218,0.29810901001112344,0.45112781954887216,0.8708089388598139,0.9339565978116104,0.26310890474713,0.7044081449988812
b,1,class_balanced,74,0.6716952152514546,0.8343749663694993,0.6870793372371534,0.8969121140142517,0.32992501704158145,0.6792452830188679,0.8390813846822344,0.9494427905261217,0.24138789740184277,0.7658720200752823
b,1,class_balanced,89,0.6944410333758333,0.8737033757757658,0.6833755445848791,0.9469416534461484,0.37037037037037035,0.6142857142857143,0.8938576436518824,0.9615505335844319,0.2713982551285074,0.8026830631637787
b,1,class_balanced,104,0.7416045089564266,0.9084947486749536,0.7327749507501728,0.9519713261648746,0.3830806065442937,0.7666666666666667,0.9473956017157038,0.9666036546943919,0.3349731663685152,0.8405405405405405
b,1,class_balanced,119,0.7548971622877391,0.920772891178122,0.7505403832499813,0.9496054519368723,0.5157699443413729,0.579185520361991,0.9515358559393184,0.9725757024879239,0.46288387227984545,0.8527237886668492
b,1,class_balanced,134,0.7402234730471527,0.9109743565674847,0.7366120772279856,0.9528861715518792,0.5083553210202286,0.6153846153846154,0.9470984844119172,0.9697613006782996,0.3465543984046089,0.8415240198785201
b,1,class_balanced,149,0.7485431412549489,0.9104064119426923,0.7353359174961546,0.9606746560142033,0.41672780630961115,0.7441860465116279,0.9475383373688459,0.9634625901716191,0.3650319829424307,0.8421805694663042
b,1,class_balanced,164,0.735666422356111,0.9032219556649564,0.7331298327558328,0.9603027902473373,0.37582128777923784,0.7654320987654321,0.9449633568041386,0.9558455392809587,0.3046683046683047,0.8426315789473684
b,1,class_balanced,179,0.7548561703958658,0.9073243075862836,0.7341859963559616,0.9621286031042129,0.4774774774774775,0.7852760736196319,0.9445202822122915,0.9668009372614064,0.29964850615114236,0.8481413129448985
b,1,class_balanced,194,0.7607083829014041,0.9142277565954698,0.73403550103496,0.9600855310049893,0.49137055837563454,0.7218934911242604,0.9466712838715263,0.9709932457196712,0.3811312878313505,0.8528132823823956
b,1,class_balanced,209,0.7058698701140754,0.9105457887314393,0.7392911936342641,0.9600785924801286,0.5126050420168067,0.353887399463807,0.9425184457888733,0.9732603514653118,0.3346286701208981,0.8641105894627021
b,1,class_balanced,224,0.7604470724653478,0.9113828622169307,0.7365234930114156,0.9653877112959485,0.573469387755102,0.7150837988826816,0.9446868362133303,0.976900766521649,0.27028269363364743,0.8773183129550762
b,1,class_balanced,239,0.7672406601364494,0.9152279470786919,0.7455734689267499,0.9654491609081934,0.6032388663967612,0.6989247311827957,0.9476869245991912,0.978514966956071,0.2942678115572058,0.8826021593549269
b,1,class_balanced,254,0.7570067041513096,0.9100694825752336,0.7345865532294881,0.9640028797696184,0.5983263598326359,0.7032967032967034,0.9453983958366098,0.9779057102847363,0.23008423586040916,0.8800326441784548
b,1,class_balanced,269,0.7759892469849012,0.9118780104809008,0.7471025719520803,0.967666815942678,0.6182190378710338,0.7976190476190477,0.9456380347928013,0.9790169738623347,0.23221153846153847,0.891553280344874
b,1,class_balanced,284,0.757700121117744,0.9093493786921487,0.7352433883382573,0.9677361694521405,0.6072874493927125,0.7167630057803468,0.9444952032891731,0.9798000832986256,0.19429414658140678,0.8935247900298022
b,1,class_balanced,299,0.7644184236850968,0.9109097008164776,0.7347951176341742,0.9692362725809336,0.6098562628336756,0.7439024390243902,0.9454322326550415,0.9801541827273674,0.20726915520628683,0.8950784207679827
b,1,class_balanced,314,0.7722490701127379,0.9094777843193128,0.7479337125025952,0.9696861626248217,0.6516192345436702,0.7857142857142857,0.9447949076584934,0.9800728407908429,0.17869586859133899,0.8951601908657123
b,1,class_balanced,329,0.762793688210561,0.9059431793501028,0.7459694280773832,0.9714439172858294,0.6594274432379073,0.7613636363636364,0.943022742484442,0.9796491958569719,0.12663419635990772,0.8980146858852325
b,1,class_balanced,344,0.7900948276666248,0.913692730102644,0.7561681715896801,0.9732524964336662,0.6679764243614931,0.8375,0.9462952901141011,0.9804828607812053,0.22810394610202117,0.8970527758738862
b,1,class_balanced,359,0.7929608486547401,0.9176309706018709,0.7604706569188373,0.9703306523681858,0.6607495069033531,0.8072289156626506,0.9480636703583248,0.9812252964426877,0.2865103320176457,0.8966175668303328
b,1,class_balanced,374,0.7925293007698583,0.9159906921675388,0.7577324077714055,0.9701359084406295,0.6686567164179105,0.8170731707317073,0.9477317978027014,0.9793905414525256,0.27344843677088193,0.8912685337726524
b,1,class_balanced,389,0.813111180251549,0.9227700052098184,0.7788837940087492,0.9706618962432916,0.7190160832544938,0.8192771084337349,0.9506487521781081,0.9792277171235185,0.35999128350403137,0.8929554210236654
b,1,class_balanced,404,0.8264382554274515,0.9282409447626225,0.7898490313135677,0.969891896721165,0.7081339712918661,0.8452380952380952,0.9535841801702829,0.9789792903242529,0.4386326194398682,0.8906077348066298
b,1,class_balanced,419,0.8181005908504536,0.9254039153959059,0.779664896092444,0.9682440289829144,0.6906906906906907,0.8452380952380952,0.9524852958136316,0.9794520547945206,0.4036541321436159,0.8869398382897081
b,1,class_balanced,434,0.822010859813326,0.9266662424440482,0.7848250518212756,0.9741987322560486,0.6918489065606361,0.8520710059171598,0.952765209372028,0.9789446321809202,0.40910057410163725,0.895146958304853
b,1,class_balanced,449,0.8276538987900712,0.9285045086112177,0.79338684354594,0.9737006329678167,0.7,0.8604651162790697,0.9535118601027298,0.9796693999739685,0.4292275574112735,0.8970027247956404
b,1,class_balanced,464,0.817496990553616,0.9246447600071172,0.7812580471085948,0.9742857142857143,0.693069306930693,0.8452380952380952,0.9514140890501699,0.9789802289281998,0.38524238524238524,0.8942491142000545
b,1,class_balanced,479,0.8445999897655855,0.9364385748089031,0.8099153688126145,0.9754448398576513,0.7024390243902439,0.8604651162790697,0.9572756498843519,0.9787599562704982,0.5427982768308672,0.8950170648464164
b,1,class_balanced,494,0.8561997385154034,0.9416426874205858,0.8214479866948672,0.9761396011396012,0.7379375591296121,0.8452380952380952,0.9602918642831083,0.979516313978943,0.5935693641618497,0.9007053716766142
b,1,class_balanced,509,0.8617181989650232,0.9452610584077772,0.829935784527709,0.9758186847506023,0.7346938775510204,0.8383233532934131,0.9625289309465913,0.9794384719757854,0.6400276768725134,0.9011963973652373
b,1,class_balanced,524,0.8587931272949049,0.9453629294722619,0.8234482743200083,0.9751668891855808,0.7136060894386299,0.8383233532934131,0.963123200374176,0.9794917288524762,0.6430584918957012,0.8987821380243572
b,1,class_balanced,539,0.8614198148776294,0.9451841998025919,0.8281306283808156,0.9758229993755019,0.7658802177858439,0.8192771084337349,0.9632894948109008,0.9798706716729245,0.6247052421549066,0.9010929699095939
b,1,class_balanced,554,0.8600912240447415,0.944731232883927,0.8263934398000983,0.9748259239421532,0.7637362637362637,0.8214285714285714,0.9631184582640894,0.980640454415175,0.6151297625621204,0.9017591339648173
b,1,class_balanced,569,0.8686356731745765,0.9496238266145652,0.8337998925136095,0.9761883528047801,0.7724770642201835,0.8121212121212121,0.9661155815654718,0.9811635359403903,0.6651368049426302,0.9072471606273661
b,1,class_balanced,584,0.8701515821286507,0.9496040144394915,0.8358907762693188,0.9747389092207445,0.7938517179023508,0.8048780487804879,0.9662289754512319,0.981071158903325,0.6646727656579874,0.9056194989844278
b,1,class_balanced,599,0.8633650389472212,0.9476743478244092,0.8282858292184985,0.9752744800499866,0.7906558849955077,0.7852760736196319,0.9649099750295702,0.9813295836262792,0.6400289278611463,0.9060803474484256
b,1,class_balanced,614,0.8708013149610233,0.9491555925823499,0.8366875170867498,0.9759014637629418,0.7927927927927928,0.8170731707317073,0.965952965952966,0.9810553745928339,0.6573003734661212,0.9055330634278003
b,1,class_balanced,629,0.8725689047945385,0.9483263666896171,0.8419641656729843,0.976677687427397,0.8007085916740478,0.8333333333333334,0.9652148494592224,0.981198895890839,0.6440922190201729,0.9067567567567567
b,1,class_balanced,644,0.8811485844124274,0.9520082607090886,0.8506886908706442,0.9750089253837915,0.804986642920748,0.8433734939759037,0.9676207250843974,0.9815519307936839,0.690280629705681,0.9052177430227855
b,1,class_balanced,659,0.8802263260483896,0.9516249001876631,0.8549514436415447,0.975330711476582,0.8120689655172414,0.8333333333333334,0.9671217977924426,0.9814356757882677,0.6865671641791045,0.9057266342517558
b,1,class_balanced,674,0.8832905371763905,0.9519653195981034,0.8565004557879765,0.9738445001791473,0.8094820017559262,0.8520710059171598,0.9675436403476522,0.981013316687474,0.69639564124057,0.902683654106804
b,1,class_balanced,689,0.8844977161235513,0.9515962224598224,0.8577311435446893,0.9746846766258163,0.8108108108108109,0.863905325443787,0.9673133450911229,0.9807532251352477,0.6945054945054945,0.8995111352525801
b,1,class_balanced,704,0.8833389543908787,0.9524288825550272,0.8576717655281233,0.9757797837161498,0.8027801911381407,0.8520710059171598,0.967487684729064,0.9814708790922813,0.6978465679676985,0.9059365681756574
b,1,class_balanced,719,0.883691955385183,0.95318385621244,0.8561014862661338,0.9752346893160483,0.8105263157894737,0.8383233532934131,0.9681815505975158,0.9812184589771604,0.708153078202995,0.9042062415196743
b,1,class_balanced,734,0.8877047326902964,0.9561938298339179,0.8622840973913127,0.9746846766258163,0.800702370500439,0.8363636363636363,0.9704345251313938,0.9808496816941665,0.7524937655860349,0.8984044729305878
b,1,class_balanced,749,0.8880158437350382,0.9567552304013358,0.8586258639055585,0.9762287756925827,0.8088105726872247,0.8292682926829268,0.9714015878168993,0.9806468372515911,0.7512477861857993,0.8985070538282427
b,1,class_balanced,764,0.8877305560989245,0.9567466201465049,0.862978540390488,0.9750201450443191,0.8103896103896104,0.8263473053892215,0.9713214011459625,0.9810251611561656,0.7501601537475977,0.899850115819594
b,1,class_balanced,779,0.8883059667801172,0.9578667428919444,0.8623821944381552,0.9762160228898427,0.8069868995633188,0.8214285714285714,0.9722214022140221,0.9811967587783087,0.7585873246250605,0.9015047879616963
b,1,class_balanced,794,0.8922973166170591,0.9581081020726078,0.8672801265499402,0.9769478198713367,0.8139737991266376,0.8421052631578947,0.9723291023543114,0.9814742640372074,0.7544890630101208,0.9047619047619048
b,1,class_balanced,809,0.8913545392684796,0.9582081097565773,0.8654489801075643,0.9773376159885796,0.8072916666666666,0.8402366863905325,0.9726988619612006,0.9809536182928413,0.7597710547833197,0.9011922707962177
b,1,class_balanced,824,0.8967437700543911,0.9611143494369913,0.8738480128739017,0.9772463638797181,0.8020833333333334,0.8452380952380952,0.9743285881464144,0.9815271895866351,0.7921775570386466,0.9046052631578947
b,1,class_balanced,839,0.8979549449775748,0.9613269249570895,0.877515626688387,0.9774127310061602,0.8148788927335641,0.8383233532934131,0.974326993036067,0.9813499804916114,0.7938144329896907,0.905578231292517
b,1,class_balanced,854,0.8978655691534668,0.9611971491605459,0.8770610633574077,0.9765611021649669,0.8112724167378309,0.8452380952380952,0.974821317358166,0.980969442064543,0.795868023435091,0.9003285870755751
b,1,class_balanced,869,0.9039273123545237,0.9636430642690132,0.8843106808690895,0.977491961414791,0.8088737201365188,0.8622754491017964,0.9764186689252441,0.9817095349441414,0.8156862745098039,0.9050355774493706
b,1,class_balanced,884,0.9046958307604289,0.9639077843722704,0.8848377178511565,0.9783889980353635,0.8121314237573716,0.8622754491017964,0.9767158863248497,0.9815358246552575,0.8149739183798711,0.9068493150684932
b,1,class_balanced,899,0.9032842029507837,0.9626121969027412,0.8843270208883929,0.9781870194886465,0.8116182572614108,0.8674698795180723,0.9756220603290948,0.9815310283918227,0.8035714285714286,0.9049897470950102
b,1,class_balanced,914,0.9053938285324418,0.9633017182728015,0.8843862684728013,0.9777181208053691,0.8151260504201681,0.8727272727272727,0.9761915357571982,0.9818654195895038,0.8077634011090573,0.9063649993185225
b,1,quota,14,0.4703872336396945,0.7237785296369383,0.6346595802409978,0.6641553172993335,0.06171349767281503,0.11876988335100742,0.7580556269978322,0.8123309582666861,0.49584249259294655,0.3818428592972402
b,1,quota,29,0.3948649402099025,0.619152983428723,0.5519463385449789,0.3386261649982741,0.05785448127083742,0.043328409650418516,0.5794683198486918,0.8554661670707516,0.41313244047619047,0.47617859815415314
b,1,quota,44,0.3899031522471806,0.642782268260204,0.5335800902694681,0.32871536523929473,0.06794534286072458,0.03841117415975556,0.6464533631213596,0.8379372837607776,0.4080947496036557,0.401764786984696
b,1,quota,59,0.4269592929652286,0.6965865880053258,0.5065956956746891,0.3273838764259593,0.13253768844221106,0.08395061728395062,0.7175238624779909,0.8932954205327747,0.35063273140907153,0.48339085418464195
b,1,quota,74,0.4224384708950622,0.6998204907939195,0.5055693357441383,0.3322592976899132,0.11252268602540835,0.0774818401937046,0.7229061553985873,0.8982240960776798,0.29366692728694294,0.5200082935931992
b,1,quota,89,0.41288178802526904,0.6890605978685658,0.5200710221321669,0.33005111649179447,0.11359126984126984,0.06322444678609063,0.7098099450376594,0.890380662451539,0.2757136709223928,0.5074014046461373
b,1,quota,104,0.4584101544564554,0.7246188047046457,0.546380821785937,0.33539549270879365,0.10519927169734979,0.13680781758957655,0.746056868416744,0.9123633129283734,0.3909348441926346,0.582113473661716
b,1,quota,119,0.46058806136724023,0.7320122099109838,0.5492483453880587,0.3376681115927531,0.1733477789815818,0.11188811188811189,0.7580457611048498,0.924545500582367,0.34425686858656074,0.5743642968344577
b,1,quota,134,0.4779278561637333,0.7561622745042313,0.5496098037366197,0.3447884768061699,0.20489573889392565,0.13471502590673576,0.8007232650249698,0.9276643299806969,0.3738532110091743,0.5588549455244606
b,1,quota,149,0.5031957149418146,0.7788748190941336,0.5723730808785522,0.3562767266123836,0.2517042475091767,0.16666666666666666,0.8293873155299779,0.9430236155512014,0.40394279087746426,0.5713686418458311
b,1,quota,164,0.5080972869149873,0.7790774978722526,0.5704997085933065,0.34701684270625177,0.2606689734717416,0.16111111111111112,0.8250557470099331,0.9458062192957638,0.43730886850152906,0.5797132463085812
b,1,quota,179,0.5171757349088132,0.7911192193600196,0.577928519064009,0.36541814465219746,0.3008849557522124,0.13215859030837004,0.845908783281887,0.941243700971479,0.4437400950871632,0.590875874308383
b,1,quota,194,0.5285177552089981,0.8132354214582124,0.5838747054900416,0.41710129014548447,0.3113207547169811,0.14184397163120568,0.8840080618285115,0.941620271606223,0.41252833298990316,0.5912016035446777
b,1,quota,209,0.5201943977078131,0.800074901808761,0.5770074564158476,0.3939020434641583,0.33403805496828753,0.13574660633484162,0.8660818807229109,0.9395051127936929,0.37969924812030076,0.5923878375504997
b,1,quota,224,0.5132215852074203,0.7884998870052892,0.5738214315613422,0.3709294540142431,0.3302752293577982,0.141280353200883,0.8478437754271766,0.9399707937832481,0.3735392320534224,0.5887122586151713
b,1,quota,239,0.5190415618467903,0.789657322853783,0.5696077849904193,0.37520049352251694,0.3210059171597633,0.22297297297297297,0.8531400810239359,0.9415230596761999,0.3241498062849763,0.5952986022871665
b,1,quota,254,0.5111176342618534,0.7863926265015816,0.5645586443725489,0.3778038682568127,0.30425963488843816,0.22372881355932203,0.852104169686428,0.9391467514529201,0.29750982961992134,0.5832703723691312
b,1,quota,269,0.5397250533220075,0.8240818983535302,0.576890077031676,0.47636136682789826,0.30891950688905,0.2558139534883721,0.9144363032583362,0.9292690611216131,0.3235935455734845,0.5696816360952983
b,1,quota,284,0.546911524781397,0.8136278974365874,0.5744743898391128,0.4793323360365326,0.31765612952968386,0.32727272727272727,0.9047611911220346,0.9092611918332397,0.3133539003966505,0.5767431972789115
b,1,quota,299,0.5405143802241306,0.8110635967983789,0.5703655524007211,0.4737005913476502,0.3210070810385523,0.2978723404255319,0.9023499165576654,0.9080803762291577,0.31046613896218117,0.570124217008175
b,1,quota,314,0.5819267263037992,0.8375321222444069,0.620527830680297,0.6736277421208928,0.2992220227408737,0.33212996389891697,0.9221382833297359,0.8936818342535425,0.33611691022964507,0.6165703275529865
b,1,quota,329,0.6112370369396494,0.8639674430929113,0.6449914184392532,0.7551824212271974,0.328804347826087,0.3141025641025641,0.932644729439259,0.9294074034846158,0.3758978451715882,0.6426199473262338
b,1,quota,344,0.6279406476931726,0.8736884613094534,0.6516614110428411,0.7954355108877722,0.3646153846153846,0.3388704318936877,0.9383957250061216,0.9399603216038426,0.3699775647562717,0.6483295950891276
b,1,quota,359,0.6194288618335128,0.8607451796862476,0.6481235263041686,0.7935463981091357,0.341991341991342,0.31901840490797545,0.9274774839068811,0.9111679181977952,0.38119793732645774,0.6616025483950012
b,1,quota,374,0.5983923634550028,0.8543833568819562,0.629392541270294,0.7679765886287625,0.332398316970547,0.29518072289156627,0.9272618231665525,0.9148750495834986,0.26459293394777267,0.6864611089963203
b,1,quota,389,0.6286059854516494,0.8724651211110311,0.6551283983423326,0.8116207951070337,0.36666666666666664,0.3302752293577982,0.9351527975702092,0.9364470478461459,0.2994752623688156,0.7206040992448759
b,1,quota,404,0.6284318908734854,0.8703174478002017,0.6582082898008453,0.7831251279950849,0.37306501547987614,0.36942675159235666,0.9366840542955128,0.9383493881801614,0.30411113196921347,0.6942617666021922
b,1,quota,419,0.629705545247335,0.871689918045387,0.6596269912586675,0.7923348461926374,0.36503067484662577,0.37540453074433655,0.9370990297420815,0.9399357853245973,0.3084164940689136,0.6897174558121533
b,1,quota,434,0.631522075070358,0.8731680428114521,0.6680667241294789,0.8024205748865355,0.3919523099850969,0.3508771929824561,0.9365535361117928,0.9426715176715177,0.30476900149031294,0.6914103923647932
b,1,quota,449,0.6254665044895393,0.8710366389082431,0.6745965362418855,0.7870668815471394,0.35152284263959394,0.3559322033898305,0.9377397547806199,0.9364515286124901,0.33076923076923076,0.6787830896878704
b,1,quota,464,0.5782328260237621,0.8494407767949582,0.6347236036592365,0.6017219011675905,0.3472133247918001,0.32954545454545453,0.9358503657020613,0.9416391711759271,0.322061191626409,0.569598373157092
b,1,quota,479,0.5905212971490401,0.8565815472461233,0.6498121754796581,0.607493204112989,0.36737160120845924,0.30978260869565216,0.9391949674595237,0.9441971927422116,0.39891621508962066,0.5666932907348243
b,1,quota,494,0.5882702316609614,0.8575112944811468,0.6508665919449601,0.6568392183750429,0.3264417845484222,0.3258426966292135,0.9375135824290454,0.9445717144587513,0.34579037800687284,0.580892247179381
b,1,quota,509,0.5938703556358644,0.8582306328691179,0.6492405855575568,0.6715725121702706,0.3471654003506721,0.3496932515337423,0.937095282146161,0.9468947368421052,0.31631328429251404,0.5883580221155852
b,1,quota,524,0.6010810468115417,0.8637763474763976,0.66676567359308,0.7218804920913884,0.3243812532912059,0.33618233618233617,0.9369544131910766,0.9452033036848793,0.32221741013425725,0.620748119105648
b,1,quota,539,0.6084234126713832,0.8669602609656931,0.6637924316573464,0.7160107334525939,0.34205933682373474,0.36085626911314983,0.9385264862364099,0.9534865397242285,0.3324607329842932,0.6155637903652726
b,1,quota,554,0.6147917257163897,0.8721837896405636,0.6764376003486581,0.7661797633009916,0.3228302929795467,0.3333333333333333,0.9380274338079634,0.95,0.3506382978723404,0.6425329587205533
b,1,quota,569,0.6063606361797705,0.8679871589585467,0.6673063802679989,0.7322644410278937,0.3119266055045872,0.3202247191011236,0.9348186016789148,0.9511918274687855,0.3673555461830451,0.6267427122940431
b,1,quota,584,0.6122504150022773,0.8678881324109006,0.6766110490706787,0.7632523759239704,0.2900454775138959,0.34502923976608185,0.9313203164694781,0.9454168218332712,0.3542905692438403,0.6563981042654028
b,1,quota,599,0.6285661256467667,0.8689829115029265,0.6633759709956147,0.6869613878007834,0.41679160419790107,0.4,0.942303254096469,0.9490422266906551,0.39418825015792797,0.61067615658363
b,1,quota,614,0.6710019057993032,0.8891043369077566,0.6998205564375289,0.8397037037037037,0.4500792393026941,0.4326241134751773,0.9441513133235303,0.956583331147197,0.3685335613510047,0.7053380782918149
b,1,quota,629,0.6694496542063193,0.8889833545580498,0.6987461377015123,0.8241701777823451,0.47224523612261804,0.43243243243243246,0.9446121405566227,0.9638629283489096,0.3694077545803153,0.6794169096209912
b,1,quota,644,0.6552621079032053,0.8840200462919996,0.6907499195639996,0.7735565572011162,0.5072836332476436,0.37388724035608306,0.9447613546104412,0.9654455702779943,0.3684547980337679,0.6534456015953911
b,1,quota,659,0.6621547299637738,0.8884390955226943,0.70142188114849,0.8096821109495117,0.47808105872622003,0.37790697674418605,0.9446775266919359,0.9638792162569513,0.38472896013499264,0.6761272602426185
b,1,quota,674,0.6486152638161081,0.882154547290222,0.6926183067930147,0.7631721302607378,0.47317073170731705,0.3693181818181818,0.9436434366368277,0.9641498619144391,0.37383573243014395,0.65301677194511
b,1,quota,689,0.6269560781356777,0.872589774750014,0.6708802934864294,0.6783855672487568,0.4884713919726729,0.3324396782841823,0.9429704001620324,0.9653073962342661,0.3711252653927813,0.6099928476550526
b,1,quota,704,0.634029198748114,0.8737986377928575,0.6718613963690975,0.7139320279090704,0.4973821989528796,0.3516483516483517,0.9430360525821053,0.960409802306425,0.36618521665250636,0.6056107411854601
b,1,quota,719,0.6465122798407669,0.881262032172971,0.686180824858545,0.7270092520343329,0.48113998323554064,0.36,0.9443719743745833,0.9663410463037339,0.40388189138963454,0.6428418115475424
b,1,quota,734,0.6453042591508958,0.883349028055163,0.6859927346916024,0.7657735522904062,0.47117794486215536,0.3220779220779221,0.9433463938470469,0.9637305699481865,0.4014854549205694,0.6495379761099842
b,1,quota,749,0.6346342816497763,0.8768992293820402,0.6755802359186651,0.6963231956423059,0.4748078565328779,0.32891246684350134,0.9438659172439836,0.9636711281070746,0.4190012180267966,0.6158581891518947
b,1,quota,764,0.6310127202041084,0.8799291527862596,0.683475529161834,0.725902947041879,0.46365105008077545,0.266384778012685,0.942958690205675,0.9640988634313549,0.4301507537688442,0.6239419588875453
b,1,quota,779,0.6300542648153212,0.8766527773771825,0.6771281678255308,0.7261019207283225,0.48068669527896996,0.2895927601809955,0.9418572609534307,0.9624176276771005,0.38723051409618575,0.6224930747922438
b,1,quota,794,0.628257680941191,0.8755791896412879,0.6733632408012118,0.707906872117872,0.48132780082987553,0.29975429975429974,0.9421825402577073,0.9648737367210318,0.3838426119715362,0.6179159049360147
b,1,quota,809,0.6247692321729169,0.8765588057529955,0.6800679481837719,0.673370319001387,0.4586709886547812,0.26898047722342733,0.9421733486954366,0.9676698953491392,0.44606299212598427,0.6164566041602623
b,1,quota,824,0.6811856855771684,0.8928922599756441,0.7225916338272441,0.8110904200289675,0.4778046811945117,0.42771084337349397,0.9437112140547155,0.9646925123330836,0.4524321156475874,0.6908580124078193
b,1,quota,839,0.7127231169388468,0.9103301546301615,0.7498142719856651,0.9437016825829923,0.4529505582137161,0.42900302114803623,0.9439990688335685,0.9657686540152024,0.4503284889508262,0.8033103448275862
b,1,quota,854,0.7274156261876641,0.9093638512756832,0.7475208912290726,0.9494821006723605,0.5245009074410163,0.5,0.9450323551978227,0.9650331604345694,0.40204918032786885,0.8058116792400112
b,1,quota,869,0.7300766226157605,0.9116297728929038,0.7489043498472882,0.9615040286481648,0.5070921985815603,0.4982456140350877,0.9453602572645363,0.9644256547741803,0.4146938775510204,0.8192147274557745
b,1,quota,884,0.7270519996894793,0.9117518758943053,0.7478230846558199,0.9576019443694302,0.4845890410958904,0.496551724137931,0.9470149793762211,0.96244891664739,0.4268675455116133,0.8142898466878796
b,1,quota,899,0.7508529740630815,0.9133404108102646,0.7469414101698449,0.9560905238481652,0.47364016736401676,0.6542056074766355,0.9485142774315118,0.961380443714051,0.455762987012987,0.8063768115942029
b,1,quota,914,0.7553933388605858,0.913793824337723,0.748415621806716,0.954249547920434,0.5133967156439067,0.6511627906976745,0.949745759028814,0.9607868247829316,0.4602238046795524,0.7981879292707876
b,1,prototype,14,0.4703872336396945,0.7237785296369383,0.6346595802409978,0.6641553172993335,0.06171349767281503,0.11876988335100742,0.7580556269978322,0.8123309582666861,0.49584249259294655,0.3818428592972402
b,1,prototype,29,0.4932086611932057,0.7171928582789058,0.6006582763886702,0.6614957166010651,0.07230723072307231,0.27728613569321536,0.6819247515909345,0.931057158639556,0.2713333764637381,0.5570562586408593
b,1,prototype,44,0.4992488945701738,0.6540323040941979,0.6209800919015417,0.8620454323876378,0.1342281879194631,0.1839080459770115,0.5144391920928234,0.9386560281850681,0.22361462916055638,0.6378507462686567
b,1,prototype,59,0.5067614406360917,0.6644439554021765,0.6234522666899133,0.812863705972435,0.1575943810359965,0.1981981981981982,0.5339446827392398,0.9474073487069763,0.20379867046533715,0.693523097334459
b,1,prototype,74,0.6715561468800155,0.9026099286404531,0.658421487388199,0.93334549101851,0.4270676691729323,0.23423423423423423,0.9445997570293175,0.9509404182559515,0.460093896713615,0.7506115617355479
b,1,prototype,89,0.6527548858499375,0.8965889296089953,0.6447932036896639,0.9301182893539581,0.2665021591610117,0.2803738317757009,0.9333392299074238,0.957362406410088,0.40681362725450904,0.7947746570868713
b,1,prototype,104,0.6177973949979139,0.8683824027952567,0.7304039241461553,0.9477578273030768,0.2718808193668529,0.13859275053304904,0.8921796748593882,0.9398675496688742,0.35088142960637525,0.7834217136477812
b,1,prototype,119,0.6496583821226493,0.899424628494267,0.7429523042315704,0.9344262295081968,0.31641468682505397,0.11320754716981132,0.9304836761174663,0.9510968432316746,0.4906166219839142,0.8113630700224271
b,1,prototype,134,0.6947964132909343,0.8831630650262552,0.7399600281045997,0.9390477931097505,0.289321409784324,0.6103286384976526,0.9129064841476836,0.9491579791499599,0.3487881981032666,0.8140243902439024
b,1,prototype,149,0.7332099256761648,0.9082956937521419,0.7273111067378474,0.9407360058442151,0.3164091243561442,0.7231638418079096,0.9484655639795312,0.9559436500817813,0.43790212517059857,0.8098491684929741
b,1,prototype,164,0.7347860582217018,0.9027573926332672,0.742228459300743,0.9394712853236098,0.29607609988109396,0.7738095238095238,0.9413561213402637,0.951180429441299,0.42685851318944845,0.814750434566675
b,1,prototype,179,0.7382788867091584,0.9013664492172314,0.7419674250428825,0.9428180574555404,0.2949194547707559,0.7975460122699386,0.9417276720351391,0.9436054806320493,0.4457978075517661,0.8015377222489188
b,1,prototype,194,0.7703834400920212,0.916495052336257,0.7564233259584314,0.942446701436545,0.4268292682926829,0.7804878048780488,0.9455923779183812,0.9698477981819611,0.4958813838550247,0.8315987460815047
b,1,prototype,209,0.7832837352767438,0.9175838678987932,0.77107591516455,0.9384261389783709,0.5094527363184079,0.7602339181286549,0.9431260534283967,0.9700536157970446,0.5369436842863315,0.82475
b,1,prototype,224,0.7820412699316163,0.9116161400693078,0.7705338945964678,0.9402587868220611,0.5197505197505198,0.7831325301204819,0.9349076869920531,0.9694148586456279,0.5030068154483496,0.8238176917422201
b,1,prototype,239,0.8073804903438553,0.921168157072559,0.7928661507486712,0.9412195568577184,0.6149369544131911,0.782608695652174,0.9424205047982913,0.9725274725274725,0.562625050020008,0.8353251981381306
b,1,prototype,254,0.8013549163238374,0.9170649140623996,0.7955977737508046,0.9628102876601846,0.5877466251298027,0.768361581920904,0.9326350941105039,0.9724497782415862,0.5262256999633207,0.8592553472405599
b,1,prototype,269,0.8124632312813397,0.9218160432015857,0.8034633361117958,0.9650224215246637,0.5940390544707091,0.8070175438596491,0.9401987843687314,0.9697701904136573,0.5598759850148559,0.8513186393171105
b,1,prototype,284,0.813995147492321,0.92013169414195,0.8070146294638584,0.9669577743765193,0.6165853658536585,0.797752808988764,0.9339030212720666,0.9742003659888141,0.5384802727715539,0.8700864231948704
b,1,prototype,299,0.8215589281415863,0.9289019393702213,0.8052747195747431,0.9710519283869243,0.6051587301587301,0.7931034482758621,0.9445849897602698,0.974905961766373,0.5893491124260355,0.8727583262169086
b,1,prototype,314,0.8387340903464809,0.9413863844674503,0.8194959718800948,0.9718940207662012,0.6038114343029087,0.8,0.9558902635825712,0.979530262439202,0.6632939853850478,0.8967186659494352
b,1,prototype,329,0.8381586711986905,0.9419268995275891,0.8151431278913333,0.9745830732185856,0.604989604989605,0.7931034482758621,0.9567625513668037,0.9794277116247697,0.6588473790906458,0.8993969298245614
b,1,prototype,344,0.8481672310805347,0.9421332492626399,0.8284003283501058,0.9753747323340471,0.6332665330661322,0.8342857142857143,0.9560913062277289,0.9800114220445459,0.6557518311072813,0.9023890784982935
b,1,prototype,359,0.8495137993438969,0.9448568909786073,0.8308087125786362,0.9769683985002678,0.6418056918547596,0.8111111111111111,0.9590577177614849,0.9799036618842907,0.6742569865444329,0.903493027750932
b,1,prototype,374,0.8488208669422136,0.9438161319627939,0.8169620204623914,0.9746328437917223,0.6313645621181263,0.8352941176470589,0.959281100814378,0.9799544183155495,0.6574102964118564,0.9038087294968029
b,1,prototype,389,0.8473741985131908,0.942565093880358,0.8167844290848986,0.9729537366548042,0.6352705410821643,0.8372093023255814,0.9589033001447691,0.9791219310273459,0.6491834170854272,0.8989771612722433
b,1,prototype,404,0.8541871775305253,0.9439888785237958,0.8258437348774121,0.9765915942543004,0.6594700686947988,0.8470588235294118,0.9590489162619922,0.9802568426514464,0.6542487684729064,0.9026352288488211
b,1,prototype,419,0.8523136129510706,0.9443885829892941,0.8210191253589241,0.9787913745673973,0.6573705179282868,0.8352941176470589,0.9595314321122439,0.9807402792919068,0.6472368211498646,0.9072307479607356
b,1,prototype,434,0.8483149423740964,0.9411133971507125,0.8197254376510266,0.9783980798293181,0.6666666666666666,0.8263473053892215,0.955806996238263,0.9802913453299057,0.6252105988665951,0.9054836042987049
b,1,prototype,449,0.8560456616938238,0.9449972056126899,0.8320211474118103,0.977750088999644,0.6660268714011516,0.8439306358381503,0.9593488716241213,0.9813596776290134,0.65478772854044,0.9091157578242449
b,1,prototype,464,0.8511312000009875,0.940580522754274,0.8223208190290106,0.9784659192027051,0.6989553656220323,0.8292682926829268,0.9554313429745955,0.98107805627131,0.6074328544659587,0.9072865687873845
b,1,prototype,479,0.8561641683672601,0.940848365870838,0.8337564012985391,0.9779320163730201,0.7247191011235955,0.8333333333333334,0.9546203518147406,0.9815461606630871,0.6121039195074336,0.9088942957556096
b,1,prototype,494,0.8664076534979225,0.9431753497000909,0.8482660500157875,0.977191732002851,0.7456700091157703,0.8588235294117647,0.9563264213250826,0.9814046892522755,0.6373787834263884,0.908058409951325
b,1,prototype,509,0.8657945146302298,0.9421718875833975,0.8527273267480021,0.9790757724156353,0.7642418930762489,0.8470588235294118,0.9552047463589881,0.9809824433255941,0.6262538159616223,0.9077441077441077
b,1,prototype,524,0.8653480367456142,0.9418260170787922,0.8524766192109745,0.978988603988604,0.75,0.8538011695906432,0.9542790502960349,0.9807903116354335,0.6312684365781711,0.9083086851304114
b,1,prototype,539,0.8653668219661377,0.9458590427770234,0.8448796235761503,0.9774369035940427,0.7535971223021583,0.8148148148148148,0.9587860901190955,0.9813032934365955,0.6630041925690329,0.9086253369272237
b,1,prototype,554,0.8647327979766374,0.9455650425148532,0.8452081987559051,0.9786324786324786,0.7476979742173112,0.8192771084337349,0.9582482448164324,0.981836212745968,0.6582242049215714,0.9092133620689655
b,1,prototype,569,0.8662384280038979,0.9419683132002888,0.8523306356268356,0.9798824995549226,0.7700631199278629,0.8383233532934131,0.9535806833330837,0.981545770144345,0.6281767955801105,0.9120967741935484
b,1,prototype,584,0.8665428091326473,0.9424564786622648,0.849207058441387,0.9785262407555912,0.7721866422689845,0.8343558282208589,0.9545086757169828,0.9810207544706957,0.6378883695353313,0.9073131529600857
b,1,prototype,599,0.86813927263923,0.9420898170126517,0.8511599880836267,0.979144385026738,0.7651376146788991,0.8554216867469879,0.9538461538461539,0.9814737501304666,0.6310975609756098,0.9108537570697549
b,1,prototype,614,0.864783890434631,0.9445845087453397,0.8426696396662547,0.9786058120877161,0.7795059469350412,0.8024691358024691,0.9575450618203486,0.9812915851272016,0.6451987235277052,0.9088709677419354
b,1,prototype,629,0.8670108653468688,0.9462992292881823,0.8439865848537096,0.979417268110131,0.7688073394495413,0.8074534161490683,0.9590381574629314,0.981038703964161,0.6650443744632122,0.9082767978290366
b,1,prototype,644,0.8718879506052737,0.9477893612949158,0.8487563532224183,0.9794862647163753,0.7683823529411765,0.8271604938271605,0.960379497583388,0.9812332439678284,0.6782234957020057,0.9083503054989817
b,1,prototype,659,0.8684666314813836,0.9472247498778511,0.8436346932707829,0.9802174300481198,0.7545454545454545,0.825,0.9598666686507641,0.9821391376796501,0.6637233259749816,0.9137744034707158
b,1,prototype,674,0.871386257385229,0.9508887124869393,0.8456571875136236,0.9801265484359682,0.7486238532110092,0.8125,0.9634478346895967,0.9821098408895602,0.6991750147318798,0.9137207097385887
b,1,prototype,689,0.8698201244323391,0.9475053638273623,0.8530895476042676,0.9802977623250424,0.7672188317349607,0.8170731707317073,0.9599474916836971,0.9816126679862486,0.6707228741127046,0.9118680724520141
b,1,prototype,704,0.8705208083422299,0.9475508450981722,0.853106935346198,0.9803851640513552,0.7648624667258208,0.8263473053892215,0.9601692768481128,0.9818787752551552,0.6679311351035891,0.9120715350223547
b,1,prototype,719,0.8757844117773244,0.9471250830928114,0.8596184015180411,0.9804865009355788,0.7795414462081128,0.8484848484848485,0.9589061588403369,0.9817623643884799,0.6700379266750948,0.9112716369088183
b,1,prototype,734,0.8692869206586876,0.9454747588593493,0.8522155513425924,0.9800427655024947,0.7835232252410167,0.8125,0.9570276186763427,0.9815931780366056,0.659788141422479,0.9105335157318741
b,1,prototype,749,0.8696842087292833,0.9480933862034052,0.8469914092756099,0.9807314897413024,0.7624209575429087,0.8125,0.960195885216041,0.9818295250721361,0.6785358211081043,0.9115757824244909
b,1,prototype,764,0.8638195319015375,0.9454251242320263,0.8439982552436874,0.9795008912655971,0.7556357078449053,0.8024691358024691,0.9577426879598062,0.9813067103450069,0.6623577350007025,0.9077238550922762
b,1,prototype,779,0.866710708315608,0.9447998335191817,0.8489423565873475,0.9797664675996078,0.7743682310469314,0.8098159509202454,0.9564748363124222,0.9816298917568693,0.6565726083964212,0.9083469721767594
b,1,prototype,794,0.8690581479028524,0.9456844245369685,0.8518099975204781,0.9802977623250424,0.7735507246376812,0.8170731707317073,0.9573479603153193,0.981312789547655,0.6652048787172811,0.908619749045281
b,1,prototype,809,0.870870813745525,0.9485863293945731,0.8495372287523502,0.9801856479828632,0.7665758401453224,0.8148148148148148,0.9610377991500783,0.9817755181853735,0.6821258821834941,0.9095801937567277
b,1,prototype,824,0.8830197431931985,0.9540955659292759,0.8607876128620211,0.9813742090722752,0.7810545129579982,0.8322981366459627,0.966329615344522,0.9818741360874215,0.7261817649641445,0.9120258272800645
b,1,prototype,839,0.8838032924724878,0.954390296802592,0.8594473930972916,0.9805530776092775,0.7811387900355872,0.8414634146341463,0.9673028159615641,0.982192137464202,0.7214067278287462,0.9125660837738918
b,1,prototype,854,0.8801075633559262,0.9503480594961179,0.8643570971917949,0.9809099018733274,0.7845884413309983,0.8414634146341463,0.9619462013487043,0.9819186076806836,0.6966831333803811,0.9132432432432432
b,1,prototype,869,0.8789727908262325,0.9530411682092501,0.8600322653771152,0.9808258271648979,0.7719298245614035,0.8220858895705522,0.9651235579932632,0.9822870539202917,0.7150968117629931,0.9154605708102259
b,1,prototype,884,0.8895914029407879,0.9565944509728881,0.8679314037184896,0.9802872179109803,0.7775831873905429,0.8606060606060606,0.9692191188917101,0.9821382075717335,0.7452344931921331,0.9120715350223547
b,1,prototype,899,0.8924207619314817,0.9583623763253867,0.873382777494586,0.9805634807417974,0.7835051546391752,0.8536585365853658,0.9705632985765071,0.9819991142834814,0.7626714370900417,0.9139843116040033
b,1,prototype,914,0.8889173802105345,0.9572503972159895,0.8694836416284927,0.9812060211988956,0.7681660899653979,0.8518518518518519,0.9688230825376491,0.9828556539864512,0.7515792566475686,0.9179397052859267
b,2,random,14,0.38238299546020066,0.667846742752768,0.5402036422475559,0.5569810188311202,0.07461208319577418,0.03331945022907122,0.7104244215409364,0.8054878048780488,0.35411865411206955,0.14173753543438386
b,2,random,29,0.5204415372649052,0.7960148265775915,0.6215607515840869,0.8555310709563685,0.20873180873180874,0.13738441215323646,0.8828515141796857,0.8080021774632553,0.27274201394519215,0.47784776342478913
b,2,random,44,0.5427997325255747,0.8107206552441398,0.616014334631723,0.8690577049797609,0.1536,0.17586206896551723,0.8865795094756934,0.8233636078922644,0.30714916151809357,0.5839860748476936
b,2,random,59,0.5521841823813912,0.821221315215209,0.6279474659004777,0.9050456153416496,0.15283842794759825,0.17200674536256325,0.8925694360947457,0.8357107074116065,0.28249436513899323,0.6246239793725827
b,2,random,74,0.5960291304401697,0.8533579501244857,0.635075435021515,0.9354514744818772,0.18645204560697518,0.4426229508196721,0.9160493469216161,0.9200807997099497,0.025267249757045675,0.7462800457840519
b,2,random,89,0.6326378010242726,0.8752053110620013,0.6667715951150923,0.9319429198682766,0.2804200123533045,0.3474903474903475,0.926177052061214,0.9307742868410674,0.2667440960123887,0.744915892543309
b,2,random,104,0.628778751638739,0.8744995372489551,0.6572350482841588,0.9287419651056015,0.28689006466784245,0.36444444444444446,0.9236622377114645,0.9444502563029605,0.16741790083708952,0.7858443924017694
b,2,random,119,0.6622210608243831,0.8830256867134512,0.6763466243007932,0.9285517241379311,0.3137254901960784,0.47393364928909953,0.9308987376708647,0.942385549672999,0.2587148257034859,0.7873374491002233
b,2,random,134,0.6708382161981642,0.8880485046414287,0.6895536845351181,0.9284400294334069,0.32843450479233227,0.5,0.9339087117701576,0.9526954984006449,0.25489343192692476,0.7974953370636824
b,2,random,149,0.7021737960418944,0.9104593654031014,0.7090792572766832,0.9299678751720973,0.3069694596711042,0.4827586206896552,0.9523561346362649,0.9531729583672185,0.4997051307253784,0.7902863930315428
b,2,random,164,0.7149683299194408,0.9197473349983373,0.7293943400276908,0.929908256880734,0.30297723292469353,0.4632352941176471,0.9583782366819096,0.9550080901925988,0.6067089755213055,0.7885622231171969
b,2,random,179,0.7196244962716688,0.918849730246738,0.7311936278563111,0.9307657038055938,0.3247100802854594,0.49808429118773945,0.9577378877657721,0.9568557765176261,0.5797369883311725,0.7894807460083187
b,2,random,194,0.7093591988040695,0.921681604411301,0.7265376281629031,0.9301898908357031,0.31443298969072164,0.3904109589041096,0.9596896511492241,0.9554897697204684,0.631467044649185,0.7838340866790747
b,2,random,209,0.7182942569429434,0.9214824056328981,0.724818172355176,0.9304842259721203,0.3378839590443686,0.432,0.9566550807605807,0.9598394620937687,0.6182786157941438,0.7929184549356223
b,2,random,224,0.7189247182840378,0.9204640952880294,0.7225558633185493,0.9309617676721371,0.3235294117647059,0.45414847161572053,0.9560584326239059,0.9578008450263419,0.6258741258741258,0.7840999734113268
b,2,random,239,0.7327817553979521,0.9238667333563289,0.7444672990505266,0.9308764209754309,0.3325143325143325,0.5,0.9584533113944879,0.9572372717536115,0.667332002661344,0.7830589484864577
b,2,random,254,0.7320366220159816,0.9272382164813711,0.7439115607048228,0.9298825256975036,0.32653061224489793,0.4596774193548387,0.9606561239214301,0.9583550777580628,0.7047098537212667,0.7844447414138714
b,2,random,269,0.741958601319262,0.928589445477622,0.7398008855938765,0.9315620705451214,0.33724075743913434,0.507177033492823,0.9614460318162383,0.9590576216413437,0.71280276816609,0.7844239261340827
b,2,random,284,0.7370387797978043,0.9276568728032711,0.7422554846920882,0.9304587155963303,0.3275563258232236,0.4888888888888889,0.9609592778867568,0.9581540868204927,0.711097039734051,0.7821571238348868
b,2,random,299,0.7282626201227199,0.9283943921022835,0.7333703650694565,0.9294042045350225,0.3318544809228039,0.42105263157894735,0.9606976607153379,0.9616668823605539,0.6999356084996781,0.7932268722466961
b,2,random,314,0.7497181891954353,0.9299226459295934,0.7549165397499326,0.928689579121485,0.33540372670807456,0.5495495495495496,0.9601392104525814,0.9642355146025301,0.6975180144115293,0.8124917295222972
b,2,random,329,0.7637816103515861,0.9303285713043229,0.7654222796433903,0.9323198095063651,0.3252470799640611,0.6504854368932039,0.9591073671765314,0.9655010927255698,0.6992022524636321,0.8146082337317397
b,2,random,344,0.7733592864584236,0.9340323018701674,0.7534282318385976,0.9328791087376853,0.3851851851851852,0.644808743169399,0.9629357150214087,0.9685763257674128,0.6945194598888006,0.8246104674390731
b,2,random,359,0.7680667582409866,0.9323183910710444,0.7470873026170803,0.9334191649806879,0.3777544596012592,0.6298342541436464,0.9605783217502462,0.9695283656596121,0.6777017348400446,0.8276510067114093
b,2,random,374,0.7694108397171318,0.9366908733985727,0.750319077690718,0.9348884195059234,0.3258026159334126,0.6382978723404256,0.9642694416273498,0.9705040836497946,0.7220059180812958,0.8301075268817204
b,2,random,389,0.773868635394449,0.9363946845472548,0.756058848913601,0.934044706098795,0.36801752464403065,0.6349206349206349,0.9638568383920041,0.9702980606533906,0.7143976186746044,0.8315450643776824
b,2,random,404,0.7804824779980376,0.9369563724214506,0.75968541487688,0.9349623369465369,0.379041248606466,0.6666666666666666,0.9642191193528021,0.9704450173163555,0.7141728551113921,0.833870101986044
b,2,random,419,0.7929578411284847,0.9370175714463761,0.7617160585525403,0.933994308271367,0.3902439024390244,0.7439024390243902,0.9646698744831442,0.9693369805913769,0.718028696194635,0.8305286868954551
b,2,random,434,0.7959727185214277,0.9383984518490157,0.7610088350053674,0.9401366742596811,0.3899657924743444,0.7468354430379747,0.9645989053028073,0.970275842271458,0.7194740137758296,0.8405223585278987
b,2,random,449,0.7906507818459175,0.9377355136727221,0.758359262020336,0.938183807439825,0.3715976331360947,0.7329192546583851,0.9643051650794118,0.97021632354478,0.7195767195767195,0.8377565694862074
b,2,random,464,0.7938895551660208,0.9394499650325728,0.7643545160489683,0.9373167155425219,0.373117033603708,0.7361963190184049,0.9660287222435198,0.970064259965519,0.7380118739534176,0.8364919618350543
b,2,random,479,0.795162698657941,0.9411170269227974,0.7678917863971816,0.9451980466630494,0.3829296424452134,0.7108433734939759,0.9662178124261753,0.9698711751025635,0.7469662921348315,0.8441125483397787
b,2,random,494,0.7894199603005868,0.9386788401317353,0.7576465657405063,0.9448250991705733,0.3534994068801898,0.725,0.9636071518063765,0.9714330478378943,0.7198538367844093,0.8477211796246649
b,2,random,509,0.7965195602728345,0.9411548308672858,0.7651068655146928,0.9491525423728814,0.36778846153846156,0.7329192546583851,0.9654113583017169,0.970954356846473,0.7376185458377239,0.8517924023542001
b,2,random,524,0.7979325890630361,0.9400268118853581,0.7681067820784782,0.945084868839067,0.3671497584541063,0.7619047619047619,0.9651243246426311,0.9713719042772515,0.7285845870432913,0.8463079182801442
b,2,random,539,0.7983841885653656,0.9411015232278831,0.7697862742087843,0.9477213010781915,0.3553921568627451,0.7619047619047619,0.9658353967692489,0.9712316608364225,0.7375951293759513,0.8490089131302381
b,2,random,554,0.7938206610025217,0.9418512324900877,0.7633139738834044,0.9484629294755877,0.3374083129584352,0.7361963190184049,0.9664150498319278,0.9713301854798737,0.745301757066463,0.8516300731869594
b,2,random,569,0.7966148676268366,0.9415647781061687,0.767318953631461,0.9499008830419895,0.3370233702337023,0.7590361445783133,0.9661953973846766,0.9709067188519244,0.7441647597254004,0.8490767995718491
b,2,random,584,0.7996689770265698,0.9422586213866007,0.7713863787793178,0.9470726844299439,0.3401197604790419,0.7710843373493976,0.9667231846664209,0.971558411031889,0.7500380807311501,0.8510863804981452
b,2,random,599,0.7962290905389402,0.9415786769211093,0.7669245872137055,0.9467487773953994,0.34348355663824603,0.7515151515151515,0.9665374924484654,0.9708803847762443,0.7461139896373057,0.8483242813617697
b,2,random,614,0.7986050862289896,0.9424865382222745,0.7674906899279815,0.9508373851971907,0.3447461629279811,0.7547169811320755,0.9669567782858829,0.9705182201062077,0.753632053830861,0.8488280221227285
b,2,random,629,0.7894818315270644,0.9425158216455166,0.7610986650879853,0.9479110146500271,0.34068627450980393,0.6951219512195121,0.9672462357504166,0.9709981955595073,0.7597017196773702,0.844707429322814
b,2,random,644,0.7961293551505759,0.942738984577898,0.7681437514892161,0.9490790899241603,0.3602941176470588,0.7228915662650602,0.9671335173187325,0.971289614057107,0.7558912386706949,0.8463263421712175
b,2,random,659,0.8042796471709918,0.9458955823515164,0.7736194761345392,0.9529791816223977,0.3594132029339853,0.7421383647798742,0.9692127883064814,0.9711417816813049,0.7852378835037794,0.8498343273691186
b,2,random,674,0.8071153337667607,0.9461948620295048,0.7782379692441069,0.9520129403306974,0.3466666666666667,0.7701863354037267,0.9696081912878788,0.9710550398744934,0.7894114167406093,0.8508667460632526
b,2,random,689,0.8015568613042587,0.9458643173562497,0.7709474616926666,0.9496804392834639,0.34857849196538937,0.7341772151898734,0.9695858530598968,0.9712326257100228,0.7912772585669782,0.8463661453541859
b,2,random,704,0.8020523007698926,0.9456893821018642,0.7695745778435593,0.9502474134053082,0.33460076045627374,0.7515923566878981,0.9697838325034354,0.970476713475066,0.7924977671926169,0.84516726166865
b,2,random,719,0.8042418972406947,0.946246372418753,0.7753192070351796,0.9502295022950229,0.3444857496902107,0.75,0.9699034302980034,0.9706043740691385,0.7966671539248648,0.847803070407623
b,2,random,734,0.8076051907989334,0.9464964099410139,0.7770069192795699,0.9498875393612236,0.35960591133004927,0.759493670886076,0.9701888189559422,0.9707620691458758,0.7988304093567251,0.8444679165566411
b,2,random,749,0.8064836624224286,0.946625815269773,0.7756397951929603,0.9515331355093967,0.3801452784503632,0.7295597484276729,0.9699909780663482,0.9704966098588969,0.7988802121703257,0.8447796744739976
b,2,random,764,0.7987842426088418,0.9468979448721261,0.7690066386090494,0.9510439164866811,0.3535228677379481,0.6962025316455697,0.9703559066299814,0.9708331151489763,0.8020603384841796,0.8474710221285564
b,2,random,779,0.7957617575118203,0.9467193787242555,0.7634463204879454,0.9524750696253705,0.3403205918618989,0.6887417218543046,0.9703266290754636,0.9706251963556394,0.8001173192550227,0.8477257745550428
b,2,random,794,0.8037984747541296,0.9468120737139667,0.7691880612834102,0.9480366373446993,0.36964504283965727,0.72,0.9698962962962963,0.9720865864166907,0.7958497734911588,0.8510749868904037
b,2,random,809,0.7986985503380641,0.9472040159786915,0.7631560619377995,0.9505093302082395,0.3472750316856781,0.6986301369863014,0.9700373421848142,0.9722962730646595,0.7986050566695728,0.8535366815671838
b,2,random,824,0.7908291706550514,0.94649413860597,0.7542905365560241,0.9507664562669071,0.329923273657289,0.6666666666666666,0.9697885196374623,0.9719249587901305,0.7967408700712935,0.8499934494956112
b,2,random,839,0.7867693458412761,0.9468252974002626,0.7504371971946091,0.9528607412738395,0.3270440251572327,0.6330935251798561,0.9697427467010263,0.9716004184100419,0.7977790765634132,0.855264887603523
b,2,random,854,0.7935861616628564,0.9484650760834163,0.7574100296459744,0.9587720863822952,0.33078880407124683,0.6571428571428571,0.9701607640742718,0.9720965506420147,0.8082033506643559,0.8579387186629527
b,2,random,869,0.8041425824904282,0.9494479898226874,0.7677459981170813,0.9595581685373241,0.3561643835616438,0.6993006993006993,0.9708631279114619,0.9721146803390185,0.8127167630057803,0.85828025477707
b,2,random,884,0.8052882411336986,0.9488626881971535,0.7714784868252974,0.9601494396014943,0.33045622688039455,0.7346938775510204,0.9705821174932399,0.9712795095865397,0.8116025272831706,0.8582539895400295
b,2,random,899,0.808957976451031,0.9490727884774873,0.7725884242344022,0.9603995718872637,0.35323383084577115,0.7397260273972602,0.9709398155710319,0.971030742353524,0.8114186851211073,0.8559571619812584
b,2,random,914,0.809525398728586,0.949834328636486,0.7743848499628766,0.9614153627311522,0.3433583959899749,0.7432432432432432,0.9716414145161529,0.970757180156658,0.8183921341816078,0.8578700602813127
b,2,uncertainty,14,0.38238299546020066,0.667846742752768,0.5402036422475559,0.5569810188311202,0.07461208319577418,0.03331945022907122,0.7104244215409364,0.8054878048780488,0.35411865411206955,0.14173753543438386
b,2,uncertainty,29,0.45142602462344883,0.6883590645213871,0.6164807148828897,0.7123096825554781,0.07713136949208173,0.12855007473841554,0.689477130296511,0.8231460809750799,0.28442062465348367,0.444947209653092
b,2,uncertainty,44,0.5648529285860915,0.7807759889582789,0.6557428881654912,0.8858160841533763,0.10251344528591812,0.4444444444444444,0.7986276150627615,0.8770714674146369,0.2857555619763074,0.5597418817651957
b,2,uncertainty,59,0.4999708752450818,0.7702253539554009,0.6311466333070482,0.8351273910013165,0.08354856822010107,0.2251655629139073,0.8113925928367755,0.8664466828759986,0.208955223880597,0.46916010498687666
b,2,uncertainty,74,0.5310355367188614,0.8169073100715551,0.6501550174822307,0.8404338940418173,0.09738717339667459,0.24271844660194175,0.8626950125293024,0.9220061745111845,0.21722365038560412,0.5347844055655049
b,2,uncertainty,89,0.5788460569832717,0.8402592914538428,0.707851021915889,0.8414990544954444,0.3389830508474576,0.32673267326732675,0.9259025628236537,0.8883698407724955,0.1975892224060506,0.5328459942704732
b,2,uncertainty,104,0.6488704856166738,0.8525784896693503,0.7265883433780679,0.8883586159877279,0.34140887066716363,0.7398843930635838,0.9311143016203229,0.905084935807591,0.1310890079061464,0.6051532742641816
b,2,uncertainty,119,0.6810813064883179,0.865434587203275,0.7136035552372971,0.800704160103771,0.4816700610997963,0.7814569536423841,0.9332675823458598,0.9506471188443155,0.1797698945349952,0.6400533748471033
b,2,uncertainty,134,0.6920300112581979,0.8673989931147533,0.7047305808140242,0.7515586623842812,0.5737199259716225,0.7763157894736842,0.9390386362653053,0.9529514671190394,0.2165297245045916,0.6340958730888608
b,2,uncertainty,149,0.7771958219310701,0.9036682452253417,0.7749347054385936,0.9275730622617535,0.653986832479883,0.8604651162790697,0.9433308301080238,0.9727010011353081,0.2743095845903922,0.8080043266630611
b,2,uncertainty,164,0.7876098658467379,0.907836563073887,0.7688934034782405,0.9226883175462336,0.6864,0.8658536585365854,0.9469736310657204,0.974578677058869,0.30601589103291715,0.8107588856868396
b,2,uncertainty,179,0.7475723327263968,0.8901635057726461,0.7165530344526008,0.7802464148656837,0.6821994408201305,0.8375,0.9471775238204899,0.9748486259897532,0.3243723616974006,0.6866619618913197
b,2,uncertainty,194,0.7939040343889775,0.9112958727519259,0.7735534491877228,0.9311952265523028,0.7221750212404418,0.8343558282208589,0.9471848745550704,0.9773729825107685,0.3002475804636507,0.8447967271797494
b,2,uncertainty,209,0.8050457759405055,0.9171659003820242,0.7902294192527266,0.9667417755745832,0.7449392712550608,0.8072289156626506,0.9473198315157809,0.9777339492396325,0.3039855888313443,0.8873710995044864
b,2,uncertainty,224,0.8110547379681835,0.9205273016648606,0.7918928088687628,0.9691463524332103,0.7530762920426579,0.8024691358024691,0.9494057920849198,0.9784142689753939,0.33488992661774514,0.8899813978208876
b,2,uncertainty,239,0.8202572719517105,0.9218618089165928,0.8029988314518279,0.9707444414438743,0.7659222497932175,0.8383233532934131,0.9495553245553245,0.979229567933368,0.3433589462129528,0.8946670204298223
b,2,uncertainty,254,0.8352825478496299,0.9266943239527413,0.8135435647328955,0.9702562264827091,0.7813559322033898,0.8690476190476191,0.9528559656503448,0.9789605249453182,0.40189125295508277,0.8926103136629452
b,2,uncertainty,269,0.8536470863835289,0.9340143913876817,0.8301843888505898,0.9714030384271671,0.797971259509721,0.8809523809523809,0.9564257173992009,0.9790417600750743,0.4948165869218501,0.8949188613993083
b,2,uncertainty,284,0.8418811724313725,0.9269269684065203,0.8195329314543557,0.9730067929924919,0.816,0.8901734104046243,0.9529467749145601,0.980207843751632,0.37920489296636084,0.9016284919899378
b,2,uncertainty,299,0.831922680176836,0.9234686299927239,0.8115325437011587,0.9745649263721553,0.8128342245989305,0.8735632183908046,0.9510054949797175,0.9809026871901905,0.32661381653454136,0.9039743931715124
b,2,uncertainty,314,0.8269530327305467,0.9235366101919507,0.8051989969980823,0.9752391168320372,0.7957371225577264,0.8538011695906432,0.9511865381849561,0.9810602107899405,0.3266696955929123,0.9049773755656109
b,2,uncertainty,329,0.8270968055463583,0.9224552771869347,0.8130143579763883,0.9733703936160675,0.7953216374269005,0.8670520231213873,0.9509475229146582,0.9798496554604301,0.3232827023350714,0.8998537039499933
b,2,uncertainty,344,0.8215602470730425,0.920432775986547,0.8032240723755587,0.972488574245004,0.7783595113438045,0.872093023255814,0.9500581721032447,0.9799624295554165,0.2972536348949919,0.9007063841130215
b,2,uncertainty,359,0.8223655873010208,0.9232393148436118,0.7994773158543492,0.973191069667354,0.7415525114155251,0.8670520231213873,0.9510280373831775,0.9803358316141332,0.33902877697841727,0.9043708609271524
b,2,uncertainty,374,0.8281648404970526,0.925139939456266,0.8102267218597834,0.9731477323753929,0.7833775419982316,0.847457627118644,0.951873352443785,0.9809931596261292,0.357411089021427,0.902893380895759
b,2,uncertainty,389,0.8236490517035726,0.9226058324783566,0.8010877793259231,0.9715980586014741,0.785131459655485,0.8505747126436781,0.9509280959296056,0.9806444890197202,0.3285875706214689,0.8980789754535753
b,2,uncertainty,404,0.8287785856389652,0.9241263583416681,0.8026824653301317,0.9740551216446719,0.7875457875457875,0.8604651162790697,0.9512567299110356,0.9805166090055407,0.34637616718541575,0.9012345679012346
b,2,uncertainty,419,0.830063876428149,0.9259625654107795,0.802194098149515,0.9736865738661877,0.772937905468026,0.8604651162790697,0.9519626760360568,0.9820848175979615,0.36227081952728074,0.907039226222461
b,2,uncertainty,434,0.8304227140429224,0.9257948628998359,0.8014205398901167,0.9738332883733477,0.7774647887323943,0.8604651162790697,0.9520464131983933,0.9814872594903796,0.36154186973859104,0.9061202624882818
b,2,uncertainty,449,0.830393798310433,0.9251297073452553,0.807392648573613,0.9728074914460652,0.8154121863799283,0.8390804597701149,0.9521190832661522,0.9812017368243156,0.3488580385132109,0.9032775919732442
b,2,uncertainty,464,0.8320926023534805,0.9253545757871325,0.8064501404532144,0.9725150941695954,0.8093525179856115,0.8538011695906432,0.952197256488132,0.9814420127878567,0.3516483516483517,0.9036918138041734
b,2,uncertainty,479,0.8284989574674366,0.9244818806709493,0.8052590571649049,0.9717687381618111,0.8093106535362579,0.8390804597701149,0.9518970579768553,0.9809056192034915,0.3472409152086137,0.8992892584149121
b,2,uncertainty,494,0.8317303716138413,0.9248966283621797,0.8108563527183437,0.9724324324324324,0.806049822064057,0.8587570621468926,0.9519600362783064,0.9810340348142375,0.35041396285522486,0.90146525070574
b,2,uncertainty,509,0.8306834132394821,0.9239484170116414,0.8069721065266507,0.9735421166306696,0.8067675868210151,0.8654970760233918,0.9513742071881607,0.9813735691987513,0.33212341197822143,0.9041059248361643
b,2,uncertainty,524,0.8488915041111929,0.9320989754712887,0.8247339051803613,0.9744466438725932,0.8130511463844797,0.8735632183908046,0.9555449538101227,0.9812351976680634,0.44022770398481975,0.9041716646674663
b,2,uncertainty,539,0.8475283653347839,0.9329015445369307,0.8246561306404123,0.9751055989934394,0.8150087260034904,0.8505747126436781,0.9557819192036116,0.9814877496289739,0.4490392648287385,0.9057005860415557
b,2,uncertainty,554,0.845970959694677,0.9325682755010073,0.8255161781527615,0.9749033012503373,0.820292347377472,0.8409090909090909,0.9557429939669266,0.9815431007590725,0.4424778761061947,0.9059280074936438
b,2,uncertainty,569,0.8496283246158922,0.934390569079488,0.824821106512301,0.974622030237581,0.8048993875765529,0.8554913294797688,0.9564676076728194,0.9822937521125296,0.4644117036729612,0.9092124615590319
b,2,uncertainty,584,0.8657188333628852,0.9430320337010218,0.8424405587159887,0.973430604341169,0.8235294117647058,0.8323699421965318,0.9615087068852267,0.9815928558410789,0.5835197613721104,0.9040805511393747
b,2,uncertainty,599,0.8674761661222472,0.9428866655447098,0.8458215015985289,0.9730509238395674,0.8178694158075601,0.8505747126436781,0.9613403190262839,0.9815167235850778,0.584106943928704,0.9038741240248579
b,2,uncertainty,614,0.8672523317437583,0.9434272116871064,0.8425642145561673,0.973065489595532,0.8169991326973114,0.8421052631578947,0.9614609203798393,0.981850376272687,0.5908841295991214,0.9044010105039223
b,2,uncertainty,629,0.8768818539238495,0.946946086729684,0.8536194877340962,0.9740774077407741,0.8166811468288445,0.8588235294117647,0.9628443870058156,0.9820484093692191,0.6369251887439945,0.9067729083665339
b,2,uncertainty,644,0.8695196556954542,0.9442353788983399,0.8465838167861026,0.9726224783861671,0.8195292066259808,0.8439306358381503,0.9616127333372345,0.9822531467438043,0.6017635414792154,0.9049258474576272
b,2,uncertainty,659,0.874786516661635,0.9487842549397479,0.8554639254757939,0.9710628324168394,0.8098891730605285,0.8342857142857143,0.9652087183548945,0.9822275499035805,0.6583829191459573,0.9024487094639312
b,2,uncertainty,674,0.8864407207052327,0.9525323583914546,0.8675934675621504,0.9755966265924996,0.8127147766323024,0.8604651162790697,0.9666814224583149,0.9822522217299523,0.6987440874245637,0.9086307938199254
b,2,uncertainty,689,0.8756985649867183,0.947081902455038,0.8466957951911852,0.9755310567356816,0.8156521739130435,0.8622754491017964,0.9641048098678928,0.9825595036366954,0.6191002949852508,0.9106666666666666
b,2,uncertainty,704,0.8730198770848582,0.9456467009079874,0.8439540222975236,0.9755354422439286,0.8150744960560912,0.863905325443787,0.9632975390846968,0.9826345431789737,0.6015037593984962,0.9091880341880342
b,2,uncertainty,719,0.8655557000928125,0.9421420276478301,0.8377387931705235,0.9738802620949646,0.799650043744532,0.8705882352941177,0.961284505075773,0.9825073646341146,0.5650830436461954,0.9058964461599893
b,2,uncertainty,734,0.8733160744470785,0.9460785570831574,0.8435543453385689,0.9766149986560344,0.8115687992988606,0.863905325443787,0.9636374231520061,0.9825237661153796,0.6037735849056604,0.9111886235578213
b,2,uncertainty,749,0.8758847370562654,0.9472747258348105,0.843263783022276,0.9774314884470715,0.8089686098654708,0.8690476190476191,0.964381005146748,0.9825493566703131,0.6186755952380952,0.9101394849785408
b,2,uncertainty,764,0.8706478790960717,0.9446586681227128,0.8410446295681983,0.9773804202056325,0.8171275646743978,0.8588235294117647,0.9627484648293123,0.9823755189430533,0.5852727966425029,0.9108068589658381
b,2,uncertainty,779,0.8765889182702312,0.9470236912226975,0.8466365992221504,0.9774516821760916,0.8167259786476868,0.8705882352941177,0.964298730265172,0.9823500273744036,0.6126800074808304,0.9120277666533173
b,2,uncertainty,794,0.8787142778726762,0.9485457807682355,0.8485338774286937,0.9786014862566031,0.8113879003558719,0.8705882352941177,0.9650784385260853,0.9826773294433301,0.6284344458786649,0.9142321093540605
b,2,uncertainty,809,0.8845753135715719,0.9501850891897575,0.8552242242104988,0.980248458307266,0.830155979202773,0.874251497005988,0.9660615627466457,0.9824652823011386,0.6445049954586739,0.9143394199785178
b,2,uncertainty,824,0.8809642152926719,0.9486888749047911,0.8526379766893104,0.9781518624641834,0.8218940052128584,0.8757396449704142,0.9653077911458942,0.9824360243915151,0.6323529411764706,0.9108672376873662
b,2,uncertainty,839,0.8884484688627049,0.9526187558219663,0.8611225867652479,0.9795041618186701,0.8228176318063959,0.8757396449704142,0.9676606344787164,0.9824314827828531,0.6754756871035941,0.9155100390782913
b,2,uncertainty,854,0.8860251598960401,0.9514068138605628,0.8584385834566167,0.9819900142653353,0.8184991273996509,0.8771929824561403,0.966494581511327,0.98265625,0.6557377049180327,0.9196054587217943
b,2,uncertainty,869,0.9003455454541961,0.9587083861048181,0.8747879743013302,0.9828184812605715,0.8216783216783217,0.8823529411764706,0.9713982738814103,0.9826068843409884,0.7410107705053852,0.9205531453362256
b,2,uncertainty,884,0.90005785728484,0.9580498996417085,0.8723250695088005,0.982896846606093,0.823321554770318,0.8875739644970414,0.9709492273730684,0.9826333741245086,0.7331221870311718,0.9199078465916791
b,2,uncertainty,899,0.8994938506868705,0.9597372844492833,0.8738221364978711,0.9830146731880836,0.8147497805092186,0.8705882352941177,0.9724584076273559,0.9822916666666667,0.7549342105263158,0.918419980996335
b,2,uncertainty,914,0.9028281255418404,0.9607702796071416,0.8811212251610182,0.9815688718724958,0.8243478260869566,0.8705882352941177,0.9731288543160946,0.981994423743388,0.7727632620744259,0.9154054054054054
b,2,margin,14,0.38238299546020066,0.667846742752768,0.5402036422475559,0.5569810188311202,0.07461208319577418,0.03331945022907122,0.7104244215409364,0.8054878048780488,0.35411865411206955,0.14173753543438386
b,2,margin,29,0.41279940682965266,0.7094704196593288,0.47566358648521295,0.502967877094972,0.15858747993579456,0.11074918566775244,0.898491187264956,0.614698701390609,0.3805805024079136,0.22352091404557095
b,2,margin,44,0.5144841830605088,0.8071879090439477,0.5429284995816468,0.7684840640673031,0.1561712846347607,0.18181818181818182,0.9449585828416731,0.7570020341104678,0.5446272313615681,0.24832790258960727
b,2,margin,59,0.5262949794594107,0.7630791145413388,0.6003317600662108,0.7237529447915599,0.19874399704469892,0.3463203463203463,0.9318986526877271,0.6270067366022053,0.5828177058543551,0.2735244729149823
b,2,margin,74,0.6721355374869137,0.8911177020352852,0.7134375942368496,0.7846741712279253,0.2295825771324864,0.4954954954954955,0.9541895768587139,0.9224200048037149,0.680442374854482,0.6381445620355776
b,2,margin,89,0.7578890721687049,0.9166295807366192,0.7474134221796886,0.9399005874378672,0.51586655817738,0.5547445255474452,0.9546012269938651,0.9397407798252022,0.6677033120821023,0.732666515117072
b,2,margin,104,0.7759897799434626,0.919552093651107,0.7781492130965031,0.9586526465870612,0.5786471067644662,0.5538461538461539,0.9592022570869845,0.9234436498697267,0.7464632454923718,0.7116733999574739
b,2,margin,119,0.8216248138917733,0.9344553465167601,0.8251157550739249,0.9626302551203737,0.6444805194805194,0.6758620689655173,0.9652867292185018,0.9407125373946151,0.8013192612137203,0.7610823258491652
b,2,margin,134,0.8265628402448414,0.944252547254106,0.799373709419056,0.9648007165248544,0.6399270738377393,0.6222222222222222,0.9647716737940728,0.9619518318035616,0.8148922273024167,0.8173741362290227
b,2,margin,149,0.8274200531266579,0.9443263786314379,0.8041140875311713,0.9590274651058082,0.6962025316455697,0.5970149253731343,0.9651792852278447,0.9660242608832642,0.7798501982669995,0.8286417053839847
b,2,margin,164,0.8220335867715721,0.9395927540164346,0.7985347266921131,0.907981310193573,0.7517006802721088,0.5864661654135338,0.9689690583560299,0.9621202191522269,0.8205906707148771,0.7564070032986552
b,2,margin,179,0.864945089925224,0.9472419486383006,0.8486887772679557,0.9638119303311975,0.715695067264574,0.8024691358024691,0.967848285489404,0.961973659803376,0.8125698324022347,0.8302477183833116
b,2,margin,194,0.8705628211109687,0.9494486721518268,0.8539774473446444,0.9627289955780164,0.7236363636363636,0.8192771084337349,0.967741935483871,0.9678978616087848,0.8064206338318013,0.8462368492042083
b,2,margin,209,0.8618898434749648,0.9482357651903872,0.8490507596380457,0.968094640616598,0.7271028037383177,0.7666666666666667,0.9666225204982068,0.9670801277018893,0.7916146050256837,0.8460475400773908
b,2,margin,224,0.8755261257662582,0.9534793070624085,0.8526499556418706,0.968228325255789,0.7237209302325581,0.8076923076923077,0.9694055813536798,0.9704632495671791,0.8221173297370196,0.8670551565252744
b,2,margin,239,0.8781893666383668,0.9542155730205295,0.8542593251566737,0.9638205499276411,0.7223264540337712,0.8280254777070064,0.9714899841776875,0.9701445631678189,0.8356832971800434,0.8558352402745996
b,2,margin,254,0.8791523281679198,0.9566983185162888,0.8520457058575827,0.9714234524769327,0.7196969696969697,0.8076923076923077,0.9723949711422307,0.971325509057166,0.8412263892690939,0.8703066978407372
b,2,margin,269,0.8871812609623662,0.9592166935595643,0.8626469471637768,0.9694683908045977,0.7296786389413988,0.8301886792452831,0.9740190090277985,0.9731318219983207,0.8517131363573311,0.8820691503618333
b,2,margin,284,0.8813659299614768,0.9601927778566239,0.8530177403323396,0.9719609423989967,0.7251908396946565,0.7843137254901961,0.9748009423552918,0.973659405111018,0.8566698855014485,0.8829657691787309
b,2,margin,299,0.8893760761666162,0.9612062816662748,0.8641135177317409,0.9724248354385341,0.7600373482726424,0.8,0.9756636507509928,0.9735153118696461,0.8618693134822167,0.8821220733522804
b,2,margin,314,0.8888100624265728,0.961283141511614,0.8717850842923311,0.9717081850533807,0.7530017152658662,0.8,0.9754879234278023,0.9738219895287958,0.8664557832485216,0.8811948404616429
b,2,margin,329,0.8933201243767691,0.9625362740432214,0.8715711555702146,0.9719725954266394,0.7607361963190185,0.8129032258064516,0.9767233661593554,0.9738356881214024,0.8707124010554089,0.8863573977491078
b,2,margin,344,0.8962662439332677,0.9632236718241216,0.8761205226046139,0.9723334222933903,0.7593397046046916,0.8280254777070064,0.9775170189896094,0.9735535462290283,0.876351538674799,0.8867429990343496
b,2,margin,359,0.8940307600305422,0.9636340672622489,0.869564536419985,0.9722296633628003,0.7904085257548845,0.7814569536423841,0.9776749048010155,0.9740989519353911,0.8757738340899711,0.8865724866273488
b,2,margin,374,0.8998457710729066,0.9645804399064914,0.8759681943478016,0.9724950884086444,0.7914055505819159,0.8129032258064516,0.9782384657894344,0.9748636161937825,0.8801868645232207,0.8888275862068965
b,2,margin,389,0.896996792077079,0.9648404942263821,0.8720428616354601,0.9745415702332206,0.7857142857142857,0.7922077922077922,0.9776482892574332,0.9756900878293601,0.8772504091653028,0.8959251101321586
b,2,margin,404,0.8954229007508184,0.9641292439937507,0.8718266889120586,0.9753755889412392,0.7621621621621621,0.8076923076923077,0.9770741542827273,0.9751755462162939,0.8763367151083082,0.8941438308526916
b,2,margin,419,0.9036188761621894,0.964248389107891,0.8861880186307867,0.9743362045999467,0.7905346187554777,0.8414634146341463,0.9776217508216313,0.97457560822968,0.8743635613045273,0.892436974789916
b,2,margin,434,0.9038909029278143,0.9634700299811665,0.8849912003191269,0.9730113636363636,0.7902097902097902,0.8518518518518519,0.9773009160328158,0.9738980931541107,0.87248322147651,0.888481084133258
b,2,margin,449,0.9062960746020436,0.9659533874273651,0.8856122248973728,0.9750200017779358,0.7960992907801419,0.8375,0.9785282032125514,0.9758260098573552,0.8785920527980201,0.9025069637883009
b,2,margin,464,0.9007429255998239,0.966134394777152,0.8804836370329677,0.9756792873051225,0.7971656333038086,0.7974683544303798,0.9785127921407958,0.976709006024882,0.8763860369609856,0.9032793690327937
b,2,margin,479,0.8970314550893369,0.9661330624935257,0.8821619152193463,0.9742125457303471,0.8059964726631393,0.7636363636363637,0.9784071537518318,0.9771689497716894,0.8759604829857299,0.9038382170862567
b,2,margin,494,0.9020391266146434,0.966995139604038,0.8824440254974503,0.9731615673644659,0.8014247551202137,0.7974683544303798,0.9788525963149078,0.9787422960409485,0.8791028446389497,0.905521472392638
b,2,margin,509,0.8977185713400626,0.9670134601987462,0.8748059753893419,0.9734323284730297,0.7879341864716636,0.779874213836478,0.9794710891976692,0.9780325732899022,0.8822636300897171,0.903021978021978
b,2,margin,524,0.8998160793710023,0.9677786183628154,0.8749410098031338,0.9738042020563255,0.8032345013477089,0.7741935483870968,0.9803640490376144,0.9777835655684334,0.8874043145441893,0.9019283746556473
b,2,margin,539,0.8999688723613398,0.967843806250625,0.8777342379470561,0.9741664431929918,0.8074534161490683,0.7721518987341772,0.9807272835927929,0.9774240532667499,0.8876513991368509,0.9002076124567474
b,2,margin,554,0.9045583932347664,0.9683384412301536,0.8790220642708031,0.9765166340508806,0.8136200716845878,0.7922077922077922,0.9804372842347526,0.9780588740532521,0.8861145789984741,0.9049535174136256
b,2,margin,569,0.9036944694558461,0.9686008682284597,0.8797321269143324,0.9772606146740096,0.8126649076517151,0.7843137254901961,0.9804308501891136,0.978522895894619,0.8866093706681453,0.906058921623124
b,2,margin,584,0.9007543644987336,0.9689998968329676,0.8789499387725103,0.9779320163730201,0.8101933216168717,0.7612903225806451,0.9806032871221978,0.9788906530622868,0.8882133480724057,0.908157602663707
b,2,margin,599,0.9105488195265148,0.9697545343727967,0.8882609152126892,0.9791203909373611,0.8187444739168878,0.8176100628930818,0.9814136399659076,0.9788781793146449,0.8902795160617438,0.9077954735959766
b,2,margin,614,0.9095519123283383,0.9695693271468137,0.8887874937655426,0.979109254155925,0.8095659875996457,0.8198757763975155,0.9811264319684144,0.979002079002079,0.8900305470702583,0.9081533101045296
b,2,margin,629,0.9091478038648703,0.9694845523944249,0.887724814534606,0.9787498888592514,0.798932384341637,0.825,0.9807200442735988,0.9792289494891725,0.8902118233421016,0.9111915367483296
b,2,margin,644,0.9055660196156834,0.9695578722766828,0.8830707962904504,0.9792295402094798,0.8028169014084507,0.7948717948717948,0.9808943880070019,0.9788970320702739,0.8912591771713534,0.9109933035714286
b,2,margin,659,0.9059932307159995,0.9698550655703803,0.8838125235676288,0.9798383515409894,0.7996438112199465,0.7974683544303798,0.9809069569247791,0.9793369073023473,0.8925895087427144,0.9121687248508394
b,2,margin,674,0.9101831657497431,0.9702649678006041,0.8925923871327119,0.9801724904418956,0.791814946619217,0.8313253012048193,0.9813114852136471,0.9796024560308044,0.8946194591580708,0.9124360215797482
b,2,margin,689,0.9101967715305284,0.9707235538559387,0.8933423277284265,0.9793520825916696,0.7947598253275109,0.8292682926829268,0.9817920675054983,0.9808122302532369,0.8938188921445515,0.9115740102083046
b,2,margin,704,0.9071485176206607,0.9708755725164827,0.8911014481896601,0.9797044685775325,0.7865961199294532,0.8121212121212121,0.9817234720912479,0.9810388326787526,0.8953568953568953,0.9134986225895316
b,2,margin,719,0.9087871991799904,0.9714697545575695,0.8918369830502716,0.9798789173789174,0.7842105263157895,0.8220858895705522,0.9825328819246787,0.981119335151279,0.8993344425956739,0.912348401323043
b,2,margin,734,0.9167371473289402,0.97236350317103,0.9032622294588404,0.9802350427350427,0.8076588337684943,0.8502994011976048,0.9828658801660946,0.9822356118844795,0.8961794019933554,0.9176858595575099
b,2,margin,749,0.9169606133826858,0.9725892024267145,0.9010513033463646,0.9803328290468987,0.8073555166374781,0.8484848484848485,0.9829701190743653,0.9821479614375178,0.8990264255910988,0.9184065934065934
b,2,margin,764,0.9150392707029746,0.9722373880520488,0.8976724107159937,0.9796755214833304,0.8039041703637977,0.8414634146341463,0.982865530359764,0.9818058948900557,0.8973574408901251,0.918202922299604
b,2,margin,779,0.9186579795895391,0.9721125903236209,0.9022750080618908,0.9797736790519469,0.8129370629370629,0.8606060606060606,0.9827093219958383,0.9817577049009927,0.897023892692469,0.9157981349424026
b,2,margin,794,0.9174941731820372,0.9728023184225776,0.9026479384841481,0.9801194615316038,0.8038029386343993,0.8536585365853658,0.983084875271556,0.9824807652318569,0.8983570036201615,0.9209556313993174
b,2,margin,809,0.917083109770388,0.9726278190875526,0.8988385240161554,0.9795663424645311,0.8049645390070922,0.8518518518518519,0.9831884926580761,0.982090405760183,0.9005264616237185,0.9173936750272628
b,2,margin,824,0.9178825389463656,0.9728012236835721,0.8996910858532922,0.9796682718031032,0.8149466192170819,0.8466257668711656,0.9830899423350558,0.9824488416235472,0.8999445676274944,0.918453763147111
b,2,margin,839,0.916412130833078,0.9734392748949695,0.8956976477554264,0.979038444384979,0.814748201438849,0.8322981366459627,0.9840124547169247,0.9825765850106621,0.9045897079276773,0.9176213857064921
b,2,margin,854,0.9162862316858787,0.9735850821355875,0.896373462207926,0.9797592510031208,0.8185053380782918,0.825,0.9840252721093528,0.9823584512905912,0.905937846836848,0.9184174624829468
b,2,margin,869,0.9214987057370848,0.9735977585739313,0.901601099407228,0.979300499643112,0.8232142857142857,0.8571428571428571,0.9839791579325627,0.9822771633051399,0.9045769764216366,0.92
b,2,margin,884,0.9209471112018045,0.9738241009258245,0.9022258404367275,0.9801159161836825,0.8118811881188119,0.8606060606060606,0.9840462150917417,0.9824962937917762,0.9065068970321861,0.9209772075883718
b,2,margin,899,0.9169560823573238,0.9729730555561532,0.8976526219104267,0.9796646450231894,0.8032638259292838,0.8484848484848485,0.9834348392116958,0.9821869717852035,0.9031450041747843,0.9185124418922614
b,2,margin,914,0.9176515368550847,0.9733774456143994,0.8992802936745751,0.9803921568627451,0.8064516129032258,0.8484848484848485,0.9839721045779022,0.9822672906916277,0.9049609810479375,0.9170317634173056
b,2,class_balanced,14,0.38238299546020066,0.667846742752768,0.5402036422475559,0.5569810188311202,0.07461208319577418,0.03331945022907122,0.7104244215409364,0.8054878048780488,0.35411865411206955,0.14173753543438386
b,2,class_balanced,29,0.4668512155774819,0.7268061758996224,0.5733780451993447,0.662092262218938,0.07190391170264568,0.09183673469387756,0.788760920684506,0.7688562977569633,0.3474751655629139,0.5370332164225294
b,2,class_balanced,44,0.5177721535517633,0.819797716330249,0.5839258977016684,0.7700840061985156,0.12998457810090328,0.12742382271468145,0.9090115184822706,0.8564604450658277,0.34259933051957503,0.4888413737805693
b,2,class_balanced,59,0.5603394456801262,0.8400743459143852,0.59741973156485,0.7236268526591108,0.2880324543610548,0.484375,0.9361750855245266,0.938531769202187,0.14981458590852906,0.4018203721054745
b,2,class_balanced,74,0.6312113289843616,0.8453491308171015,0.6676222759452582,0.8593272171253823,0.4243863816310372,0.6824644549763034,0.9356442676516551,0.9011933435515656,0.04785961180537091,0.5676040261492166
b,2,class_balanced,89,0.5972063880408915,0.8495149812506431,0.635565860642307,0.9028767246821174,0.3534715960324617,0.451063829787234,0.9356270652805945,0.9026057003166843,0.0449438202247191,0.5898559799624296
b,2,class_balanced,104,0.6810309217291,0.8732582575941491,0.6814992101074456,0.9558362447370778,0.49146757679180886,0.7005649717514124,0.9389207969935475,0.9374044982977241,0.018513476722025593,0.724508886810103
b,2,class_balanced,119,0.6975692386051707,0.8755075418338104,0.6782474917401264,0.900459418070444,0.47897196261682246,0.7953216374269005,0.938358496991713,0.947274260740665,0.006586169045005488,0.8160127253446448
b,2,class_balanced,134,0.7033220726936725,0.8831928588243274,0.7038769168479108,0.9359918009876083,0.5215419501133787,0.7216494845360825,0.9387117835750987,0.9568981252118589,0.021774632553075667,0.8266867318786054
b,2,class_balanced,149,0.7182811295288066,0.89492829878248,0.7043624720584044,0.9510540788267644,0.5359179019384265,0.6530612244897959,0.9408104134850064,0.9636209160423264,0.14213709677419356,0.841366275145133
b,2,class_balanced,164,0.7285252329171217,0.8964157262871951,0.7038072802269114,0.9625804113436622,0.5127020785219399,0.7682926829268293,0.9408502772643254,0.9734375809040543,0.0672491395287265,0.8745644599303136
b,2,class_balanced,179,0.7181138802189736,0.8856926265496227,0.6923358038044841,0.9155868902439024,0.5086306098964327,0.7888888888888889,0.9410492465743678,0.9542803766630481,0.07823575741664479,0.8401253918495298
b,2,class_balanced,194,0.7366184418898779,0.891890624793798,0.7138211244292901,0.9434834890389419,0.5527747551686616,0.8295454545454546,0.9411362860070591,0.9645588985211627,0.06728476821192053,0.8575454417359447
b,2,class_balanced,209,0.727877462762941,0.8940934614491861,0.7111553933311567,0.93720346078705,0.5398633257403189,0.7473684210526316,0.9415715627401315,0.9669615915716259,0.09247648902821316,0.8696973884206163
b,2,class_balanced,224,0.7619264914794358,0.9056615222873436,0.7345789847000859,0.96098970561676,0.5634118967452301,0.8352941176470589,0.9441004422884862,0.9772484984008944,0.17506234413965088,0.8773784355179705
b,2,class_balanced,239,0.750799361071082,0.899418258822808,0.7364871086068634,0.9695609230492951,0.6065217391304348,0.8131868131868132,0.9418523627365937,0.9754641048941971,0.07458344353345676,0.8744261409667837
b,2,class_balanced,254,0.7699357533274063,0.9031782367208444,0.747559145224524,0.9691016252902304,0.6632756866734486,0.8488372093023255,0.9433440679415201,0.9765260648771893,0.1150670794633643,0.8733985397437664
b,2,class_balanced,269,0.7480669988810924,0.8963498646559995,0.7517555111355899,0.9688680942954832,0.6733668341708543,0.7564766839378239,0.9426967572804468,0.9653968253968254,0.09369275058885108,0.8359710464973623
b,2,class_balanced,284,0.7680400193874857,0.8996796585913471,0.7630703499203654,0.9693703404293542,0.7106503298774741,0.8295454545454546,0.9437141798066779,0.9688035653068221,0.10553678190798024,0.848659483838637
b,2,class_balanced,299,0.7768712202409238,0.905637808939523,0.772615698465584,0.969609782413235,0.7399813606710158,0.8043478260869565,0.9440680142076658,0.9790155034713159,0.10938310005184033,0.8916929547844374
b,2,class_balanced,314,0.7891576626900445,0.9083463378380706,0.7790840274281512,0.9692113791861722,0.746268656716418,0.8491620111731844,0.9452080211232428,0.9797441921169407,0.14263881813550688,0.8918705603788477
b,2,class_balanced,329,0.8095287310467675,0.914259431676285,0.7956897565714084,0.9694732102656461,0.7839285714285714,0.8735632183908046,0.9478793779890604,0.9793272874578575,0.22108595081568055,0.8914435009797518
b,2,class_balanced,344,0.797563131795205,0.9106144159915833,0.7880274325217961,0.9693748874076743,0.7666068222621185,0.8522727272727273,0.9466655227636697,0.9774971838734183,0.1857107294000498,0.8848140495867769
b,2,class_balanced,359,0.8035524033990022,0.9159153181625675,0.7881880123055006,0.969200288184438,0.7682596934174932,0.8160919540229885,0.948849471301258,0.9781782935582741,0.25585844093735055,0.8884286823712141
b,2,class_balanced,374,0.7954396325121132,0.9106665179531241,0.7862986199102033,0.9710431654676259,0.7761989342806395,0.8295454545454546,0.9466716230126959,0.9776626909395271,0.1798651011741194,0.8870904581647304
b,2,class_balanced,389,0.7916710979985666,0.9105648964385511,0.7817319535294666,0.9714131607335491,0.7391705069124423,0.8379888268156425,0.9461800097178952,0.9790158622311652,0.17369477911646586,0.8942345404628056
b,2,class_balanced,404,0.807036270307698,0.9156711923790912,0.798051851475749,0.9727933913980426,0.7697715289982425,0.8444444444444444,0.9483566729255952,0.978700049656326,0.23986486486486486,0.8953229398663697
b,2,class_balanced,419,0.8148551177254599,0.920790846351947,0.8021757025212729,0.9740283001970267,0.73502722323049,0.8415300546448088,0.9510948589856179,0.9748530029399411,0.3487385577137754,0.8787138263665595
b,2,class_balanced,434,0.8256530732723808,0.9251923241744426,0.8082746438103461,0.9722695862873553,0.7472924187725631,0.8555555555555555,0.9526595668026113,0.978746764959611,0.3775330396475771,0.8955145808813914
b,2,class_balanced,449,0.8218939977204613,0.9216482375513539,0.8124970642552548,0.9741016220091406,0.7741379310344828,0.8571428571428571,0.9508762842096176,0.9785876754947842,0.3220494053064959,0.8963622088458518
b,2,class_balanced,464,0.8169680035818241,0.9222886591398226,0.8049435665926163,0.9748230445300601,0.755877034358047,0.8279569892473119,0.9510521697855386,0.9787389837600355,0.33310703779135553,0.8972207656004195
b,2,class_balanced,479,0.8376305106971108,0.9298876350595916,0.8168360942082076,0.9744554987899973,0.7643312101910829,0.8603351955307262,0.9550824691643317,0.9786276715410573,0.43457943925233644,0.896002090410243
b,2,class_balanced,494,0.8426259848455117,0.9300118732736252,0.8244851310375539,0.9734147655828992,0.7814685314685315,0.8813559322033898,0.954935684347449,0.9795245940221229,0.4288441145281018,0.898838271766088
b,2,class_balanced,509,0.8495121695857273,0.9357856754683167,0.8282225261823594,0.9736960229823144,0.7684117125110914,0.8587570621468926,0.9577346221951291,0.9797443872350435,0.5087649402390438,0.8994764397905759
b,2,class_balanced,524,0.8411078828729182,0.9326162827968676,0.8246816899725208,0.9726717008270407,0.7529200359389039,0.8461538461538461,0.9559295453555404,0.9776915615906887,0.4922106093472688,0.8901778808971385
b,2,class_balanced,539,0.8373739893695846,0.9312139312555825,0.817396921334262,0.97319661809678,0.7482014388489209,0.847457627118644,0.9563392107472712,0.976352326710585,0.4768375540457072,0.883233150019184
b,2,class_balanced,554,0.8405322483376622,0.9317664319884559,0.8171894291076462,0.9734974395831462,0.7479224376731302,0.8636363636363636,0.9557801459515811,0.9782089943621345,0.4742729306487696,0.8904074265085096
b,2,class_balanced,569,0.8358899300415003,0.9290785314397807,0.8135231759661379,0.9735117176977642,0.7408793264733395,0.8764044943820225,0.9547502165752237,0.9778745964672844,0.43794699200673115,0.889862166688136
b,2,class_balanced,584,0.8368234213311819,0.9321009011932502,0.8145023259561376,0.9740504624225554,0.7343895619757689,0.8444444444444444,0.9547962863722608,0.9805203294548307,0.4671238402581686,0.9024390243902439
b,2,class_balanced,599,0.8366879505610882,0.9315456834800051,0.8088883830107158,0.9724522866402593,0.731203007518797,0.8620689655172413,0.9553045186640472,0.980998928412744,0.4538445509481142,0.9009433962264151
b,2,class_balanced,614,0.8285116660116252,0.9296689697011112,0.8008800510809253,0.971526401153361,0.7016205910390848,0.8505747126436781,0.9544693382607692,0.9797221277375128,0.4451436962450178,0.8965247950019524
b,2,class_balanced,629,0.8491992180506781,0.932872432359146,0.8263356550347005,0.972539839740704,0.8093587521663779,0.8654970760233918,0.9564361879132486,0.97999529301012,0.46115599751398384,0.8994113799869196
b,2,class_balanced,644,0.8503103685430258,0.9334668497895722,0.8255764254035388,0.9714388683665195,0.7925531914893617,0.8771929824561403,0.9561070362102455,0.9808657465495608,0.4747332393799074,0.8992815153494448
b,2,class_balanced,659,0.8572897747703516,0.9364601601428668,0.830919691754349,0.9731724882967231,0.8054054054054054,0.872093023255814,0.9573332945674454,0.9809615836619571,0.5116547871315739,0.900407841073543
b,2,class_balanced,674,0.8585473430327434,0.938997232640061,0.8341766886536456,0.9716292893812483,0.7985927880386984,0.8604651162790697,0.9595116988809766,0.9817506797741058,0.5349425734864707,0.9029392553886348
b,2,class_balanced,689,0.8687352575756071,0.9427575317862315,0.8446766420267701,0.972734635112031,0.8062554300608167,0.8771929824561403,0.9622715689843465,0.9809660950386176,0.5812583159095229,0.9004677754677755
b,2,class_balanced,704,0.8760065215566305,0.947306552883934,0.851575265355366,0.971423420174885,0.7841409691629956,0.8823529411764706,0.9641580212179826,0.9818581063418205,0.643859649122807,0.9042525436994521
b,2,class_balanced,719,0.8835203557085087,0.9517380429288153,0.86783998181954,0.9700415087529327,0.7864583333333334,0.875,0.9672612461086767,0.9814248765577239,0.7048486820696388,0.899607843137255
b,2,class_balanced,734,0.8853288092488485,0.9529601262803036,0.8647157256668118,0.9703917674670518,0.7954144620811288,0.8654970760233918,0.968205491376385,0.9813943765025609,0.7161373946856773,0.9002610966057442
b,2,class_balanced,749,0.8893100147485075,0.9557581529940875,0.8640361409292279,0.9713255184851217,0.7900355871886121,0.8705882352941177,0.970876929642547,0.981673889207957,0.7383846794338051,0.9022852639873916
b,2,class_balanced,764,0.8902707897306327,0.955854465700782,0.8673970230907003,0.9717992611947023,0.8,0.8685714285714285,0.9711016662499816,0.9815061168062186,0.7351115584633451,0.9038054968287527
b,2,class_balanced,779,0.8888389255668157,0.9563253897394283,0.8657716880952974,0.9703810727830955,0.7820627802690583,0.8685714285714285,0.9715496189943805,0.9816786720952083,0.7450391862597966,0.9025897199947417
b,2,class_balanced,794,0.8912452547505338,0.9570100185294443,0.8678380423647523,0.9718766901027582,0.7985611510791367,0.8620689655172413,0.9718803368470643,0.9815656170034989,0.7495042961004627,0.9032597266035752
b,2,class_balanced,809,0.8967672314931939,0.9586132650736875,0.8724538094262622,0.9728853256463381,0.8049645390070922,0.8771929824561403,0.9730398656412976,0.9817033382924856,0.7632183908045977,0.9043661786044057
b,2,class_balanced,824,0.8947053007747899,0.9567328482881619,0.8718877163030342,0.9731579895514322,0.8059701492537313,0.8837209302325582,0.9713335001987662,0.981990917158219,0.7413421706710853,0.9054214483577364
b,2,class_balanced,839,0.892217144301421,0.9573605059194802,0.8649746285197221,0.9730509238395674,0.7845303867403315,0.8786127167630058,0.9720739400891163,0.9819918571875978,0.7495003331112592,0.9057598523790694
b,2,class_balanced,854,0.8955428832472189,0.9589923493903849,0.8715049755154498,0.973809738097381,0.8003597122302158,0.8670520231213873,0.9731545601885958,0.9817764085426348,0.7679738562091504,0.9046738843411671
b,2,class_balanced,869,0.9017806589113537,0.9613751749893921,0.8807775622112481,0.9729486023444545,0.8057296329453895,0.8786127167630058,0.9750617174449717,0.9818476245200721,0.7943777637397347,0.9038865546218487
b,2,class_balanced,884,0.9036663090882388,0.9626060366426086,0.8821295875350889,0.9725829725829725,0.8046804680468047,0.8786127167630058,0.9762619614571162,0.9815438431618242,0.8092994030788564,0.902682798527091
b,2,class_balanced,899,0.9069050165627023,0.9643834193033414,0.8859630857578137,0.9744742045658817,0.8136813681368137,0.872093023255814,0.9773016860757994,0.9818542596799039,0.8222427603203943,0.9066878139043087
b,2,class_balanced,914,0.9078530201067024,0.9636599955882391,0.8879895850001064,0.9754518478554087,0.816651904340124,0.8837209302325582,0.9766146828394129,0.981646346239198,0.8141483090288552,0.9067371202113607
b,2,quota,14,0.38238299546020066,0.667846742752768,0.5402036422475559,0.5569810188311202,0.07461208319577418,0.03331945022907122,0.7104244215409364,0.8054878048780488,0.35411865411206955,0.14173753543438386
b,2,quota,29,0.38733757693569454,0.7139706309835229,0.47284530378248363,0.5651964715316761,0.12150730581902076,0.06205250596658711,0.8549221317331047,0.7320448270261491,0.24186164801627671,0.13377814845704755
b,2,quota,44,0.4727356147222604,0.7969977758619553,0.5123370170651725,0.5094539671320021,0.26754649070185965,0.32131147540983607,0.9218894542090657,0.9112088372336526,0.2453545011726502,0.1323845771967566
b,2,quota,59,0.47929914548265257,0.7988423725812167,0.5391928879845552,0.4703773415792776,0.277687736358725,0.24509803921568626,0.9123388636464547,0.9163402200160987,0.28498344869094194,0.24826836887138395
b,2,quota,74,0.4795139532210134,0.7977105182324158,0.5477476143677428,0.46731967943009795,0.2536997885835095,0.21987315010570824,0.9075790540339165,0.9103859174001354,0.2970210280373832,0.3007190549563431
b,2,quota,89,0.4795861016042247,0.7743964620105281,0.5683653953108858,0.48076052512449075,0.26591760299625467,0.1849912739965096,0.8501086400817995,0.9138705200424524,0.3163880751335516,0.34506607385451404
b,2,quota,104,0.48372312688166524,0.7701092604031943,0.5834399875755892,0.5895035935149591,0.2523041474654378,0.18275862068965518,0.8206308469244142,0.9283205836713582,0.2967828618347391,0.31576123407109324
b,2,quota,119,0.482396558018992,0.7790994549497444,0.5852278517621533,0.5959943015168021,0.23380566801619435,0.1799660441426146,0.8384015180017339,0.9295873289516215,0.3251302605210421,0.2738907849829352
b,2,quota,134,0.4712467982560314,0.7691959271472693,0.5656717733532403,0.5487887706588181,0.23579145138562704,0.2033096926713948,0.8339600237482684,0.9257195914577531,0.3363709032773781,0.21478715459297984
b,2,quota,149,0.46101154070227046,0.7585403119614316,0.5578901498266785,0.5483919673863807,0.2125168842863575,0.18984547461368653,0.8166658320396615,0.922701606271586,0.3143051051956866,0.22265391512253438
b,2,quota,164,0.4928420264881114,0.7960751884017654,0.5823761502621677,0.5703680303269626,0.20328450954283178,0.2419753086419753,0.8738049105866659,0.9282975772901542,0.404755111745126,0.22740873728306404
b,2,quota,179,0.5019621440207944,0.8009800638765483,0.5930470979619346,0.5685382685069009,0.20875420875420875,0.26558265582655827,0.8792705701417115,0.9304699012170496,0.4262709188506473,0.23484848484848486
b,2,quota,194,0.5407802409018762,0.831640592854017,0.596549200944289,0.5663620029685181,0.31957547169811323,0.2830188679245283,0.9203957520196061,0.9445089514757109,0.5041160329282635,0.24748460729839314
b,2,quota,209,0.543236613718806,0.8327848652946709,0.5967931567186311,0.5691668626067874,0.32984615384615384,0.28662420382165604,0.9214496481803738,0.9457961029174292,0.5065627030539311,0.2432106216053108
b,2,quota,224,0.5537794219153672,0.8399572056885172,0.5877476358732705,0.5680056377730797,0.348,0.3176895306859206,0.9356069569332702,0.9427574831679421,0.5159225963736096,0.24847374847374848
b,2,quota,239,0.580520516774167,0.8464939149591088,0.6131209614122858,0.6435555555555555,0.34025974025974026,0.3875968992248062,0.9343158580074281,0.9344279946164199,0.4963481436396835,0.3271394261155353
b,2,quota,254,0.5847287554158508,0.8494418728760116,0.6241744444476549,0.6410643015521065,0.32668810289389066,0.40860215053763443,0.9364158436305121,0.9385414703744582,0.4996875,0.34210191892235353
b,2,quota,269,0.5800032449553828,0.8423735162144341,0.6257401566812942,0.6470852420731159,0.3676680972818312,0.380327868852459,0.9212474758806372,0.9459867950043751,0.4468114160863034,0.3508958195089582
b,2,quota,284,0.564305289097792,0.8370620359512815,0.6105880617931663,0.6206008583690987,0.3633720930232558,0.3536977491961415,0.9200911872337872,0.9475761292731054,0.45048647207783554,0.2943125345113197
b,2,quota,299,0.6013226240893729,0.8417083273204311,0.6414298065490349,0.6373220875065894,0.3974921630094044,0.5043478260869565,0.9207220996713636,0.9445978182208047,0.44986595174262733,0.3549104223878645
b,2,quota,314,0.607142328587124,0.8462574682898252,0.6357621628828244,0.6467342943584268,0.4158686730506156,0.49107142857142855,0.9273114309957277,0.941220556745182,0.4660361134995701,0.3617538028889173
b,2,quota,329,0.620270533197613,0.8543744764515868,0.6519148379908876,0.6692392502756339,0.4090909090909091,0.4830508474576271,0.9297162160151192,0.9438022692164278,0.49379192236335095,0.41320231796422274
b,2,quota,344,0.6152321474167478,0.852870439755986,0.642259039186908,0.6662315867984338,0.397212543554007,0.4851063829787234,0.928577810871184,0.9462803445575567,0.5014849384811201,0.38173142467620996
b,2,quota,359,0.6306012717568266,0.8507156382213823,0.6522028304305892,0.6595964335992491,0.405201916495551,0.5980392156862745,0.9254919566030677,0.9460216122870824,0.48968512486427795,0.3901726427622842
b,2,quota,374,0.6229322297461293,0.8493843429055982,0.645714262435332,0.6462002071758169,0.4089012517385257,0.5794392523364486,0.9286620590825634,0.9448933461508483,0.5150767543859649,0.33735273735273735
b,2,quota,389,0.619332587336359,0.8473037338984328,0.650399754984956,0.6424654944223861,0.4093728463128877,0.5614035087719298,0.926447011582086,0.9426165601122719,0.5213935620612001,0.3316291280917507
b,2,quota,404,0.6142909888069568,0.8430356412590174,0.6396234991001606,0.6273624823695345,0.41274238227146814,0.5915492957746479,0.9268278045340655,0.9412857769633778,0.5247238295633877,0.2755453501722158
b,2,quota,419,0.6126875253656907,0.8392857620897162,0.6291471588397404,0.6235071090047394,0.4018619084561676,0.6285714285714286,0.9245339388145315,0.9391470269712754,0.500132170235263,0.2710590955064297
b,2,quota,434,0.611801129348939,0.8404354752870036,0.6354574290485019,0.6314096499526963,0.3996971990915973,0.6,0.9221795717627301,0.9420983216530037,0.49613800205973224,0.291085160922814
b,2,quota,449,0.6027686559855222,0.8383685514312262,0.6336141867869541,0.6193203512791141,0.40963855421686746,0.5446808510638298,0.9195675740785353,0.9439184644834187,0.49084158415841583,0.291413212618475
b,2,quota,464,0.6111943212615075,0.8426086144801326,0.6467850819363523,0.6255064634381632,0.3961988304093567,0.5416666666666666,0.9175913641297793,0.948030591736055,0.47797194191484127,0.37139439053569057
b,2,quota,479,0.6203693099833439,0.8525736909875361,0.6511680739213289,0.6762510367708046,0.40618101545253865,0.5387755102040817,0.9299186555823724,0.9466840052015605,0.5004172461752434,0.34435770049680625
b,2,quota,494,0.6229339015383691,0.8498698117874337,0.6571110729282376,0.6820199778024417,0.3990895295902883,0.5477178423236515,0.9202107583374851,0.9495743628459116,0.47433007763586277,0.3875947622329428
b,2,quota,509,0.6184974733338225,0.8517148119557356,0.6540395953871881,0.6858522094318604,0.4039039039039039,0.5078125,0.9242870009006304,0.9482243524796716,0.48279512969825306,0.3766072169224388
b,2,quota,524,0.6192606815439311,0.8557869155535383,0.6590588453377803,0.698948948948949,0.4,0.47794117647058826,0.9285682336628349,0.9469523611400041,0.4814867357071925,0.40092731487794897
b,2,quota,539,0.6451738315686593,0.8650069871046719,0.6733472292597494,0.7138467447666602,0.4176516942474389,0.5220883534136547,0.9300591258876311,0.9527499280123557,0.47988422575976847,0.49993674889310563
b,2,quota,554,0.655987455236299,0.8617707137552203,0.686334279766534,0.7148911577730688,0.4170542635658915,0.5919282511210763,0.9217512245268187,0.9528732616111257,0.4864,0.5070140280561122
b,2,quota,569,0.6985699167951872,0.8847217876553571,0.7204616809811549,0.863807769885118,0.41585760517799353,0.6046511627906976,0.929715329122639,0.9498531318637699,0.49422508729519204,0.6318793314309009
b,2,quota,584,0.6953286677732196,0.8913322163320901,0.7242783841975033,0.8725642352129678,0.4193011647254576,0.52,0.9319494907379832,0.959337986463621,0.487722744492774,0.6764250527797325
b,2,quota,599,0.7174889902373195,0.9005760450319595,0.7352873695141812,0.8683212685280938,0.48314606741573035,0.5454545454545454,0.9420173799566984,0.961887668918919,0.5519556333917105,0.6696403679955395
b,2,quota,614,0.7116332710024532,0.8947802132265708,0.7238340637633321,0.8589117544471573,0.4598337950138504,0.5991189427312775,0.9394597950946911,0.9605429292929293,0.512118018967334,0.6514476614699332
b,2,quota,629,0.683770033891801,0.88375015535556,0.7070757411620978,0.8241632076304867,0.44923629829290207,0.5476190476190477,0.9348649893745077,0.9584117032392895,0.4912229798346148,0.5808720112517581
b,2,quota,644,0.6891687154981219,0.8842683476931168,0.705719451460589,0.8386367588245522,0.46771037181996084,0.5491803278688525,0.9309938379362308,0.9613271178936952,0.4888583218707015,0.587474272272861
b,2,quota,659,0.6948664090662519,0.8811139362463951,0.7086216095868635,0.8134361428698041,0.4454628780934922,0.6355140186915887,0.927911995683712,0.9630017817838801,0.48523985239852396,0.5934981939427619
b,2,quota,674,0.6952037991365785,0.8819812454123958,0.7048336456656753,0.7996764626583985,0.44972577696526506,0.6540284360189573,0.9325772459367744,0.9639722258613913,0.47983014861995754,0.5866162978953049
b,2,quota,689,0.7095002793561035,0.8864943964944305,0.7168310296588009,0.8091400230271898,0.4744852282900627,0.6798029556650246,0.9351681047307349,0.9643636746179943,0.5021300766827606,0.6014118924789573
b,2,quota,704,0.7049109685324076,0.8847071451382058,0.7187458670767412,0.794178051611751,0.4725663716814159,0.676056338028169,0.9347266258801114,0.9657458563535911,0.4958559588453844,0.5952475773264304
b,2,quota,719,0.7063968245780988,0.8859117862445651,0.7211470155047269,0.7916479164791648,0.47026532479414457,0.660377358490566,0.9343995217098872,0.96538796631201,0.5168969763305514,0.6058027079303675
b,2,quota,734,0.700833105441759,0.8840363951705553,0.7174497441238555,0.7888732888732889,0.4711191335740072,0.6451612903225806,0.932710028318425,0.9667384793232096,0.5169941582580988,0.5842353594227033
b,2,quota,749,0.7374018253556544,0.8993091596091566,0.7421070061964056,0.8734820428903626,0.4816849816849817,0.6834170854271356,0.9339187312396398,0.9699816321175544,0.5091605140825813,0.7101677900473254
b,2,quota,764,0.7573663958716587,0.906385858871968,0.7579626728298907,0.9045894736842105,0.4879356568364611,0.7282051282051282,0.9365126499584273,0.9700935561862715,0.5117283062311124,0.7625
b,2,quota,779,0.7535476208416794,0.9036549807988613,0.756689727614479,0.9092888851662618,0.4833183047790803,0.7216494845360825,0.9331695773297787,0.9681018227529855,0.5164394546912591,0.7428658166363085
b,2,quota,794,0.7475376836250691,0.9012350614326721,0.754299502911721,0.9124989493149533,0.49125874125874125,0.7,0.9311242037264109,0.9677588192190935,0.4879048790487905,0.7422181928074947
b,2,quota,809,0.7587855816518977,0.9024157493920927,0.7652021258009298,0.9230116288939818,0.5208888888888888,0.7142857142857143,0.928059391953833,0.9680054458815521,0.4881541265295496,0.7690938751297642
b,2,quota,824,0.7615951788596257,0.8992236328922427,0.7693045155423347,0.9210192161178363,0.5272407732864675,0.7525773195876289,0.9244211446046309,0.9669943636125311,0.4760452408184013,0.7628681939898839
b,2,quota,839,0.7604729661824169,0.8980996630295662,0.7683228739536399,0.9247457627118644,0.5232452142206017,0.751269035532995,0.9223045516407077,0.966561382442768,0.46971201588877853,0.7654728008392028
b,2,quota,854,0.757540375534669,0.8991744510124295,0.7630140717625403,0.9215851602023609,0.5196706312900274,0.7373737373737373,0.9250860345941722,0.9671445014125771,0.4648198725451944,0.7671026913246128
b,2,quota,869,0.7594965446580123,0.8948089191070417,0.7696860025841389,0.9164216715665686,0.5443037974683544,0.7422680412371134,0.9178746910000916,0.9657008613938919,0.4790996784565916,0.7508070714834743
b,2,quota,884,0.7637587852222978,0.8975990971819304,0.7676120323374881,0.9225969645868466,0.5477099236641222,0.7395833333333334,0.918542925132711,0.9686250064931692,0.47914018259563157,0.7701131607502713
b,2,quota,899,0.7555773143522976,0.8963598851514448,0.7614750776135536,0.9241670181358077,0.5275142314990512,0.72,0.9180193573834158,0.9691643700275596,0.45053088803088803,0.7796453353893601
b,2,quota,914,0.7660485932981508,0.9001021297261066,0.767486191432951,0.9249193137421438,0.5345971563981042,0.7564766839378239,0.9229743853855825,0.9680699297071563,0.4791004644341237,0.7762022194821209
b,2,prototype,14,0.38238299546020066,0.667846742752768,0.5402036422475559,0.5569810188311202,0.07461208319577418,0.03331945022907122,0.7104244215409364,0.8054878048780488,0.35411865411206955,0.14173753543438386
b,2,prototype,29,0.45142602462344883,0.6883590645213871,0.6164807148828897,0.7123096825554781,0.07713136949208173,0.12855007473841554,0.689477130296511,0.8231460809750799,0.28442062465348367,0.444947209653092
b,2,prototype,44,0.5648529285860915,0.7807759889582789,0.6557428881654912,0.8858160841533763,0.10251344528591812,0.4444444444444444,0.7986276150627615,0.8770714674146369,0.2857555619763074,0.5597418817651957
b,2,prototype,59,0.4999708752450818,0.7702253539554009,0.6311466333070482,0.8351273910013165,0.08354856822010107,0.2251655629139073,0.8113925928367755,0.8664466828759986,0.208955223880597,0.46916010498687666
b,2,prototype,74,0.5310355367188614,0.8169073100715551,0.6501550174822307,0.8404338940418173,0.09738717339667459,0.24271844660194175,0.8626950125293024,0.9220061745111845,0.21722365038560412,0.5347844055655049
b,2,prototype,89,0.5788460569832717,0.8402592914538428,0.707851021915889,0.8414990544954444,0.3389830508474576,0.32673267326732675,0.9259025628236537,0.8883698407724955,0.1975892224060506,0.5328459942704732
b,2,prototype,104,0.6488704856166738,0.8525784896693503,0.7265883433780679,0.8883586159877279,0.34140887066716363,0.7398843930635838,0.9311143016203229,0.905084935807591,0.1310890079061464,0.6051532742641816
b,2,prototype,119,0.6810813064883179,0.865434587203275,0.7136035552372971,0.800704160103771,0.4816700610997963,0.7814569536423841,0.9332675823458598,0.9506471188443155,0.1797698945349952,0.6400533748471033
b,2,prototype,134,0.6920300112581979,0.8673989931147533,0.7047305808140242,0.7515586623842812,0.5737199259716225,0.7763157894736842,0.9390386362653053,0.9529514671190394,0.2165297245045916,0.6340958730888608
b,2,prototype,149,0.7771958219310701,0.9036682452253417,0.7749347054385936,0.9275730622617535,0.653986832479883,0.8604651162790697,0.9433308301080238,0.9727010011353081,0.2743095845903922,0.8080043266630611
b,2,prototype,164,0.7876098658467379,0.907836563073887,0.7688934034782405,0.9226883175462336,0.6864,0.8658536585365854,0.9469736310657204,0.974578677058869,0.30601589103291715,0.8107588856868396
b,2,prototype,179,0.7475723327263968,0.8901635057726461,0.7165530344526008,0.7802464148656837,0.6821994408201305,0.8375,0.9471775238204899,0.9748486259897532,0.3243723616974006,0.6866619618913197
b,2,prototype,194,0.7939040343889775,0.9112958727519259,0.7735534491877228,0.9311952265523028,0.7221750212404418,0.8343558282208589,0.9471848745550704,0.9773729825107685,0.3002475804636507,0.8447967271797494
b,2,prototype,209,0.8050457759405055,0.9171659003820242,0.7902294192527266,0.9667417755745832,0.7449392712550608,0.8072289156626506,0.9473198315157809,0.9777339492396325,0.3039855888313443,0.8873710995044864
b,2,prototype,224,0.8110547379681835,0.9205273016648606,0.7918928088687628,0.9691463524332103,0.7530762920426579,0.8024691358024691,0.9494057920849198,0.9784142689753939,0.33488992661774514,0.8899813978208876
b,2,prototype,239,0.8202572719517105,0.9218618089165928,0.8029988314518279,0.9707444414438743,0.7659222497932175,0.8383233532934131,0.9495553245553245,0.979229567933368,0.3433589462129528,0.8946670204298223
b,2,prototype,254,0.8352825478496299,0.9266943239527413,0.8135435647328955,0.9702562264827091,0.7813559322033898,0.8690476190476191,0.9528559656503448,0.9789605249453182,0.40189125295508277,0.8926103136629452
b,2,prototype,269,0.8536470863835289,0.9340143913876817,0.8301843888505898,0.9714030384271671,0.797971259509721,0.8809523809523809,0.9564257173992009,0.9790417600750743,0.4948165869218501,0.8949188613993083
b,2,prototype,284,0.8418811724313725,0.9269269684065203,0.8195329314543557,0.9730067929924919,0.816,0.8901734104046243,0.9529467749145601,0.980207843751632,0.37920489296636084,0.9016284919899378
b,2,prototype,299,0.831922680176836,0.9234686299927239,0.8115325437011587,0.9745649263721553,0.8128342245989305,0.8735632183908046,0.9510054949797175,0.9809026871901905,0.32661381653454136,0.9039743931715124
b,2,prototype,314,0.8269530327305467,0.9235366101919507,0.8051989969980823,0.9752391168320372,0.7957371225577264,0.8538011695906432,0.9511865381849561,0.9810602107899405,0.3266696955929123,0.9049773755656109
b,2,prototype,329,0.8270968055463583,0.9224552771869347,0.8130143579763883,0.9733703936160675,0.7953216374269005,0.8670520231213873,0.9509475229146582,0.9798496554604301,0.3232827023350714,0.8998537039499933
b,2,prototype,344,0.8415738259318377,0.9294675495295686,0.8202035548903898,0.972518127293886,0.7896995708154506,0.872093023255814,0.954314867540576,0.9797228528928208,0.42280185107278084,0.8998664886515354
b,2,prototype,359,0.839927214057081,0.9299623939024786,0.8134859699916305,0.9749013983506634,0.7713248638838476,0.872093023255814,0.9540078843626807,0.9812413577186986,0.41927303465765003,0.9066489361702128
b,2,prototype,374,0.8511068854493427,0.9338481747448264,0.8241679111979607,0.9735991379310345,0.7943009795191451,0.8771929824561403,0.9560266013706371,0.981418258580699,0.4698966146361241,0.905313623651618
b,2,prototype,389,0.8515674144131565,0.934204323900904,0.8282592878488926,0.9756053811659193,0.8098159509202454,0.8620689655172413,0.9561664082537567,0.9812363181486501,0.4698205546492659,0.9062583222370173
b,2,prototype,404,0.847459062753331,0.9331895287259525,0.8218917809609083,0.973967684021544,0.8010610079575596,0.8538011695906432,0.955905990703332,0.9807511737089202,0.46324435318275153,0.9034820601085661
b,2,prototype,419,0.8486467412140778,0.9324880343220283,0.8254305873266967,0.9752288637587506,0.8148788927335641,0.8604651162790697,0.9550639874920378,0.981488713582754,0.44642487046632123,0.9069767441860465
b,2,prototype,434,0.8608459417282057,0.9392498188618627,0.8352793061533502,0.9732110751528227,0.8133802816901409,0.8554913294797688,0.9592112725210488,0.9811900791996665,0.5397318826500874,0.9037056714039049
b,2,prototype,449,0.8641881646651449,0.9397077475741566,0.836936685994126,0.972422494592646,0.8181818181818182,0.872093023255814,0.9597069597069597,0.981537498696151,0.5420560747663551,0.9033192834562698
b,2,prototype,464,0.8625601669556345,0.938643252357965,0.8335196568151106,0.973342939481268,0.8234250221827861,0.8690476190476191,0.9588304535480214,0.981560209697191,0.5279624560031286,0.9037524687294273
b,2,prototype,479,0.8663289238271409,0.941136626247653,0.836995663334494,0.9741976085588421,0.8303886925795053,0.8571428571428571,0.960465623863223,0.9814134146659368,0.5555983070411696,0.9050959629384514
b,2,prototype,494,0.8620106147696315,0.9396651165396898,0.8388966342010814,0.9736629213483146,0.825451418744626,0.8488372093023255,0.9595505290889772,0.9811783107403546,0.5419803126809496,0.9034136014818736
b,2,prototype,509,0.856961162940794,0.937158230015951,0.8332920096124401,0.9735611510791367,0.8184187662901824,0.8554913294797688,0.9582915958944878,0.9813386155129274,0.5091779728651237,0.9024487094639312
b,2,prototype,524,0.8565913603955887,0.9348207508760684,0.8293788370932413,0.9742898238043869,0.8220858895705522,0.8809523809523809,0.9566490749869512,0.9815688625876587,0.47619047619047616,0.9044030146767156
b,2,prototype,539,0.8655591080174012,0.9393222648854332,0.8417447376947019,0.9731917956099316,0.8225255972696246,0.8823529411764706,0.9592504764537294,0.9816162090276148,0.536026412895708,0.9039503236887303
b,2,prototype,554,0.8602961553801453,0.9380699299116824,0.8368636130950068,0.9722672429317486,0.8198970840480274,0.8654970760233918,0.9586815294955455,0.981745162468054,0.5215169974454706,0.9024679952487792
b,2,prototype,569,0.8704731714795818,0.9431195751846558,0.8457111271774493,0.9730848861283644,0.8165374677002584,0.8705882352941177,0.9617068472360049,0.9811950653347591,0.5898959881129272,0.9003037105506404
b,2,prototype,584,0.8792958937666414,0.9482623720500765,0.8604855014718059,0.9719945970283655,0.8180272108843537,0.8620689655172413,0.9648553861505276,0.9811054856725299,0.6566904471898382,0.9003291639236339
b,2,prototype,599,0.882612542822445,0.9485583944878873,0.8646272117757884,0.9716913090515688,0.8301255230125523,0.872093023255814,0.9648576381747128,0.9816123731775384,0.656670113753878,0.9012378193310508
b,2,prototype,614,0.8656162345373638,0.9401683923979798,0.8461766782582696,0.9730800396146574,0.8202995008319468,0.872093023255814,0.9594917526374075,0.9819025764055492,0.548503906994473,0.9039428420216988
b,2,prototype,629,0.8608421588926994,0.9380849716428801,0.8414045675159176,0.9665488169703562,0.8112118713932399,0.8757396449704142,0.9587732455693253,0.9820869020263213,0.5360706062931696,0.8954640250260688
b,2,prototype,644,0.864660413250863,0.9398085522289326,0.8459851562639437,0.9654045219286298,0.8218724109362054,0.872093023255814,0.9602366277629643,0.9817564922354169,0.5589802130898022,0.8922796035472091
b,2,prototype,659,0.8633752363343221,0.9393293995723048,0.8495385147090149,0.9683848174653501,0.8198347107438017,0.8700564971751412,0.9595977262789681,0.9818134308858113,0.5486692015209126,0.8952702702702703
b,2,prototype,674,0.871935037457502,0.941660097067128,0.8533670978428428,0.9703041790775341,0.8202995008319468,0.9017341040462428,0.9611063346108447,0.9819170063760845,0.5691519635742743,0.8990321736855872
b,2,prototype,689,0.8712147104029421,0.9436510537178121,0.858625307841964,0.9737173717371738,0.8211046990931574,0.8666666666666667,0.9621650026274303,0.9812800669316043,0.5941733160141028,0.8993958497504597
b,2,prototype,704,0.8707754864569909,0.9433331766268419,0.8532566101093912,0.9756754330850014,0.8229426433915212,0.8685714285714285,0.9616612952619836,0.9821657048855001,0.5784719608581107,0.9059399391453896
b,2,prototype,719,0.8672745453873619,0.9414169682645598,0.8484031855268996,0.9784494321738353,0.8162251655629139,0.872093023255814,0.9600396108813422,0.981999634245108,0.5515523188961288,0.9105626326963907
b,2,prototype,734,0.865936676182027,0.9409869517325927,0.8468823027719315,0.9786091470509264,0.8183333333333334,0.8670520231213873,0.9598928535033702,0.9818780029245874,0.5467487495190458,0.9090426238215377
b,2,prototype,749,0.8684736143566404,0.9420163201445622,0.8493944309865368,0.9803676601820454,0.8133891213389122,0.8735632183908046,0.9601071964345533,0.9820080950515733,0.5559373806796487,0.9139426284189459
b,2,prototype,764,0.864764303293118,0.9419265988805262,0.8499486566776694,0.9795480932392605,0.8179551122194514,0.8444444444444444,0.96033676605538,0.9816066164001148,0.5581039755351682,0.9113551151580075
b,2,prototype,779,0.8617982503007156,0.9385845857053263,0.8397160239674886,0.9790234758546817,0.8190954773869347,0.8705882352941177,0.9583738939660308,0.9822401877689398,0.5109575518262587,0.912308930008045
b,2,prototype,794,0.8665857609392552,0.940560615632204,0.8468608646548113,0.9792634966035038,0.8099585062240664,0.8837209302325582,0.9591717871807566,0.9824735277241667,0.5389635316698657,0.9125485469398688
b,2,prototype,809,0.8694665127518737,0.9416259131494003,0.8483773905806595,0.980444682560943,0.8072487644151565,0.8941176470588236,0.9600454128640671,0.9823207301173403,0.5473887814313346,0.9146995708154506
b,2,prototype,824,0.8911142687754838,0.9532726949963173,0.8706762964637542,0.9789059706828745,0.8106312292358804,0.8941176470588236,0.9677978551491112,0.9824762699488891,0.6910778751933987,0.9127930341594106
b,2,prototype,839,0.8842797129368475,0.9510027598945544,0.8674069821343606,0.9786206279631452,0.7980376124284546,0.8850574712643678,0.9663803968695958,0.9822309197651663,0.6671393123006026,0.9124916499665998
b,2,prototype,854,0.8974596341257687,0.9570742347614054,0.8828882663094108,0.9776186213070726,0.8186274509803921,0.8837209302325582,0.9703391081073105,0.9827563717945373,0.7362043556574422,0.912950600801068
b,2,prototype,869,0.8956226125216336,0.9567525099510407,0.8823733763575934,0.9789859608334078,0.8092485549132948,0.88,0.9699269210895402,0.9823389768606684,0.7353371242891957,0.9135207496653279
b,2,prototype,884,0.8988068350928918,0.9582321282312292,0.8827850370119037,0.9791871371147833,0.8222768222768223,0.8771929824561403,0.9711714370020655,0.9829164601862236,0.7434761201378631,0.9154268864763436
b,2,prototype,899,0.8884068754806554,0.9529137517071165,0.872122836168905,0.9808018573086883,0.8170631665299426,0.8735632183908046,0.9672246696035243,0.9828094430676927,0.6813224857192315,0.9160632877447037
b,2,prototype,914,0.893481199987702,0.9558433285526908,0.8749313218196485,0.9801714898177921,0.8199170124481328,0.872093023255814,0.9695543462273863,0.9828148225415286,0.7139223333898592,0.9158953722334005
