track,seed,strategy,n_labels,macro_f1,weighted_f1,balanced_acc,f1_agn,f1_cep,f1_cv,f1_ecl,f1_lpv,f1_rr,f1_yso
b,0,random,14,0.33504678542446265,0.57086231880178,0.4288499204954624,0.7015425888665325,0.052661815396399844,0.06816143497757847,0.5841643398484244,0.6979040709391374,0.07160051848651318,0.1692927294566523
b,0,random,29,0.5271048806984753,0.848444724693997,0.5894504185123777,0.7237450462351387,0.19637040483946022,0.11075949367088607,0.9383029533569118,0.921161825726141,0.5635883905013193,0.23580605055946954
b,0,random,44,0.5799915173708184,0.8604688078841122,0.5743295301106992,0.7771679473106476,0.24075319435104237,0.38620689655172413,0.9446928689103319,0.9383364082841774,0.4745341614906832,0.29824914469712216
b,0,random,59,0.5557163876625707,0.8562178172470157,0.5853845197366628,0.7773158679112088,0.2600896860986547,0.3194888178913738,0.9479960927818518,0.9419066029097568,0.46493193175943476,0.1782857142857143
b,0,random,74,0.5564382629081652,0.8618783978496192,0.5968486718010526,0.7844534156574052,0.25626342161775234,0.20527859237536658,0.9467520858164482,0.9394700139470014,0.6138834680791748,0.1489668428640077
b,0,random,89,0.6324585775261337,0.8903036717944585,0.621111770257303,0.7770720614757312,0.31568016614745587,0.31645569620253167,0.9583221215654618,0.9522215067611075,0.7106806711226299,0.396777819408018
b,0,random,104,0.6326258646145033,0.882686868413647,0.6326409944698701,0.7935198379959499,0.18202247191011237,0.5942857142857143,0.9603448018731451,0.9505633945792306,0.7138785978911371,0.23376623376623376
b,0,random,119,0.6433496259620778,0.8786932977983463,0.6312611033904846,0.8141098270262105,0.3388834476003918,0.6049382716049383,0.9594369272992873,0.9480139302478171,0.6667731119271915,0.17129186602870813
b,0,random,134,0.6210782536985153,0.8876301335912096,0.6024571246942808,0.8133805588351043,0.30939226519337015,0.28125,0.9540429611432337,0.9537581037277147,0.6740346568426797,0.36168923014750454
b,0,random,149,0.6623057080394883,0.8973484222188569,0.6480731528945584,0.8515406162464986,0.2685851318944844,0.4720496894409938,0.9553886064750251,0.9559777218280309,0.6996550809233218,0.43294310946806325
b,0,random,164,0.6732245302379053,0.8884118630232657,0.672725021019363,0.8642112799299976,0.35892514395393477,0.5783132530120482,0.9547905055505779,0.9412320389797644,0.7117669125922221,0.3033325776467921
b,0,random,179,0.6715744186697155,0.8970058560019233,0.6582159512284548,0.842096263999316,0.3479188900747065,0.42424242424242425,0.9548177542171629,0.9462774745906974,0.728306607528716,0.4573615160349854
b,0,random,194,0.7085306744783452,0.9020889850593985,0.6970539269384375,0.9053919947072444,0.341842397336293,0.6125,0.9551208636828683,0.9407041691601835,0.7256326148078726,0.47852268165395423
b,0,random,209,0.6675006593944431,0.8932285088728797,0.6458987825487913,0.8865047995482778,0.279126213592233,0.5616438356164384,0.9623306680268231,0.9345332278481012,0.7554596926395255,0.2929061784897025
b,0,random,224,0.6852546979080419,0.9033999721730591,0.6621714944741421,0.8827361563517915,0.2276843467011643,0.5432098765432098,0.9580900595742152,0.9435420320801241,0.7438807602898947,0.497639653815893
b,0,random,239,0.7292501451912081,0.9192113753659119,0.6924223350931273,0.8997555012224939,0.29316770186335406,0.5960264900662252,0.963106045972571,0.9521506744718758,0.7642276422764228,0.6363169604655143
b,0,random,254,0.7503623498210636,0.9246441639697106,0.7122791984409035,0.9242757919701846,0.4090441932168551,0.5655172413793104,0.9619846510797787,0.9554971819132386,0.744996400287977,0.6912209889001009
b,0,random,269,0.7596170439734512,0.9312727988543236,0.7256013056114848,0.905377456049638,0.38943894389438943,0.5771812080536913,0.9668543773432715,0.9605111821086262,0.7932042890962262,0.7247518512683158
b,0,random,284,0.7581496743387367,0.9310808295678255,0.7310482791802271,0.9309503051438536,0.358695652173913,0.5838509316770186,0.9638177486599167,0.9603045972575956,0.7487283825025433,0.7607001029563171
b,0,random,299,0.758084955280159,0.9312668940413893,0.7301934691554189,0.9387218374682212,0.29612220916568743,0.620253164556962,0.9645079648652672,0.9550370828182941,0.7745056195760421,0.7574468085106383
b,0,random,314,0.7642141131571759,0.9325412595516964,0.7348104513538146,0.9437571290690533,0.32974910394265233,0.6257668711656442,0.9632919854415807,0.9599485199485199,0.7502890173410405,0.7766961651917405
b,0,random,329,0.7585492797767757,0.9317239568805313,0.7249155779237972,0.9435951502372166,0.31797235023041476,0.6052631578947368,0.963773618617948,0.9578589156410716,0.7547550432276657,0.7666267225883763
b,0,random,344,0.7659812487925103,0.9362321237773624,0.7472892386543764,0.9488323274731042,0.42674532940019666,0.5119047619047619,0.9647681881423634,0.9622224506578947,0.7691231995525102,0.7782724844167409
b,0,random,359,0.7703709788476149,0.9377467915387456,0.7490599007045058,0.9522229015634553,0.4132917964693666,0.5357142857142857,0.9659271235665738,0.9616685456595265,0.7778554452677199,0.7859167536923766
b,0,random,374,0.7668301672637264,0.9380912625704748,0.7361458250988022,0.9527489899877042,0.33371958285052145,0.5714285714285714,0.9656099674325496,0.9621510356361765,0.7801814375436148,0.801971585966947
b,0,random,389,0.7607115831639246,0.9404373056543546,0.7350317036784327,0.9520699090828846,0.29,0.5454545454545454,0.9662753532275891,0.9665446672508892,0.7847502434951996,0.8198863636363637
b,0,random,404,0.7668843826588528,0.9394563202762899,0.738616687355482,0.9553003533568905,0.3285024154589372,0.56,0.9651286190454837,0.9648738499600547,0.7761648002212084,0.818220640569395
b,0,random,419,0.7657096006324302,0.9379942620031526,0.7383611803142972,0.9505899050829415,0.3286384976525822,0.5732484076433121,0.9657274329936952,0.9630351691763076,0.7790178571428571,0.7997099347353155
b,0,random,434,0.7658773970091864,0.9378201439363565,0.7390119097339125,0.9473222124670764,0.31742243436754175,0.5897435897435898,0.966413673579155,0.9626675585972676,0.7908396946564885,0.7867326156531859
b,0,random,449,0.779780604510324,0.9392217127935141,0.7440245259358773,0.9552317880794702,0.3373205741626794,0.6482758620689655,0.9658970493858484,0.9631228638244288,0.7876254180602007,0.800990675990676
b,0,random,464,0.74949863368686,0.9378460737277592,0.7225851670888365,0.9555358724534987,0.25392670157068065,0.5256410256410257,0.9651086632926467,0.9641065225781551,0.7744848998024273,0.8076867504695853
b,0,random,479,0.7485486862064678,0.9365776644003962,0.7211644959406337,0.9503062117235346,0.27411167512690354,0.5217391304347826,0.9658540943814871,0.9624827020655015,0.784999295079656,0.7803476946334089
b,0,random,494,0.7306637203568711,0.9380068389499288,0.7131787904780688,0.9565294692861588,0.2727272727272727,0.37362637362637363,0.9647892566289994,0.9650950433418216,0.7758692919983242,0.8060093348891482
b,0,random,509,0.7629365600273506,0.9409900680603293,0.7423375733651233,0.9559514313569086,0.2820181112548512,0.5632183908045977,0.9665262625210234,0.9667809190011082,0.7869638826185101,0.819096922634455
b,0,random,524,0.7587146033320976,0.9414674692903054,0.7411542294010717,0.9591130820399113,0.2774869109947644,0.532608695652174,0.9665561288979434,0.96740473738414,0.788136795799631,0.8196958725561188
b,0,random,539,0.7485699238142629,0.9397026734037481,0.7355909339388657,0.9567906689051869,0.22745098039215686,0.5291005291005291,0.9660608584431423,0.9671806224098433,0.7795744680851063,0.8138313393638751
b,0,random,554,0.7603839312932367,0.9416233832747022,0.7441294574919249,0.9595725734639359,0.2905317769130999,0.5268817204301075,0.9662015411621195,0.9672114244470794,0.7838641188959661,0.8284243637403489
b,0,random,569,0.7568259676964175,0.9414873486291602,0.7370713618294742,0.9606831524639744,0.25526315789473686,0.5294117647058824,0.9660696472970357,0.9662915548213917,0.7869905080960358,0.833071988595866
b,0,random,584,0.7535013949662641,0.9405179598395547,0.735508691007883,0.9549419911862578,0.22043010752688172,0.5508982035928144,0.9655192975656296,0.9674922600619195,0.7821043910521955,0.8331235137781507
b,0,random,599,0.7526098352215376,0.9417929222327356,0.7286567593287616,0.9602836879432625,0.2236842105263158,0.5256410256410257,0.9665435261872133,0.9666159676213555,0.7966195622055972,0.8288808664259928
b,0,random,614,0.780078212029444,0.9446039252105575,0.7574228192566068,0.9577136713850565,0.42452830188679247,0.5168539325842697,0.9683074446200173,0.9676639312633447,0.8016319639842431,0.8238482384823849
b,0,random,629,0.7539032111977075,0.9425061256163687,0.7333188400642363,0.9485775823386879,0.2191780821917808,0.5421686746987951,0.9681987208091626,0.9687088868824971,0.806615776081425,0.8238747553816047
b,0,random,644,0.7720085224548273,0.9488336039509362,0.7395988885595799,0.9572221227850367,0.32101910828025476,0.5034965034965035,0.9720132858696138,0.9686742013727615,0.8400281888653982,0.841606246514222
b,0,random,659,0.7695748735089191,0.9480723175242969,0.7448720738043064,0.9538019054467014,0.3490445859872611,0.47398843930635837,0.9722573071607947,0.9680845578757412,0.8408666953651887,0.8289806234203876
b,0,random,674,0.7037257006406177,0.9427997958200431,0.7163785625466792,0.9529115744069016,0.2547945205479452,0.12015503875968993,0.9664678357327593,0.965586368192449,0.8379073756432247,0.8282571912013537
b,0,random,689,0.7713484820820257,0.948128145444287,0.7534842738455019,0.9522694524495677,0.3040629095674967,0.5274725274725275,0.9723107154553845,0.9689473006055921,0.842671194114318,0.8317052749092939
b,0,random,704,0.7321597241075757,0.9447880749897476,0.7422800920339191,0.9564830470766219,0.2546419098143236,0.3219178082191781,0.9701052129593752,0.966052875218599,0.8371098760153912,0.8188073394495413
b,0,random,719,0.7216156825184507,0.943832349027334,0.7372037390292132,0.9542857142857143,0.23513513513513515,0.27380952380952384,0.9690773884923177,0.9667052320349659,0.8378417060254759,0.814455077846022
b,0,random,734,0.6873968022692584,0.9415157398541664,0.7229562402833895,0.9487202677037171,0.22774869109947643,0.06993006993006994,0.9705128205128205,0.9628318584070796,0.8459119496855346,0.7861219585461099
b,0,random,749,0.7474747521925472,0.9459639845053982,0.732061301162816,0.9610943329188133,0.23435419440745672,0.44086021505376344,0.9718299379455051,0.96527974094729,0.8423897581792319,0.8165150858957702
b,0,random,764,0.6923242959380683,0.947324378370882,0.6810449056138921,0.9622775800711744,0.2388451443569554,0.020253164556962026,0.9706128550074739,0.9685177539223782,0.8465534185034396,0.8392101551480959
b,0,random,779,0.6960568569303717,0.944345724982641,0.701812329052203,0.9630358900921865,0.225201072386059,0.06578947368421052,0.9662651686741567,0.9656978535483208,0.8468953785086476,0.8395131616190207
b,0,random,794,0.7360091653436632,0.9444371299938354,0.7185553946658082,0.9570221183240425,0.21818181818181817,0.3815028901734104,0.9709208881481041,0.963121078078387,0.8464376951461823,0.8148776693536982
b,0,random,809,0.7011552590856274,0.9481385863248136,0.6853857961988444,0.9601433049708912,0.22163588390501318,0.08888888888888889,0.971696991318825,0.9680513653593255,0.8457142857142858,0.8519560934421615
b,0,random,824,0.7037098835322062,0.9485660411492205,0.6881892585678221,0.9608948545861298,0.2296774193548387,0.09302325581395349,0.9714906084085603,0.9685063761681036,0.846077457795432,0.8562992125984252
b,0,random,839,0.7286034561724929,0.947383820140575,0.7468917016128281,0.9634682703527511,0.3298245614035088,0.17972350230414746,0.968608525452345,0.9671872983090228,0.8426109070358858,0.8488011283497884
b,0,random,854,0.735702804988841,0.9503961524593104,0.7241274489530413,0.968052828841692,0.31357048748353095,0.228310502283105,0.971706125124782,0.9697939794495792,0.8454532716827798,0.8530324400564175
b,0,random,869,0.7256127555388698,0.9501619052579109,0.7048471643684214,0.9648151455617074,0.37902264600715135,0.09523809523809523,0.9719434102755026,0.9676720245620372,0.849957853329587,0.8506401137980085
b,0,random,884,0.7217236448464461,0.9501740597175286,0.7002656644091668,0.9657692993403458,0.3541147132169576,0.09302325581395349,0.9715560844986612,0.9693498452012383,0.8462842610907035,0.851968054763263
b,0,random,899,0.720071607393593,0.9502563496314702,0.7024467483741133,0.962671202220034,0.3465346534653465,0.08743169398907104,0.9722474909405431,0.9687241948802643,0.8497902097902098,0.8531018064696821
b,0,random,914,0.7334753580746894,0.9515461459927065,0.7114198820364697,0.9651776922388327,0.42992874109263657,0.09248554913294797,0.97292547804849,0.9680601099950941,0.8522968197879859,0.8534531162268388
b,0,uncertainty,14,0.33504678542446265,0.57086231880178,0.4288499204954624,0.7015425888665325,0.052661815396399844,0.06816143497757847,0.5841643398484244,0.6979040709391374,0.07160051848651318,0.1692927294566523
b,0,uncertainty,29,0.4348675613496839,0.6743938178124387,0.5329905528245937,0.746587426873433,0.138996138996139,0.10243277848911651,0.6162039529339384,0.9323036913196933,0.08374233128834356,0.4238066095471236
b,0,uncertainty,44,0.5005037088025358,0.6972930168407222,0.5764844680513701,0.697478203806131,0.22593268979911296,0.5851063829787234,0.7183510062756979,0.8601300449714989,0.06794540316276833,0.34858223062381855
b,0,uncertainty,59,0.5521539902197711,0.7475646528691409,0.669950584788449,0.933505249585559,0.2944277108433735,0.13959085439229843,0.6761164905563124,0.9530315969257045,0.07935432893103059,0.7890517003041194
b,0,uncertainty,74,0.6329434290876502,0.8295606435207489,0.697154431806329,0.9574050971306363,0.2962962962962963,0.43575418994413406,0.8221618013383045,0.955202389205909,0.13210364514712342,0.8316805845511482
b,0,uncertainty,89,0.6669396894249683,0.8626972285655284,0.7205033241180401,0.9620432777580702,0.4351464435146444,0.3826086956521739,0.8728567209190257,0.9578310053640661,0.2522345759755832,0.8058571067912144
b,0,uncertainty,104,0.6875211721654141,0.8770220258435465,0.6897890205119914,0.9517617081100079,0.4777947932618683,0.5617977528089888,0.9116661545439914,0.9612118670720201,0.1643458827574351,0.784070046603587
b,0,uncertainty,119,0.685291058664267,0.8788034177494779,0.7285408285859049,0.9653447659878528,0.5398692810457516,0.5242718446601942,0.9195452304301169,0.9592600513259196,0.07229911175376988,0.8164471254462637
b,0,uncertainty,134,0.6773425480533429,0.8804408119752105,0.7104857276651553,0.9639711769415532,0.45899772209567197,0.5238095238095238,0.9210131115346849,0.9607696419027258,0.08280114512221977,0.8300355149670218
b,0,uncertainty,149,0.6867545933065593,0.879775476680249,0.7169254607462493,0.9573560767590619,0.5073787772312017,0.5698924731182796,0.9271785100824204,0.9514280320396991,0.11379613356766256,0.7802521503475904
b,0,uncertainty,164,0.7047530943112691,0.8797432461783911,0.7266300756754541,0.9647226935786372,0.5247042449547669,0.7375,0.9336023005279197,0.9502016671148158,0.04316172646905876,0.7793790275336848
b,0,uncertainty,179,0.7042993869951035,0.8804980534535681,0.7386847518840185,0.9637351866702307,0.5293005671077504,0.7085714285714285,0.9312042124542125,0.9531910340769272,0.04918032786885246,0.794912952216323
b,0,uncertainty,194,0.7306501276374402,0.8867757913132368,0.7439987585263097,0.9638446393413281,0.5654135338345865,0.7810650887573964,0.9334501630348909,0.9560392658984208,0.1122690667929891,0.8024691358024691
b,0,uncertainty,209,0.7340991048951896,0.8909914380497604,0.7416389527721343,0.9660424693127856,0.5914585012087027,0.7738095238095238,0.936015095634274,0.9666076197022976,0.061006609049313675,0.8437539155494299
b,0,uncertainty,224,0.7312005901230806,0.8925581120697158,0.7450781872364246,0.967544727141958,0.6262458471760798,0.7065217391304348,0.937299012391556,0.9668005920913513,0.07204464738711314,0.8419475655430712
b,0,uncertainty,239,0.7161951704114341,0.8896753605562211,0.7284409321401322,0.967713004484305,0.6155218554861731,0.6666666666666666,0.9380185873076868,0.9665028794843346,0.022054868208714364,0.8368883312421581
b,0,uncertainty,254,0.7429354377381603,0.8906317254211147,0.748492518352639,0.9685060565275908,0.6678111587982832,0.8023952095808383,0.9390092746933367,0.965946403982629,0.019865771812080536,0.8370141887723628
b,0,uncertainty,269,0.7508259772329324,0.8931260023039458,0.7461353879479253,0.9668707238026647,0.7203791469194313,0.7904191616766467,0.9406677193132192,0.9681889097495835,0.02625234395928208,0.8430038352096993
b,0,uncertainty,284,0.7615075873342511,0.8940362821509377,0.7493989208406493,0.9679619492057794,0.6897880539499036,0.8536585365853658,0.9357711606364273,0.9723034759005982,0.049005337214944204,0.8620645978467384
b,0,uncertainty,299,0.755976428021211,0.8946668216857963,0.7515322524620761,0.9691424470757086,0.6522148916116871,0.863905325443787,0.9391472647577844,0.9724499749545227,0.031258278145695366,0.863716814159292
b,0,uncertainty,314,0.7696147696589151,0.8974034116325861,0.7637957996305367,0.9700502152080345,0.7411444141689373,0.8433734939759037,0.9392524031937838,0.9741025371091694,0.05034324942791762,0.86903707452866
b,0,uncertainty,329,0.7704092035379803,0.8971457545443181,0.7648462620766094,0.9706594885598924,0.7648673376029277,0.8484848484848485,0.9404507507764196,0.9751165178924086,0.02328042328042328,0.8700050581689428
b,0,uncertainty,344,0.7699243138855797,0.8984315337388453,0.7632421101916137,0.9703876525484566,0.7642725598526704,0.8383233532934131,0.94080624261324,0.9783166605562248,0.014415376401494928,0.8829483519335583
b,0,uncertainty,359,0.7691787941962044,0.8977848779234112,0.7654276654561845,0.9693548387096774,0.7685352622061483,0.8383233532934131,0.9410291438979964,0.9773144987659508,0.01025087671971945,0.8794435857805255
b,0,uncertainty,374,0.7696974275430938,0.8985994822237282,0.7615531024399553,0.9696100403406545,0.7542857142857143,0.8402366863905325,0.9412769349007999,0.9770827858081472,0.029123643102991793,0.8762661879728171
b,0,uncertainty,389,0.7731552875086027,0.9006782750499677,0.7645999124932263,0.9697893321380547,0.7602230483271375,0.8383233532934131,0.9426226009759706,0.978401784542711,0.03977425423273313,0.8829526390502
b,0,uncertainty,404,0.7724260188927975,0.9015570159672999,0.76165141710408,0.9696752198097972,0.7618147448015122,0.8214285714285714,0.9429298747102408,0.9792196221273027,0.0472737040021488,0.8846403953700092
b,0,uncertainty,419,0.7779646808403122,0.9024865856266727,0.766428273408979,0.9706489543128983,0.7843866171003717,0.8313253012048193,0.9429888196637365,0.9805398618957941,0.043010752688172046,0.8928524590163934
b,0,uncertainty,434,0.7744635982878832,0.9017941288426871,0.7617885102874808,0.9704641350210971,0.8025830258302583,0.8074534161490683,0.9430598404822498,0.981309632727748,0.02176278563656148,0.8946123521681998
b,0,uncertainty,449,0.7829706916158207,0.9046019030857865,0.7688931481421163,0.9711875056099093,0.7855822550831792,0.8363636363636363,0.943517055885241,0.9816614420062696,0.0637788998139782,0.8987040465485321
b,0,uncertainty,464,0.7845781325244472,0.9058328668200571,0.7680587079325392,0.9724342282481817,0.7955390334572491,0.8220858895705522,0.9441398852325962,0.9816043898615103,0.07795628127469055,0.8982872200263504
b,0,uncertainty,479,0.7920660822602181,0.9085021150548073,0.773180890109994,0.9719676549865229,0.7913938260056127,0.8363636363636363,0.9449860327233339,0.981601505331382,0.1188883170355121,0.8992616033755274
b,0,uncertainty,494,0.7928725596449101,0.9092976300180846,0.7724978998411547,0.9729778256575994,0.7898686679174484,0.8292682926829268,0.9451527338067939,0.9813037680098319,0.13452229299363058,0.8970143364461397
b,0,uncertainty,509,0.7927926686658494,0.9086147494115181,0.7755555629282366,0.9743773517290808,0.7996289424860853,0.8313253012048193,0.9450163981177813,0.9809820284092395,0.12195746861388676,0.8962611901000527
b,0,uncertainty,524,0.7918865182697614,0.907365678202692,0.7730805292053475,0.9751413443417392,0.7943396226415095,0.8466257668711656,0.9448964760534078,0.9797405320403617,0.10869565217391304,0.8937662337662338
b,0,uncertainty,539,0.8407839064116643,0.9295168689200114,0.8085689587131137,0.9724292770543331,0.7932647333956969,0.8674698795180723,0.9549749700650634,0.9795918367346939,0.4281462585034014,0.8896103896103896
b,0,uncertainty,554,0.8660560385387168,0.9417422384683993,0.8346371109034575,0.9712948798704221,0.7951582867783985,0.8674698795180723,0.9608479532163743,0.9795383688333464,0.6,0.8880829015544042
b,0,uncertainty,569,0.8678644212996325,0.9437233044391867,0.8359820914840662,0.9749528683005656,0.7959183673469388,0.863905325443787,0.962591626470031,0.98055940762448,0.6017138599105812,0.8954094940010433
b,0,uncertainty,584,0.8754428157539392,0.9478152325012779,0.8462060267520171,0.9753385346605685,0.7958993476234856,0.8604651162790697,0.9651789375036608,0.9797860934598991,0.6574624257252709,0.8939692550256209
b,0,uncertainty,599,0.879017111205688,0.9497727271815901,0.8514076545614779,0.97309857896148,0.7970342910101946,0.8604651162790697,0.9662452832958933,0.9807264834331442,0.6813484668812468,0.8942015585787875
b,0,uncertainty,614,0.8825270447026625,0.9534259306838334,0.8597532210305718,0.9750356633380884,0.7893284268629255,0.8439306358381503,0.9683980575359046,0.9809050483913158,0.7220621197566442,0.898029361195609
b,0,uncertainty,629,0.8860456534124259,0.952659116005147,0.8593299941968816,0.9744642857142857,0.8018348623853211,0.8705882352941177,0.967961365175653,0.9813047457183945,0.7066951801283106,0.8994708994708994
b,0,uncertainty,644,0.8842286187414599,0.953107929304671,0.858137903708691,0.9722520587182242,0.8011100832562442,0.8538011695906432,0.9684123638400425,0.9816290798860637,0.7150511446663419,0.8973444312326595
b,0,uncertainty,659,0.8770034689816179,0.9502288194376721,0.847896130963718,0.9728571428571429,0.7933579335793358,0.8488372093023255,0.9666129268650154,0.98193117134054,0.6746278989269644,0.9008
b,0,uncertainty,674,0.8804026832505631,0.9524511281974285,0.851381229297633,0.9729778095919828,0.8148148148148148,0.8263473053892215,0.9685802378505359,0.981091612835735,0.7025370338838753,0.8964699683877766
b,0,uncertainty,689,0.8852991768190873,0.9539224925354765,0.857441269196742,0.9738088853133101,0.8029064486830154,0.8520710059171598,0.9691567753607201,0.981689956902181,0.7147147147147147,0.9027464508425103
b,0,uncertainty,704,0.8854063533795179,0.954750294975501,0.8625115892293451,0.9745240010726737,0.8105263157894737,0.8352941176470589,0.9695443433183116,0.9818647433887321,0.7230871149387215,0.9030038375016541
b,0,uncertainty,719,0.8836481063434511,0.9521914902044493,0.8629068913663227,0.9747208575256812,0.8136200716845878,0.8421052631578947,0.966259892019821,0.9822701517090111,0.7020138451856514,0.9045466631215102
b,0,uncertainty,734,0.8911605774270956,0.955084166980914,0.868165421730935,0.9757797837161498,0.8112874779541446,0.8705882352941177,0.9694709376888718,0.982050009144828,0.724002616088947,0.9049449821026117
b,0,uncertainty,749,0.8935427813569383,0.9566234044749466,0.8718865749184544,0.976128743853375,0.8213333333333334,0.8620689655172413,0.9709450594808143,0.9818495207751169,0.7387681751347819,0.9037056714039049
b,0,uncertainty,764,0.9046474738807906,0.9638477033733845,0.8853657110254586,0.9770145783024774,0.8171478565179353,0.8588235294117647,0.9765546268302804,0.9820281072044302,0.8141839578816972,0.9067796610169492
b,0,uncertainty,779,0.9063924604934044,0.963903213275569,0.8895674469498704,0.9756403367365216,0.8215839860748477,0.8654970760233918,0.9766986256641633,0.981685173089484,0.8204503956177723,0.9031916302476494
b,0,uncertainty,794,0.9062661712057709,0.964585879175708,0.8870448355515188,0.975290957923008,0.8274647887323944,0.8538011695906432,0.9771490428103267,0.9824607193193089,0.8214340549669891,0.9062624650977263
b,0,uncertainty,809,0.9069260547228943,0.9648643344698001,0.8891868144357532,0.9770310126016624,0.8260105448154658,0.8538011695906432,0.9773679051946895,0.9816492208097314,0.8262185891613685,0.9064039408866995
b,0,uncertainty,824,0.9136118390387206,0.9675500037166687,0.8981053351368866,0.977035117505138,0.8294372294372294,0.8690476190476191,0.9795425761752217,0.9821162833198444,0.8521075047730944,0.9059965430128972
b,0,uncertainty,839,0.9128500067847763,0.9683485660127716,0.898329836709359,0.9761670980987236,0.8296557811120918,0.8554913294797688,0.9803062805386724,0.9823627635149238,0.8586510263929619,0.9073157683562927
b,0,uncertainty,854,0.9119783041715962,0.9677360564719123,0.8993979498563618,0.9769354550330771,0.8266666666666667,0.8571428571428571,0.9797713280562885,0.9819045878267227,0.8548951048951049,0.9065321295804567
b,0,uncertainty,869,0.9140719871086093,0.968554524905777,0.8986616261375637,0.9774879399678399,0.8314210061782877,0.8588235294117647,0.9802248933695231,0.9823371337629471,0.8589241699289546,0.9092852371409486
b,0,uncertainty,884,0.9152866907994823,0.9687868812071635,0.9025282948857111,0.9771428571428571,0.8299559471365638,0.8654970760233918,0.9802673836731646,0.9825367407136704,0.8618374053436205,0.9097694255631081
b,0,uncertainty,899,0.9128383948223775,0.9673305935148604,0.8971962538382909,0.9775672535525963,0.8286219081272085,0.8654970760233918,0.9793298585256888,0.981823879661548,0.8499191533147141,0.9071096345514951
b,0,uncertainty,914,0.9126548997135234,0.9673024311497249,0.9004829385847863,0.9773457010346058,0.8307155322862129,0.8620689655172413,0.978918806094761,0.9824460731891808,0.8481934731934732,0.9088957466791896
b,0,margin,14,0.33504678542446265,0.57086231880178,0.4288499204954624,0.7015425888665325,0.052661815396399844,0.06816143497757847,0.5841643398484244,0.6979040709391374,0.07160051848651318,0.1692927294566523
b,0,margin,29,0.43185136871020624,0.6868939911881693,0.5255698660788807,0.7052122885743873,0.19069767441860466,0.12264150943396226,0.6973481178454803,0.855051575526353,0.1625160893166937,0.28949232585596224
b,0,margin,44,0.6385646064475026,0.8914373286386645,0.6903173678265931,0.8349724626278521,0.3316831683168317,0.2347417840375587,0.9456851148968723,0.9490040891702941,0.5245726495726496,0.6492929765104593
b,0,margin,59,0.6320477308488976,0.8889753292358509,0.6459440573213352,0.8389976666328498,0.14007782101167315,0.25862068965517243,0.9224630452525618,0.9613772376156705,0.5796558187084683,0.7231418370658877
b,0,margin,74,0.7466497128687621,0.9089179698514781,0.7348920980939159,0.86751968503937,0.5137318255250404,0.6586826347305389,0.951310861423221,0.9639100519336725,0.5237838808113444,0.7476090506181479
b,0,margin,89,0.7052528426421985,0.8859137257744565,0.6720324315518734,0.7510105976182673,0.6034327009936766,0.46153846153846156,0.950768429278458,0.9221239389227357,0.5085638998682477,0.7393318702755426
b,0,margin,104,0.7729596831659142,0.918932603747862,0.7446564997355516,0.9358796936986807,0.5987261146496815,0.581081081081081,0.9523489344286257,0.9519431454915326,0.5811792532522385,0.8095595595595596
b,0,margin,119,0.7803883720977896,0.9314441573179091,0.7574666482870163,0.9287833827893175,0.6445993031358885,0.46357615894039733,0.9602061855670103,0.9609702430846605,0.7057713476961787,0.7988119834710744
b,0,margin,134,0.8058908854771024,0.9390645428470716,0.7846043740187737,0.9202442803755355,0.6266548984995587,0.5581395348837209,0.9623719969234018,0.9667158805397985,0.7722772277227723,0.8348323793949305
b,0,margin,149,0.8220294990094025,0.9468404151118734,0.8063603271689891,0.9403686302855078,0.6341880341880342,0.5864661654135338,0.9665502498946228,0.9708326799435472,0.7960805084745762,0.8597202248659955
b,0,margin,164,0.8320642863965381,0.9484356920834609,0.8177434068408599,0.9540788762830902,0.6135593220338983,0.6618705035971223,0.9661654135338346,0.9733868218883558,0.7908897176345232,0.8644993498049415
b,0,margin,179,0.8216866588490144,0.9500588500400404,0.8053709392872486,0.9490440032933858,0.5963756177924218,0.5891472868217055,0.9677961775789331,0.9748672751523394,0.8052230685527747,0.86935318275154
b,0,margin,194,0.820366669050704,0.9516748272696235,0.798680536585005,0.9572927976836771,0.6292517006802721,0.5365853658536586,0.9691392257078194,0.9747152857590639,0.8064737347414621,0.8691085729289747
b,0,margin,209,0.8224077591240312,0.9543482743929497,0.8004986375814982,0.9564354649589609,0.6441558441558441,0.512396694214876,0.9718090211132437,0.9751353047297827,0.8284974799073695,0.8684245047881411
b,0,margin,224,0.8400559700897496,0.9540540340497884,0.8153537222514403,0.9612527964205817,0.6809269162210339,0.6046511627906976,0.9696669963732278,0.9767039647807971,0.8086260680862607,0.8785638859556494
b,0,margin,239,0.8336064419874408,0.9573104230155414,0.8055861832349847,0.9628305932809149,0.7255639097744361,0.49206349206349204,0.9747417447901117,0.97421339011119,0.8397373201061897,0.8660946437857514
b,0,margin,254,0.8634620768028173,0.9590394219974419,0.834162233827673,0.9663925634608509,0.730188679245283,0.6808510638297872,0.9743221619034801,0.9770361458387823,0.831951354339414,0.8834925690021231
b,0,margin,269,0.8639360037828675,0.9592452069366637,0.8529369688720003,0.9674377224199289,0.7249357326478149,0.6838709677419355,0.9735145025345692,0.9782192750242444,0.8324235807860262,0.8871502453255536
b,0,margin,284,0.8734919864828916,0.9616942918930328,0.8534355249219022,0.9676843420817711,0.7565674255691769,0.6944444444444444,0.9757566676655679,0.9772620107926862,0.8530133624215981,0.8897156524049961
b,0,margin,299,0.8687533734315876,0.9621222274375192,0.8465393168328028,0.9679091802985609,0.7592920353982301,0.6575342465753424,0.9770133851790922,0.9765218980961584,0.8536995515695067,0.8893033169042227
b,0,margin,314,0.8769017974630596,0.9631085062071244,0.8575909468751826,0.9683007411376016,0.7662901824500434,0.6993006993006993,0.9775370256441036,0.9772114805996703,0.8621956196435859,0.8874768334657135
b,0,margin,329,0.8588731696028528,0.9627759530810656,0.8558120028248143,0.9635127884099446,0.7816291161178509,0.5680473372781065,0.9778138040769762,0.9784180199057098,0.8600300423323775,0.8826610790990047
b,0,margin,344,0.8826576488166825,0.9630644739232646,0.8704404941143852,0.9648088603072525,0.7744165946413137,0.7388535031847133,0.977550346649059,0.9786043105252145,0.8604081632653061,0.8839617631439193
b,0,margin,359,0.8838967836524347,0.9639220627843568,0.8742299121572882,0.9665327978580991,0.7619047619047619,0.75,0.9777957690520098,0.9796602183188922,0.8580876274455773,0.8932963109877033
b,0,margin,374,0.8891822523519977,0.9668396766641332,0.8746983640102582,0.967828418230563,0.7628865979381443,0.7564102564102564,0.9802758682661634,0.9801767874888854,0.879744195745864,0.8969536423841059
b,0,margin,389,0.8849277186919521,0.9671916343205895,0.863019251629919,0.9712300703660818,0.7685589519650655,0.7172413793103448,0.9803375413690343,0.9802702067055165,0.8776558811276212,0.8992
b,0,margin,404,0.8701895439576433,0.965763053259097,0.8420002317419224,0.9715353140010674,0.6948176583493282,0.6896551724137931,0.9784526002126289,0.9812137974221156,0.8822958547067794,0.8933564105977899
b,0,margin,419,0.8787537360379706,0.9654680743195218,0.8573258055757549,0.9713114754098361,0.6686046511627907,0.7777777777777778,0.9784815994497031,0.9809133397738844,0.8765072765072766,0.8976800321845246
b,0,margin,434,0.8887418215657129,0.9675150125345928,0.8748415402469991,0.9723284989767773,0.7470534904805077,0.7590361445783133,0.9798303713249618,0.9815819680684545,0.8779884583676835,0.9033738191632928
b,0,margin,449,0.8986919434004853,0.968044144508319,0.8896682527128765,0.9718058529621699,0.783068783068783,0.7928994082840237,0.9807328711623301,0.9806162114215647,0.8832515002727769,0.8984689766317486
b,0,margin,464,0.8976673689553788,0.9676398932270849,0.8882483846456969,0.972279169266423,0.7660311958405546,0.8047337278106509,0.9804262201788148,0.9804801670146138,0.8816576275900431,0.8980634749865519
b,0,margin,479,0.8960655613521205,0.9677164541941021,0.8863936353834353,0.9731800766283525,0.7581227436823105,0.8,0.9803416627988801,0.9808624915263076,0.8783877692842251,0.901564185544768
b,0,margin,494,0.8983851021641804,0.9682473151694034,0.8940034738479755,0.9731268909058551,0.7726465364120781,0.797752808988764,0.9803597953457667,0.9816114139648922,0.8811475409836066,0.9020507285483
b,0,margin,509,0.8983119355847261,0.9685982472967847,0.8897796842063561,0.9733725175883872,0.7776793622674933,0.7906976744186046,0.9810420853706092,0.9812579829523238,0.8834591626630062,0.9006747638326585
b,0,margin,524,0.8943377231406208,0.9679193251386509,0.8810665584266012,0.9739889542134331,0.7549909255898367,0.7857142857142857,0.980310477103812,0.9806478535287674,0.8821835139212728,0.9025280519129377
b,0,margin,539,0.8979569740250876,0.9690398104698004,0.8894725431482599,0.9736724676483712,0.7938793879387939,0.7657142857142857,0.9808029492424583,0.9816104546521637,0.882208253621208,0.9078110193583322
b,0,margin,554,0.889193771163637,0.9684376149320312,0.871905587892192,0.9736044230426253,0.7785108388312912,0.7228915662650602,0.9802405884379728,0.9817157463679282,0.8801962655036119,0.9071969696969697
b,0,margin,569,0.895204141455778,0.9689790041156606,0.8782041941434733,0.9745785389349746,0.7889908256880734,0.7515151515151515,0.9806880445522321,0.9817726668231245,0.8810996563573883,0.9077841063195009
b,0,margin,584,0.8933341282564199,0.9685204633131403,0.8795262083935862,0.9745512992231449,0.7897623400365631,0.7411764705882353,0.9802107658224058,0.9815915727993325,0.8785586576811993,0.9074877916440586
b,0,margin,599,0.8921131253399166,0.9693243185034786,0.8923686239941159,0.9749487385218865,0.7942754919499105,0.7195767195767195,0.9809470985923938,0.9815051519499152,0.8866374589266156,0.9069012178619756
b,0,margin,614,0.887027476461794,0.9688076182481016,0.884239578801133,0.9734608167277277,0.782051282051282,0.7021276595744681,0.9806459344478399,0.9820268683970262,0.8839961469657355,0.9048836270684784
b,0,margin,629,0.8879456611831286,0.9689839330325414,0.8913964636999234,0.9744231801108925,0.7821330902461258,0.7070707070707071,0.9812146088623903,0.981206932553769,0.8869589192169838,0.9026121902210315
b,0,margin,644,0.8908521758902875,0.9690527402505185,0.8678333371956098,0.9740294511378849,0.7639405204460966,0.7435897435897436,0.9811168302609529,0.9817669614210814,0.8861563967946947,0.9053653275815584
b,0,margin,659,0.8965055650761365,0.9698975691774241,0.8866123128220844,0.9737901422309688,0.7870036101083032,0.7542857142857143,0.9819063440039509,0.9815611715306575,0.8911744266851981,0.9058175466881634
b,0,margin,674,0.9055776589558857,0.9708441053013974,0.8958730062034521,0.975649059982095,0.8046181172291297,0.7931034482758621,0.9826446033693408,0.981377151799687,0.895955369595537,0.9056958624395486
b,0,margin,689,0.8990535023133267,0.970304333464889,0.8846761058644129,0.9753042233357194,0.7985739750445633,0.7590361445783133,0.9820602977481858,0.9819756371129718,0.8887958699595367,0.9076283684139965
b,0,margin,704,0.9056215783137843,0.9710592389330875,0.8932242438934406,0.9747027800125145,0.7964125560538117,0.8,0.9823268631679847,0.9829307064863315,0.8902101769911505,0.9127679654846973
b,0,margin,719,0.9062824190265416,0.970830408141934,0.89509474376464,0.974937343358396,0.7907390917186109,0.8117647058823529,0.9823226270373921,0.9824250325945241,0.8931129476584022,0.908675184936113
b,0,margin,734,0.9062575470183318,0.9718380158755295,0.8928289764151243,0.9761458054140981,0.7989080982711556,0.7928994082840237,0.9830244370196125,0.98255222596041,0.8996425625515535,0.9106302916274694
b,0,margin,749,0.9081446213939327,0.9717470585430799,0.8912312320970128,0.9761116578688378,0.7937956204379562,0.8121212121212121,0.9828823027271502,0.9827433397633074,0.8968363136176066,0.9125219032214584
b,0,margin,764,0.9086372109132336,0.971649665851488,0.8905135207843485,0.9743176733780761,0.819081908190819,0.7950310559006211,0.9830706538023611,0.9824104234527687,0.8968461644401597,0.9097025972278293
b,0,margin,779,0.9032548851025018,0.9719645357855501,0.8886231350060794,0.9754178957718781,0.8043087971274686,0.7664670658682635,0.9832163015975206,0.9827541291095712,0.8995148995148995,0.9111051067279113
b,0,margin,794,0.9033230767060338,0.9716205278355775,0.8842778671792333,0.9759799982141263,0.7946666666666666,0.7770700636942676,0.9828477267620402,0.9823555474471578,0.8989662301860786,0.9113753039718995
b,0,margin,809,0.9025096968762628,0.9722102114211365,0.8837939756560713,0.9762415148267238,0.8043282236248873,0.7577639751552795,0.9833435596593885,0.9826948136565025,0.9007633587786259,0.9124324324324324
b,0,margin,824,0.9078619954153623,0.9724909972940676,0.8963148563201361,0.9767109842062996,0.8064228367528992,0.7906976744186046,0.9835722193961519,0.98255222596041,0.9022284122562674,0.9128496149169031
b,0,margin,839,0.9115235812728326,0.9727824963431506,0.8981081442233684,0.9787347628792598,0.8106194690265487,0.8095238095238095,0.983770361838661,0.9822747800663064,0.9042434394193188,0.9114984461559249
b,0,margin,854,0.9054259134247514,0.9729498133815188,0.8903268855259155,0.9773071104387292,0.8035087719298246,0.7730061349693251,0.9839897055302849,0.983012812149362,0.9051135571966002,0.912043301759134
b,0,margin,869,0.909463559355138,0.9728465304637949,0.897751020309299,0.9774021352313167,0.8070175438596491,0.7976190476190477,0.9839197484653391,0.9823856371180293,0.9056865464632455,0.9122142567293385
b,0,margin,884,0.9104482439141381,0.9725923857046197,0.9006394125490326,0.9766571632216678,0.8120171673819743,0.8023952095808383,0.9836301277538978,0.9824039264828739,0.9033421162113437,0.9126919967663703
b,0,margin,899,0.907050507051188,0.972855684920345,0.8953586361876223,0.9764873530459566,0.8101694915254237,0.7777777777777778,0.9840118674798088,0.9824030866289528,0.9058905058905059,0.9126134670098902
b,0,margin,914,0.9103340784480258,0.9728364243712389,0.8973617998750526,0.9765743297408034,0.8129803586678053,0.7975460122699386,0.9840513949413721,0.9819167231226223,0.9070414695240746,0.9122282608695652
b,0,class_balanced,14,0.33504678542446265,0.57086231880178,0.4288499204954624,0.7015425888665325,0.052661815396399844,0.06816143497757847,0.5841643398484244,0.6979040709391374,0.07160051848651318,0.1692927294566523
b,0,class_balanced,29,0.34090124851089715,0.5517213360398786,0.48831646566464393,0.5350671498614368,0.08720777515103756,0.01661036036036036,0.5441406996750143,0.6997782109012702,0.1449430836164253,0.35856146001073536
b,0,class_balanced,44,0.5343831536077313,0.7985691758722033,0.5514498049244555,0.7524713325425069,0.21834415584415584,0.31007751937984496,0.8514569125852449,0.9100306380711336,0.15511654646179576,0.5431849703694364
b,0,class_balanced,59,0.6618273390007606,0.8813261739514374,0.6558933381698445,0.9042064333686816,0.37735849056603776,0.43609022556390975,0.9274179694210617,0.9491516323024055,0.298465829846583,0.740100791936645
b,0,class_balanced,74,0.6149439263135708,0.865652604040536,0.6026878670808001,0.8267374944665782,0.5115919629057187,0.25225225225225223,0.9303257717891864,0.9473030948976012,0.22040636042402828,0.6159905474596298
b,0,class_balanced,89,0.6479949020851297,0.8579010446927693,0.6395177712437318,0.915800128830404,0.5810147299509002,0.3185840707964602,0.9037356534069927,0.9288465653755618,0.1811094452773613,0.706873720958228
b,0,class_balanced,104,0.7296968024730726,0.9080052205979672,0.7267483021496298,0.957756671189507,0.6202723146747352,0.32432432432432434,0.9285564446042734,0.9646834739821698,0.47526853202493036,0.8370158565115674
b,0,class_balanced,119,0.7033833476580497,0.8919367110716504,0.7355391700069146,0.9636526410026858,0.5961376994122586,0.3469387755102041,0.9146531162501297,0.9657311048039525,0.2731072921504877,0.8634628044766294
b,0,class_balanced,134,0.7537676739587306,0.8964123705791389,0.7413732925495129,0.9610225942929157,0.5374015748031497,0.7386363636363636,0.9211898100427036,0.9680173926709799,0.27906229929351317,0.8710436829714884
b,0,class_balanced,149,0.7442660844400947,0.9111355682690361,0.783828935583469,0.9612612612612612,0.5880184331797235,0.41471571906354515,0.9283499412951199,0.9684803199326457,0.48872477911116974,0.8603121372371985
b,0,class_balanced,164,0.8009225794454284,0.9183523987632366,0.7976119147788878,0.9559702844718246,0.64773735581189,0.73224043715847,0.9390888572107389,0.9705944129384583,0.5024890190336749,0.858337689492943
b,0,class_balanced,179,0.7874069782374951,0.9273987809764564,0.7978076477514142,0.9621465353690487,0.711737089201878,0.49166666666666664,0.9482087054397891,0.9705797291967925,0.5768658935474279,0.8506442282408625
b,0,class_balanced,194,0.8235991459814705,0.9252475846005298,0.8054981421974764,0.9573692840225906,0.6800766283524904,0.7954545454545454,0.9442408959430394,0.9735237400323136,0.5406587000874381,0.8738702279778767
b,0,class_balanced,209,0.8238380721819093,0.9240431648767619,0.7979787497663392,0.9569325822278757,0.6726546906187625,0.8165680473372781,0.9428948500081558,0.9740026543836365,0.5306541507773541,0.8731595299203025
b,0,class_balanced,224,0.8297460211889812,0.9320509468904838,0.8053434699184957,0.9647525466510412,0.6810506566604128,0.8045977011494253,0.9524324482310131,0.9780826939694677,0.5452343885140979,0.8820717131474104
b,0,class_balanced,239,0.8131280052260867,0.9218997943244007,0.7882614356632206,0.9628020635351615,0.708675799086758,0.8208092485549133,0.9493245185398103,0.9773442416614223,0.3895936357772522,0.8833465294272895
b,0,class_balanced,254,0.8134905760244632,0.9266359346779811,0.7941881237537786,0.9620711505386078,0.7012522361359571,0.7314285714285714,0.9483136224266316,0.9770952355993501,0.5008689607229754,0.8734042553191489
b,0,class_balanced,269,0.8347864936756819,0.9334831758598497,0.8045378835530518,0.9617655072200527,0.6803921568627451,0.8143712574850299,0.952886781962368,0.9775254317482849,0.5809475975221832,0.8756167229291093
b,0,class_balanced,284,0.8273657520408086,0.9297682653757927,0.7942462336131852,0.9608450191222,0.6821392532795156,0.8048780487804879,0.950825902645812,0.9760896441065839,0.5461004906107257,0.8706819057403364
b,0,class_balanced,299,0.83754702655789,0.934927961631546,0.8066688121494047,0.9621012451149686,0.7057710501419111,0.8121212121212121,0.955901029121962,0.977766111038194,0.5764084507042253,0.8727600876627563
b,0,class_balanced,314,0.8364464751227904,0.9302142020483236,0.8098374843383486,0.9604653276379169,0.7384898710865562,0.8333333333333334,0.951720918017479,0.9789275043245793,0.5122819508721965,0.8799064205874707
b,0,class_balanced,329,0.8489935721632882,0.9372399561607471,0.821747015568141,0.9647293498957294,0.7732610659439928,0.8165680473372781,0.9576371357275234,0.9793889935132873,0.568909679740914,0.8824607329842932
b,0,class_balanced,344,0.8451109314445221,0.9338622557262796,0.8175321070321271,0.9616503089785533,0.7835232252410167,0.8220858895705522,0.9549452312539198,0.9801594562802248,0.5305601167670133,0.8828522920203735
b,0,class_balanced,359,0.8464658755770879,0.9333146051534859,0.8134242051078526,0.9641853295856379,0.7830101569713758,0.8502994011976048,0.9557891684187632,0.9800109743670142,0.508435136707388,0.8835309617918313
b,0,class_balanced,374,0.838414505552132,0.9322367372803485,0.8005587922251312,0.9597156398104265,0.7492739593417231,0.8363636363636363,0.9555703493588816,0.9798267877233836,0.5083284342543601,0.879822732012513
b,0,class_balanced,389,0.8477826704921304,0.9356882541337241,0.8143105006643298,0.9618181818181818,0.7696428571428572,0.8395061728395061,0.9575481285751619,0.9798264868819901,0.54304381245196,0.8830930537352556
b,0,class_balanced,404,0.8482416086121181,0.9370157401321085,0.815567131047966,0.9622487037205495,0.7663716814159292,0.825,0.9581307322754404,0.9796099754274062,0.5648457822370866,0.881484385208415
b,0,class_balanced,419,0.8426869322886817,0.9353710436285118,0.813283917063518,0.9593644416035065,0.7666666666666667,0.8170731707317073,0.9582340981702004,0.9801009335041707,0.5410404624277456,0.8763287529167747
b,0,class_balanced,434,0.8505573416783686,0.9400833156079819,0.820184507796259,0.9571493832800365,0.7616487455197133,0.8121212121212121,0.9612278809433578,0.9797200052335471,0.6068563092633115,0.8751778553874013
b,0,class_balanced,449,0.8637270449629331,0.9440840129329873,0.8307932389397107,0.9583333333333334,0.765296803652968,0.8536585365853658,0.9639011847891192,0.9801140823695641,0.647329324372126,0.8774560496380558
b,0,class_balanced,464,0.8674146681218703,0.9451220237276549,0.8363734444304021,0.9647676840865863,0.7726864330637916,0.8536585365853658,0.9633383621636664,0.9802210435555091,0.6519717582228345,0.8852588591753392
b,0,class_balanced,479,0.8655527030694395,0.9454681927470129,0.8365549496257998,0.9580553778671297,0.7829937998228521,0.8383233532934131,0.9651796542805792,0.9805530869360657,0.65636105188344,0.8774025974025974
b,0,class_balanced,494,0.8748113709893462,0.9485711873044836,0.8449359324833025,0.9640718562874252,0.7908611599297012,0.8536585365853658,0.9660120956523013,0.981310609823039,0.6778546712802768,0.8899106673673147
b,0,class_balanced,509,0.8798282103691812,0.9497023090443466,0.8510696486427404,0.9635076252723311,0.8048780487804879,0.8658536585365854,0.9671415171766913,0.9813284518828452,0.6886258363355635,0.8874623345997642
b,0,class_balanced,524,0.8815687859119498,0.95117011779103,0.8543592507996064,0.9671005061460592,0.8093183779119931,0.8554216867469879,0.9678507523979936,0.9814157444142827,0.696917808219178,0.8929566255471548
b,0,class_balanced,539,0.8882602876269828,0.9557085397042325,0.8614771068995959,0.9660664193285675,0.8069868995633188,0.8484848484848485,0.9709713544736532,0.9819035202086049,0.7495542227265359,0.8938547486033519
b,0,class_balanced,554,0.8907479922643503,0.957453681843917,0.8732573707409212,0.968010121091632,0.7929292929292929,0.8554216867469879,0.9719157769869514,0.9820543585998226,0.7699372416960049,0.894967467799761
b,0,class_balanced,569,0.8962100922371473,0.9597738619483643,0.8758890539311605,0.9681033703804103,0.8021295474711624,0.8571428571428571,0.9734502767760415,0.9822281374774916,0.7941662907833409,0.8962501656287266
b,0,class_balanced,584,0.900008531951899,0.961380429675729,0.8842460561774599,0.9675729383072893,0.8073878627968337,0.8588235294117647,0.9748459500491173,0.9816511366898963,0.8153980752405949,0.894380231167796
b,0,class_balanced,599,0.8994564305407966,0.9617574850736917,0.8759374329854472,0.9682195738533766,0.8119349005424955,0.8484848484848485,0.9755278524836184,0.9812993922954539,0.8178998670801949,0.8928285790455879
b,0,class_balanced,614,0.9031080435997073,0.9632827127338233,0.8789065224245347,0.9683429811866859,0.816289592760181,0.8554216867469879,0.9769312986164717,0.9815423119036446,0.8301717699775952,0.8930566640063847
b,0,class_balanced,629,0.905362986086838,0.9648725622353094,0.8801912159718432,0.9678994484130572,0.8208409506398537,0.8502994011976048,0.978664055313214,0.9810730486469577,0.8483036915259303,0.8904603068712476
b,0,class_balanced,644,0.9068678902398999,0.9647397342759426,0.8846812052751473,0.967794463542609,0.8098271155595996,0.8690476190476191,0.9783494423791822,0.9807937872983609,0.8507899356348742,0.8914728682170543
b,0,class_balanced,659,0.9063794423530585,0.9651259564813028,0.882497346373574,0.9677069199457259,0.8174386920980926,0.8571428571428571,0.9790278293135436,0.9807161098660552,0.8518628912071535,0.890760796897981
b,0,class_balanced,674,0.9104263897282966,0.9658429186410775,0.8899941272711506,0.9666424945612763,0.8176795580110497,0.8771929824561403,0.9793780687397708,0.981226533166458,0.8590487238979119,0.8918163672654691
b,0,class_balanced,689,0.9062406161584897,0.9659021365709187,0.8832195587390544,0.9695711060948081,0.8118081180811808,0.8502994011976048,0.978986844455027,0.9814380311799364,0.8576393917451123,0.8939414203557576
b,0,class_balanced,704,0.9072499076691342,0.9661602406650588,0.8855944584157031,0.9692697035430224,0.8172635445362718,0.8520710059171598,0.9794728386981615,0.9814587842595248,0.8571428571428571,0.894070619586942
b,0,class_balanced,719,0.9089765896724739,0.9663239526318939,0.8894559130771239,0.972909729097291,0.8159564823209429,0.8588235294117647,0.9789077268870663,0.9812521185888243,0.8552422270426608,0.8997443143587673
b,0,class_balanced,734,0.9115407287051223,0.9666224098896007,0.8916138697045947,0.9722672429317486,0.8306595365418895,0.8622754491017964,0.979393109198654,0.9811222361284939,0.858219773847492,0.8968477531857814
b,0,class_balanced,749,0.912092632658649,0.9672906170292883,0.8945833143741933,0.9733381372725635,0.8289592760180996,0.8588235294117647,0.9793958911053463,0.9818124885838792,0.8605680034251463,0.9017511027937442
b,0,class_balanced,764,0.913195633531423,0.9669108215395407,0.9009079743534302,0.9741557856821251,0.8220415537488708,0.8735632183908046,0.9790126223018896,0.9810384454659423,0.86102549733819,0.9015323117921386
b,0,class_balanced,779,0.9143802367279331,0.967123197464539,0.8987115176975085,0.9723498153652166,0.8290062667860341,0.8757396449704142,0.9793054020963359,0.9815182207371829,0.8623024830699775,0.9004398240703718
b,0,class_balanced,794,0.9117950919495373,0.9675416138203284,0.8971740462236814,0.9740876894109208,0.8262826282628263,0.8538011695906432,0.9795461331740818,0.9813233027714652,0.8651542905453008,0.9023704298915227
b,0,class_balanced,809,0.9175787412904912,0.9686640348020832,0.9054128054151204,0.9766401145618903,0.8342342342342343,0.8735632183908046,0.9801138485903393,0.9812937611035636,0.869431213224993,0.9077747989276139
b,0,class_balanced,824,0.9115965330565512,0.9669780874356438,0.8975205196132121,0.9771019677996422,0.8273972602739726,0.8554913294797688,0.9781881199952193,0.9820822232669906,0.8523856163425213,0.9085292142377435
b,0,class_balanced,839,0.9132802739740216,0.9686009423596672,0.8978617998933114,0.9768149673261123,0.8297101449275363,0.8488372093023255,0.9800193986420951,0.9816985614703809,0.8679886685552408,0.9078929675944601
b,0,class_balanced,854,0.912502613856477,0.9691825407294423,0.896134800910442,0.976544315129812,0.8262056414922657,0.8402366863905325,0.980697980160153,0.9815380597989294,0.8749824610635611,0.9073131529600857
b,0,class_balanced,869,0.9133784894605428,0.9693126779236652,0.9015885362014561,0.9757977769809968,0.8262056414922657,0.8457142857142858,0.9809381535703615,0.9815405532604717,0.8766124509254066,0.9068405642800107
b,0,class_balanced,884,0.9101682968098007,0.9694733279429518,0.8947591294964966,0.9775391498881432,0.8333333333333334,0.8143712574850299,0.9807741221179885,0.9818191317068073,0.8738376127689105,0.909503470368393
b,0,class_balanced,899,0.9114573099410884,0.9696504471656615,0.8956875222526854,0.9773399014778326,0.8280254777070064,0.8284023668639053,0.98098541018895,0.9822482117683914,0.873405299313052,0.9097945022684815
b,0,class_balanced,914,0.9144419924310753,0.9702235420415308,0.8938588117907439,0.9788719785138764,0.8292237442922374,0.8414634146341463,0.9812763161823992,0.982271077573827,0.8751765038124824,0.9128109120085585
b,0,quota,14,0.33504678542446265,0.57086231880178,0.4288499204954624,0.7015425888665325,0.052661815396399844,0.06816143497757847,0.5841643398484244,0.6979040709391374,0.07160051848651318,0.1692927294566523
b,0,quota,29,0.4517048085738122,0.64870107712621,0.5307142031531218,0.7621355167516083,0.18397853583748563,0.3188405797101449,0.5990449784349969,0.884450313634863,0.06150490730643402,0.3519788283411524
b,0,quota,44,0.49192067680847446,0.7103944756920904,0.662735223868887,0.8345968297725707,0.15389203698180734,0.1,0.6770920038962189,0.8676885841064945,0.15112431629414544,0.6590509666080844
b,0,quota,59,0.5583265628811661,0.8140746941664814,0.6901744117325881,0.7587646076794657,0.20635250155698567,0.20270270270270271,0.8683296980123498,0.8773052097740894,0.35200561337855224,0.6428256070640177
b,0,quota,74,0.5195462714967405,0.750304496660447,0.6256416456035564,0.8353867531264474,0.19012584704743465,0.21492537313432836,0.7595316128394737,0.8676718834940345,0.11749102824153534,0.6516914025939297
b,0,quota,89,0.5427424159434527,0.7683479166849869,0.6745101893202295,0.8428686543110395,0.17477696674776966,0.24634655532359082,0.8047588904578727,0.8233897142254004,0.24611313264968573,0.6609429978888107
b,0,quota,104,0.5553339827920708,0.79063717914417,0.6464142141827102,0.8405588102748986,0.26638604930847865,0.21574344023323616,0.810077519379845,0.8983282064999332,0.17123030757689423,0.6850135462712106
b,0,quota,119,0.5433931551494116,0.7763761553945518,0.6601246833362626,0.8419380460683081,0.22008186852877437,0.26903553299492383,0.809018020163531,0.8622257141253717,0.16252443451549847,0.6389284696494728
b,0,quota,134,0.5666600077775689,0.788291863321544,0.6896970533740349,0.8314296241709653,0.1789111515887472,0.3137254901960784,0.8357556270096463,0.8274424984173876,0.29172785119921685,0.6876278118609407
b,0,quota,149,0.5870784672907302,0.795902830818952,0.67768381174109,0.8863201807752477,0.2758205359831376,0.3732394366197183,0.8245883444071095,0.8731842941443486,0.16061956291109697,0.7157769161944527
b,0,quota,164,0.6030051429358189,0.7986053721869667,0.6747299097031958,0.8718537490064471,0.18617021276595744,0.5714285714285714,0.8437819318386728,0.851521404283763,0.18368625485528128,0.7125938763720393
b,0,quota,179,0.617298806841435,0.8264283738280228,0.7025181964924843,0.8856560415122313,0.19123173277661795,0.4979253112033195,0.8847749853886616,0.8506204906204906,0.2776424744276668,0.733240611961057
b,0,quota,194,0.6131931604931403,0.8070865220292414,0.6888274001145179,0.8943274189319116,0.21405672009864365,0.5673076923076923,0.8453648915187377,0.8695627256576308,0.15893284688176948,0.7427998280555954
b,0,quota,209,0.6349171296626276,0.8350592092615371,0.7023901757865479,0.8760881644749028,0.19141630901287554,0.6262626262626263,0.8930262559922595,0.8731056836598334,0.2593139668472017,0.725206901388694
b,0,quota,224,0.6241955591445336,0.8300649065710093,0.7003040238308484,0.8837857939754555,0.19995424388011895,0.5514018691588785,0.8748557641875591,0.8878004841524517,0.216916228247673,0.7546545304095986
b,0,quota,239,0.6250287960684292,0.83611460981041,0.7002828777028517,0.8839915373765868,0.15164520743919885,0.4979253112033195,0.8872059297454077,0.8669730040206778,0.35373624251786057,0.7337243401759531
b,0,quota,254,0.5336451126635778,0.7382579564316591,0.67404933390463,0.8872961834796631,0.16095949939162177,0.23134328358208955,0.7146592414003871,0.870930066942031,0.13442857142857143,0.7358989424206815
b,0,quota,269,0.5767483204873273,0.7673921611818271,0.6894705690156836,0.8948309783580755,0.23511904761904762,0.375,0.7558709634529409,0.8916753352638533,0.1381011097410604,0.7466408089763125
b,0,quota,284,0.5339360557095094,0.7607592780221804,0.6769144354371425,0.8876352538610931,0.20421393841166938,0.15108834827144688,0.7476235334418087,0.8930783587135863,0.12875725729403983,0.7251556999729217
b,0,quota,299,0.5482032081462535,0.7948079965222825,0.6996385756091329,0.9024866785079929,0.15348837209302327,0.09991079393398751,0.7990229027657098,0.8929401350005532,0.2203873598369011,0.7691862148856067
b,0,quota,314,0.5212910937220221,0.7489767188326225,0.6725045230974042,0.9052369077306733,0.14271938283510124,0.07477906186267845,0.7135228494386775,0.8974251211790087,0.1305945945945946,0.7847597384134205
b,0,quota,329,0.5296606029803356,0.7580935814901811,0.6742023658673154,0.9022583559168925,0.14335374937924183,0.11190233977619532,0.7320939368355761,0.895955369595537,0.13467859053733852,0.7873818788215675
b,0,quota,344,0.5291432690124999,0.7641567289224753,0.683723232941207,0.9260365425158117,0.18253968253968253,0.07565588773642465,0.7459914737914013,0.8923495447479458,0.11585455616075371,0.7655751955954796
b,0,quota,359,0.5279401623530359,0.7752930696993244,0.678363642408491,0.8988385495168011,0.19127669241253975,0.06721763085399449,0.7710665187724782,0.8967959714459631,0.15010605318975362,0.7202797202797203
b,0,quota,374,0.5358185939696186,0.7655458770405215,0.683934143272744,0.9080007159477358,0.17980749539217694,0.16347381864623245,0.7609251867771978,0.8805010803862039,0.12077587513259584,0.7372459855051868
b,0,quota,389,0.5268966727388759,0.7643671042502572,0.6748488820696645,0.9109281437125748,0.18295739348370926,0.10092514718250631,0.7510823998350629,0.8948266373142543,0.11923803984295478,0.7283189478010687
b,0,quota,404,0.5253784397515426,0.7599698176620212,0.6686720496015932,0.8978484903272465,0.14898989898989898,0.12084592145015106,0.7440191387559809,0.8917084522259467,0.14377698659192487,0.7304601899196493
b,0,quota,419,0.532947415108924,0.7817201087344926,0.6787430348611803,0.8937193763919822,0.1436576668364748,0.14695752009184845,0.7852542822998274,0.8983444991971652,0.1407314449623521,0.7219671159828174
b,0,quota,434,0.5359119429742542,0.7850297667640259,0.6783661638803239,0.9004540691582257,0.2009478672985782,0.1162136832239925,0.7946924635597098,0.8928155985154822,0.13401348780909564,0.7122464312546957
b,0,quota,449,0.5531812368237821,0.801726630982459,0.696713066273043,0.9053563523683046,0.14484978540772533,0.19686162624821682,0.8167507308767308,0.9002901461890414,0.1575420146406846,0.7506180020357714
b,0,quota,464,0.5134709679930262,0.7667846782339197,0.6721560929497049,0.8899322799097066,0.14501619287513495,0.054706355591311345,0.7563583620049923,0.9016329919734293,0.13620801332469695,0.7104425802719121
b,0,quota,479,0.5249875659089198,0.7693232578515511,0.6917881972317047,0.9064092249932958,0.15320686540198736,0.06405051871898963,0.754813690777272,0.8983098120153957,0.1444954128440367,0.7536274366114613
b,0,quota,494,0.5268674979880237,0.7791172981860609,0.6948815517954469,0.9006410256410257,0.16300940438871472,0.0492091388400703,0.776999752862674,0.8936945012465335,0.1626493397610564,0.7418693231760914
b,0,quota,509,0.5227491269440597,0.7847231387921773,0.6807722734962436,0.8924187725631769,0.15550423402617397,0.04794520547945205,0.7937097089275249,0.8915389924085576,0.16462144014818245,0.7135055350553505
b,0,quota,524,0.5293586814775948,0.7845503661233979,0.6888196039010861,0.913894324853229,0.15934387814879905,0.06663493574488338,0.7893708864706944,0.8906621017173781,0.14558689717925385,0.7400177462289264
b,0,quota,539,0.532642235211206,0.7888044774861451,0.6906558214275782,0.915150454863541,0.15304145679969003,0.05458860759493671,0.7932314375091172,0.8919071235347159,0.16232839099395938,0.7582481751824818
b,0,quota,554,0.5313291860024882,0.7903566657066298,0.679050500338556,0.910157291388963,0.1502329192546584,0.045177482968806026,0.7875221107272157,0.9094616190003857,0.15145713677940864,0.76529574189798
b,0,quota,569,0.5268902784580631,0.7724323302384108,0.6689183926214051,0.9237824451985692,0.14136904761904762,0.05764760576476058,0.7549955238754793,0.9021593365992501,0.13343965975544922,0.7748383303938859
b,0,quota,584,0.5216687441291634,0.7617516597543051,0.6710620463489123,0.9076056338028169,0.14567142598951743,0.04030710172744722,0.7335720375106565,0.9051747942784558,0.1379933170775761,0.7813568985176739
b,0,quota,599,0.5537352543179705,0.7992252186552166,0.6938376806886916,0.9139715987173614,0.15421276595744682,0.16266666666666665,0.8084780876494024,0.8975942328648467,0.1584857234520372,0.7807377049180327
b,0,quota,614,0.5574543731954396,0.808164516033159,0.7061315119973648,0.9161513277555474,0.162432915921288,0.14553472987872107,0.8240863055922502,0.8971001195540357,0.176047197640118,0.7808280160261166
b,0,quota,629,0.5588074187072257,0.8092568594222361,0.7104506974186858,0.9149722735674677,0.1779373628565729,0.1295774647887324,0.8224760825780463,0.902133068081344,0.17940348902644906,0.7851521900519673
b,0,quota,644,0.5568144715065092,0.8094547974455268,0.7123425181648985,0.9123214285714286,0.17305910691124698,0.13613613613613615,0.8249096047873936,0.902441056402566,0.17041800643086816,0.778415961305925
b,0,quota,659,0.5471226123378712,0.7865129622187786,0.6969436152140088,0.8851678857847889,0.17603722373012795,0.18037135278514588,0.7901174247976417,0.9012749445676275,0.15022278803309994,0.7466666666666667
b,0,quota,674,0.5532740900900723,0.7897901514786633,0.7079721568820648,0.9251155086740476,0.1743549648162627,0.15127919911012236,0.7864752958119896,0.900233696861785,0.15006772009029345,0.7853922452660054
b,0,quota,689,0.567680509713426,0.8065440283674588,0.7204134952474358,0.9268124081914801,0.17881978939002582,0.1941747572815534,0.8117789431222268,0.9099203715992037,0.1661756040070713,0.7860816944024206
b,0,quota,704,0.6009877672927552,0.8301257444196564,0.72359698981994,0.9208297320656871,0.18454164170161774,0.37222222222222223,0.8558158446188971,0.9138695723594152,0.19915814792543596,0.760477210156011
b,0,quota,719,0.5748555075626518,0.7926813186187639,0.7182110930802444,0.937192118226601,0.18584615384615386,0.2676864244741874,0.7828710688174538,0.9113610736778417,0.1386171447521141,0.8004145691442108
b,0,quota,734,0.5636720726738857,0.820190520799228,0.7267271124062543,0.9374170133663805,0.16769734448890505,0.1375968992248062,0.8363549160671463,0.9110752482288903,0.18726679104477612,0.7682962962962963
b,0,quota,749,0.5457941112140101,0.7857346914510451,0.7021352379267085,0.9358597989502714,0.16780128794848206,0.13650465356773525,0.7770108795561275,0.9072413698555016,0.13970397299402754,0.7564368156259248
b,0,quota,764,0.5559650625592962,0.8261263196068144,0.7094033960733771,0.9284722222222223,0.18263473053892215,0.06760847628657922,0.8505866440187474,0.9096835528996333,0.2348526959421901,0.7179171160067787
b,0,quota,779,0.5376819113955199,0.7879336722261262,0.687342580375618,0.935773232866882,0.15320272947391592,0.04154302670623145,0.7794086224749758,0.9008412632740311,0.19355534001508784,0.7594491649575154
b,0,quota,794,0.6064262111416768,0.8483338605965657,0.7255274273224627,0.9351998591301286,0.16698534098151688,0.32653061224489793,0.8874685729863993,0.9062405622820745,0.2751019175600181,0.7474566128067026
b,0,quota,809,0.5968011674825533,0.8229012436579786,0.7225263741735717,0.9456434136294439,0.17641921397379912,0.3333333333333333,0.8420077268586864,0.902946130270315,0.18916277554566185,0.7880955787666333
b,0,quota,824,0.5641817925566069,0.8181258826783762,0.6844569716787138,0.9138314241750727,0.13449899125756556,0.20089955022488756,0.840427028463354,0.9046148710673454,0.18981428734191638,0.7651863953661072
b,0,quota,839,0.5715869944976031,0.8127524068200709,0.694966954124342,0.9365372766481824,0.14114048503386498,0.24781849912739964,0.8263678354311836,0.9056770244561472,0.17488141884924727,0.7686864219371959
b,0,quota,854,0.5572253545366206,0.800597583840677,0.6938832757613536,0.9344059405940595,0.1475896732922093,0.16435185185185186,0.8043713377132803,0.9020833909747392,0.17033582089552238,0.7774394664346818
b,0,quota,869,0.5730796257124909,0.8255435108922068,0.6995026170343287,0.9304119193689746,0.15217882140438022,0.1883656509695291,0.8521172437223955,0.897820957668286,0.2053921568627451,0.7852706299911268
b,0,quota,884,0.5514163274170751,0.7964721337938316,0.6859562963406471,0.917594270428855,0.16193181818181818,0.1701093560145808,0.804764121414469,0.899449531133302,0.15667420814479638,0.7493909866017052
b,0,quota,899,0.5532914762388667,0.8037389366037326,0.6783493415091773,0.9298537525177336,0.13726415094339622,0.1554054054054054,0.8170517347859824,0.8941593704976172,0.16938110749185667,0.7699248120300752
b,0,quota,914,0.6335061260959324,0.8392494974844926,0.6939554823950334,0.917671197743011,0.14405204460966542,0.6071428571428571,0.8791149161943808,0.9010057351841078,0.2305287094940307,0.7550274223034735
b,0,prototype,14,0.33504678542446265,0.57086231880178,0.4288499204954624,0.7015425888665325,0.052661815396399844,0.06816143497757847,0.5841643398484244,0.6979040709391374,0.07160051848651318,0.1692927294566523
b,0,prototype,29,0.4348675613496839,0.6743938178124387,0.5329905528245937,0.746587426873433,0.138996138996139,0.10243277848911651,0.6162039529339384,0.9323036913196933,0.08374233128834356,0.4238066095471236
b,0,prototype,44,0.5005037088025358,0.6972930168407222,0.5764844680513701,0.697478203806131,0.22593268979911296,0.5851063829787234,0.7183510062756979,0.8601300449714989,0.06794540316276833,0.34858223062381855
b,0,prototype,59,0.5521539902197711,0.7475646528691409,0.669950584788449,0.933505249585559,0.2944277108433735,0.13959085439229843,0.6761164905563124,0.9530315969257045,0.07935432893103059,0.7890517003041194
b,0,prototype,74,0.6329434290876502,0.8295606435207489,0.697154431806329,0.9574050971306363,0.2962962962962963,0.43575418994413406,0.8221618013383045,0.955202389205909,0.13210364514712342,0.8316805845511482
b,0,prototype,89,0.6669396894249683,0.8626972285655284,0.7205033241180401,0.9620432777580702,0.4351464435146444,0.3826086956521739,0.8728567209190257,0.9578310053640661,0.2522345759755832,0.8058571067912144
b,0,prototype,104,0.6875211721654141,0.8770220258435465,0.6897890205119914,0.9517617081100079,0.4777947932618683,0.5617977528089888,0.9116661545439914,0.9612118670720201,0.1643458827574351,0.784070046603587
b,0,prototype,119,0.685291058664267,0.8788034177494779,0.7285408285859049,0.9653447659878528,0.5398692810457516,0.5242718446601942,0.9195452304301169,0.9592600513259196,0.07229911175376988,0.8164471254462637
b,0,prototype,134,0.6773425480533429,0.8804408119752105,0.7104857276651553,0.9639711769415532,0.45899772209567197,0.5238095238095238,0.9210131115346849,0.9607696419027258,0.08280114512221977,0.8300355149670218
b,0,prototype,149,0.6867545933065593,0.879775476680249,0.7169254607462493,0.9573560767590619,0.5073787772312017,0.5698924731182796,0.9271785100824204,0.9514280320396991,0.11379613356766256,0.7802521503475904
b,0,prototype,164,0.7047530943112691,0.8797432461783911,0.7266300756754541,0.9647226935786372,0.5247042449547669,0.7375,0.9336023005279197,0.9502016671148158,0.04316172646905876,0.7793790275336848
b,0,prototype,179,0.7042993869951035,0.8804980534535681,0.7386847518840185,0.9637351866702307,0.5293005671077504,0.7085714285714285,0.9312042124542125,0.9531910340769272,0.04918032786885246,0.794912952216323
b,0,prototype,194,0.7306501276374402,0.8867757913132368,0.7439987585263097,0.9638446393413281,0.5654135338345865,0.7810650887573964,0.9334501630348909,0.9560392658984208,0.1122690667929891,0.8024691358024691
b,0,prototype,209,0.7340991048951896,0.8909914380497604,0.7416389527721343,0.9660424693127856,0.5914585012087027,0.7738095238095238,0.936015095634274,0.9666076197022976,0.061006609049313675,0.8437539155494299
b,0,prototype,224,0.7312005901230806,0.8925581120697158,0.7450781872364246,0.967544727141958,0.6262458471760798,0.7065217391304348,0.937299012391556,0.9668005920913513,0.07204464738711314,0.8419475655430712
b,0,prototype,239,0.7161951704114341,0.8896753605562211,0.7284409321401322,0.967713004484305,0.6155218554861731,0.6666666666666666,0.9380185873076868,0.9665028794843346,0.022054868208714364,0.8368883312421581
b,0,prototype,254,0.7429354377381603,0.8906317254211147,0.748492518352639,0.9685060565275908,0.6678111587982832,0.8023952095808383,0.9390092746933367,0.965946403982629,0.019865771812080536,0.8370141887723628
b,0,prototype,269,0.7508259772329324,0.8931260023039458,0.7461353879479253,0.9668707238026647,0.7203791469194313,0.7904191616766467,0.9406677193132192,0.9681889097495835,0.02625234395928208,0.8430038352096993
b,0,prototype,284,0.7615075873342511,0.8940362821509377,0.7493989208406493,0.9679619492057794,0.6897880539499036,0.8536585365853658,0.9357711606364273,0.9723034759005982,0.049005337214944204,0.8620645978467384
b,0,prototype,299,0.755976428021211,0.8946668216857963,0.7515322524620761,0.9691424470757086,0.6522148916116871,0.863905325443787,0.9391472647577844,0.9724499749545227,0.031258278145695366,0.863716814159292
b,0,prototype,314,0.7696147696589151,0.8974034116325861,0.7637957996305367,0.9700502152080345,0.7411444141689373,0.8433734939759037,0.9392524031937838,0.9741025371091694,0.05034324942791762,0.86903707452866
b,0,prototype,329,0.7704092035379803,0.8971457545443181,0.7648462620766094,0.9706594885598924,0.7648673376029277,0.8484848484848485,0.9404507507764196,0.9751165178924086,0.02328042328042328,0.8700050581689428
b,0,prototype,344,0.7699243138855797,0.8984315337388453,0.7632421101916137,0.9703876525484566,0.7642725598526704,0.8383233532934131,0.94080624261324,0.9783166605562248,0.014415376401494928,0.8829483519335583
b,0,prototype,359,0.7691787941962044,0.8977848779234112,0.7654276654561845,0.9693548387096774,0.7685352622061483,0.8383233532934131,0.9410291438979964,0.9773144987659508,0.01025087671971945,0.8794435857805255
b,0,prototype,374,0.7696974275430938,0.8985994822237282,0.7615531024399553,0.9696100403406545,0.7542857142857143,0.8402366863905325,0.9412769349007999,0.9770827858081472,0.029123643102991793,0.8762661879728171
b,0,prototype,389,0.7731552875086027,0.9006782750499677,0.7645999124932263,0.9697893321380547,0.7602230483271375,0.8383233532934131,0.9426226009759706,0.978401784542711,0.03977425423273313,0.8829526390502
b,0,prototype,404,0.7724260188927975,0.9015570159672999,0.76165141710408,0.9696752198097972,0.7618147448015122,0.8214285714285714,0.9429298747102408,0.9792196221273027,0.0472737040021488,0.8846403953700092
b,0,prototype,419,0.7779646808403122,0.9024865856266727,0.766428273408979,0.9706489543128983,0.7843866171003717,0.8313253012048193,0.9429888196637365,0.9805398618957941,0.043010752688172046,0.8928524590163934
b,0,prototype,434,0.7744635982878832,0.9017941288426871,0.7617885102874808,0.9704641350210971,0.8025830258302583,0.8074534161490683,0.9430598404822498,0.981309632727748,0.02176278563656148,0.8946123521681998
b,0,prototype,449,0.7829706916158207,0.9046019030857865,0.7688931481421163,0.9711875056099093,0.7855822550831792,0.8363636363636363,0.943517055885241,0.9816614420062696,0.0637788998139782,0.8987040465485321
b,0,prototype,464,0.7845781325244472,0.9058328668200571,0.7680587079325392,0.9724342282481817,0.7955390334572491,0.8220858895705522,0.9441398852325962,0.9816043898615103,0.07795628127469055,0.8982872200263504
b,0,prototype,479,0.7920660822602181,0.9085021150548073,0.773180890109994,0.9719676549865229,0.7913938260056127,0.8363636363636363,0.9449860327233339,0.981601505331382,0.1188883170355121,0.8992616033755274
b,0,prototype,494,0.7928725596449101,0.9092976300180846,0.7724978998411547,0.9729778256575994,0.7898686679174484,0.8292682926829268,0.9451527338067939,0.9813037680098319,0.13452229299363058,0.8970143364461397
b,0,prototype,509,0.7927926686658494,0.9086147494115181,0.7755555629282366,0.9743773517290808,0.7996289424860853,0.8313253012048193,0.9450163981177813,0.9809820284092395,0.12195746861388676,0.8962611901000527
b,0,prototype,524,0.7918865182697614,0.907365678202692,0.7730805292053475,0.9751413443417392,0.7943396226415095,0.8466257668711656,0.9448964760534078,0.9797405320403617,0.10869565217391304,0.8937662337662338
b,0,prototype,539,0.8407839064116643,0.9295168689200114,0.8085689587131137,0.9724292770543331,0.7932647333956969,0.8674698795180723,0.9549749700650634,0.9795918367346939,0.4281462585034014,0.8896103896103896
b,0,prototype,554,0.8683059029717654,0.9435532883656569,0.8345021400325949,0.9744509188704616,0.7966260543580131,0.8606060606060606,0.9614794240187121,0.9806947786962436,0.6069456812110419,0.8973384030418251
b,0,prototype,569,0.8787058965125549,0.9489139233557463,0.8467137228521299,0.9728221742260619,0.7985143918291551,0.8674698795180723,0.9656437037906349,0.9806525831416022,0.6714529914529914,0.8943855516293678
b,0,prototype,584,0.8818479844995509,0.950800919492836,0.8523884570512033,0.9735164736511357,0.8032936870997255,0.8622754491017964,0.9666480561840675,0.9812800669316043,0.6896783970365381,0.8962437614919885
b,0,prototype,599,0.8968128209502186,0.959775140398511,0.8717447350780612,0.9753517970780676,0.8003679852805887,0.8622754491017964,0.9729200942683089,0.9821922815812836,0.7815950920245399,0.9029870473169442
b,0,prototype,614,0.8959008811794996,0.9606699506822459,0.8727665228746915,0.9743359655419956,0.7929759704251387,0.8502994011976048,0.9738233895887806,0.9817155992059345,0.7993416130480323,0.8988142292490119
b,0,prototype,629,0.9011020940657285,0.9626495003106613,0.8853493655845801,0.9744325827576926,0.790009250693802,0.863905325443787,0.9751300292939559,0.9816355360226025,0.8264556246466931,0.8961463096015676
b,0,prototype,644,0.900261440618314,0.9622315187556538,0.8863414735594628,0.9741100323624595,0.801094890510949,0.8520710059171598,0.9744801795063576,0.9819826887372192,0.8185760246188278,0.899515262675226
b,0,prototype,659,0.9016522886622648,0.9625205880026642,0.8852239168284822,0.9758636159712876,0.8029330889092575,0.8571428571428571,0.9745651264271624,0.9820737953381415,0.8166031342651419,0.902384402582005
b,0,prototype,674,0.9036946974471692,0.9643252614391865,0.8874460928475889,0.9757368799424874,0.8055045871559633,0.8520710059171598,0.9763036007769311,0.9824488090263268,0.8289231640016981,0.9048748353096179
b,0,prototype,689,0.9022497870417671,0.9636583118120992,0.8893804769356203,0.9776266332557724,0.8033088235294118,0.8470588235294118,0.9753545408209157,0.9819833933886887,0.8266007144820006,0.9038155802861685
b,0,prototype,704,0.9047721535156875,0.9657368425442823,0.8925035320320853,0.9776741683851878,0.7974335472043996,0.8488372093023255,0.9773873482887117,0.9820700470465238,0.8444816053511706,0.905521149031493
b,0,prototype,719,0.90815027996725,0.9668581101632082,0.8964024208685278,0.9777378815080789,0.8051001821493625,0.8538011695906432,0.9782325358421596,0.9823149865468509,0.8528884599476079,0.9069767441860465
b,0,prototype,734,0.9093880931105006,0.9675518110150938,0.8998954087027329,0.9774072081764389,0.8043478260869565,0.8554913294797688,0.9788586679461421,0.9823251442445762,0.8596900288026333,0.9075964470369879
b,0,prototype,749,0.9074189418965044,0.9670272928698149,0.8926348451068078,0.9772238163558106,0.8058340929808568,0.8470588235294118,0.9786005891941201,0.982201576282687,0.8524544179523141,0.9085592769803296
b,0,prototype,764,0.9047647820204351,0.9668501777343396,0.8911780234260716,0.9769733894812292,0.8003629764065335,0.8352941176470589,0.9782911174613623,0.982664090648008,0.8518363357073034,0.9079314467915505
b,0,prototype,779,0.9077845501730193,0.967062319470369,0.8935532205088811,0.9755878657332615,0.8018181818181818,0.8538011695906432,0.978893240455619,0.9821484497337927,0.8559763480219625,0.9062665958576739
b,0,prototype,794,0.9096586734026412,0.967207007190975,0.8968329465485537,0.9782900026802466,0.8106129917657823,0.8554913294797688,0.9784471798860288,0.9823168342692961,0.8522711390635919,0.910181236673774
b,0,prototype,809,0.9057425476550717,0.9665234681894656,0.8922538800300768,0.9785330948121646,0.8014571948998178,0.8421052631578947,0.9777963971512359,0.982198788891209,0.8471737613398465,0.9109333333333334
b,0,prototype,824,0.9076468731832731,0.9674684507499185,0.8912536243497502,0.9786168023619933,0.8152866242038217,0.8333333333333334,0.9786553466264087,0.9821447217291427,0.8537305044260222,0.9117607796021893
b,0,prototype,839,0.9119918363120981,0.9687697081225249,0.8984596637784285,0.9792672028596962,0.7985546522131888,0.8654970760233918,0.9798151969139679,0.9823498694516971,0.864432917426048,0.9140259392966974
b,0,prototype,854,0.9114831862124919,0.9687291072728533,0.8982921844725203,0.9790809940997676,0.8116197183098591,0.8502994011976048,0.9797597498765839,0.9822123547081102,0.8663581545365306,0.911051930758988
b,0,prototype,869,0.908975984553632,0.9687574101963996,0.8964826987736751,0.9779050004472672,0.8079350766456267,0.8372093023255814,0.9803317889702585,0.9817839688471892,0.8688408866299591,0.9088258680095415
b,0,prototype,884,0.9066862286705822,0.9687954047001899,0.8905619585065219,0.9791108730583824,0.8050770625566637,0.8235294117647058,0.9799895545773334,0.9825276188983781,0.862992125984252,0.9135769538543612
b,0,prototype,899,0.9105802789977889,0.9688455416546342,0.8950703075520731,0.9792597890219917,0.8098271155595996,0.8470588235294118,0.9802293632779835,0.9821745948771563,0.8652643547470154,0.9102479119713642
b,0,prototype,914,0.9107391233485488,0.9695117802967729,0.8942683389994887,0.979438583944216,0.8018181818181818,0.8470588235294118,0.9808314811223653,0.9820205926932525,0.8718978625735189,0.9121083377588953
b,1,random,14,0.4004767206271513,0.6530199732664468,0.5456711185364541,0.3370948379351741,0.08707482993197278,0.040345821325648415,0.651401720293087,0.8578139417834074,0.4010018785222292,0.42860401459854014
b,1,random,29,0.6106618804057138,0.8704150097709956,0.7378020752923714,0.9315117421198321,0.20845624385447395,0.06705539358600583,0.9136093587309365,0.892466194462331,0.62402410628681,0.6375101237996066
b,1,random,44,0.6203137773732484,0.8644016362595323,0.6867312009718152,0.7731340960386023,0.24397590361445784,0.3548387096774194,0.9328662817449126,0.9063195371606586,0.6199281628309166,0.511133750545772
b,1,random,59,0.5889831397586953,0.877623248435321,0.66888007504019,0.8085399449035813,0.1896186440677966,0.12014787430683918,0.9415948370479856,0.9286964011735889,0.5357950263752826,0.5984892504357932
b,1,random,74,0.6125800521134337,0.8804504550239524,0.6246191674842893,0.8009832483612528,0.21513353115727002,0.34074074074074073,0.9471279560932158,0.9476965342349958,0.41292488459924465,0.6234534696073157
b,1,random,89,0.6751130476493811,0.9066857343613377,0.686026024761329,0.8790750568612585,0.22926093514328807,0.3728813559322034,0.951633756464504,0.948888947465535,0.6139171227521502,0.7301341589267286
b,1,random,104,0.6907168433342254,0.9082348138215869,0.7132261065394594,0.8975881261595547,0.2906436629064366,0.4063745019920319,0.9516940920196638,0.9471072635135135,0.6080789392537773,0.7335313174946004
b,1,random,119,0.6813232341709544,0.9083982496834603,0.70911154331187,0.9060408836740306,0.31336405529953915,0.30405405405405406,0.9481824073528545,0.9499710053244768,0.5891544117647058,0.7584958217270195
b,1,random,134,0.6877209056463938,0.9190982748493892,0.6700271719993796,0.9298452068434869,0.2014388489208633,0.35467980295566504,0.9534839951934909,0.9617023501424725,0.6050966925718417,0.807799442896936
b,1,random,149,0.6722137550599028,0.9119167535247054,0.6473455020247861,0.9336001455339276,0.22358722358722358,0.33663366336633666,0.9483399600958847,0.9660682785099097,0.48738486183420104,0.8098821524918358
b,1,random,164,0.699171489825474,0.9201739980841966,0.6836607037298951,0.9359160028964518,0.25313807531380755,0.358974358974359,0.9520767709325324,0.960522889432842,0.626525114878783,0.8070472163495419
b,1,random,179,0.7127062890702501,0.9220375852466922,0.6837441549030411,0.9444195025590374,0.32742440041710114,0.3878787878787879,0.9525417315500706,0.9654344820389743,0.5774430943008728,0.8338020247469067
b,1,random,194,0.6960560859276671,0.9225117781096954,0.6726661045958849,0.9287863590772317,0.25545675020210185,0.3188405797101449,0.9560871222114736,0.9600710776627992,0.6571844189429449,0.7959662936869734
b,1,random,209,0.713066511448319,0.9304108637961856,0.6908435999836505,0.9386458522417862,0.3599290780141844,0.2517482517482518,0.9594225058072863,0.9632840653888337,0.7123034227567068,0.8061324041811847
b,1,random,224,0.7082418462981703,0.9233952757277866,0.6823887440811864,0.9352765456685073,0.2852664576802508,0.36363636363636365,0.9548930673594903,0.9613961969262829,0.649354891393108,0.8078694014231896
b,1,random,239,0.7179625426229331,0.9300774268593447,0.696403269237933,0.9494876865000899,0.3009009009009009,0.348993288590604,0.9576714907636192,0.9665394468552309,0.6789964618848504,0.8231485228652368
b,1,random,254,0.7006778666706962,0.9333418329039604,0.674407180297509,0.9456187895212286,0.24976525821596243,0.23529411764705882,0.9615960539064564,0.9658164332009199,0.7243966079582518,0.822257806244996
b,1,random,269,0.7337822215593298,0.934507442968624,0.7086661229630138,0.9350720408535473,0.36681222707423583,0.366412213740458,0.9639108385422809,0.966149985623546,0.7302904564315352,0.8078277886497065
b,1,random,284,0.7047906620569465,0.9300535061243547,0.6857090496799698,0.9370029487981414,0.28619246861924685,0.2893081761006289,0.9610816200838783,0.9665351759450351,0.6833950825193668,0.8100191623323296
b,1,random,299,0.708153268222687,0.9304310934327701,0.6899804974426272,0.9294193429649398,0.29297205757832345,0.3116883116883117,0.9620253164556962,0.9682106698840686,0.6783228653878798,0.8144343135995891
b,1,random,314,0.7076429353407835,0.9308121469109645,0.679529290219377,0.9345434543454345,0.3421828908554572,0.2589928057553957,0.9602652876384141,0.9709736361263378,0.6599894570374275,0.826553015627018
b,1,random,329,0.707472275007125,0.9320403653403883,0.6808824061506762,0.9279985249377708,0.3235955056179775,0.2564102564102564,0.962149964098882,0.9694775769571332,0.6943306010928961,0.8183434959349594
b,1,random,344,0.7140203625226743,0.9343885073390616,0.6854752100231195,0.9333578116394345,0.4448669201520912,0.17699115044247787,0.9629423319358527,0.9720658745048989,0.6868169398907104,0.8211015090932542
b,1,random,359,0.7283091962684453,0.9354219885330415,0.7071822239407245,0.927143778207608,0.5110132158590308,0.1981981981981982,0.9632306120333486,0.9710220191109264,0.7105429292929293,0.8170136211770753
b,1,random,374,0.7260165862198994,0.9366301939862349,0.7037651586814236,0.9324299578831716,0.4685714285714286,0.2047244094488189,0.9634485616195099,0.9720841897130369,0.7094584169109706,0.8313991393923589
b,1,random,389,0.7493584685530897,0.9410983716766237,0.7235566265038184,0.9497881546921482,0.5283720930232558,0.26277372262773724,0.9658238317480947,0.9710826469900491,0.7245681381957774,0.8431006925945658
b,1,random,404,0.7373516816433456,0.935683995714224,0.7088355791131703,0.9471799462846912,0.5138632162661737,0.25396825396825395,0.9615939681324184,0.9712681036948438,0.6746948738812042,0.838893409275834
b,1,random,419,0.7180016736931423,0.9353306097912346,0.6994176074607626,0.9496082621082621,0.4344637946837763,0.18633540372670807,0.9615991273198992,0.9702444484939994,0.6826212656601349,0.8411394138592166
b,1,random,434,0.7344410528766804,0.9372199312106296,0.7012520872086435,0.95930180781904,0.42829076620825146,0.2782608695652174,0.9613006978562681,0.9705066016445747,0.6949501345575432,0.8484764924858679
b,1,random,449,0.740231913118261,0.9406892781938111,0.7156981293157172,0.9586072126487831,0.45948522402287895,0.25,0.9631902749981469,0.9719082144434916,0.7221884498480243,0.8562440158665026
b,1,random,464,0.7448841464014436,0.9391769004304565,0.7197524797154127,0.9571492204899777,0.4655326768128917,0.2982456140350877,0.9620986059769295,0.9723081723393744,0.7014790220344099,0.8573757131214343
b,1,random,479,0.7979686263039465,0.942997449332731,0.7789532813572516,0.9561395640864652,0.445578231292517,0.6486486486486487,0.9649921624244234,0.9722793409510919,0.7455912113327551,0.8525512253917236
b,1,random,494,0.7216413274445311,0.9408736608176922,0.7069534796471194,0.9589922272849102,0.3723021582733813,0.1935483870967742,0.9648770473512741,0.9699814829303914,0.7449605609114811,0.8468274282635053
b,1,random,509,0.717916528806208,0.9399167689806361,0.7036746973314837,0.9551356675920122,0.3558515699333968,0.19047619047619047,0.9641196309447755,0.9700317923594101,0.7445900191373472,0.8452108312003234
b,1,random,524,0.705948765232315,0.9399503102862699,0.6907166714508782,0.962275929724427,0.3396648044692737,0.11627906976744186,0.963534695577169,0.9699203238950456,0.7417717848339858,0.8481947483588621
b,1,random,539,0.7069060062292835,0.9396256348437221,0.6918215110259608,0.9545740757398579,0.38752783964365256,0.09230769230769231,0.9635617904059918,0.9717314487632509,0.7317996505532907,0.846839546191248
b,1,random,554,0.7304087713201505,0.9408774516610768,0.7148528005882027,0.9530491095520777,0.37630662020905925,0.25842696629213485,0.9645235789316844,0.9726350737945166,0.7400968937019093,0.8478231567596711
b,1,random,569,0.7097329621751313,0.9407910879476311,0.6941250712060183,0.9528012970635922,0.3938679245283019,0.09230769230769231,0.9640401274074956,0.972620532003325,0.7376979032948224,0.8547952586206896
b,1,random,584,0.718667552478246,0.942023684338367,0.6970640719779968,0.9563023695828453,0.3677639046538025,0.16393442622950818,0.9651308338797163,0.9719568088246718,0.7560627674750356,0.849521756702142
b,1,random,599,0.7141457543032917,0.9418861739509489,0.6941603329520029,0.9552534437741964,0.33178654292343385,0.1652892561983471,0.9655738438810381,0.9713516730933465,0.7649122807017544,0.8448532395509265
b,1,random,614,0.7109004655424843,0.9396873547069714,0.6959700405289929,0.9340746624305004,0.39445628997867804,0.1276595744680851,0.9666974472014537,0.9713737986062537,0.7677119628339141,0.8143295232785057
b,1,random,629,0.7172296821551407,0.9413639050489017,0.6991013108428815,0.9541201871176682,0.3291139240506329,0.19480519480519481,0.965781394378372,0.9700385182121345,0.763558106169297,0.8431904503526858
b,1,random,644,0.7631984794138874,0.9462755018627405,0.7353041894959605,0.9477094770947709,0.4779627815866797,0.336283185840708,0.9678642893408596,0.9737790803226392,0.7855216465578424,0.853268895153712
b,1,random,659,0.7754787736740907,0.9506060533262096,0.7470660986431745,0.9541036717062635,0.489058039961941,0.3652173913043478,0.9722479462285287,0.9716832042280888,0.8242993313415848,0.8517418309478801
b,1,random,674,0.8049557843075458,0.950965297677229,0.7890032738748751,0.9611389684813754,0.5027829313543599,0.5614035087719298,0.9722491462996377,0.9714788550131994,0.8184321112882191,0.8472049689440994
b,1,random,689,0.7588489761186431,0.9497186741378371,0.730746573214865,0.9607493309545049,0.4702194357366771,0.2711864406779661,0.9709117502201394,0.9717479043775225,0.8098281494105951,0.8572998214530971
b,1,random,704,0.7922162103315379,0.9518673894804357,0.7595779536835426,0.9576377670077185,0.47,0.484375,0.9722002772519266,0.9727808194296687,0.8266589561948822,0.8618606524365686
b,1,random,719,0.7963566364696476,0.9530747163000546,0.7832666427075246,0.959821029082774,0.4407530454042082,0.5368421052631579,0.9738884758364312,0.973891766665799,0.8311162521688837,0.8581837808662799
b,1,random,734,0.8127283814900305,0.9540027194809619,0.79727015619546,0.9578805568028739,0.49628844114528103,0.5945945945945946,0.9747023809523809,0.9737115544472152,0.8362902062599163,0.8556309362279512
b,1,random,749,0.7686522463857804,0.9509619547767628,0.7534203286374865,0.9591011235955056,0.2807017543859649,0.5,0.9721797252135165,0.9740344297731593,0.8361356511826731,0.858413040549643
b,1,random,764,0.810207468044806,0.9537991245472675,0.7887320909587282,0.9603809181564998,0.5254413291796469,0.5508982035928144,0.9735831074842899,0.974517816705276,0.8268682258984598,0.8597626752966558
b,1,random,779,0.79968384749312,0.9533152501089563,0.7838672586524186,0.9626972740315638,0.4939271255060729,0.5028571428571429,0.9730550058770142,0.9733142037302726,0.8330951700485854,0.8588410104011887
b,1,random,794,0.7597578271364861,0.9496436658070733,0.7442744858812839,0.9557059088858818,0.3104325699745547,0.43243243243243246,0.9721974956975847,0.9737389495579823,0.8239048447925732,0.8498925886143931
b,1,random,809,0.7737083862449018,0.9487111470810862,0.7586810409335636,0.9557059088858818,0.33163265306122447,0.5235602094240838,0.9717936176204663,0.9726134178662371,0.8149663840982169,0.8456865127582017
b,1,random,824,0.7989086586816123,0.9522539422939326,0.7746589833048153,0.9542542632861138,0.4875406283856988,0.5212121212121212,0.9732779097387173,0.973634111357413,0.8263698135029637,0.8560717632882582
b,1,random,839,0.7785034139663092,0.9494636652159824,0.758640827359221,0.9539045553145337,0.31065468549422337,0.5614035087719298,0.9713666844697644,0.9735731039874902,0.8231593995711223,0.8554619601551009
b,1,random,854,0.8063613280179459,0.953000711743014,0.7883588681616859,0.9586895868958689,0.5010752688172043,0.550561797752809,0.9725493694979777,0.9747894778006622,0.8239965962274854,0.8628671991336131
b,1,random,869,0.7796827068769862,0.9503798954006926,0.7597272085275614,0.9564199531784621,0.3086734693877551,0.5614035087719298,0.9712912271331285,0.9749869723814487,0.825782478204945,0.859221339081234
b,1,random,884,0.7750486114282047,0.9502446845943081,0.7515725250571872,0.9557298710666307,0.30670103092783507,0.5357142857142857,0.972219754183326,0.9740547011216072,0.8277567646203084,0.8531638723634397
b,1,random,899,0.787144684344557,0.9505904126922005,0.7696844684435034,0.9533369506239826,0.36622807017543857,0.5632183908045977,0.972350093552315,0.973647205874694,0.8274974989281121,0.8537345804527586
b,1,random,914,0.7959939117262305,0.952160480865573,0.7702880979776461,0.9508819538670285,0.40772532188841204,0.5769230769230769,0.9733923952790082,0.9753571521507195,0.8346367126404095,0.8530407693349586
b,1,uncertainty,14,0.4004767206271513,0.6530199732664468,0.5456711185364541,0.3370948379351741,0.08707482993197278,0.040345821325648415,0.651401720293087,0.8578139417834074,0.4010018785222292,0.42860401459854014
b,1,uncertainty,29,0.34806610775452745,0.55021770217374,0.491240966969821,0.32053302120379956,0.07604064241232383,0.020657276995305163,0.5563799429270281,0.6842359923873423,0.3204039476704154,0.45821193068547766
b,1,uncertainty,44,0.4669501569060034,0.743950617072625,0.5809292519699741,0.5420888055034396,0.06598738476467735,0.05058823529411765,0.7707970057243505,0.8800616470705213,0.4301256997993028,0.5290023201856149
b,1,uncertainty,59,0.5896066582068558,0.8565323327425247,0.6578350060058215,0.6698854704693465,0.2371579452712434,0.33516483516483514,0.9398913627410016,0.9168852075922416,0.4522175732217573,0.5760442129875651
b,1,uncertainty,74,0.6634610749466475,0.8782208107672439,0.6791018146892852,0.8631422465855245,0.39009287925696595,0.5370370370370371,0.9448269850954415,0.9303762080992571,0.38015173262251384,0.5986004359297924
b,1,uncertainty,89,0.6975717395497973,0.896405596158712,0.6674553954983996,0.9156603773584906,0.4805194805194805,0.5,0.9440279139512082,0.9562365534974026,0.34240598379389153,0.7441518677281078
b,1,uncertainty,104,0.7064607903687835,0.901331309347801,0.6861735062412174,0.9389481426995219,0.3673890608875129,0.6309523809523809,0.9429415645887719,0.9697286285162066,0.2775141242937853,0.8177516306433048
b,1,uncertainty,119,0.7408057135550334,0.9045045387448309,0.7180213468750193,0.9347423062662217,0.48,0.7514450867052023,0.9457875352889755,0.9715105661361858,0.2798619102416571,0.8222925902469918
b,1,uncertainty,134,0.7531566651853321,0.911999607157221,0.7184114487187095,0.9634146341463414,0.4156769596199525,0.7757575757575758,0.9474002418379686,0.9695833333333334,0.3558961260110685,0.8443677855910839
b,1,uncertainty,149,0.7440039612771782,0.9099157091312485,0.7062141761429211,0.95952023988006,0.45823389021479716,0.7037037037037037,0.948426084085722,0.9660326086956522,0.35587188612099646,0.8162393162393162
b,1,uncertainty,164,0.7656450051767468,0.9145342906723845,0.7320133513205006,0.9616619115549215,0.5071982281284607,0.7515151515151515,0.9483415524851552,0.9706522594350757,0.3710623506408864,0.849083582477577
b,1,uncertainty,179,0.7493888091036954,0.9097136780288752,0.7163452090447954,0.9650810618207732,0.5499505440158259,0.6838709677419355,0.9450606138767088,0.9755045847728394,0.2590770672288592,0.867176824268926
b,1,uncertainty,194,0.7738115030130206,0.9127709909252498,0.739421312870208,0.9679153970245564,0.6144578313253012,0.7393939393939394,0.945711199135758,0.9721495375527863,0.3261525204653167,0.8509000961934863
b,1,uncertainty,209,0.7452498401024892,0.9026147300096393,0.7088279033661251,0.9332028817931157,0.5912698412698413,0.6962025316455697,0.9451811542317056,0.966652901094363,0.2567121997173811,0.8275273709654486
b,1,uncertainty,224,0.7525982096845982,0.9076927607956772,0.7347855358403548,0.9582806573957017,0.6149479659413434,0.6704545454545454,0.944214609845828,0.9737506178620672,0.22979737783075088,0.8767416934619507
b,1,uncertainty,239,0.7768497738329975,0.9140160305528398,0.7549124824511061,0.9697944593386952,0.6355140186915887,0.7455621301775148,0.9460866572006368,0.9770784872324298,0.2784104113409249,0.8855022528491916
b,1,uncertainty,254,0.7986257214572893,0.9203236697449204,0.7715219042702444,0.963703503557597,0.6986666666666667,0.7484662576687117,0.9500165698889097,0.9744993742177722,0.37224525420030546,0.882782424001062
b,1,uncertainty,269,0.8017167312255572,0.920981581594593,0.7689715834686423,0.972187555714031,0.7174887892376681,0.7612903225806451,0.9503197528202917,0.9771849222094602,0.34372896567197664,0.8898168103448276
b,1,uncertainty,284,0.810062533892793,0.9235263951707946,0.7789633811954995,0.9731029568934806,0.7526501766784452,0.759493670886076,0.951348241892572,0.9787156346183943,0.36027610777109775,0.8948509485094851
b,1,uncertainty,299,0.8010787037934721,0.9225259803726334,0.7693116173461432,0.9722445336903168,0.7059859154929577,0.7435897435897436,0.9503739930955121,0.9784206411258796,0.36254980079681276,0.8943862987630827
b,1,uncertainty,314,0.8069780306945658,0.9240395261358939,0.7752107313149256,0.9730260807431226,0.717948717948718,0.759493670886076,0.9510630340343508,0.9797492767598843,0.3691289966923925,0.8984364377974168
b,1,uncertainty,329,0.8059041463923966,0.9230404947957804,0.7736877261631616,0.9721058729168524,0.6978879706152433,0.7852760736196319,0.9508653500897666,0.9797195141024972,0.3575094844900692,0.8979647589127169
b,1,uncertainty,344,0.8053320160657754,0.9210619796564843,0.7750249477233612,0.9718839541547278,0.701180744777475,0.8074534161490683,0.9502304015159128,0.9791818845872899,0.32727272727272727,0.9001209840032263
b,1,uncertainty,359,0.8013473313308782,0.9195644947206255,0.7687789591551608,0.973234267299257,0.7244525547445255,0.782051282051282,0.9495433233442783,0.979215021515191,0.30020847810979845,0.9007263922518159
b,1,uncertainty,374,0.8119945578925497,0.9250984983955477,0.7868101506336947,0.9738725841088046,0.7363717605004468,0.7692307692307693,0.9521082170096417,0.9797547612835898,0.3705999557228249,0.9020238573917705
b,1,uncertainty,389,0.8148043612554845,0.9257731772982164,0.7857299282714909,0.9741062628796703,0.745674740484429,0.7721518987341772,0.9522369576799574,0.980230556569819,0.3758833922261484,0.90334672021419
b,1,uncertainty,404,0.8360366623193178,0.933159001822668,0.8063873474683726,0.9757012685367161,0.7669565217391304,0.8048780487804879,0.9560641327762437,0.9810062270394205,0.4599332220367279,0.9077172153264975
b,1,uncertainty,419,0.8190833826468985,0.9270376128416186,0.7859403305545065,0.9759327189764695,0.7513416815742398,0.779874213836478,0.952823939402667,0.9801214079149624,0.3901158976601793,0.9033738191632928
b,1,uncertainty,434,0.816324463941689,0.9240072539609525,0.7897261592232364,0.9755704697986577,0.7583774250440917,0.8,0.9514565898829551,0.9803604917691185,0.3438343834383438,0.9046718876586551
b,1,uncertainty,449,0.8283841379682173,0.9292042737439756,0.7997130115550067,0.9759971446417418,0.7608318890814558,0.8098159509202454,0.9538798886308227,0.9807742406085552,0.4097267054013342,0.9076631464933659
b,1,uncertainty,464,0.8414416906049479,0.9344802601552354,0.8116839542310637,0.9762669521770164,0.774526678141136,0.8170731707317073,0.9568300554277196,0.9805054527471956,0.47666253614209003,0.9082269888677709
b,1,uncertainty,479,0.8500613959977599,0.9386293367256799,0.8167401282963426,0.9750286773140386,0.7783595113438045,0.8220858895705522,0.9597307647673204,0.9805433282108718,0.5305229667926029,0.9041586339851281
b,1,uncertainty,494,0.8512904664100355,0.9379755168337882,0.8214108755414464,0.9781643884253506,0.7806563039723662,0.8363636363636363,0.9588699385079476,0.9807151047638903,0.5149508328316276,0.9093130600054303
b,1,uncertainty,509,0.8433394021813301,0.9368173392022333,0.8114965044508082,0.9766903914590748,0.7791304347826087,0.7975460122699386,0.9586249873193919,0.9802941559286737,0.5073901599514071,0.9036996735582155
b,1,uncertainty,524,0.848538685455588,0.9402832108542942,0.8154064780447708,0.977179532893564,0.7504424778761062,0.8098159509202454,0.9600988084859052,0.9808734625807797,0.5533735174022943,0.9079870480302212
b,1,uncertainty,539,0.8421139203448157,0.9359676082179151,0.8071810122512717,0.9758410880458125,0.7586821015138023,0.8198757763975155,0.9576861274772362,0.9816998568267604,0.4925342605849867,0.9084782315675967
b,1,uncertainty,554,0.8446093634446135,0.9388978837526734,0.8160340016082737,0.9765987852804573,0.7554347826086957,0.8,0.9594686697892951,0.981414961736686,0.532725109083697,0.9066232356134636
b,1,uncertainty,569,0.857631172842746,0.9429994761738356,0.8247565379845676,0.9787461093819475,0.7689562890276539,0.8263473053892215,0.9616670057252463,0.9817367063543756,0.5731400966183575,0.9128246974024208
b,1,uncertainty,584,0.8704777399530099,0.9496526326708855,0.8387374274977519,0.9792110874200426,0.7836153161175423,0.8165680473372781,0.9657630287450338,0.9817566688353936,0.654269723776855,0.912160307438924
b,1,uncertainty,599,0.8595203063454333,0.9453766657930984,0.8318366465746639,0.9790408525754885,0.755632582322357,0.8187134502923976,0.9631291426906549,0.981587103159101,0.6088262910798122,0.9097127222982216
b,1,uncertainty,614,0.8702377098751162,0.9484061898648694,0.8412166578738687,0.9796172674677348,0.765625,0.8452380952380952,0.964816925279799,0.9816391905617626,0.6420690902514017,0.9126584003270201
b,1,uncertainty,629,0.8708650857483925,0.9495731122310338,0.8421231611184493,0.9788293897882939,0.7661431064572426,0.8333333333333334,0.9655949871164207,0.981570179092045,0.6607742619763125,0.909810342475099
b,1,uncertainty,644,0.8752864028115187,0.9498580482984977,0.8463540415242315,0.9778368794326241,0.7857142857142857,0.8452380952380952,0.9660224758611595,0.9813735691987513,0.6639803784162579,0.9068391358194579
b,1,uncertainty,659,0.8830434589571069,0.9559578848224995,0.8558459795975015,0.9788782392616259,0.7819287576020851,0.8263473053892215,0.9704192569458767,0.9810536164461886,0.735594336516299,0.907082700538451
b,1,uncertainty,674,0.8784313670198322,0.9527666589108685,0.8523893119941934,0.9778331701237425,0.7799827437446074,0.8333333333333334,0.9680433728567021,0.980912949509153,0.7013075224995755,0.9076064770717104
b,1,uncertainty,689,0.8831736966566207,0.955711361746889,0.8588730814515113,0.976504093983624,0.7841788478073947,0.8284023668639053,0.970175645408464,0.9814578836501704,0.7358211408844321,0.9056758979983548
b,1,uncertainty,704,0.8795946510724206,0.9521636712252187,0.8543158287818102,0.976905311778291,0.7986406117247239,0.8333333333333334,0.9677049324980147,0.9808271848695833,0.6984126984126984,0.9013384848902994
b,1,uncertainty,719,0.8923877413692759,0.9599279453308383,0.8719016226856174,0.9782164132657598,0.7953410981697171,0.8292682926829268,0.9729946167193131,0.9810869791125428,0.7846771702193389,0.9051296194153337
b,1,uncertainty,734,0.8913170844913658,0.9598764166512316,0.8752318693097845,0.9781643884253506,0.7800829875518672,0.8352941176470589,0.9729433055448423,0.9811310947083897,0.784646215507939,0.9069574820541138
b,1,uncertainty,749,0.8942894052871413,0.9598766949190823,0.8734223245437952,0.976154596223739,0.8047337278106509,0.8383233532934131,0.9730338410478279,0.9818333030121891,0.7796451914098973,0.906301824212272
b,1,uncertainty,764,0.894940924929606,0.9599997689857853,0.8753386537598379,0.9791758972086841,0.7965517241379311,0.8470588235294118,0.9725570430992305,0.9822325121614942,0.7750192752505782,0.911991199119912
b,1,uncertainty,779,0.8915612480673137,0.9589671574302073,0.869708161359147,0.9776086379325604,0.7996530789245446,0.8333333333333334,0.9720160585455461,0.9820698987690947,0.7671317829457365,0.90911594602038
b,1,uncertainty,794,0.8916892021781316,0.9596649217529983,0.8666013180180462,0.9809777777777777,0.7933740191804708,0.8292682926829268,0.972306143001007,0.981714137078944,0.7702114427860697,0.913972602739726
b,1,uncertainty,809,0.8926609608085151,0.9585050764475225,0.8691206617019687,0.9791703756453622,0.8093587521663779,0.8363636363636363,0.9714251872908709,0.9818257563922304,0.7586421675490501,0.911840850252078
b,1,uncertainty,824,0.8959649270911869,0.959941712076773,0.8715965899697016,0.9804200783196867,0.8034782608695652,0.8484848484848485,0.9724154260514399,0.9821061130935327,0.7693510555121188,0.9154987073071166
b,1,uncertainty,839,0.8935931764329359,0.9590996430300188,0.8702102770903538,0.9794392523364486,0.8070175438596491,0.8343558282208589,0.9715931871167011,0.9815625,0.7696951403561727,0.9114887831407206
b,1,uncertainty,854,0.8953881240061801,0.9605092570329097,0.8727408437218281,0.9796172674677348,0.8082545141874462,0.8322981366459627,0.9729906403209033,0.9816950917849239,0.7830273848931688,0.9098338327431218
b,1,uncertainty,869,0.8996715535947943,0.9626270063407643,0.8812403762542651,0.9797008547008547,0.8079242032730405,0.8363636363636363,0.9745858658086045,0.9815002732027164,0.8070946936382293,0.9105313481764786
b,1,uncertainty,884,0.903206077108426,0.9655139973957909,0.8838229570392538,0.9792538509482682,0.8024263431542461,0.8363636363636363,0.9771813280109625,0.98202346575093,0.8326734125238304,0.9125205030071077
b,1,uncertainty,899,0.9046390369570981,0.9660575227216393,0.8867165730538603,0.9796281469620141,0.7989646246764452,0.8433734939759037,0.9773990256402616,0.9824561403508771,0.8353837141183362,0.9152681129758493
b,1,uncertainty,914,0.9069927116761749,0.9676936782578208,0.8904808433188853,0.9795373665480427,0.8062283737024222,0.8343558282208589,0.9788894536973358,0.982084266444456,0.8539103380002828,0.9139433551198257
b,1,margin,14,0.4004767206271513,0.6530199732664468,0.5456711185364541,0.3370948379351741,0.08707482993197278,0.040345821325648415,0.651401720293087,0.8578139417834074,0.4010018785222292,0.42860401459854014
b,1,margin,29,0.4782259435499884,0.7777589679842154,0.5674125223536656,0.7124124571598868,0.15282159130739573,0.07948717948717948,0.8124453247503507,0.9272523484201537,0.31410934744268076,0.34905335628227196
b,1,margin,44,0.5142465912870023,0.8405035774754719,0.5450729048522931,0.8357136275684143,0.22530864197530864,0.15819209039548024,0.9379782288568707,0.9112857529994334,0.3659018987341772,0.16534589847933176
b,1,margin,59,0.6351926633752741,0.886909505119437,0.6578258325428656,0.9208745445080687,0.3461781427668983,0.26461538461538464,0.9465657827077059,0.9321943946018347,0.5167378917378918,0.5191825026891359
b,1,margin,74,0.7056297800897849,0.9013137304036737,0.6683134674971648,0.9299490538573508,0.4306784660766962,0.5034965034965035,0.9497564652673084,0.942150853553518,0.5265384615384615,0.6568386568386568
b,1,margin,89,0.7296292762393838,0.911936628981386,0.7244083670675712,0.9339034384464636,0.38102084831056793,0.5698924731182796,0.9500819636458591,0.9526175312491741,0.5575070821529745,0.762381596752368
b,1,margin,104,0.7426297486207696,0.9169754886291761,0.7549600253583334,0.9562567228397275,0.4108047270680923,0.550561797752809,0.9510452578302648,0.9495767195767196,0.6014568158168574,0.7787061994609165
b,1,margin,119,0.7690066889131805,0.9312230605133278,0.7631976657441555,0.9533932951757972,0.4838012958963283,0.5064935064935064,0.9559496821798462,0.962211060562232,0.7071005917159763,0.8140973903685768
b,1,margin,134,0.7533919420951886,0.9328108272263239,0.740342345034598,0.9401269198933138,0.4864420706655711,0.3728813559322034,0.9618155406006345,0.9549790258369626,0.7754396079561834,0.7820590737814513
b,1,margin,149,0.7892659475071337,0.941611165571954,0.785166269733754,0.940111547956478,0.5656565656565656,0.47619047619047616,0.9628736453495296,0.9707183484305877,0.7770063871146904,0.8323046618516087
b,1,margin,164,0.7808900365704055,0.9433592882116415,0.7553457642580023,0.9401693667157585,0.488659793814433,0.4657534246575342,0.9645056941551824,0.9713711702661979,0.7981465392412395,0.8376242671424929
b,1,margin,179,0.8013066126645566,0.9493140635899151,0.7682214353187795,0.960693228515276,0.544904137235116,0.49612403100775193,0.9671919707055283,0.9735053989992098,0.8023952095808383,0.8643323126081747
b,1,margin,194,0.8303750205200439,0.9498750081487309,0.7993057436044948,0.9624248946282845,0.5032258064516129,0.7310344827586207,0.9681785799097602,0.9716676375575914,0.8115411681914145,0.8645525741430222
b,1,margin,209,0.8239711933534075,0.9535243005325525,0.7983640537759236,0.9634892086330935,0.47385272145144075,0.6797385620915033,0.971240780394956,0.9742780495502604,0.8312780269058296,0.8739210044467696
b,1,margin,224,0.8281645747918818,0.9544656609695742,0.7954106905997135,0.9630297565374211,0.47576099210823,0.7034482758620689,0.9715725295529419,0.9766213389121339,0.8281533101045296,0.8785658204658466
b,1,margin,239,0.808241313337982,0.953703000510785,0.7833053590003134,0.9573203673689897,0.4618834080717489,0.588957055214724,0.9734329289119232,0.9743107278191558,0.8375419646766895,0.8642427413026419
b,1,margin,254,0.8020989966788902,0.9527696444815131,0.7770468520215702,0.9605547550432276,0.415819209039548,0.5911949685534591,0.9732826693581903,0.971811448163949,0.8432890316927122,0.8587408949011447
b,1,margin,269,0.829991296761862,0.9553024171085158,0.7929380266279298,0.9655915910520169,0.4579976985040276,0.7248322147651006,0.9744829120023722,0.9727244226146933,0.8404600412857565,0.873850197109067
b,1,margin,284,0.8264225003391549,0.9557072101071673,0.7883712559288837,0.9675051472562886,0.47491638795986624,0.6802721088435374,0.9742354141106562,0.9736573091137847,0.8378133494412564,0.8765577856486947
b,1,margin,299,0.8329088094717267,0.9574010817826353,0.7966057351377757,0.964977041505357,0.503919372900336,0.6842105263157895,0.9750203357243216,0.975609756097561,0.8473660513282305,0.8792585824304922
b,1,margin,314,0.8325263290989745,0.9589092700107252,0.7938034006770741,0.9661488731256173,0.5244831338411317,0.6527777777777778,0.9758630409304672,0.97773258239466,0.8466439472514447,0.8840349483717236
b,1,margin,329,0.8529843045621311,0.9613584277575614,0.8197105597608376,0.9698600645855759,0.6380133715377269,0.6666666666666666,0.9764483870488417,0.9783789429705452,0.8488165680473373,0.892706131078224
b,1,margin,344,0.8541860952384505,0.9620164854724165,0.8236412375492567,0.9693328550932568,0.6738351254480287,0.6330935251798561,0.9765906184003094,0.9783369003497416,0.8512956419316844,0.8968180002662761
b,1,margin,359,0.8562933094680231,0.9627674207235577,0.8358627896902208,0.9694581280788177,0.6757741347905283,0.6375,0.9771976304587265,0.9782887001959504,0.8593840790238234,0.896450493728316
b,1,margin,374,0.8592057808115215,0.9627749325627146,0.8250904106988539,0.9712648822844866,0.6647342995169082,0.6666666666666666,0.9771080932335748,0.9780027659629987,0.8589669181659896,0.8976968398500268
b,1,margin,389,0.8571288849788281,0.9625113645386952,0.8197914286001442,0.9711013688825266,0.6679462571976967,0.6571428571428571,0.9772115770540054,0.9785494871661373,0.8521790341578327,0.8957716132507406
b,1,margin,404,0.8574517954086441,0.963071821489804,0.816176612896507,0.9719442458899213,0.6725317693059628,0.6470588235294118,0.9770722580261947,0.9791699213664532,0.8531592999110056,0.9012262498315591
b,1,margin,419,0.8575654473594263,0.9632442894572731,0.8203411455294752,0.9728183118741058,0.6686390532544378,0.6482758620689655,0.977303467649638,0.9786824728331514,0.8582804896033034,0.898958474232382
b,1,margin,434,0.8532506743281153,0.9629661080394393,0.8320093662448709,0.9731663685152058,0.6877394636015326,0.6046511627906976,0.9769786740430089,0.9789082208525136,0.8529368467540115,0.8983739837398373
b,1,margin,449,0.8524769629112242,0.9640390755987648,0.831401492378598,0.9728085867620752,0.7307001795332136,0.55,0.9777612384638286,0.9791937581274383,0.8577301424166789,0.8991448350753359
b,1,margin,464,0.8531891183797047,0.9642503913607157,0.8193442525122716,0.9736606342949292,0.7502238137869293,0.5354330708661418,0.9780185435982914,0.9788076021869305,0.8582758114260538,0.8979043524986566
b,1,margin,479,0.859140757720492,0.9653703044135145,0.823725626893662,0.9745974955277281,0.7561643835616438,0.5581395348837209,0.9785935453138025,0.9789616205801177,0.8637292092208929,0.9037995149555376
b,1,margin,494,0.8671811561276647,0.9664682673600825,0.8316002152010382,0.9736606342949292,0.7675675675675676,0.6,0.9795766360291379,0.9804716956600878,0.8643893857205688,0.9046021736213605
b,1,margin,509,0.8826564435119106,0.9668450679795293,0.8554470708722485,0.9766571632216678,0.783303730017762,0.6887417218543046,0.9795103342423294,0.9798040184025161,0.8641033167009099,0.9064748201438849
b,1,margin,524,0.8868111092897036,0.9668128928938238,0.8568837242051798,0.9739315481468346,0.7804444444444445,0.7248322147651006,0.9800509527569613,0.9798368237800759,0.8669805768098882,0.9016012043246202
b,1,margin,539,0.8902667348154203,0.9665235204808679,0.8636661987820481,0.9727143869596031,0.7779751332149201,0.7564102564102564,0.9800724367668758,0.9797751642132045,0.8660216945177367,0.8988980716253444
b,1,margin,554,0.88840192841398,0.9673898875502291,0.8589339955019385,0.9762158324458644,0.7886323268206039,0.72,0.9802232522094219,0.9795717066839714,0.8699853587115666,0.9041850220264317
b,1,margin,569,0.8923493155328102,0.9681404417260493,0.8712144292004885,0.9754928076718167,0.797918473547268,0.7341772151898734,0.980918137466991,0.9801024787369625,0.8749274521183982,0.9029086439983613
b,1,margin,584,0.894908732683689,0.9680827958026904,0.8727240130093002,0.9770924324806133,0.8031358885017421,0.7468354430379747,0.9804816223067173,0.9802106358080874,0.8708217778426507,0.9057833288080369
b,1,margin,599,0.8937033084905706,0.9682038808448268,0.8704709124560251,0.9772120348940716,0.8010471204188482,0.7388535031847133,0.980490931040136,0.9804411152725759,0.8707463122535417,0.9071321423701078
b,1,margin,614,0.885175872333977,0.967691406940489,0.8623810728401324,0.9766076669927956,0.7954545454545454,0.6878980891719745,0.9802501155181923,0.98004158004158,0.8715623171445289,0.9044167920142212
b,1,margin,629,0.8952795449372981,0.9696049940424563,0.8732600280570305,0.9783649583259443,0.8074204946996466,0.7283950617283951,0.981476238022145,0.9806582436437373,0.8795551002487926,0.9110867178924259
b,1,margin,644,0.8925765089450046,0.9688296835634196,0.8701774315775257,0.9790743039546019,0.7846291331546024,0.7361963190184049,0.980773816620961,0.9803799277565551,0.875565280816922,0.9114167812929849
b,1,margin,659,0.896702703097839,0.9693137612236787,0.8767655610344874,0.9771681415929203,0.7957559681697612,0.7544910179640718,0.9813956952409324,0.9810702584637787,0.8761904761904762,0.9108473640629313
b,1,margin,674,0.8998140014360677,0.970160388999993,0.8768997044904507,0.9786252771618625,0.7957181088314005,0.7654320987654321,0.9818062612686445,0.981109492089925,0.8807339449541285,0.9152728269810804
b,1,margin,689,0.9017632662978166,0.9700230041362374,0.8799687532619561,0.9785041748090247,0.8046181172291297,0.7730061349693251,0.9819129916567342,0.9806014841817472,0.8813905930470347,0.9123093681917211
b,1,margin,704,0.9000380677510421,0.9699720143192389,0.8760549797206479,0.9786063027075012,0.7971656333038086,0.7672955974842768,0.9817228486735287,0.9808087909798714,0.8805141688577272,0.91415313225058
b,1,margin,719,0.8971279535075036,0.9700047414329256,0.8770392974133793,0.9788444444444444,0.7927461139896373,0.75,0.9817856610523178,0.9807547071538322,0.8825674690007294,0.9131972789115647
b,1,margin,734,0.8957180781882726,0.9700884631727352,0.8767851187457614,0.9775171065493646,0.7951388888888888,0.7361963190184049,0.9818572131367492,0.9807697311925889,0.8840664142149723,0.9144808743169399
b,1,margin,749,0.9033736605817018,0.9704632070726565,0.883426568391996,0.9789613848202396,0.798951048951049,0.7852760736196319,0.9824352130736886,0.9804779009839137,0.8848502471648735,0.9126637554585153
b,1,margin,764,0.9051300562676804,0.9711335836737924,0.8867324728615047,0.9791500310531452,0.816220880069025,0.7757575757575758,0.9827750625819526,0.9809739465396528,0.8879120879120879,0.9131208099603229
b,1,margin,779,0.9033585353325738,0.9710727050453776,0.8927681802962473,0.9803956355894615,0.8041237113402062,0.7727272727272727,0.9823959932624801,0.9811438691530368,0.8858060747663551,0.9169171904892047
b,1,margin,794,0.8987551294785622,0.9706726526002397,0.8834985770384359,0.9798633904018451,0.7986050566695728,0.7485380116959064,0.982320145493575,0.9805941418240466,0.8870402802101576,0.914324880054832
b,1,margin,809,0.9023363714469245,0.9707857178934326,0.888650468624184,0.9789725845089167,0.7996485061511424,0.7727272727272727,0.9822658042979345,0.981148755817884,0.8861277590995469,0.9154639175257732
b,1,margin,824,0.9005340026906606,0.9715358024390828,0.8886047510997425,0.9787007454739084,0.7975567190226877,0.7542857142857143,0.983179355532007,0.980962288686606,0.8950644087422203,0.9139887870914809
b,1,margin,839,0.9061096801331745,0.9724287525245973,0.8913688849128312,0.9794253281305427,0.804251550044287,0.7790697674418605,0.9839265726438325,0.9810721445494546,0.9003317467185923,0.9146906514036522
b,1,margin,854,0.9066932052867324,0.9722693042689312,0.8923223323736906,0.9789837722798617,0.7940140845070423,0.7906976744186046,0.9834216220249198,0.9811251985108432,0.9006354708261121,0.9179746144397434
b,1,margin,869,0.908475301474094,0.9724162474330462,0.8875074210565744,0.97949764799858,0.8,0.7975460122699386,0.9837068425293187,0.9809444473369084,0.9029098242581388,0.9147223359257743
b,1,margin,884,0.9127442738651383,0.9727791668344905,0.8946289381999167,0.97837646224743,0.8067078552515445,0.8192771084337349,0.9841146610928635,0.981121266567716,0.9057794349634304,0.9138331284992489
b,1,margin,899,0.9130635870281862,0.9731895350803612,0.8950624015895805,0.9791426289163042,0.8049426301853486,0.8192771084337349,0.9841359942638623,0.9818692609837942,0.9043949771689498,0.9176825092453088
b,1,margin,914,0.9094732061159932,0.9729854201533202,0.8921365322900778,0.9796931808104993,0.7985989492119089,0.8,0.9841364681982493,0.9811792268645061,0.9048776998998712,0.9178269178269178
b,1,class_balanced,14,0.4004767206271513,0.6530199732664468,0.5456711185364541,0.3370948379351741,0.08707482993197278,0.040345821325648415,0.651401720293087,0.8578139417834074,0.4010018785222292,0.42860401459854014
b,1,class_balanced,29,0.4666651486613454,0.748001521501308,0.6008625057912,0.599463717110776,0.12374185908821789,0.022902444395507596,0.7670936872974224,0.9024979854955681,0.3102189781021898,0.540737369139736
b,1,class_balanced,44,0.5389797312596412,0.8250704665758644,0.6120490392777039,0.6371466431095406,0.362087326943557,0.18984547461368653,0.9250385723850834,0.8894773519163763,0.29281877859558386,0.47644397125365984
b,1,class_balanced,59,0.6297561113390547,0.8720310627975153,0.6552915427481799,0.9097837646224743,0.5027829313543599,0.1935483870967742,0.9489368486658066,0.8892673649550087,0.3689489751417357,0.5950245075372237
b,1,class_balanced,74,0.6620504414519158,0.9003292122851073,0.6324239034933274,0.9334671899242494,0.37949836423118866,0.2711864406779661,0.9474518849563901,0.9505478699756793,0.367964404894327,0.7842369355036103
b,1,class_balanced,89,0.7449914675618926,0.9164223269605114,0.7041317589545831,0.9363880933784605,0.43782117163412126,0.6099290780141844,0.9534478976234003,0.9599833155191742,0.5477797513321492,0.7695909654317588
b,1,class_balanced,104,0.7565002807382156,0.9181516882348945,0.7081509820755143,0.9345581802274716,0.43447669305189096,0.6666666666666666,0.9564859824064148,0.9551428426447455,0.6203264876250658,0.7278451125452542
b,1,class_balanced,119,0.8004718963524737,0.9274218393697619,0.7737097142034673,0.9438120389764139,0.609717868338558,0.7027027027027027,0.9606973995271868,0.9558133539572055,0.6736772921459087,0.7568826188193398
b,1,class_balanced,134,0.8039546338246387,0.9245449672807945,0.7566080315670126,0.9599281221922731,0.6749049429657795,0.7388535031847133,0.9568739022513826,0.9641685462374411,0.5233608166470357,0.8095926032938457
b,1,class_balanced,149,0.8292754989070715,0.9370693003367452,0.7867856159194576,0.9634309102233295,0.6660746003552398,0.7662337662337663,0.9618086040386303,0.9707153885743696,0.6351399220687212,0.8415253008554444
b,1,class_balanced,164,0.8170818046680607,0.9337066346358073,0.7767744220355889,0.9621593014024874,0.6521739130434783,0.7368421052631579,0.9591205069057144,0.9722487544208379,0.5950897764748992,0.8419382751658494
b,1,class_balanced,179,0.8260368790355689,0.9355928133760077,0.7836888807299217,0.9646643109540636,0.69449378330373,0.75,0.9593898285348316,0.9760592178481766,0.5745288406624786,0.8631221719457014
b,1,class_balanced,194,0.8152611565196326,0.9370991212611407,0.7706097539083564,0.963908841003813,0.6725820763087844,0.6713286713286714,0.9607329080369367,0.9754353233830846,0.5968349660889224,0.8660053094872153
b,1,class_balanced,209,0.8285026708529922,0.9373581353157077,0.79576245692308,0.9663526244952894,0.6754385964912281,0.7530864197530864,0.9610177642412673,0.9732300654953737,0.6006749156355455,0.8697183098591549
b,1,class_balanced,224,0.8312532584948213,0.9368680338767973,0.7841450307018464,0.9635271977775787,0.6962962962962963,0.7651006711409396,0.9594716214254608,0.9767683592328881,0.5753846153846154,0.882224048205971
b,1,class_balanced,239,0.7741747382030245,0.9340071988556234,0.8047097009333676,0.9690592955862684,0.7437722419928826,0.34210526315789475,0.9571088976067902,0.9746100361969741,0.565368299267258,0.8671991336131041
b,1,class_balanced,254,0.8294633829302713,0.9358315119952845,0.7965286516206115,0.9673202614379085,0.7125645438898451,0.7643312101910829,0.9594971256024621,0.977737178650659,0.5472069236821401,0.8775864370578027
b,1,class_balanced,269,0.8435895808927582,0.9395718433687282,0.8075210426202414,0.9667141331434674,0.7429577464788732,0.7901234567901234,0.9616778494185454,0.9782366216181163,0.5886821116597037,0.8767351471404775
b,1,class_balanced,284,0.8337533201624626,0.9338706275862892,0.7951700599928696,0.9678797046000533,0.737410071942446,0.8,0.9577159064598286,0.97868579746309,0.511977263499797,0.8826044971720237
b,1,class_balanced,299,0.834620599799383,0.933693177896331,0.7999216143167368,0.9669680422522603,0.7303571428571428,0.8148148148148148,0.9577358709191507,0.978589289435299,0.5127375657096643,0.8811414726073495
b,1,class_balanced,314,0.8515304968729589,0.9412040636977838,0.8168176016039962,0.9681972485259961,0.7275953859804791,0.8343558282208589,0.9623674705813818,0.9777916634122211,0.6071764042832989,0.8832294771064753
b,1,class_balanced,329,0.8429977649004919,0.9377378924344361,0.8074348608550341,0.9714387718671903,0.7126019945602902,0.8292682926829268,0.960065034041256,0.9769333020564548,0.5640427599611273,0.8866341991341992
b,1,class_balanced,344,0.8467332745458894,0.9395671129988216,0.8098653271521022,0.9728328865058088,0.7199265381083563,0.8271604938271605,0.9614300247057114,0.9767551190973673,0.5867689357622243,0.8822589238145978
b,1,class_balanced,359,0.8654225980541533,0.9478461671967655,0.8317571831569222,0.9727702883671101,0.730072463768116,0.8414634146341463,0.9660242516548533,0.977865839351357,0.6823981821359902,0.887363746467501
b,1,class_balanced,374,0.8720173249328085,0.9514805829911009,0.8419941953467023,0.9730937695539466,0.7502238137869293,0.8263473053892215,0.9679618068307014,0.9792794668887963,0.712934819317798,0.8942802927622662
b,1,class_balanced,389,0.8806389614541443,0.9559579046402353,0.8537335529747387,0.9724655819774718,0.7442273534635879,0.8383233532934131,0.9714858608793088,0.9791215952039619,0.765943671090968,0.8929053142702994
b,1,class_balanced,404,0.8842805666976166,0.9591335130655779,0.855850896273152,0.9745974955277281,0.7428057553956835,0.8292682926829268,0.973869628798062,0.9795067007352558,0.7960703533512914,0.8938457403923676
b,1,class_balanced,419,0.8838199575986337,0.9586053746582517,0.859603303706202,0.9752213972627247,0.7464285714285714,0.8263473053892215,0.974067831692244,0.9775885487409884,0.8,0.8870860486766857
b,1,class_balanced,434,0.8694741932497086,0.9496061420996548,0.8576425898384386,0.9757841122330444,0.7495527728085868,0.8023952095808383,0.9635489235471257,0.9779740286886317,0.7290313665883653,0.8880329393013681
b,1,class_balanced,449,0.8897852315306195,0.9597433138215394,0.8672074914250096,0.976320257349656,0.752,0.8484848484848485,0.9736162635405846,0.979542845214487,0.8004262444816562,0.8981061616431049
b,1,class_balanced,464,0.8852067003214604,0.9601115857163983,0.8619628985095626,0.9759714158106297,0.7573529411764706,0.8048780487804879,0.973137263666026,0.9806636304489265,0.8042404879465582,0.9002031144211239
b,1,class_balanced,479,0.8884792333454097,0.9613505378053664,0.8653672893563107,0.9752656487186356,0.7490974729241877,0.8220858895705522,0.9749080458058463,0.9795928991618512,0.8221897810218978,0.8962148962148963
b,1,class_balanced,494,0.8909565124251945,0.9613122716446454,0.8692976030611755,0.9755792110206637,0.7708516242317822,0.8220858895705522,0.9747689009958469,0.9798423804197987,0.8150876675998232,0.8984799131378935
b,1,class_balanced,509,0.8958001588188005,0.9621206347335545,0.8757196963909477,0.9752865329512894,0.7548161120840631,0.8622754491017964,0.9758143685854529,0.9794315729256052,0.825854383358098,0.8971226927252985
b,1,class_balanced,524,0.8987245877061476,0.9638968039219891,0.8778556348875196,0.9762736144686185,0.7642418930762489,0.8536585365853658,0.9769734882335418,0.9797404488829939,0.8392490466412438,0.900935086055021
b,1,class_balanced,539,0.8988245837408938,0.9651255393898941,0.875918356789786,0.9759197923193984,0.7667844522968198,0.8414634146341463,0.9781354117087101,0.9803411691283545,0.8471563981042654,0.9019714479945615
b,1,class_balanced,554,0.8987457192007989,0.9641917725685257,0.874838655065908,0.9778250842646798,0.7700440528634361,0.8466257668711656,0.9769988395274793,0.9802474269674603,0.8358694046387946,0.9036094592725764
b,1,class_balanced,569,0.9034030569324628,0.9652994812539948,0.8790230609083498,0.9772525324329128,0.7663716814159292,0.8727272727272727,0.9780386329866271,0.9806612601372426,0.8427352985186294,0.906034720308625
b,1,class_balanced,584,0.9027480540813221,0.9671902485581696,0.8834194602718775,0.9782995375311277,0.7714543812104788,0.8402366863905325,0.9796678889783264,0.9801114177122924,0.8652707581227437,0.9041957086237529
b,1,class_balanced,599,0.9047050561839868,0.9684796726699924,0.8837987599698597,0.9772463638797181,0.7745454545454545,0.8402366863905325,0.9809617447264927,0.9806501950585176,0.8760162601626016,0.9032786885245901
b,1,class_balanced,614,0.9035261142896532,0.9675441493460716,0.8838080897537194,0.9772016092981672,0.7746606334841629,0.8402366863905325,0.9797597400661758,0.980932809614234,0.8650759219088937,0.9068153992654061
b,1,class_balanced,629,0.904800391783818,0.968002972427096,0.8841634710271151,0.9777738105864501,0.7685269899359561,0.8502994011976048,0.980241754961946,0.9809013322231473,0.8711428571428571,0.9047165964387658
b,1,class_balanced,644,0.9071634096790524,0.9680672229408559,0.8841678257990814,0.9774718397997497,0.7693710118505014,0.8658536585365854,0.9802745449119665,0.9809937339122747,0.8711709132550816,0.9050081654872074
b,1,class_balanced,659,0.9080915028943543,0.9679259378071275,0.891726557333439,0.9775552177412143,0.779783393501805,0.8622754491017964,0.9802513464991023,0.9801183000234516,0.8739519284516489,0.9027048849414614
b,1,class_balanced,674,0.9087814299952945,0.9689719859750674,0.8911381478037865,0.9785407725321889,0.7750677506775068,0.8622754491017964,0.9814585169801736,0.9800865349528228,0.88238620299689,0.9016547827256828
b,1,class_balanced,689,0.9089303262244616,0.9690069134665604,0.890319842139275,0.976440025082863,0.7832292595896521,0.8571428571428571,0.981459660218069,0.9806706730143865,0.8814974802015839,0.9020723283218204
b,1,class_balanced,704,0.9123735481825225,0.9694384663368827,0.8952613617980151,0.9747914237014443,0.7932263814616756,0.8690476190476191,0.9819186263531169,0.9808598734407958,0.8854003139717426,0.9013705993012631
b,1,class_balanced,719,0.9134854179423444,0.9703142267246817,0.8946744009753217,0.9766191883902177,0.7974568574023615,0.8622754491017964,0.982482362788473,0.9807452123230641,0.8906426155580609,0.9041762400324368
b,1,class_balanced,734,0.912279482290207,0.9701706553827131,0.8945319137164862,0.9771566783122816,0.7884267631103075,0.863905325443787,0.9818306786600125,0.9819051580698835,0.8840107633479677,0.9087210090872101
b,1,class_balanced,749,0.9143582740697017,0.970032410579297,0.8976654482350402,0.9759468677077724,0.8010752688172043,0.8690476190476191,0.9820058335203051,0.9813596776290134,0.8869223205506391,0.9041503312153576
b,1,class_balanced,764,0.9139608670447712,0.9703707288790001,0.8978593328282727,0.977427445360086,0.7932263814616756,0.8690476190476191,0.9821281686981231,0.9815050854511874,0.888200506899465,0.9061908623952419
b,1,class_balanced,779,0.9117687801064344,0.9698330085139197,0.8936843931811437,0.9761392177969143,0.7948482060717571,0.8588235294117647,0.9820772470651492,0.9810436412873659,0.886241134751773,0.9032084843603169
b,1,class_balanced,794,0.9133536592714294,0.9700063594308946,0.8968029580531492,0.9756010046645138,0.793040293040293,0.8705882352941177,0.9824031575642501,0.9809580869519915,0.8896386897230423,0.9012461476617982
b,1,class_balanced,809,0.9129567761100107,0.9708687054787635,0.8983017709937479,0.9765190894425524,0.7927601809954751,0.8588235294117647,0.9826420063446459,0.9819763504714278,0.8909090909090909,0.9070671851951186
b,1,class_balanced,824,0.9150319856504049,0.9705291390145082,0.8986942486008359,0.976239576795481,0.8014638609332113,0.8690476190476191,0.9823147995627368,0.98182007605355,0.8886118038237739,0.9057261633364624
b,1,class_balanced,839,0.9140967219071567,0.9706991839355145,0.8970862368434366,0.9772360638107188,0.7919340054995417,0.8690476190476191,0.9827501084663605,0.981261890490214,0.8911250873515024,0.9053222786841402
b,1,class_balanced,854,0.9161854680075435,0.9712121912641525,0.9008505442504203,0.977264590046545,0.8083941605839416,0.863905325443787,0.9830001197174668,0.9815800459194323,0.8920502092050209,0.907103825136612
b,1,class_balanced,869,0.9143917223131867,0.9717931583765976,0.8960113978071794,0.9774476463218185,0.7992831541218638,0.8536585365853658,0.9833251080503088,0.9822321800750312,0.8966582420668352,0.9081371889710828
b,1,class_balanced,884,0.9171282602208998,0.9716746515573175,0.8994903765641026,0.9802625703313388,0.7956204379562044,0.874251497005988,0.9828733826938898,0.981750873351061,0.8939203354297693,0.9112187247780468
b,1,class_balanced,899,0.9152889891634703,0.9718058917160521,0.8971379506074422,0.9806543639119194,0.7953321364452424,0.8606060606060606,0.9831516945478465,0.9815688625876587,0.8955139924061314,0.9101958136394328
b,1,class_balanced,914,0.9145205162519167,0.9721815724110648,0.8965268621081721,0.9800981704596162,0.7913669064748201,0.8554216867469879,0.9834100555987326,0.982046538291164,0.898195149464185,0.9111051067279113
b,1,quota,14,0.4004767206271513,0.6530199732664468,0.5456711185364541,0.3370948379351741,0.08707482993197278,0.040345821325648415,0.651401720293087,0.8578139417834074,0.4010018785222292,0.42860401459854014
b,1,quota,29,0.4039510041180507,0.650849261470029,0.5593282618966505,0.5479345788350896,0.06471529842213583,0.02913907284768212,0.6004523630014682,0.9066150910849168,0.3261444557477111,0.35265616888735074
b,1,quota,44,0.442485183210986,0.6783133337471753,0.5956987287476068,0.7280545670225386,0.0587693016824153,0.027015793848711556,0.6444076631851302,0.8525612472160357,0.29429043510189096,0.49229727442017945
b,1,quota,59,0.4503240299818593,0.7308943230985712,0.5240243677696708,0.3333500829104065,0.17407137654770574,0.06654991243432574,0.784914954755573,0.8754782244117184,0.4574177610193733,0.4604858977939123
b,1,quota,74,0.5861204005927144,0.8513191546814787,0.632975562889909,0.7142635658914729,0.2691511387163561,0.26625386996904027,0.9161126043287594,0.9304741079415565,0.5829721795051027,0.42361533779671334
b,1,quota,89,0.5755261500857146,0.8447373311576288,0.6677974019675083,0.7544995263656458,0.432,0.047244094488188976,0.9226215382708014,0.8842165898617511,0.588171898154385,0.3999294034592305
b,1,quota,104,0.5513408474567518,0.82334463057762,0.6517288344106981,0.6624276001007303,0.46862406447898675,0.10218978102189781,0.8901830549806677,0.9255175179189014,0.5821652251714882,0.22827868852459016
b,1,quota,119,0.5766618627047256,0.8348430262150096,0.663127884892071,0.6987175356061094,0.46706586826347307,0.15806451612903225,0.8932072997137054,0.9353045236290118,0.5409836065573771,0.3432896890343699
b,1,quota,134,0.49630731317840765,0.7509577669776141,0.5922947663616064,0.6127319440479589,0.4211212516297262,0.04390243902439024,0.7629203970241205,0.9349960472292352,0.3630055980446267,0.33547351524879615
b,1,quota,149,0.5631577676757813,0.8066376590981756,0.6597458403759286,0.700352526439483,0.49759450171821307,0.10451977401129943,0.8379696592552727,0.9368402309668558,0.41836734693877553,0.4464603344005692
b,1,quota,164,0.5834241427550071,0.8253433403814554,0.681825361051745,0.6942744895987635,0.5009993337774816,0.1251908396946565,0.8605361832868068,0.9462819489845821,0.4669421487603306,0.48974405518242875
b,1,quota,179,0.6008526182414062,0.8440602935310384,0.6706436269598112,0.7072263202558914,0.4520456069751844,0.19900497512437812,0.8871514453824507,0.9522176438973204,0.47104547221142634,0.5372768638431922
b,1,quota,194,0.5768579284682572,0.816105860341054,0.6910275114420601,0.5942139737991267,0.49404761904761907,0.12548015364916773,0.8507425203837332,0.9477886819668753,0.5164071190211346,0.5093254314101446
b,1,quota,209,0.6453561726550608,0.8511839689228814,0.6945866084293112,0.7274062207982913,0.4706640876853643,0.4380952380952381,0.8968774432371196,0.9467298771473722,0.49295774647887325,0.5447625951431678
b,1,quota,224,0.7248709876887839,0.883939586967065,0.7475679228612354,0.8522933607010342,0.4996389891696751,0.6741573033707865,0.9241672130123942,0.9475485754555522,0.6267587618316705,0.5495327102803739
b,1,quota,239,0.7243994004275244,0.8822152784895244,0.7737427547127406,0.8624630384400224,0.46044021415823916,0.693069306930693,0.9194705339980309,0.9454462682414831,0.6103978644972671,0.5795085767269356
b,1,quota,254,0.7430309389990215,0.8914529267934811,0.7754346945624189,0.8866013341019517,0.4716636197440585,0.75,0.9317173832696809,0.943020301376066,0.6155660377358491,0.6026478967655439
b,1,quota,269,0.7279686963382197,0.8861318152576447,0.7535511535986075,0.8343027825813552,0.53003003003003,0.6896551724137931,0.9338583646096106,0.9449363097490225,0.6352620830496937,0.527736131934033
b,1,quota,284,0.738271798309378,0.8866149438284119,0.7648496665692603,0.8331657514115555,0.5135908440629471,0.743455497382199,0.9289896040903965,0.9487662172475197,0.6144127884491427,0.5855218855218856
b,1,quota,299,0.7433558138632569,0.9053916345046489,0.7755462809275547,0.8941830120380504,0.5896805896805897,0.5405405405405406,0.9446314042103675,0.9514230139230139,0.6358330901663263,0.6471990464839095
b,1,quota,314,0.7660052221808245,0.9082957546453697,0.7749243513110102,0.8938379102478232,0.5971563981042654,0.6732673267326733,0.9489250951542778,0.9502647118713093,0.651056712786985,0.6475284003684372
b,1,quota,329,0.7601361084941044,0.8983270536135147,0.7589837177590738,0.9012933968686181,0.6170752324598479,0.7058823529411765,0.9369627939999093,0.9507147754107103,0.5604866583713535,0.6485375494071146
b,1,quota,344,0.7600298201782147,0.9074770848276177,0.7642330510765554,0.9034369885433715,0.49891540130151846,0.7291666666666666,0.9518349308728239,0.9434288914914202,0.6455696202531646,0.6478562421185372
b,1,quota,359,0.7865557384042035,0.9114516402471723,0.7764514846952967,0.919025901385423,0.6213921901528013,0.7486033519553073,0.9465399376349244,0.9534534151996128,0.6188420895966662,0.6980332829046899
b,1,quota,374,0.775962141548806,0.9039025502432604,0.773946619536437,0.9162934894936273,0.6369098712446352,0.7252747252747253,0.9370627252627435,0.9548084520684118,0.5782703886152162,0.683115338882283
b,1,quota,389,0.7685181175355174,0.9042856192007562,0.7729859298698176,0.9142857142857143,0.5906382978723405,0.71875,0.937687346716323,0.9571807696233541,0.5725893824485374,0.6884953118023516
b,1,quota,404,0.7807829188550751,0.9061007345702057,0.7715478050618824,0.9219796468643994,0.6251082251082251,0.7640449438202247,0.9401175938489371,0.956274006053977,0.562059620596206,0.695896395693556
b,1,quota,419,0.7621322011257695,0.899610377919626,0.7617749813486692,0.9004244782454899,0.6350877192982456,0.694300518134715,0.9368046620752289,0.9542215120850136,0.5427751695357329,0.6713113485059606
b,1,quota,434,0.7610461423732413,0.9048812371831897,0.7742069953342836,0.9249590764194021,0.6265876375952583,0.6359447004608295,0.9380603096984516,0.9580260774157332,0.5450414327719861,0.6987037622510275
b,1,quota,449,0.7624933031044178,0.8979198500553319,0.758436517858006,0.9070003381805885,0.6235807860262009,0.7292817679558011,0.9324620713648258,0.9596348156126584,0.5123241708607562,0.6731691717300927
b,1,quota,464,0.7617542449598701,0.9000701195462013,0.7657677925753748,0.9138208626387594,0.5645283018867925,0.7597765363128491,0.9363612996870228,0.9571194929980579,0.5373134328358209,0.6633597883597884
b,1,quota,479,0.7430410341096889,0.8961743655461176,0.7538682450340017,0.9035932657676522,0.49209621993127145,0.7374301675977654,0.9340669334303383,0.9575739010568234,0.5438390173788057,0.6326877336051648
b,1,quota,494,0.7355982982921739,0.8931251101524803,0.7521826445808772,0.9150182528228202,0.47092605886575734,0.6810810810810811,0.9225193816230103,0.9606222153545031,0.49089165867689355,0.7081294396211524
b,1,quota,509,0.7439342809253322,0.8934871333618396,0.7575320884226145,0.925513698630137,0.4864489228630994,0.7231638418079096,0.923347451795899,0.9582146979607541,0.4967054031388523,0.6941459502806736
b,1,quota,524,0.7540165981324254,0.9025302869578448,0.7583332316449322,0.9240550426754921,0.5401459854014599,0.6737967914438503,0.93347008340749,0.9602577319587629,0.5264391768689763,0.7199513751709467
b,1,quota,539,0.7615050426670844,0.8963631254448523,0.7620584051837815,0.9290581862659444,0.5450121654501217,0.7558139534883721,0.9230769230769231,0.9606971184741536,0.4817087561954213,0.7351681957186544
b,1,quota,554,0.7439205706866475,0.8911324316922751,0.7569039244382182,0.9326805385556916,0.5011021307861866,0.7103825136612022,0.918887512805223,0.9558751640208918,0.45965770171149145,0.7288584332658464
b,1,quota,569,0.744579524155297,0.8953888930020203,0.7617229425599975,0.9345243257306391,0.5623471882640587,0.6176470588235294,0.9204938876803823,0.9603820576681131,0.4816597890875745,0.7350023618327822
b,1,quota,584,0.7558221388760163,0.8982191863558391,0.7660612151252517,0.934083044982699,0.5754560530679934,0.673469387755102,0.9258818140174072,0.9590287539936102,0.5012395230787392,0.7215963952365626
b,1,quota,599,0.7372055121132074,0.8807436942914035,0.7494712399903277,0.9370997455917186,0.5389025389025389,0.7015706806282722,0.9060282862155155,0.9519823453314056,0.44004171011470283,0.6848132780082987
b,1,quota,614,0.7384881917504105,0.8890824596560827,0.7598998706660047,0.9308274601931611,0.5489878542510122,0.6509433962264151,0.9178322215732686,0.9539919498649819,0.4765108195986097,0.6903236405454247
b,1,quota,629,0.755225191141878,0.9010158881448876,0.7687025911322662,0.9398351166462025,0.4918518518518519,0.71875,0.93016827653241,0.9570577252615157,0.5162988966900702,0.7326144710110954
b,1,quota,644,0.7555632065022504,0.8762278072670884,0.765026727046478,0.9256055363321799,0.5620094191522763,0.8165680473372781,0.8942191164203535,0.9575366658987945,0.4138594802694899,0.7191441801053808
b,1,quota,659,0.763219971863407,0.8992787339811537,0.7704091764659402,0.9393414211438474,0.5621805792163543,0.7216494845360825,0.9253644936699218,0.9602088077995855,0.4871950479427115,0.7465999687353447
b,1,quota,674,0.7423221240942343,0.902322749036789,0.7726637397335704,0.9336229365768897,0.590869939707149,0.525096525096525,0.9291702804278693,0.9615610853942355,0.5115241635687733,0.7444099378881988
b,1,quota,689,0.7653562662954049,0.8905161553836473,0.7840122602891642,0.9275437236150599,0.5921158487530169,0.7643979057591623,0.9125246349373846,0.9610322977861009,0.4619300106044539,0.737949442612655
b,1,quota,704,0.7501961905027065,0.902947516226575,0.7760496394009959,0.9448832566617481,0.4918032786885246,0.6759259259259259,0.936359240904146,0.9512294872450284,0.5407656145063802,0.710406529587192
b,1,quota,719,0.7372113325854891,0.8795741914975062,0.7816180924773491,0.9448026141481939,0.5317750182615048,0.6542056074766355,0.8949646196613597,0.9551452550032279,0.4293252921221259,0.7502609214253765
b,1,quota,734,0.7558354795762027,0.9094397637519623,0.792278580632563,0.9519844082211197,0.5326001571091908,0.582995951417004,0.9326605978632544,0.9627134334499075,0.5296689569019363,0.7982248520710059
b,1,quota,749,0.7466357720014499,0.876828705093828,0.7867993173227441,0.9542495317934541,0.4596026490066225,0.7659574468085106,0.8851545078050335,0.9571439682663141,0.40770754547091664,0.7966347548592979
b,1,quota,764,0.7414039615153941,0.8746499138730178,0.7851821433783241,0.9539357571478998,0.5307017543859649,0.6796116504854369,0.8805418127671838,0.9594263457917408,0.39968404423380727,0.7859263657957245
b,1,quota,779,0.7408448049971346,0.8695779463157673,0.799815948105933,0.9547792161730804,0.5203938115330521,0.6794258373205742,0.8701432664756447,0.9565015599618389,0.42666040835484625,0.7780095351609059
b,1,quota,794,0.7488368034109644,0.8785368082195212,0.801835930752482,0.9572937938382313,0.5327510917030568,0.6794258373205742,0.8835343963258837,0.958004371865758,0.4520525178660462,0.7787956149572007
b,1,quota,809,0.7541098161007566,0.8795003562534516,0.8090236397517359,0.957543391188251,0.5684367988032909,0.6728971962616822,0.884012741943308,0.9580109357268132,0.4489525544423284,0.7889150943396226
b,1,quota,824,0.7157333098371131,0.8927935828729359,0.8089085855947752,0.9449381425335425,0.5153461812990721,0.39037433155080214,0.906857468498702,0.960467763634482,0.5114778979320812,0.7806713834111094
b,1,quota,839,0.6965276925517054,0.8834918548045707,0.7933227383255834,0.9420983892033087,0.49089584850691914,0.3444976076555024,0.8955509183299616,0.959071598798052,0.4731222049831158,0.7704572803850782
b,1,quota,854,0.7315572107554048,0.8763864369181799,0.7964558600859252,0.9506861443116423,0.5057142857142857,0.602510460251046,0.8822125463634898,0.9577050196240446,0.43693086003372683,0.7851411589895988
b,1,quota,869,0.7126743647526326,0.868677422946743,0.7825346459178817,0.9437849162011173,0.5176824680210684,0.5333333333333333,0.876397938344841,0.9542678232305086,0.42468688200395516,0.7385671921336039
b,1,quota,884,0.7166064043063419,0.8794792052984202,0.7864264827345827,0.9511703340054353,0.4955357142857143,0.5124555160142349,0.8918499560105575,0.9542611014254948,0.4569606801275239,0.7540115282754323
b,1,quota,899,0.7301750468075222,0.873334020682732,0.7933949122012794,0.9502947127650215,0.5381708238851096,0.5833333333333334,0.8774716422282618,0.9579995892380365,0.44053574310150073,0.7634194831013916
b,1,quota,914,0.6888043286871268,0.8854185933274452,0.7960262470865741,0.9408695652173913,0.5548387096774193,0.20899854862119013,0.8960439525338189,0.960661038261182,0.4955850915512594,0.7646333949476278
b,1,prototype,14,0.4004767206271513,0.6530199732664468,0.5456711185364541,0.3370948379351741,0.08707482993197278,0.040345821325648415,0.651401720293087,0.8578139417834074,0.4010018785222292,0.42860401459854014
b,1,prototype,29,0.34806610775452745,0.55021770217374,0.491240966969821,0.32053302120379956,0.07604064241232383,0.020657276995305163,0.5563799429270281,0.6842359923873423,0.3204039476704154,0.45821193068547766
b,1,prototype,44,0.4669501569060034,0.743950617072625,0.5809292519699741,0.5420888055034396,0.06598738476467735,0.05058823529411765,0.7707970057243505,0.8800616470705213,0.4301256997993028,0.5290023201856149
b,1,prototype,59,0.5896066582068558,0.8565323327425247,0.6578350060058215,0.6698854704693465,0.2371579452712434,0.33516483516483514,0.9398913627410016,0.9168852075922416,0.4522175732217573,0.5760442129875651
b,1,prototype,74,0.6634610749466475,0.8782208107672439,0.6791018146892852,0.8631422465855245,0.39009287925696595,0.5370370370370371,0.9448269850954415,0.9303762080992571,0.38015173262251384,0.5986004359297924
b,1,prototype,89,0.6975717395497973,0.896405596158712,0.6674553954983996,0.9156603773584906,0.4805194805194805,0.5,0.9440279139512082,0.9562365534974026,0.34240598379389153,0.7441518677281078
b,1,prototype,104,0.7064607903687835,0.901331309347801,0.6861735062412174,0.9389481426995219,0.3673890608875129,0.6309523809523809,0.9429415645887719,0.9697286285162066,0.2775141242937853,0.8177516306433048
b,1,prototype,119,0.7408057135550334,0.9045045387448309,0.7180213468750193,0.9347423062662217,0.48,0.7514450867052023,0.9457875352889755,0.9715105661361858,0.2798619102416571,0.8222925902469918
b,1,prototype,134,0.7531566651853321,0.911999607157221,0.7184114487187095,0.9634146341463414,0.4156769596199525,0.7757575757575758,0.9474002418379686,0.9695833333333334,0.3558961260110685,0.8443677855910839
b,1,prototype,149,0.7440039612771782,0.9099157091312485,0.7062141761429211,0.95952023988006,0.45823389021479716,0.7037037037037037,0.948426084085722,0.9660326086956522,0.35587188612099646,0.8162393162393162
b,1,prototype,164,0.7656450051767468,0.9145342906723845,0.7320133513205006,0.9616619115549215,0.5071982281284607,0.7515151515151515,0.9483415524851552,0.9706522594350757,0.3710623506408864,0.849083582477577
b,1,prototype,179,0.7493888091036954,0.9097136780288752,0.7163452090447954,0.9650810618207732,0.5499505440158259,0.6838709677419355,0.9450606138767088,0.9755045847728394,0.2590770672288592,0.867176824268926
b,1,prototype,194,0.7738115030130206,0.9127709909252498,0.739421312870208,0.9679153970245564,0.6144578313253012,0.7393939393939394,0.945711199135758,0.9721495375527863,0.3261525204653167,0.8509000961934863
b,1,prototype,209,0.7452498401024892,0.9026147300096393,0.7088279033661251,0.9332028817931157,0.5912698412698413,0.6962025316455697,0.9451811542317056,0.966652901094363,0.2567121997173811,0.8275273709654486
b,1,prototype,224,0.7525982096845982,0.9076927607956772,0.7347855358403548,0.9582806573957017,0.6149479659413434,0.6704545454545454,0.944214609845828,0.9737506178620672,0.22979737783075088,0.8767416934619507
b,1,prototype,239,0.7768497738329975,0.9140160305528398,0.7549124824511061,0.9697944593386952,0.6355140186915887,0.7455621301775148,0.9460866572006368,0.9770784872324298,0.2784104113409249,0.8855022528491916
b,1,prototype,254,0.7986257214572893,0.9203236697449204,0.7715219042702444,0.963703503557597,0.6986666666666667,0.7484662576687117,0.9500165698889097,0.9744993742177722,0.37224525420030546,0.882782424001062
b,1,prototype,269,0.8017167312255572,0.920981581594593,0.7689715834686423,0.972187555714031,0.7174887892376681,0.7612903225806451,0.9503197528202917,0.9771849222094602,0.34372896567197664,0.8898168103448276
b,1,prototype,284,0.810062533892793,0.9235263951707946,0.7789633811954995,0.9731029568934806,0.7526501766784452,0.759493670886076,0.951348241892572,0.9787156346183943,0.36027610777109775,0.8948509485094851
b,1,prototype,299,0.8010787037934721,0.9225259803726334,0.7693116173461432,0.9722445336903168,0.7059859154929577,0.7435897435897436,0.9503739930955121,0.9784206411258796,0.36254980079681276,0.8943862987630827
b,1,prototype,314,0.8069780306945658,0.9240395261358939,0.7752107313149256,0.9730260807431226,0.717948717948718,0.759493670886076,0.9510630340343508,0.9797492767598843,0.3691289966923925,0.8984364377974168
b,1,prototype,329,0.8059041463923966,0.9230404947957804,0.7736877261631616,0.9721058729168524,0.6978879706152433,0.7852760736196319,0.9508653500897666,0.9797195141024972,0.3575094844900692,0.8979647589127169
b,1,prototype,344,0.8053320160657754,0.9210619796564843,0.7750249477233612,0.9718839541547278,0.701180744777475,0.8074534161490683,0.9502304015159128,0.9791818845872899,0.32727272727272727,0.9001209840032263
b,1,prototype,359,0.8013473313308782,0.9195644947206255,0.7687789591551608,0.973234267299257,0.7244525547445255,0.782051282051282,0.9495433233442783,0.979215021515191,0.30020847810979845,0.9007263922518159
b,1,prototype,374,0.8119945578925497,0.9250984983955477,0.7868101506336947,0.9738725841088046,0.7363717605004468,0.7692307692307693,0.9521082170096417,0.9797547612835898,0.3705999557228249,0.9020238573917705
b,1,prototype,389,0.8148043612554845,0.9257731772982164,0.7857299282714909,0.9741062628796703,0.745674740484429,0.7721518987341772,0.9522369576799574,0.980230556569819,0.3758833922261484,0.90334672021419
b,1,prototype,404,0.8360366623193178,0.933159001822668,0.8063873474683726,0.9757012685367161,0.7669565217391304,0.8048780487804879,0.9560641327762437,0.9810062270394205,0.4599332220367279,0.9077172153264975
b,1,prototype,419,0.8190833826468985,0.9270376128416186,0.7859403305545065,0.9759327189764695,0.7513416815742398,0.779874213836478,0.952823939402667,0.9801214079149624,0.3901158976601793,0.9033738191632928
b,1,prototype,434,0.816324463941689,0.9240072539609525,0.7897261592232364,0.9755704697986577,0.7583774250440917,0.8,0.9514565898829551,0.9803604917691185,0.3438343834383438,0.9046718876586551
b,1,prototype,449,0.8283841379682173,0.9292042737439756,0.7997130115550067,0.9759971446417418,0.7608318890814558,0.8098159509202454,0.9538798886308227,0.9807742406085552,0.4097267054013342,0.9076631464933659
b,1,prototype,464,0.8414416906049479,0.9344802601552354,0.8116839542310637,0.9762669521770164,0.774526678141136,0.8170731707317073,0.9568300554277196,0.9805054527471956,0.47666253614209003,0.9082269888677709
b,1,prototype,479,0.8500613959977599,0.9386293367256799,0.8167401282963426,0.9750286773140386,0.7783595113438045,0.8220858895705522,0.9597307647673204,0.9805433282108718,0.5305229667926029,0.9041586339851281
b,1,prototype,494,0.8512904664100355,0.9379755168337882,0.8214108755414464,0.9781643884253506,0.7806563039723662,0.8363636363636363,0.9588699385079476,0.9807151047638903,0.5149508328316276,0.9093130600054303
b,1,prototype,509,0.8433394021813301,0.9368173392022333,0.8114965044508082,0.9766903914590748,0.7791304347826087,0.7975460122699386,0.9586249873193919,0.9802941559286737,0.5073901599514071,0.9036996735582155
b,1,prototype,524,0.8458026016608817,0.9387481301627774,0.8131641239387923,0.9778173719376392,0.7513227513227513,0.8098159509202454,0.959100145137881,0.980822346135807,0.5326732673267327,0.909066378845116
b,1,prototype,539,0.8468917951613851,0.9389319676498563,0.8159416818534694,0.9784659192027051,0.7572304995617879,0.8121212121212121,0.9590368436321439,0.9815432742440041,0.526671974522293,0.9131728428455504
b,1,prototype,554,0.85134597594061,0.939786504190628,0.8207432044958695,0.9777340606277385,0.7694974003466204,0.8242424242424242,0.9597214161346489,0.9818219698942653,0.5340480444709153,0.912356515867657
b,1,prototype,569,0.8607953318928167,0.9462671107578434,0.8315910828357341,0.9760671548490802,0.7668122270742358,0.8047337278106509,0.963808300741346,0.9813509506593492,0.6251382233689643,0.90765673874609
b,1,prototype,584,0.8635403817162857,0.949098169885412,0.8371991852164958,0.9785032557309785,0.774526678141136,0.7810650887573964,0.9653729683865588,0.9817197020988491,0.6522128650779431,0.9113821138211382
b,1,prototype,599,0.8646191934853107,0.9489457501239575,0.8382835483797101,0.9772463638797181,0.7651579846285226,0.7976190476190477,0.9654344484298367,0.9812891976995342,0.6582503556187767,0.9073369565217392
b,1,prototype,614,0.8717397192729158,0.9503770741152443,0.8435350697104677,0.9779483974645121,0.7746967071057193,0.8214285714285714,0.9663056381996453,0.981258610381846,0.6733123469744666,0.9072277633556497
b,1,prototype,629,0.8903547399493322,0.9604681876725515,0.8694001381120096,0.9770515224573623,0.7850467289719626,0.8214285714285714,0.9741691954703575,0.980817217716781,0.7905150753768844,0.9034548682234057
b,1,prototype,644,0.8852032814512208,0.9593390569507847,0.862492901667169,0.9774597495527728,0.7750631844987363,0.8072289156626506,0.9734761728851127,0.9805358488604766,0.7795741956138946,0.9030849030849031
b,1,prototype,659,0.8917187602818404,0.9623894783549498,0.870545408857525,0.977761900509065,0.7745762711864407,0.8170731707317073,0.975627133739053,0.9808496816941665,0.8132438205675923,0.9028993435448578
b,1,prototype,674,0.8910249829260771,0.9624345657489712,0.8717989103088662,0.9768232662192394,0.7749576988155669,0.8098159509202454,0.9755437610573421,0.9808758098509094,0.8155048076923077,0.9036535859269282
b,1,prototype,689,0.8933531459786429,0.963496540339309,0.8765624632133855,0.9782181753258347,0.7711442786069652,0.8170731707317073,0.9760739936653333,0.981314734814969,0.8217404396266185,0.9079072290790723
b,1,prototype,704,0.8941492057111743,0.9635170679247153,0.8764917093800909,0.9771183410797283,0.7797173732335827,0.8170731707317073,0.9762834697120454,0.9815046368656872,0.8196322747302841,0.9077151736251858
b,1,prototype,719,0.8938876817625349,0.9656152562032503,0.8793938279728927,0.9774557165861514,0.7805280528052805,0.7875,0.9776424584340766,0.9816372776287344,0.84343287909539,0.9090173877881116
b,1,prototype,734,0.8793808491743063,0.9643830116694605,0.8855243293521953,0.9781191390551041,0.7839866555462885,0.6910994764397905,0.9757989636684937,0.9822768974145121,0.8322317536211503,0.9121530584748047
b,1,prototype,749,0.8904242318363275,0.9656492820313223,0.8790669178069598,0.9791183294663574,0.7804473902236951,0.7607361963190185,0.9777306151730735,0.980956102644262,0.8457241082939407,0.908256880733945
b,1,prototype,764,0.8932016383512407,0.9665920481110195,0.8832658666532839,0.978666428635187,0.7770491803278688,0.7730061349693251,0.9781471405937042,0.9818238714892952,0.8513011152416357,0.9124175972016683
b,1,prototype,779,0.889750066557432,0.9646112842769374,0.8837231847341895,0.9791146019278829,0.7874276261373035,0.7590361445783133,0.9762507679168103,0.9814462044309908,0.8356164383561644,0.9093586825545589
b,1,prototype,794,0.8912573227887525,0.9658297715011126,0.8803808588187384,0.9780435558729025,0.7893422148209825,0.7577639751552795,0.9782741966835629,0.9805059057175708,0.8494516450648056,0.9054197662061636
b,1,prototype,809,0.8894809266456589,0.9678250396381437,0.8851733574554675,0.9798358315488936,0.7883817427385892,0.7241379310344828,0.9795863470619882,0.9813201147925906,0.8635514018691589,0.9095531174739095
b,1,prototype,824,0.9011179414665113,0.9671660648130043,0.8863398861952297,0.9793915603532876,0.7912824811399832,0.8125,0.979418705379813,0.980555918047762,0.8580886586067933,0.9065882667379394
b,1,prototype,839,0.897513176325025,0.9677917591048829,0.8819058830541368,0.9805634807417974,0.7752715121136173,0.7950310559006211,0.9801636388023667,0.9804453959219904,0.8643793255779708,0.9067378252168112
b,1,prototype,854,0.8937932687287253,0.968081844438683,0.8793942914419464,0.9809676271789399,0.7644593461860855,0.7730061349693251,0.97998687664042,0.9809332533451577,0.8672023374726078,0.9099973053085422
b,1,prototype,869,0.9004075699459684,0.9684899686697002,0.8932825553083813,0.9793348115299335,0.7815699658703071,0.8022598870056498,0.9802744553450103,0.9814978891958097,0.8687509004466215,0.9091650802284471
b,1,prototype,884,0.9088246803598082,0.9693816269199192,0.8959752762085562,0.9802561366061899,0.7742489270386266,0.8588235294117647,0.9807930514722343,0.9818911383829698,0.8707857039502243,0.9149742756566477
b,1,prototype,899,0.9084116308889192,0.9698028584243993,0.8929149784699798,0.9807299529349081,0.7976088812980359,0.8313253012048193,0.9811968362930906,0.9818011403577287,0.874024848309737,0.9121944558241158
b,1,prototype,914,0.9103967973340534,0.9695204715132822,0.9001938458021373,0.9791814946619217,0.7986520640269588,0.8470588235294118,0.981042441625958,0.9816305792230126,0.8735830104749606,0.9116291677961507
b,2,random,14,0.3211260750555331,0.5739175735043194,0.466234555489918,0.4295449851999725,0.06355891643534028,0.037109375,0.721261559281257,0.501303317535545,0.3666997026759167,0.12840466926070038
b,2,random,29,0.41774674948197493,0.684687707615261,0.5478569470195396,0.7154904571682201,0.16593886462882096,0.028476506881822496,0.8572202568760557,0.5365733403768269,0.3331745653727078,0.2873532550693703
b,2,random,44,0.5447933021432453,0.8178245306494111,0.6189111150278394,0.8211359141000283,0.22512562814070353,0.04086265607264472,0.8780540910434066,0.8558439196737069,0.33378767227018025,0.6587432337020476
b,2,random,59,0.547699312672978,0.8213829422143555,0.6159651974899308,0.8624002900652646,0.20979827089337175,0.05629397967161845,0.889106547090692,0.840473829776131,0.32520891364902504,0.6506133575647433
b,2,random,74,0.5660530721707896,0.8655713941332199,0.6128502284964795,0.9317710680486706,0.26359832635983266,0.07931404072883172,0.9256068013361816,0.935466049301518,0.05282426778242678,0.7737909516380655
b,2,random,89,0.7051849499763245,0.8948267986791634,0.7198262497723601,0.9442090395480226,0.358683314415437,0.5644171779141104,0.9291854036122373,0.9529817121653856,0.38635957864667025,0.800458423532408
b,2,random,104,0.6796966491602401,0.8911602493758671,0.6787866091638711,0.9485868102288022,0.3319946452476573,0.47904191616766467,0.9309580733570471,0.9504909128890746,0.316588785046729,0.8002154011847065
b,2,random,119,0.717476292269857,0.9079067881004821,0.7032443010929202,0.9416846652267818,0.36913285600636436,0.546583850931677,0.9438875714680595,0.9587054744142062,0.438579836719195,0.8237597911227154
b,2,random,134,0.6956874906767421,0.8986644313365054,0.6967748256564595,0.940147827654588,0.3126967471143757,0.5314685314685315,0.9325837761869208,0.9624012804030121,0.36765561372891215,0.8228586581808539
b,2,random,149,0.7173130099684716,0.9078789494819879,0.7021917391532083,0.9413029841383637,0.34554973821989526,0.6011560693641619,0.9483303737710598,0.9582269484877998,0.4130034757718258,0.8136214800261952
b,2,random,164,0.7520194031792126,0.9285497095165327,0.7216667705340685,0.9405221135731587,0.26068821689259647,0.6451612903225806,0.9598304935110797,0.9610052443013656,0.6791530944625407,0.8177753691911666
b,2,random,179,0.7418547744461463,0.9257690797194021,0.7102253613758961,0.9359949870199624,0.2833158447009444,0.5988023952095808,0.959983625012793,0.9598717550935981,0.6605410923940787,0.7944737216920666
b,2,random,194,0.7272788898380053,0.9197894782406337,0.712831440954416,0.9395332071731098,0.2894472361809045,0.5631067961165048,0.9556310031629959,0.9592398359208681,0.5794671138438606,0.8045270364677938
b,2,random,209,0.7394539817719638,0.9229239441339163,0.7122310094605037,0.9377869811830377,0.33363068688670827,0.5714285714285714,0.9551341890315053,0.9643143648267474,0.6050389704549574,0.8088441085922194
b,2,random,224,0.7519841131279307,0.9257152350988078,0.7265830331846226,0.9402198194978107,0.32977850697292865,0.6172839506172839,0.9560898422047382,0.9632837214126433,0.6393073593073593,0.8179255918827508
b,2,random,239,0.7529262047496715,0.9280115444579979,0.7182494377911324,0.9430807541800071,0.2966333030027298,0.6266666666666667,0.9576906708149279,0.9637769216847222,0.6638355698997792,0.8187995469988675
b,2,random,254,0.7410094071023501,0.9287581889486695,0.7267891635490409,0.9396831112711559,0.2925958965209634,0.532608695652174,0.9586544992764537,0.9627755692085291,0.6996307593514208,0.8011173184357542
b,2,random,269,0.762379684461517,0.9322225211006749,0.7295275692836494,0.9377072689791163,0.31569173630454966,0.6258503401360545,0.9613107978448594,0.9634919402830604,0.7187203040861577,0.8138854035968214
b,2,random,284,0.7668086785774663,0.9337457395643174,0.7411956139831206,0.9444295780929445,0.3816651075771749,0.5802469135802469,0.9601428951020047,0.9665733830845771,0.7108929702343255,0.8237099023709903
b,2,random,299,0.7504955353641637,0.9316875965843805,0.7249596318125343,0.9363899963754984,0.2939677145284622,0.5657894736842105,0.960546103264235,0.9643802897346695,0.7115260785576304,0.8208690914044409
b,2,random,314,0.7594579986681123,0.9337772310808111,0.7360616740500436,0.9373306844861838,0.3039568345323741,0.5962732919254659,0.9615860120098905,0.9654111820669882,0.7204266321913381,0.8312213534645457
b,2,random,329,0.7754204501627048,0.9346921494515619,0.7521956535821176,0.9402592693318829,0.2792714657415438,0.7169811320754716,0.9615713821906083,0.9655459994787594,0.7378609965090448,0.8264529058116232
b,2,random,344,0.7806635891732105,0.9354937715093047,0.7527363080332607,0.9394189350197049,0.352549889135255,0.7085714285714285,0.9631314094570209,0.9698320547377152,0.7025699787199214,0.8285714285714286
b,2,random,359,0.7776381136794015,0.9370155083858427,0.7357940056012671,0.9455242266630167,0.3300970873786408,0.6805555555555556,0.9628029334391488,0.9703816952139099,0.7153167602245389,0.8387885372809996
b,2,random,374,0.7906672622676565,0.9398206606991749,0.7573815543508639,0.9480083476998458,0.35449101796407184,0.7151515151515152,0.9642325985480997,0.9705912863070539,0.7414543194530765,0.8407417507499318
b,2,random,389,0.7975401906726114,0.9388936226291564,0.7638114333565292,0.940185032518091,0.35625704622322435,0.7804878048780488,0.9648898114207481,0.9703498459227802,0.7367593902247368,0.8338524035206499
b,2,random,404,0.7848425691603894,0.9369618760705382,0.7501904252881744,0.9451630533794863,0.33613445378151263,0.7272727272727273,0.962302927101377,0.9712019492469997,0.706882721001123,0.8449401523394995
b,2,random,419,0.7833978688700827,0.9398466654150661,0.7422965060712128,0.9442325158946412,0.32989690721649484,0.6853146853146853,0.9651214258313907,0.9697739527167151,0.7534309946029298,0.8360146005137218
b,2,random,434,0.7833631733552869,0.9407511889971226,0.7448309373014969,0.9438733739652506,0.31712962962962965,0.6853146853146853,0.9654857075429953,0.9705621841296306,0.7542892156862745,0.846887417218543
b,2,random,449,0.7739325019526324,0.9386120996201541,0.7289196616650709,0.9429844503046285,0.3097893432465923,0.656934306569343,0.9643482483115813,0.9712669037298518,0.7297767927813835,0.8424274687250466
b,2,random,464,0.7739658119368109,0.9405900815205761,0.7343323422595122,0.9424702353903481,0.3378212974296206,0.60431654676259,0.9652360197975918,0.9714627300135149,0.751779494169317,0.8446743599946942
b,2,random,479,0.7934764406733539,0.9431503892786388,0.7529921815252395,0.9538682462753545,0.32290362953692114,0.7222222222222222,0.9664104080425784,0.9707571937303423,0.7608760876087609,0.8572972972972973
b,2,random,494,0.7614568859557892,0.9417153188184607,0.7204339886960597,0.9495805898800397,0.3258145363408521,0.5116279069767442,0.9656485732422019,0.9715832205683356,0.7543304714565446,0.8516129032258064
b,2,random,509,0.7972028536125618,0.9428740492252727,0.7564534132724727,0.9489511119114072,0.3663943990665111,0.7172413793103448,0.9662436660708218,0.9717478882391163,0.7527372262773723,0.85710430441236
b,2,random,524,0.7977700257725557,0.9428555713837081,0.7573936922266933,0.9493728002887826,0.35772357723577236,0.7346938775510204,0.9670371789957838,0.9714583333333333,0.7481881264456438,0.855916286557553
b,2,random,539,0.7951204777265438,0.9427595522226974,0.7537338055316835,0.9466799890998274,0.36792452830188677,0.7083333333333334,0.9670358844264834,0.9716963936987372,0.750846935632892,0.8533262795926465
b,2,random,554,0.7923756726372185,0.9413659526983625,0.7560413225630007,0.9468625317373958,0.32653061224489793,0.7368421052631579,0.9657724056603774,0.9710979646086888,0.7446939403260535,0.8548301486199575
b,2,random,569,0.7899963170646335,0.9426235324290231,0.7513000363627043,0.9509085977759696,0.33568075117370894,0.6986301369863014,0.9663126843657817,0.9718706047819972,0.7503448275862069,0.8562266167824693
b,2,random,584,0.7700622565095705,0.9417664116321094,0.730909719013448,0.9488852637302883,0.26335403726708073,0.6323529411764706,0.9669749398940957,0.9706411024565608,0.7527866849900748,0.8554408260524226
b,2,random,599,0.7848152031774814,0.9431877158349684,0.7448697052471112,0.9534005037783375,0.3067484662576687,0.6808510638297872,0.9665909828089523,0.9722338204592902,0.7493121369611739,0.8645694481471607
b,2,random,614,0.7467589044548116,0.942332437578896,0.7107441252691046,0.9519178822258239,0.34530706836616454,0.3870967741935484,0.9668675142533036,0.9710550398744934,0.7470588235294118,0.8580092287409361
b,2,random,629,0.7619652875209402,0.9444584075708683,0.7258979060643275,0.9525869839552912,0.31425091352009743,0.49624060150375937,0.9681694089869401,0.9714793610958617,0.7722264150943396,0.858803328490292
b,2,random,644,0.7527663296483059,0.9449080878760394,0.7182654501350717,0.9537161858542285,0.30619684082624543,0.43410852713178294,0.968822955761104,0.9713212076929099,0.7763890980274055,0.858809492244465
b,2,random,659,0.7639772959749945,0.945585809205975,0.7274787878095876,0.9551649928263989,0.3023543990086741,0.5038167938931297,0.9696047734388846,0.969330927915915,0.7904263275991025,0.8571428571428571
b,2,random,674,0.7648616709349628,0.9455684617082435,0.7331809614157466,0.9530334445145587,0.27648578811369506,0.5352112676056338,0.9696736703582677,0.9700626959247649,0.7926865231495134,0.8568783068783069
b,2,random,689,0.7730224541663435,0.9479263609880892,0.742267283226178,0.958754585309117,0.2767749699157641,0.5633802816901409,0.9703271995739897,0.9712610584724912,0.8070227205665388,0.8636363636363636
b,2,random,704,0.7708751478374806,0.9461582507536893,0.7377333885883479,0.952021563342318,0.28714107365792757,0.5633802816901409,0.970807453416149,0.9691701255645182,0.8061118528408248,0.8474936843504853
b,2,random,719,0.7809624944035953,0.9481401711716545,0.7467308405237757,0.9545005833258547,0.3525091799265606,0.5531914893617021,0.971438729556767,0.9699898137749106,0.8127746850278348,0.8523329798515377
b,2,random,734,0.7604130904129518,0.9475074931996899,0.7326642767331043,0.9517402224614281,0.295,0.4647887323943662,0.9714065601943761,0.9699808945536392,0.8179572860671219,0.852017937219731
b,2,random,749,0.7762006019717654,0.9479407511446785,0.7494948091156959,0.9566541286046928,0.30900243309002434,0.5562913907284768,0.9717073460067025,0.9683962880669194,0.816778327993009,0.854574299312533
b,2,random,764,0.7812592226250544,0.9484919881484738,0.7506510873490182,0.9545045855062039,0.37681159420289856,0.5277777777777778,0.9716603985904232,0.969511397241632,0.8188790560471977,0.8496697490092471
b,2,random,779,0.7768928840816548,0.948392694657125,0.7458258200522992,0.953023758099352,0.33573141486810554,0.5352112676056338,0.9720777970344695,0.9693322168725141,0.8165541532139713,0.8563195808775377
b,2,random,794,0.7682215792202352,0.9477836751954967,0.7382493310424533,0.9526637868970482,0.2982885085574572,0.5142857142857142,0.9709117865085248,0.9711435510406602,0.8113070085968236,0.8589506986554178
b,2,random,809,0.7744732469667808,0.947507411730629,0.7435979940501448,0.9527665317139001,0.29064039408866993,0.5673758865248227,0.9699782064016842,0.9721286210589557,0.806125397284022,0.8622976916954099
b,2,random,824,0.7628970673329116,0.9469354937551808,0.7338076812534544,0.9487968156323503,0.2544589774078478,0.5255474452554745,0.9704552529759699,0.9716419469396281,0.8086027713625866,0.860776261756524
b,2,random,839,0.7626917940878182,0.9471461401262956,0.7336833609105521,0.9518485121731289,0.26401869158878505,0.5147058823529411,0.9702485954431581,0.9722679630936512,0.8073633859979708,0.8583895279650933
b,2,random,854,0.7717306050191662,0.9500562905000395,0.7369746198008549,0.9626918957515174,0.3557582668187001,0.4603174603174603,0.9707063373290462,0.973100149007921,0.812793427230047,0.8667466986794717
b,2,random,869,0.7604896191594586,0.9490427808884312,0.7315848044080047,0.9633264923708397,0.25934579439252337,0.4732824427480916,0.9705851813394645,0.9715256896326318,0.8180107137686405,0.8673510198640181
b,2,random,884,0.7675999965389079,0.949511019210657,0.7359286159118531,0.9641711229946524,0.32671081677704195,0.4603174603174603,0.9711035875504871,0.970939189012768,0.8166329771874098,0.8633248219325359
b,2,random,899,0.7615749498207827,0.9493808333886957,0.7316014333043117,0.9635439878777075,0.33476394849785407,0.4098360655737705,0.9708827287042814,0.9708078750848609,0.8169991326973114,0.864190910309693
b,2,random,914,0.7588939651205641,0.9506211406434542,0.7285817144302005,0.9642730810045985,0.3426028921023359,0.3697478991596639,0.9718165475642188,0.9709838334769777,0.8273681184418571,0.8654653840942962
b,2,uncertainty,14,0.3211260750555331,0.5739175735043194,0.466234555489918,0.4295449851999725,0.06355891643534028,0.037109375,0.721261559281257,0.501303317535545,0.3666997026759167,0.12840466926070038
b,2,uncertainty,29,0.3762583401863128,0.6752394808674856,0.506716500456774,0.5129148680206638,0.07050092764378478,0.03305785123966942,0.7349696836876324,0.8046318289786223,0.35513144354008797,0.12260177819372953
b,2,uncertainty,44,0.4490336296274299,0.7557055238216126,0.5571339066479307,0.5433373613094584,0.2318214542836573,0.027225901398086828,0.8019209705956694,0.9258390288687136,0.3580932106743709,0.25499748026205277
b,2,uncertainty,59,0.5501192556902544,0.8148421580346088,0.6426290834614511,0.673356839345448,0.2271604938271605,0.43386243386243384,0.8752532183232046,0.9470649761473507,0.45134374696807994,0.2427930813581038
b,2,uncertainty,74,0.5331405550910155,0.7552167657216375,0.6724278247128762,0.8744581527175725,0.36022193768672645,0.07023705004389816,0.7154695618167936,0.9451724924589998,0.2909744539462934,0.47545023696682465
b,2,uncertainty,89,0.5861488678827603,0.7748567036516536,0.670668474992909,0.8369334277620396,0.44919786096256686,0.42790697674418604,0.772374161966585,0.9364745898359343,0.31570139262446956,0.3644536652835408
b,2,uncertainty,104,0.5927649403889277,0.7891393653258205,0.6914423877012651,0.8766323302782059,0.4665071770334928,0.2328042328042328,0.7654750288299477,0.9538682095130818,0.3006922667297793,0.5533753375337533
b,2,uncertainty,119,0.5653811906862625,0.7634094525715754,0.6892190289617026,0.9326168543159331,0.3399405351833499,0.09068627450980392,0.6982965156860156,0.9538897605911829,0.29314294847887473,0.6490954460386775
b,2,uncertainty,134,0.6839382155896255,0.8567724214532408,0.7176274770077542,0.9142283899013542,0.5564950038431975,0.4588235294117647,0.8710014362188275,0.9549060860307723,0.4479933110367893,0.584119752684673
b,2,uncertainty,149,0.7442178083405155,0.8686524710723598,0.7610139098216535,0.95517150627248,0.5745775165319618,0.7225806451612903,0.8755526047317539,0.9568821715614416,0.41339729313003254,0.711362920994649
b,2,uncertainty,164,0.7593173519540304,0.8597141448489245,0.7932262534422138,0.9557011795543906,0.5744507729861676,0.7515923566878981,0.8400676501615901,0.9688100439554654,0.38087840700466036,0.8437210533280403
b,2,uncertainty,179,0.8163852364557636,0.9268981721698786,0.7914221197254159,0.9654865682262943,0.6360424028268551,0.782051282051282,0.9473870682019486,0.9736738908786698,0.5391829597838181,0.8708724832214765
b,2,uncertainty,194,0.8209358484888435,0.9296870850413672,0.7972988832679814,0.963009069891517,0.6750448833034112,0.7515923566878981,0.9521995304124397,0.9698258882848815,0.5821417222751827,0.8527374885665752
b,2,uncertainty,209,0.8090075303014447,0.9192354635098784,0.7990722754059275,0.9649791648195762,0.6533713200379867,0.7484662576687117,0.9373642288196958,0.9680747466771944,0.5441025641025641,0.8466944299843832
b,2,uncertainty,224,0.8218301121360277,0.9375531744781918,0.7900421910330179,0.967032967032967,0.6077235772357723,0.7375,0.9588750956051068,0.9722521764288157,0.6446254071661238,0.8648015614834093
b,2,uncertainty,239,0.8198734930163114,0.9301903132531862,0.7920544773776758,0.968515205724508,0.645748987854251,0.7672955974842768,0.9535894828373938,0.9682249914014339,0.5883290816326531,0.8474111041796631
b,2,uncertainty,254,0.8190160780793772,0.9157622035479897,0.8100415995298775,0.9675569098404732,0.6907020872865275,0.8050314465408805,0.9298099239999393,0.9712368928448799,0.504880429477794,0.863894856565146
b,2,uncertainty,269,0.8091224039915321,0.9120715023200852,0.8053033631143115,0.9686154949784792,0.6950880444856349,0.7721518987341772,0.9308801892945441,0.962858436060598,0.5052786643751535,0.8289841000121374
b,2,uncertainty,284,0.8269759039497947,0.9291318492137323,0.8042289873183781,0.970898053918943,0.6920077972709552,0.775,0.9502592208561694,0.9689516555590818,0.5755046289269995,0.8562099711164134
b,2,uncertainty,299,0.7906478058231832,0.9254823875283668,0.8022798884158213,0.9719860377696232,0.7165048543689321,0.540084388185654,0.948991941435192,0.9663623130872039,0.5428982265537626,0.8477068793619142
b,2,uncertainty,314,0.833213930335142,0.9333112471863853,0.8069468686936098,0.9714336885466105,0.6857142857142857,0.7975460122699386,0.962112783275751,0.9576500173894432,0.6442721791559001,0.8137685459940652
b,2,uncertainty,329,0.83780994041501,0.9373985045681208,0.8202296183557213,0.9704588309239472,0.7093023255813954,0.7613636363636364,0.9639675340877402,0.9604501693468811,0.6753856472166331,0.8237414393848372
b,2,uncertainty,344,0.85684539793559,0.9429215525494457,0.8245723734760825,0.9717260569069204,0.7366412213740458,0.8313253012048193,0.9618618002870617,0.9780081683945963,0.6305401662049861,0.8878150711767011
b,2,uncertainty,359,0.8251930320076958,0.9444282431423192,0.8306004665987861,0.9685920577617328,0.7290076335877863,0.5916666666666667,0.9624208221271843,0.9794116110153106,0.6573213984124303,0.8879310344827587
b,2,uncertainty,374,0.8577221204549492,0.94348478791876,0.8340731570968948,0.9660308810172571,0.7410714285714286,0.8323699421965318,0.9625582281076963,0.979453483521068,0.6321170456548564,0.8904538341158059
b,2,uncertainty,389,0.8487663379840991,0.9457127286090936,0.8328760763320933,0.9724721122706009,0.7011494252873564,0.7708333333333334,0.9627607262906043,0.9806040671417756,0.6549787234042553,0.8985659781607683
b,2,uncertainty,404,0.8569591242675444,0.9454813819750354,0.834388835472175,0.9756841633019291,0.7276154571159283,0.8131868131868132,0.9624062353492733,0.9813042684675758,0.6345381526104418,0.9039787798408488
b,2,uncertainty,419,0.8660997751695765,0.9471004660465804,0.8436166696100699,0.9748653500897666,0.7648673376029277,0.8248587570621468,0.963209916432904,0.9817176538090394,0.6477292056472189,0.9054502055430315
b,2,uncertainty,434,0.8694367304711872,0.9475877245377229,0.8493066708668386,0.9732879168160631,0.7579329102447869,0.847457627118644,0.9638547132924696,0.98109260179398,0.6603932112250042,0.9020381328073636
b,2,uncertainty,449,0.8716216419586097,0.9490634292567195,0.8458573035243285,0.9735099337748344,0.7426955702167767,0.8554913294797688,0.964643861638369,0.9811261649306915,0.6810259782966129,0.9028586553732133
b,2,uncertainty,464,0.8719671555181688,0.9489252777301095,0.8480756706072273,0.9732294744381771,0.7481884057971014,0.8538011695906432,0.9641546961325966,0.981630309988519,0.6780104712041884,0.9047555614759558
b,2,uncertainty,479,0.883037474859817,0.9533645547901541,0.8626471263936681,0.9753042233357194,0.7647593097184378,0.8604651162790697,0.967430961350221,0.9806199531127898,0.7315661182205973,0.9011166420018835
b,2,uncertainty,494,0.8856443075355774,0.9556430123671443,0.8708990950636659,0.974381941956288,0.7730941704035874,0.8457142857142858,0.9689071379689964,0.9816040439835322,0.7516659262549977,0.9041426464673549
b,2,uncertainty,509,0.8883226330001219,0.9561014487672541,0.8737837348391408,0.9741750358680057,0.7714543812104788,0.8571428571428571,0.9693021036780821,0.9807257120561842,0.7646207295888825,0.9008376114563631
b,2,uncertainty,524,0.8895439537681558,0.9570378695777421,0.8789729166831673,0.9750201450443191,0.7818499127399651,0.8439306358381503,0.969729616495339,0.9808027016495648,0.7732844864027054,0.9021901782070466
b,2,uncertainty,539,0.8944795028176105,0.9582667629021939,0.876634063566918,0.9776511441545722,0.7866549604916594,0.8654970760233918,0.9709567028715965,0.9811369777593016,0.7728149577088589,0.9066447007138935
b,2,uncertainty,554,0.8914259969292248,0.9584647462018294,0.8740162624293595,0.9738725841088046,0.7754010695187166,0.8554913294797688,0.971756622097952,0.9814371880199667,0.7798124162572577,0.9022107690221077
b,2,uncertainty,569,0.8950548690979924,0.959558709529258,0.8751050901221001,0.9737218448337505,0.7947368421052632,0.8520710059171598,0.9727681953915408,0.9812272490899636,0.786939512488715,0.9039194338595536
b,2,uncertainty,584,0.8978375850825493,0.9604319516166222,0.8788240563697512,0.9783711615487316,0.8007149240393209,0.8538011695906432,0.9727260553216183,0.981455954641213,0.7881569207994078,0.9096369096369097
b,2,uncertainty,599,0.8968162818172206,0.9609413127362506,0.870525092414585,0.9764831640833779,0.7945205479452054,0.8538011695906432,0.9742740062428806,0.981360646788156,0.7890539483971853,0.9082204896730953
b,2,uncertainty,614,0.8996461646091307,0.9594213776051519,0.8732992331604679,0.9768105601141635,0.8050314465408805,0.8823529411764706,0.9728755466256943,0.9814501652054011,0.7714738510301109,0.9075286415711947
b,2,uncertainty,629,0.9023557368741331,0.9619404453216984,0.8775635834003673,0.9760313641628798,0.8096085409252669,0.8705882352941177,0.975191206710357,0.9816110489765131,0.7962264150943397,0.9072333469554557
b,2,uncertainty,644,0.9056617341943778,0.9627237600241134,0.8770916111641662,0.9757662152530292,0.809009009009009,0.8862275449101796,0.9761147674332619,0.981249837463917,0.8045290139959113,0.9067357512953368
b,2,uncertainty,659,0.9081031865035573,0.9659100415744167,0.8842016194986503,0.9763303078839651,0.8138297872340425,0.8622754491017964,0.978577472943482,0.9815089334477647,0.837096529777239,0.907103825136612
b,2,uncertainty,674,0.910960222712159,0.966089235483763,0.8887630924053485,0.9765576254568143,0.8174532502226179,0.8757396449704142,0.9787246686872288,0.981062379688882,0.8404447115384616,0.9067392784206944
b,2,uncertainty,689,0.9128234867238889,0.9669672165310392,0.8949713191280745,0.9766613219312311,0.8103294746215495,0.8837209302325582,0.9789274598281433,0.9817879071703611,0.8470898695205982,0.9112474437627812
b,2,uncertainty,704,0.911019678738023,0.9672080695167267,0.8935970740084728,0.9772241992882562,0.8131089459698848,0.8654970760233918,0.9791116876146173,0.9817264952821606,0.8500072600551765,0.9104620869326752
b,2,uncertainty,719,0.913727128378065,0.9670980926495668,0.8966297755999857,0.9781776075532199,0.8156028368794326,0.8837209302325582,0.9788362942649338,0.981877746288448,0.8459970887918487,0.9118773946360154
b,2,uncertainty,734,0.9140914240210914,0.9671922340034635,0.8978151407972949,0.9774222222222222,0.8176211453744493,0.8823529411764706,0.9786732333407955,0.9821758476230127,0.8453904789299583,0.9150040994807325
b,2,uncertainty,749,0.9161505697132651,0.968134867647548,0.9011413185663804,0.9762010874409484,0.8244541484716157,0.8823529411764706,0.9795985374225804,0.9825264967058149,0.8543103448275862,0.9136104319478403
b,2,uncertainty,764,0.916272574938352,0.9687183491459727,0.8993465649691936,0.9765492643780651,0.8197009674582234,0.8823529411764706,0.9806137970115423,0.9818919762722448,0.8631884057971014,0.9096106724748162
b,2,uncertainty,779,0.9139614762724307,0.969571592272223,0.8977994099617005,0.9781138790035587,0.8216783216783217,0.8520710059171598,0.980799355502842,0.9822442072376986,0.8681096681096682,0.9147138964577657
b,2,uncertainty,794,0.9153812420912705,0.9691068668700589,0.8997390072690433,0.9791500310531452,0.8174672489082969,0.8705882352941177,0.9804132169762064,0.9819535949584646,0.8639121641144178,0.9141842033342443
b,2,uncertainty,809,0.921568715229582,0.9707110263226373,0.90527624554056,0.9791889007470651,0.8289241622574955,0.8875739644970414,0.9814933755545265,0.982690856086832,0.8733761598857959,0.9177335875783166
b,2,uncertainty,824,0.9161280709001468,0.9697615000969318,0.9053870183678229,0.9793667733902526,0.8355321020228672,0.8522727272727273,0.9805485837217641,0.9825803931779716,0.8636622932116372,0.9189336235038085
b,2,uncertainty,839,0.9163588341998748,0.9710752758982305,0.9077997368722942,0.9799146818343406,0.8312829525483304,0.8426966292134831,0.9816213306216447,0.9826634735526864,0.8763981311057625,0.9199346405228758
b,2,uncertainty,854,0.920643101149987,0.9708090745681517,0.9057267334951948,0.9798204284825318,0.8257839721254355,0.8823529411764706,0.981569639899118,0.9825996353216984,0.873015873015873,0.9193592180287808
b,2,uncertainty,869,0.9222713401649004,0.971608715883215,0.9069489227421539,0.9803503156397262,0.8320413436692506,0.8809523809523809,0.9822161831240388,0.9829308909242298,0.8785261945883708,0.9188820722563054
b,2,uncertainty,884,0.9196764560051637,0.9714554600268233,0.9090385085411464,0.9796787647528619,0.8346055979643766,0.8604651162790697,0.9820137436510308,0.9828250234204227,0.8797014068331898,0.9184455391351943
b,2,uncertainty,899,0.9211235959633723,0.972074390753172,0.9101788904929686,0.9800053319114903,0.8331907613344739,0.8654970760233918,0.9825233421115633,0.9829450915141431,0.8856213770677224,0.918082191780822
b,2,uncertainty,914,0.9244701460181736,0.9722559976023913,0.9109328890625706,0.9799075391180654,0.8402061855670103,0.8823529411764706,0.9828644845152905,0.982807501235467,0.8864059590316573,0.9167464114832536
b,2,margin,14,0.3211260750555331,0.5739175735043194,0.466234555489918,0.4295449851999725,0.06355891643534028,0.037109375,0.721261559281257,0.501303317535545,0.3666997026759167,0.12840466926070038
b,2,margin,29,0.4012517395810886,0.7000303153905142,0.5182543109394427,0.49628886659979937,0.1714860447573548,0.030470914127423823,0.8311688311688312,0.7069554606467359,0.3315398886827458,0.24085217108472923
b,2,margin,44,0.5292834587010001,0.8341962468671534,0.6135622582281902,0.734997552618698,0.18364997121473806,0.04398447606727038,0.9178112836114716,0.8780155531588806,0.3572744014732965,0.5892509727626459
b,2,margin,59,0.67597624990838,0.88444471333041,0.7175580259675227,0.93205093953157,0.16907577748576436,0.546448087431694,0.9460529425667691,0.8849640946017134,0.5300813008130081,0.723160606928142
b,2,margin,74,0.7267090455852275,0.9109746750419292,0.7146808408070245,0.9158721256309591,0.29617486338797816,0.5952380952380952,0.9494824928429861,0.94609343125255,0.5805867439333575,0.8035155668106658
b,2,margin,89,0.7396793863918179,0.9252548542818548,0.7735095277288558,0.8912166058043437,0.4423337856173677,0.381294964028777,0.9617473365581506,0.9449553234167817,0.7552635508436614,0.8009441384736428
b,2,margin,104,0.7147629884169626,0.9205420948774838,0.7471846122214171,0.8967887833559476,0.4012345679012346,0.31901840490797545,0.9533589308569217,0.9586768262554287,0.7140486725663717,0.7602147330748583
b,2,margin,119,0.7702925915279898,0.9263805132319427,0.7557096744372184,0.8993006993006993,0.45991902834008097,0.5897435897435898,0.9584173686083759,0.9558401935772336,0.7581717843497948,0.770655476776154
b,2,margin,134,0.7809629324228997,0.9366581867791547,0.7769258671771977,0.9393993564533428,0.3563129357087529,0.6272189349112426,0.9629088959065721,0.9569917867170484,0.7864453665283541,0.8374632507349853
b,2,margin,149,0.7870289366748694,0.9435730507632935,0.7754507379758373,0.9364794545128298,0.5218274111675127,0.46875,0.9660395360624944,0.9669674341422941,0.7912798874824192,0.8578588333565362
b,2,margin,164,0.7787617777342952,0.9442240486079642,0.7958952980423637,0.939515394425214,0.54638124362895,0.363013698630137,0.9667950670369375,0.962139126367487,0.8142068770341022,0.8592810370172391
b,2,margin,179,0.8240850229520623,0.9501606175733827,0.8118505949859757,0.9598057728621527,0.47046843177189407,0.6971428571428572,0.9687930518119198,0.9682898324892871,0.8163429336905559,0.88775228089577
b,2,margin,194,0.8537380193625975,0.9548931051415619,0.8351782967377526,0.9680585296216988,0.6015180265654649,0.7577639751552795,0.9706459097372951,0.974638626519856,0.8120239390642002,0.8915171288743883
b,2,margin,209,0.7967690288482199,0.954185940204013,0.8326051025743866,0.9671099928109274,0.6254681647940075,0.34269662921348315,0.9710060323020043,0.974283042394015,0.8230897009966778,0.8737296394264235
b,2,margin,224,0.8268075588615195,0.9563157134545509,0.8142261997441588,0.9698156887187249,0.6241799437675727,0.5363128491620112,0.9722400393800623,0.9753953391593841,0.8263780088306509,0.8833310430122303
b,2,margin,239,0.84584183376823,0.957958629109393,0.8360535049958504,0.9662198391420912,0.6904985888993415,0.6031746031746031,0.9752108051637938,0.9741419596033023,0.8400226116449971,0.8716244287494807
b,2,margin,254,0.8552148410857479,0.9614403844938514,0.8437616317803437,0.9709691826708352,0.7146714671467147,0.6101694915254238,0.976228161863521,0.9774139051332034,0.8423728813559322,0.8946787979046044
b,2,margin,269,0.8518690725736674,0.962661347824313,0.8385376338006871,0.9700438165071984,0.7176368375325803,0.573170731707317,0.9774523720582742,0.9779973992197659,0.8525423728813559,0.8942399781091804
b,2,margin,284,0.8663018260477171,0.9648509881345362,0.8471790527403259,0.9702864281252789,0.7554744525547445,0.6190476190476191,0.9789445470248377,0.9786447210792228,0.8631761643043101,0.8985388501980063
b,2,margin,299,0.859319236704458,0.9629815394683124,0.8427628300737965,0.9712146867480617,0.7334525939177102,0.6060606060606061,0.9769596234901627,0.9785443616882269,0.8526753693874624,0.8963274156389754
b,2,margin,314,0.8688631640024157,0.9643838731121596,0.8477133492544887,0.9722172751558326,0.7397737162750218,0.6535947712418301,0.9780612853225229,0.9787289573274175,0.8624928530588908,0.8971732896353953
b,2,margin,329,0.8642819625970939,0.9631219208190296,0.8424466587241781,0.9723885264945045,0.740608228980322,0.6282051282051282,0.9767864592645569,0.9776491145711081,0.8587281263337602,0.8956081543302777
b,2,margin,344,0.8757332279697672,0.9647937467844703,0.8476758020803092,0.9738912732474965,0.7336405529953917,0.6973684210526315,0.9780834971115479,0.9777731399353021,0.869838548364052,0.8995371630819493
b,2,margin,359,0.8635435402855937,0.9635317478697301,0.8412780986902512,0.972398392139348,0.7377622377622378,0.6225165562913907,0.9774366616989568,0.9774996740972494,0.8643586833144155,0.8928325766955565
b,2,margin,374,0.8534760814007171,0.9627696593933431,0.828179117459588,0.9739564752051374,0.6996466431095406,0.589041095890411,0.9759075612734149,0.9784183912839494,0.8579982891360137,0.8993641139065524
b,2,margin,389,0.8727164320227312,0.9644322910000536,0.8500995163846984,0.9749487385218865,0.7167235494880546,0.6933333333333334,0.9768557845635684,0.9791737260523915,0.8659705335431269,0.9020093586567575
b,2,margin,404,0.8779666554387282,0.9649339160920086,0.8569235139894644,0.974935331370975,0.7274261603375527,0.7189542483660131,0.9776281688462569,0.979166123438763,0.8652543594177835,0.9024021962937543
b,2,margin,419,0.8774715999944399,0.9655071616213444,0.8479353300495527,0.9760799714387719,0.7594050743657043,0.6805555555555556,0.9778062059322286,0.9794088515873429,0.8636957468427928,0.9053497942386831
b,2,margin,434,0.883528513017388,0.9662550842056981,0.8600012379173848,0.9753439342504914,0.7598627787307033,0.7152317880794702,0.9788108462260077,0.9788432942895156,0.8731257208765859,0.903481228668942
b,2,margin,449,0.8852519819636094,0.9658274588494309,0.8656137786195899,0.9780943900267142,0.7542372881355932,0.7341772151898734,0.9779879826283538,0.9786589347752266,0.869198312236287,0.9044097507532183
b,2,margin,464,0.8894521084000289,0.9679994892599388,0.8698728876856568,0.9785460992907802,0.7607573149741824,0.7375,0.9796538472995919,0.9798132596108706,0.8823614110871131,0.9075328265376641
b,2,margin,479,0.8854986114139509,0.9678657855885393,0.8643094572030481,0.978463174687583,0.7625531914893617,0.7096774193548387,0.9794046253964944,0.980206024253488,0.8806809984129275,0.9075048463029631
b,2,margin,494,0.8778132697535923,0.9669477504985476,0.8560333451237762,0.976657824933687,0.7566182749786508,0.6709677419354839,0.9787537939653633,0.9803645466635376,0.8747457134553909,0.9065849923430321
b,2,margin,509,0.8934083056068598,0.9668538724762165,0.872994015045235,0.9768842440882118,0.7411255411255411,0.7950310559006211,0.9788254214068736,0.9795471146822499,0.877577505407354,0.9048672566371682
b,2,margin,524,0.899739612576833,0.9674973176855464,0.8788584122042339,0.977313009571074,0.7649609713790113,0.8125,0.9791989510072714,0.979780322993034,0.8787532170431799,0.90567081604426
b,2,margin,539,0.8956290112931347,0.9679873685225069,0.8760627069537902,0.9788439408692573,0.7703056768558952,0.7757575757575758,0.9798227980046161,0.9798661214283854,0.8808080808080808,0.9039988853281316
b,2,margin,554,0.8963777203783291,0.9680543847584258,0.8775307867120711,0.9780375487070493,0.7665805340223945,0.7852760736196319,0.9799737751817856,0.9801714479272519,0.8855093256814921,0.8990953375086986
b,2,margin,569,0.8890315198244906,0.9680226668021792,0.8714753303687198,0.9785460992907802,0.7593220338983051,0.7407407407407407,0.9802431610942249,0.9799171680862703,0.883352534562212,0.9010989010989011
b,2,margin,584,0.8955710138369264,0.9682579642089044,0.8720351491675027,0.9783726289664954,0.7590987868284229,0.782051282051282,0.9802355045461321,0.9796417786108508,0.882808022922636,0.9067890929326655
b,2,margin,599,0.898284584595084,0.9704062694820113,0.8797970688127522,0.9790891369838738,0.8023255813953488,0.7402597402597403,0.9818355497843252,0.980091723994163,0.8915456874466268,0.9128446723015103
b,2,margin,614,0.8936736722298738,0.9698646216363186,0.8764776427173849,0.9785916489738146,0.7933884297520661,0.7189542483660131,0.9813158091255321,0.9797919219837814,0.8914366595895258,0.9122369878183831
b,2,margin,629,0.8985606300254413,0.9701070434872161,0.8786454719371756,0.9804130107240983,0.7936241610738255,0.75,0.9811771379099309,0.9799879980170637,0.8915114460400967,0.9132106564130733
b,2,margin,644,0.9024792466501305,0.9708208968735175,0.8819635954506904,0.9792073929269594,0.8051502145922746,0.7612903225806451,0.981634664198047,0.9807080661139789,0.8944908653165274,0.9148732008224811
b,2,margin,659,0.8982904456480358,0.971163208689752,0.8792145448284044,0.9802076861631313,0.8143712574850299,0.7225806451612903,0.9817524247903995,0.9816363210127373,0.8917358862452485,0.9157488986784141
b,2,margin,674,0.8959751072038705,0.9713412780858675,0.878310979685741,0.9800782639630025,0.8109495295124037,0.7051282051282052,0.981968242576478,0.9811448512943383,0.8961641140930168,0.9163925438596491
b,2,margin,689,0.9058353068541679,0.9714927115771403,0.8891397881143019,0.9774222222222222,0.816396242527754,0.775,0.9828292799664962,0.9813195962118847,0.8958070396858786,0.9120727673649394
b,2,margin,704,0.9074225134909912,0.971313852359264,0.8874110720867394,0.9793924320483212,0.8048780487804879,0.7974683544303798,0.9824110080765779,0.9813961959774152,0.8929672177080414,0.9134443374157148
b,2,margin,719,0.9124469309863692,0.9717835515898103,0.8994631295821229,0.980984538830638,0.8159031979256698,0.8165680473372781,0.9826995828162148,0.9809258632803352,0.8956986224346359,0.9143486642798128
b,2,margin,734,0.911068290098898,0.972265901526874,0.8943618918805363,0.9822285409632131,0.8189806678383128,0.8,0.982657576844875,0.9819838583702161,0.8935991016282987,0.9180282850473706
b,2,margin,749,0.9088215339340595,0.9720506464142447,0.8936782512189928,0.9815918185860383,0.8073555166374781,0.7951807228915663,0.9825496123798977,0.9816668833701729,0.8970034843205575,0.9164026993527062
b,2,margin,764,0.9086561884636521,0.9714335602216932,0.8911126336004186,0.9793960923623446,0.8064228367528992,0.8023952095808383,0.9822143839301728,0.9816876495682031,0.8940415964024733,0.9144355506486337
b,2,margin,779,0.9119983569272815,0.9721960710591218,0.893764668787334,0.9804964539007093,0.8146853146853147,0.8098159509202454,0.9825956937799043,0.9819004524886877,0.8976090014064697,0.9168856313096391
b,2,margin,794,0.9085129483790907,0.9721501568596819,0.8907791006503326,0.9810149041873669,0.803921568627451,0.7951807228915663,0.9825044112809164,0.9820848175979615,0.8980793495023132,0.9168048645660586
b,2,margin,809,0.9028080670101766,0.9727945942444437,0.8880203784639322,0.9807572936064556,0.8148148148148148,0.7380952380952381,0.9830254991400583,0.9823110139951096,0.9004207573632539,0.920231852056307
b,2,margin,824,0.8946924049006585,0.9729014920639322,0.887868080478457,0.9815570136549033,0.8028293545534925,0.6885245901639344,0.983131449080305,0.9821103541525821,0.9039977477477478,0.9206963249516441
b,2,margin,839,0.9096044703537237,0.9732885959484012,0.8867286750197536,0.981299299831605,0.8117229129662522,0.7848101265822784,0.9836070473258716,0.9821586475942783,0.90369951990963,0.9199337382661513
b,2,margin,854,0.909772533552322,0.9732550666925941,0.8889184323672393,0.9811722912966252,0.8081705150976909,0.7901234567901234,0.9835962710648978,0.9822955933965943,0.9035633484162896,0.9194862588040326
b,2,margin,869,0.9039299785764479,0.9731616774634159,0.8839466103307471,0.9800301766219934,0.8070484581497798,0.75,0.9836976824111292,0.9820424734540912,0.9058093626621545,0.9188816967359867
b,2,margin,884,0.9082421154950203,0.9734310237777634,0.8879831810926003,0.9811656005685856,0.822380106571936,0.7654320987654321,0.983957219251337,0.981992297283231,0.9058257918552036,0.916941694169417
b,2,margin,899,0.9086724684844237,0.9733067986200621,0.888498402509975,0.9803956355894615,0.8236347358997315,0.7682926829268293,0.9838861426800675,0.981888206516082,0.9061039512816882,0.9165059244971067
b,2,margin,914,0.9100076596556228,0.9733847619962895,0.8900818067486341,0.9804060643674084,0.8331877729257642,0.7701863354037267,0.9842517332058331,0.9816206098733979,0.9068516421291053,0.913549459684123
b,2,class_balanced,14,0.3211260750555331,0.5739175735043194,0.466234555489918,0.4295449851999725,0.06355891643534028,0.037109375,0.721261559281257,0.501303317535545,0.3666997026759167,0.12840466926070038
b,2,class_balanced,29,0.4504485753106227,0.7752224093421446,0.5527599799740217,0.4455546492659054,0.12338648443432043,0.027128862094951016,0.8746535751049173,0.8592760823278921,0.35686845939859585,0.4662719145477766
b,2,class_balanced,44,0.5088783122712118,0.8256706182455493,0.6217198142877182,0.6533435818601077,0.1640814800971781,0.18907563025210083,0.9416097110036825,0.8687667026781145,0.3301722469518096,0.4150988330554894
b,2,class_balanced,59,0.5818574400253533,0.8533283690663899,0.6701502706121992,0.918259954393966,0.11209239130434782,0.0425273390036452,0.8694767584950859,0.9286900533994226,0.4779082774049217,0.7240473061760841
b,2,class_balanced,74,0.6356921441795672,0.8689200152160971,0.622784624417185,0.871130175307721,0.5100584036340039,0.33557046979865773,0.931803622386582,0.9373664065218472,0.35246688423881745,0.511449047369341
b,2,class_balanced,89,0.6914682747989979,0.8979539125926963,0.6672670704970888,0.9468421052631579,0.5365853658536586,0.4161073825503356,0.9433378678313167,0.9620867768595042,0.23957119552551853,0.7957472297094939
b,2,class_balanced,104,0.7263243025522899,0.9000553345465865,0.6919887866028388,0.945710805637724,0.5741444866920152,0.5797101449275363,0.9416780305748942,0.9619198312236287,0.287584551603753,0.7935222672064778
b,2,class_balanced,119,0.7484828523386675,0.9054932544479488,0.7095761050121414,0.9544174586413234,0.5738045738045738,0.6887417218543046,0.9430486002496735,0.969955740692528,0.26153157187639947,0.8478802992518704
b,2,class_balanced,134,0.7538924401668666,0.9038245554111322,0.7391797971380846,0.9644444444444444,0.6150753768844222,0.7282608695652174,0.9418353788344216,0.9721446286385589,0.18523878437047755,0.8702475984305236
b,2,class_balanced,149,0.7364678144691622,0.902585188423319,0.7748634734313747,0.9641589779985805,0.7235438884331419,0.49645390070921985,0.9392689189579065,0.9685669456066945,0.2184498548134912,0.8448322147651006
b,2,class_balanced,164,0.7504343972713462,0.900925169693988,0.7446662114650797,0.9672350682974734,0.7608510638297873,0.6192893401015228,0.9445319435296813,0.963390247654207,0.1929480901077375,0.8047950273790143
b,2,class_balanced,179,0.7815387687727566,0.908811272552125,0.7610486704747534,0.9660895948598965,0.7298747763864043,0.7582417582417582,0.9477777937230027,0.9656591639871382,0.28205128205128205,0.8210770121598147
b,2,class_balanced,194,0.7977088115032392,0.9119359667243131,0.7730796076446246,0.9666995781348173,0.7440633245382586,0.8143712574850299,0.9487135160054168,0.966187087726588,0.32280856701258553,0.8211183496199783
b,2,class_balanced,209,0.788818315899971,0.9139511060219124,0.7613679937149643,0.956529614200326,0.7473309608540926,0.7349397590361446,0.9496543778801844,0.9713103091450006,0.3333333333333333,0.8286298568507158
b,2,class_balanced,224,0.8031968075480413,0.9172567342912276,0.7797678701414049,0.9689664477826752,0.7591763652641003,0.782608695652174,0.9497446226890152,0.9733540258305495,0.3246026415939109,0.8639248540238639
b,2,class_balanced,239,0.8151557408803953,0.9195600378525773,0.7899850291879347,0.9608056614044638,0.7351351351351352,0.8414634146341463,0.9504727535185854,0.9719409892970784,0.39323467230443976,0.8530375598689186
b,2,class_balanced,254,0.8240145615100951,0.9233908077337847,0.7993659026852463,0.9595711819751067,0.7386262265834077,0.8554216867469879,0.9525409491810164,0.973799470219518,0.43490701001430615,0.8532354058503229
b,2,class_balanced,269,0.8324050427236818,0.9259433859299513,0.808323492082085,0.9638597759306108,0.77737881508079,0.8520710059171598,0.9529808708747846,0.976361444520153,0.4324213964883626,0.8717619902539112
b,2,class_balanced,284,0.8445667382638457,0.9311680281624436,0.8213200672888494,0.9658351409978309,0.7828371278458844,0.863905325443787,0.9555513578704175,0.9772899913560521,0.49267435045907404,0.8738738738738738
b,2,class_balanced,299,0.8497147744723328,0.9317470057867945,0.8260416717063653,0.9573381950774841,0.7968197879858657,0.8823529411764706,0.9576104817717801,0.9753591276082626,0.5209824018565075,0.8575404858299596
b,2,class_balanced,314,0.8481228879883712,0.9320798183804928,0.8243019879053978,0.960741548527808,0.8010517090271692,0.863905325443787,0.9568945471456808,0.9769609383181485,0.5071414595969478,0.8701646878590579
b,2,class_balanced,329,0.8575686258283995,0.9391599777220537,0.8325691536827551,0.9666366095581606,0.8021015761821366,0.8333333333333334,0.9606375060204037,0.9769889264116862,0.5832100591715976,0.8800723701214784
b,2,class_balanced,344,0.8575325565818531,0.939759240549789,0.8328416395841376,0.9582841043351813,0.7660343270099368,0.8414634146341463,0.9604489813955543,0.975809199318569,0.6382768826044064,0.862410986775178
b,2,class_balanced,359,0.8704344301515116,0.9432341771408587,0.8514569895969462,0.9712905822377247,0.7785714285714286,0.8705882352941177,0.9612645885655193,0.9754076870641288,0.6571975742100223,0.8787209151176394
b,2,class_balanced,374,0.8678800000372121,0.9434340072014705,0.850348423801595,0.9628151641574461,0.7756584922797457,0.8502994011976048,0.9615150208850505,0.9758041261436023,0.6827165997919453,0.8663511958050901
b,2,class_balanced,389,0.8745708049931221,0.9451152200768937,0.855372249880122,0.9724310776942355,0.786618444846293,0.8690476190476191,0.9616673090035872,0.976950308115904,0.6714569637670081,0.8838239124772076
b,2,class_balanced,404,0.8756778635257556,0.9478200851841931,0.8531539558767902,0.9649742058104805,0.7789855072463768,0.8606060606060606,0.9640569395017794,0.9795939696391712,0.6967525537429486,0.8847758081334723
b,2,class_balanced,419,0.8765826471999697,0.9477912335224987,0.8590358566256592,0.9721573558469553,0.7877697841726619,0.8538011695906432,0.9630289267851047,0.9792325174368486,0.6874810548651107,0.892607721702464
b,2,class_balanced,434,0.8711467572757507,0.9478028406518542,0.8527235620076076,0.9732246798603027,0.7894736842105263,0.8143712574850299,0.9626992955135335,0.9800224584127647,0.6811439057959933,0.8970920196521046
b,2,class_balanced,449,0.8756747412833871,0.9511682222630234,0.8619051125226077,0.9740283001970267,0.7843833185448092,0.8156424581005587,0.9661852921572984,0.979462957647243,0.7134231305155597,0.8965977318212142
b,2,class_balanced,464,0.8795000327079855,0.9544366900125999,0.8679261231015893,0.973559200501927,0.7846291331546024,0.8022598870056498,0.9683248489178649,0.9800757279018149,0.7494860499265785,0.8981653815474607
b,2,class_balanced,479,0.8761528651530665,0.9526141255250669,0.863513864696446,0.9733261725742929,0.7634124890061565,0.8181818181818182,0.9670770281708965,0.9797165009006187,0.7320754716981132,0.8992805755395683
b,2,class_balanced,494,0.8759510825375251,0.954697175770944,0.8653771174199988,0.9718284586398708,0.7697594501718213,0.7955801104972375,0.9697193828493661,0.9801238018126257,0.7454688731284476,0.8991775006633059
b,2,class_balanced,509,0.8865101281311076,0.9538534274556176,0.8622057137952325,0.9751652671073789,0.7890070921985816,0.863905325443787,0.9691184064920694,0.9793117841955598,0.7302198683999358,0.8988431530804413
b,2,class_balanced,524,0.8902086928149711,0.9566557051305417,0.874021612617436,0.9771046770601336,0.7912280701754386,0.8488372093023255,0.9705506142725406,0.9791997500846068,0.7654504839910647,0.899090044818688
b,2,class_balanced,539,0.8955044587017909,0.958977854425693,0.8864179806553752,0.9729053026915855,0.8061224489795918,0.8488372093023255,0.9725340339144972,0.9800412220511884,0.7907647907647908,0.8973262032085562
b,2,class_balanced,554,0.8953994494655898,0.9587835074205502,0.8853350482808375,0.9712700259554282,0.7948051948051948,0.8604651162790697,0.9723940127274356,0.9803031488873236,0.7924582202542494,0.8961004273504274
b,2,class_balanced,569,0.8997350274404907,0.9621441802111639,0.8860730917376374,0.9711831036334347,0.7993019197207679,0.8538011695906432,0.9755785019295814,0.9807903116354335,0.8172105956388116,0.9002795899347623
b,2,class_balanced,584,0.9074809067005073,0.9655068395104257,0.8964997031471561,0.9695231265686626,0.802065404475043,0.8705882352941177,0.9786871525079214,0.9810435190738181,0.852957906712173,0.8975010022718161
b,2,class_balanced,599,0.8986971013495045,0.9629250067654184,0.8858066449137493,0.9665313486693731,0.8003442340791739,0.8421052631578947,0.9774207490647868,0.9803829620945682,0.8360344575850489,0.8880606947956875
b,2,class_balanced,614,0.9042897144964555,0.9651556877595583,0.8912714739860664,0.9700942972608891,0.8020924149956408,0.8538011695906432,0.9786681782922608,0.9809106556094508,0.8486251808972504,0.8958361048290542
b,2,class_balanced,629,0.9054355659105113,0.9651228365238966,0.8968539712185726,0.9699847683899292,0.8129803586678053,0.8522727272727273,0.9784309925917093,0.9811399504369375,0.8446005267778753,0.8986396372365965
b,2,class_balanced,644,0.9001639351008542,0.9647965039409409,0.8935655475102041,0.9696426972329184,0.8048993875765529,0.8260869565217391,0.9786352800953516,0.9804800500377889,0.8470898695205982,0.89431330472103
b,2,class_balanced,659,0.9004572524156735,0.9658621706581972,0.8935001221469517,0.9731081926203877,0.8006962576153177,0.8176795580110497,0.9791144527986633,0.980455516756137,0.8542480822116081,0.8978987068965517
b,2,class_balanced,674,0.9004856967063036,0.9654931855491937,0.8949935718698282,0.9715410775013424,0.7968476357267951,0.8241758241758241,0.978701795262419,0.9805567139282736,0.8536724778508146,0.8979043524986566
b,2,class_balanced,689,0.8994547243672851,0.965618339907413,0.8883502275654757,0.972958452722063,0.7886323268206039,0.8228571428571428,0.9786077083955781,0.9808784452665034,0.8535267349260524,0.8987222595830531
b,2,class_balanced,704,0.903367134679433,0.9659147950715778,0.8910496411699645,0.970540686186456,0.8038528896672504,0.8372093023255814,0.9791890600740475,0.9811586271597217,0.8550953131718504,0.896524064171123
b,2,class_balanced,719,0.9096967727846726,0.9667932401323647,0.8956988338517492,0.9722222222222222,0.8128249566724437,0.8654970760233918,0.980012529459145,0.9809474232170744,0.860492040520984,0.8958811613774477
b,2,class_balanced,734,0.9089644319879139,0.9666722013685789,0.8967952497021436,0.9745656457101917,0.8191945158526135,0.8538011695906432,0.9793202232102891,0.981245115915603,0.8533448923565958,0.9012794612794612
b,2,class_balanced,749,0.9093290057124088,0.9660710978301109,0.8995666025959886,0.972227199426626,0.82793867120954,0.8571428571428571,0.9789423449756912,0.9815692195553705,0.8467132053519488,0.9007695423248279
b,2,class_balanced,764,0.9091181125603471,0.9661901338729496,0.9005399785071359,0.9731621936989499,0.8114961961115807,0.8670520231213873,0.9790117928048963,0.9812304483837331,0.8507634687409968,0.9011106650608859
b,2,class_balanced,779,0.9113624866684109,0.9668934190188079,0.9026171748548405,0.9727836162759365,0.8208191126279863,0.8685714285714285,0.9795942720763723,0.9816427640156453,0.8553240740740741,0.9008021390374331
b,2,class_balanced,794,0.9111111661047672,0.9675544035823611,0.904147645353689,0.9714799820062978,0.8235294117647058,0.8587570621468926,0.9803300724367112,0.9819099924516516,0.8618119266055045,0.899959715321606
b,2,class_balanced,809,0.9168187813445545,0.9687806629877391,0.9055154599289441,0.9734133023005997,0.823731728288908,0.8837209302325582,0.9809731473460975,0.9820558897830559,0.8688688688688688,0.9049676025917927
b,2,class_balanced,824,0.9148836333446172,0.9682376095195395,0.9034037210796023,0.9748725744433515,0.8282312925170068,0.8705882352941177,0.9801654867520985,0.9821591353040761,0.8614371600343544,0.9067315490673155
b,2,class_balanced,839,0.914543236497268,0.9693769636964316,0.9044258597698108,0.9775160599571735,0.8228379513014273,0.8604651162790697,0.9808850718673585,0.9825055403467605,0.8664428550576558,0.9111500606714305
b,2,class_balanced,854,0.9159845960969083,0.9694237799582249,0.9112986304853257,0.9786930551840956,0.8273561301084237,0.8651685393258427,0.9808105527038319,0.9822941928081567,0.8662217063261752,0.9113479962218324
b,2,class_balanced,869,0.9162096617893043,0.9692739094133708,0.908478317316259,0.9798466202960585,0.8210702341137124,0.872093023255814,0.9805198685389901,0.9820571667014396,0.8656330749354005,0.9122476446837147
b,2,class_balanced,884,0.9175544182397349,0.9700835707466526,0.9135317739376191,0.9798466202960585,0.8196994991652755,0.875,0.9813051989778382,0.9821960006265337,0.871941622549721,0.9128919860627178
b,2,class_balanced,899,0.920106283526977,0.9707790684405165,0.912015497853286,0.9798824995549226,0.8285714285714286,0.8786127167630058,0.981865400976134,0.982457056335822,0.8746928746928747,0.9146620077946512
b,2,class_balanced,914,0.9195770325572387,0.9703567796830955,0.9133383775618543,0.9798896600818651,0.8391959798994975,0.8685714285714285,0.9814104191241246,0.9821778044516348,0.8705305651672434,0.9152633706048767
b,2,quota,14,0.3211260750555331,0.5739175735043194,0.466234555489918,0.4295449851999725,0.06355891643534028,0.037109375,0.721261559281257,0.501303317535545,0.3666997026759167,0.12840466926070038
b,2,quota,29,0.5493108536103931,0.8373240267146256,0.6463255399730788,0.782640880910521,0.27076299797434167,0.030355097365406643,0.8831036715065199,0.9324434481353169,0.4351493848857645,0.5107204944948812
b,2,quota,44,0.4733537680027233,0.7810913913880836,0.5622412910941044,0.5918565719840155,0.4028497409326425,0.03667953667953668,0.8513262241151884,0.9288066760765669,0.2677040749043914,0.23425355132672207
b,2,quota,59,0.5086451742858845,0.8289954045061511,0.5678900257272456,0.6431501230516817,0.2907608695652174,0.04042672655811342,0.9170849406472945,0.9220687212185618,0.3283216783216783,0.4187031606386445
b,2,quota,74,0.5429755395344522,0.8033865044524617,0.6827418003434617,0.601921274601687,0.47214854111405835,0.0416289592760181,0.8409966436850024,0.9434091568043438,0.39799846035411857,0.5027257409059371
b,2,quota,89,0.6141780352729842,0.8747478042910088,0.717389543452214,0.7836511232773268,0.41070317361543246,0.08858390517779165,0.9284771059177594,0.9391778628437039,0.5947553392808868,0.5538977367979883
b,2,quota,104,0.582672455751995,0.8458467534177069,0.6126150087615897,0.7871708951651508,0.4555735056542811,0.021105248542071648,0.8916253139741469,0.9313380281690141,0.37981027385000893,0.6120839249092916
b,2,quota,119,0.5456150969227753,0.8365350486766299,0.6262143549636567,0.6782044348296377,0.2836734693877551,0.05057471264367816,0.9044812048638973,0.914581239736268,0.46142585273020054,0.5263647642679901
b,2,quota,134,0.5983032452125778,0.8614813732879886,0.7102091127419706,0.8715216104203671,0.2935153583617747,0.04371238517579981,0.8900498542599111,0.9381821865424064,0.5873345445107708,0.5638067772170151
b,2,quota,149,0.5292819436793966,0.8121903159121505,0.5982860394640133,0.7283397990649557,0.3373362445414847,0.016890428757037678,0.847019306026611,0.9438998642738652,0.36210907211165677,0.46937889098016505
b,2,quota,164,0.5617404437485661,0.8512478187362552,0.6607535586459445,0.6796608303050324,0.2910321489001692,0.08602150537634409,0.9257790540437881,0.9192723697148476,0.5422055820285909,0.48821161587119033
b,2,quota,179,0.5445172051076345,0.8461656499457721,0.6506816537599839,0.6939779655578137,0.2796402289452167,0.07292817679558011,0.9185185185185185,0.9326141532648953,0.4465592972181552,0.4673820954532618
b,2,quota,194,0.5684663565232468,0.8603281645111469,0.6139297643966517,0.7780079081152326,0.41051862673484296,0.04186289900575615,0.9230089668271567,0.9530728856943403,0.2985386221294363,0.5742545871559633
b,2,quota,209,0.6061151179570451,0.8836482606463292,0.6720326398756816,0.7612270410616405,0.28042624789680315,0.1768901569186876,0.946000704721635,0.9542197246996958,0.5727819274913464,0.5512600229095075
b,2,quota,224,0.578367546830355,0.8678740432085198,0.6443725066858238,0.7001005025125628,0.3202170963364993,0.14668218859138532,0.9393469936570109,0.9536951382464796,0.47356409281095474,0.5149668156575917
b,2,quota,239,0.5527481461857554,0.8509633255063609,0.5983299589948451,0.7008102430729218,0.42301458670988656,0.03562753036437247,0.9188692663268935,0.9574484516178855,0.31089403270333404,0.522572912504994
b,2,quota,254,0.6384053079448027,0.8815442654832053,0.6797262169458437,0.796692607003891,0.40232389251997097,0.32225063938618925,0.945881191281746,0.9451891724030848,0.4669090909090909,0.5895905621096461
b,2,quota,269,0.6408111528401682,0.8865483812885683,0.6835797724365316,0.8199404761904762,0.37564959168522644,0.31958762886597936,0.9463486684912463,0.9530282355410937,0.41934876717485414,0.6517747019323009
b,2,quota,284,0.6106951749255837,0.8674443248820555,0.6562712262124967,0.7659491193737769,0.4891961970613656,0.2732919254658385,0.9440325795488765,0.9436097054625665,0.30398365679264555,0.5548030407740152
b,2,quota,299,0.616257541468673,0.8722633527407642,0.6727749341179337,0.6930972026564701,0.39261285909712723,0.3325062034739454,0.9471827906841169,0.9527577623477008,0.46213520502401184,0.5335107669973385
b,2,quota,314,0.6299690234058458,0.8753369364424252,0.6880204208178379,0.7226047609679324,0.3716923076923077,0.38823529411764707,0.9431541953433885,0.9561523849725623,0.43226146547179756,0.595682755275285
b,2,quota,329,0.6376264727255927,0.8676500326961302,0.6682358565373429,0.6790930053804766,0.449438202247191,0.49635036496350365,0.9460373431990289,0.9505986037004592,0.3781208309510196,0.5637469586374696
b,2,quota,344,0.6098659083659201,0.8732965537207207,0.6762558794821022,0.692755368252057,0.423861852433281,0.23716814159292035,0.9439265990708003,0.958326764412213,0.42684029661783324,0.5861823361823362
b,2,quota,359,0.6393896065681933,0.8761306772328898,0.6871145444326505,0.7130901952681062,0.4288107202680067,0.3839541547277937,0.9472523326513139,0.9476926373302622,0.43942731277533037,0.6154998929565404
b,2,quota,374,0.61928675305783,0.8715081285433929,0.6690826884851974,0.6836450457620374,0.4634377967711301,0.2336283185840708,0.9435750849509253,0.9441713664821234,0.438000355808575,0.6285493030459474
b,2,quota,389,0.6674019567939483,0.8983640444554396,0.7137482167784951,0.8804498269896194,0.4448705656759348,0.27983539094650206,0.945821242019733,0.9577323665128543,0.4493223897690399,0.7137819156439554
b,2,quota,404,0.6593378002314845,0.8990632417109002,0.726194642276668,0.8950975224037955,0.4283276450511945,0.18258426966292135,0.9408663898459817,0.9561864518684802,0.48766075773375045,0.7246415650542677
b,2,quota,419,0.6551747797986198,0.8956989788664373,0.7115248015918257,0.8900133155792277,0.3871473354231975,0.2632612966601179,0.9429509153234629,0.9556675984221114,0.4400370713623726,0.7071459258198483
b,2,quota,434,0.662999842770574,0.8980015674576532,0.7219756857880296,0.8811371762448766,0.46035805626598464,0.23208191126279865,0.9428479362568474,0.9611202378158492,0.4456976532654175,0.7177559282822441
b,2,quota,449,0.6795517142587835,0.8982280368182359,0.7215913525909325,0.8950294860994102,0.4188976377952756,0.3898305084745763,0.9453910512913787,0.9562848686450667,0.43903374233128833,0.7123947051744886
b,2,quota,464,0.6936506933943521,0.9055487920342182,0.7323761656101256,0.9335448616252424,0.4473684210526316,0.3717277486910995,0.9460423311104668,0.9597708631688582,0.4434017595307918,0.7536988685813751
b,2,quota,479,0.6520159664941129,0.9011488192484906,0.7246047291533789,0.9449182658137882,0.33236574746008707,0.19574468085106383,0.9383303938859494,0.960020754961733,0.42664670658682635,0.7660852158993423
b,2,quota,494,0.6502778835408851,0.8955228374316803,0.7167149924575665,0.8975871313672922,0.40640809443507586,0.18396846254927726,0.938524650859707,0.9561033044101461,0.471707561342013,0.6976459798226842
b,2,quota,509,0.6577963994953322,0.8995136797755724,0.7190557203345656,0.9192745376955903,0.3907407407407407,0.17302798982188294,0.9362416107382551,0.9569568547357672,0.4952092788703984,0.7331237838646909
b,2,quota,524,0.6535971144864658,0.8979777214402748,0.7125777286111837,0.9471055213629471,0.42857142857142855,0.134185303514377,0.9328112118713933,0.958940669267091,0.40201394268009294,0.771551724137931
b,2,quota,539,0.6714385608288487,0.9034779308020472,0.7316433686405264,0.9393536963258079,0.4011090573012939,0.20180722891566266,0.9373675254500403,0.9554489727871964,0.5147215865751334,0.7502618584468054
b,2,quota,554,0.6798842875975624,0.9038641848686085,0.7347626243919293,0.9370015234339995,0.37685691946833466,0.3242009132420091,0.9427230602969696,0.9564860005137427,0.47435897435897434,0.7475626218689065
b,2,quota,569,0.6651375877021957,0.8954242124974586,0.711472978918844,0.9380672717565403,0.443359375,0.24772313296903462,0.9353476283300844,0.9541429153094463,0.4178664921465969,0.7194562984036669
b,2,quota,584,0.6651022756647622,0.8961121277960609,0.7214056432896783,0.9407334349502376,0.47470817120622566,0.16876574307304787,0.9332023283164367,0.9490038011173755,0.4810548651106396,0.7082475858793731
b,2,quota,599,0.6648828857362705,0.8958167633008531,0.7225746836644126,0.9391056982842919,0.47244094488188976,0.1882673942701228,0.9335359585214321,0.9516400550936082,0.47213411871318534,0.6970560303893637
b,2,quota,614,0.6636545870844804,0.8951576203290835,0.7288004367950923,0.9421122403888643,0.4834377797672337,0.16132858837485173,0.9312034906308837,0.9509561132528275,0.46931956257594165,0.7072243346007605
b,2,quota,629,0.6932878946041671,0.8993755838236216,0.7372689876641568,0.9345016817135776,0.5709123757904245,0.28879310344827586,0.9401020045071758,0.9504201895322997,0.46681209099407917,0.7014738162433365
b,2,quota,644,0.6795051397519897,0.8985292293832176,0.7308317667712684,0.9348401907116369,0.5250463821892394,0.22934232715008432,0.9380759471130303,0.9507395432906495,0.46913975055964185,0.7093518372496451
b,2,quota,659,0.6942995577240393,0.9028817570249691,0.7313824797246974,0.940541512998111,0.5433070866141733,0.2796610169491525,0.9400990975048664,0.955556122839711,0.4513436821899516,0.7495883849723095
b,2,quota,674,0.6865333201084193,0.9008621142440263,0.7276441188839416,0.935029532030895,0.5004965243296922,0.25440313111545987,0.9361714743114642,0.9537904110637646,0.47858942065491183,0.7472527472527473
b,2,quota,689,0.71148525876834,0.9058523605970096,0.7289896750617528,0.9385886155503681,0.4894957983193277,0.416403785488959,0.9424625330590656,0.9565329085957972,0.4677716390423573,0.7691415313225058
b,2,quota,704,0.6870647340231998,0.8973954667854015,0.7082932939677197,0.9114128968432413,0.45714285714285713,0.39420289855072466,0.9408576158455295,0.9555113896957652,0.438283595267526,0.7120418848167539
b,2,quota,719,0.68524119861507,0.9009865165072661,0.7207975694346919,0.9283189850475759,0.46611909650924027,0.3023255813953488,0.9392180322299523,0.9556645187790415,0.45991019884541373,0.7451319774989182
b,2,quota,734,0.6912401800516703,0.902257905802878,0.7224547285820583,0.9164699473397494,0.491609081934847,0.3140096618357488,0.9431968684698473,0.9527486576323191,0.4868045049588166,0.7338425381903643
b,2,quota,749,0.6906008088804464,0.9014645776398789,0.7205961270053612,0.9286103542234332,0.4857142857142857,0.3308270676691729,0.9407990155144377,0.9561978163134233,0.43666143927513507,0.7553956834532374
b,2,quota,764,0.7397003073246979,0.9009112743907626,0.7106694381345396,0.9277130371449381,0.4675876726886291,0.7222222222222222,0.9428334231491866,0.9554028667747497,0.414104568351572,0.7480383609415867
b,2,quota,779,0.7303349206498639,0.9011892321324262,0.7149448443987099,0.9373433583959899,0.4437984496124031,0.6632653061224489,0.9415960245542239,0.9550050165933472,0.4201766304347826,0.7511596588358521
b,2,quota,794,0.7284369294265504,0.9002585289289146,0.711841952499941,0.9272644515248065,0.48893360160965793,0.6280193236714976,0.9431907521183356,0.9531014389040816,0.4186714542190305,0.7398774839384431
b,2,quota,809,0.7359600731217721,0.8987759610810591,0.7110027514650924,0.928142623249045,0.47657841140529533,0.7135135135135136,0.9415260038157377,0.9546397561662782,0.39509733237202593,0.7422228713305097
b,2,quota,824,0.7290579720864793,0.89902208793746,0.7133153710191733,0.9324311968547133,0.45376549094375596,0.6666666666666666,0.9413120541510452,0.9517336535759,0.42012893982808025,0.7373678025851939
b,2,quota,839,0.7390163424039017,0.9008655146475399,0.7184198791961226,0.9315143746566563,0.4467881112176414,0.7311827956989247,0.9427808812590248,0.953961373720793,0.41333098219008996,0.75355587808418
b,2,quota,854,0.7306771549029997,0.8993910342013514,0.7148676476172072,0.9148459383753501,0.43667296786389415,0.6875,0.9416223307339116,0.9537331827051453,0.4200143472022956,0.7603513174404015
b,2,quota,869,0.7287298141596813,0.8983402300647877,0.7090719133796378,0.9294765840220386,0.4500978473581213,0.673469387755102,0.9413542574832897,0.9505172501656219,0.4114503816793893,0.7447429906542056
b,2,quota,884,0.7246722642411143,0.8985334132354802,0.7143849969199911,0.9185595567867036,0.4368845120859445,0.6407766990291263,0.9421552858605059,0.947800943539796,0.44395604395604393,0.7425728084296795
b,2,quota,899,0.7325906179263093,0.8988750216292056,0.7091900745986368,0.9209096768253384,0.46520874751491054,0.6839378238341969,0.9428646349280345,0.9499784935354098,0.427262313860252,0.7379726349860233
b,2,quota,914,0.7390704635132597,0.9017298160312255,0.7221920983082507,0.9160742313729111,0.47947761194029853,0.6836734693877551,0.944267282993476,0.9521488589343284,0.46365638766519823,0.7341954022988506
b,2,prototype,14,0.3211260750555331,0.5739175735043194,0.466234555489918,0.4295449851999725,0.06355891643534028,0.037109375,0.721261559281257,0.501303317535545,0.3666997026759167,0.12840466926070038
b,2,prototype,29,0.3762583401863128,0.6752394808674856,0.506716500456774,0.5129148680206638,0.07050092764378478,0.03305785123966942,0.7349696836876324,0.8046318289786223,0.35513144354008797,0.12260177819372953
b,2,prototype,44,0.4490336296274299,0.7557055238216126,0.5571339066479307,0.5433373613094584,0.2318214542836573,0.027225901398086828,0.8019209705956694,0.9258390288687136,0.3580932106743709,0.25499748026205277
b,2,prototype,59,0.5501192556902544,0.8148421580346088,0.6426290834614511,0.673356839345448,0.2271604938271605,0.43386243386243384,0.8752532183232046,0.9470649761473507,0.45134374696807994,0.2427930813581038
b,2,prototype,74,0.5331405550910155,0.7552167657216375,0.6724278247128762,0.8744581527175725,0.36022193768672645,0.07023705004389816,0.7154695618167936,0.9451724924589998,0.2909744539462934,0.47545023696682465
b,2,prototype,89,0.5861488678827603,0.7748567036516536,0.670668474992909,0.8369334277620396,0.44919786096256686,0.42790697674418604,0.772374161966585,0.9364745898359343,0.31570139262446956,0.3644536652835408
b,2,prototype,104,0.5927649403889277,0.7891393653258205,0.6914423877012651,0.8766323302782059,0.4665071770334928,0.2328042328042328,0.7654750288299477,0.9538682095130818,0.3006922667297793,0.5533753375337533
b,2,prototype,119,0.5653811906862625,0.7634094525715754,0.6892190289617026,0.9326168543159331,0.3399405351833499,0.09068627450980392,0.6982965156860156,0.9538897605911829,0.29314294847887473,0.6490954460386775
b,2,prototype,134,0.6839382155896255,0.8567724214532408,0.7176274770077542,0.9142283899013542,0.5564950038431975,0.4588235294117647,0.8710014362188275,0.9549060860307723,0.4479933110367893,0.584119752684673
b,2,prototype,149,0.7442178083405155,0.8686524710723598,0.7610139098216535,0.95517150627248,0.5745775165319618,0.7225806451612903,0.8755526047317539,0.9568821715614416,0.41339729313003254,0.711362920994649
b,2,prototype,164,0.7593173519540304,0.8597141448489245,0.7932262534422138,0.9557011795543906,0.5744507729861676,0.7515923566878981,0.8400676501615901,0.9688100439554654,0.38087840700466036,0.8437210533280403
b,2,prototype,179,0.8163852364557636,0.9268981721698786,0.7914221197254159,0.9654865682262943,0.6360424028268551,0.782051282051282,0.9473870682019486,0.9736738908786698,0.5391829597838181,0.8708724832214765
b,2,prototype,194,0.8209358484888435,0.9296870850413672,0.7972988832679814,0.963009069891517,0.6750448833034112,0.7515923566878981,0.9521995304124397,0.9698258882848815,0.5821417222751827,0.8527374885665752
b,2,prototype,209,0.8090075303014447,0.9192354635098784,0.7990722754059275,0.9649791648195762,0.6533713200379867,0.7484662576687117,0.9373642288196958,0.9680747466771944,0.5441025641025641,0.8466944299843832
b,2,prototype,224,0.8218301121360277,0.9375531744781918,0.7900421910330179,0.967032967032967,0.6077235772357723,0.7375,0.9588750956051068,0.9722521764288157,0.6446254071661238,0.8648015614834093
b,2,prototype,239,0.8198734930163114,0.9301903132531862,0.7920544773776758,0.968515205724508,0.645748987854251,0.7672955974842768,0.9535894828373938,0.9682249914014339,0.5883290816326531,0.8474111041796631
b,2,prototype,254,0.8190160780793772,0.9157622035479897,0.8100415995298775,0.9675569098404732,0.6907020872865275,0.8050314465408805,0.9298099239999393,0.9712368928448799,0.504880429477794,0.863894856565146
b,2,prototype,269,0.8091224039915321,0.9120715023200852,0.8053033631143115,0.9686154949784792,0.6950880444856349,0.7721518987341772,0.9308801892945441,0.962858436060598,0.5052786643751535,0.8289841000121374
b,2,prototype,284,0.8269759039497947,0.9291318492137323,0.8042289873183781,0.970898053918943,0.6920077972709552,0.775,0.9502592208561694,0.9689516555590818,0.5755046289269995,0.8562099711164134
b,2,prototype,299,0.7906478058231832,0.9254823875283668,0.8022798884158213,0.9719860377696232,0.7165048543689321,0.540084388185654,0.948991941435192,0.9663623130872039,0.5428982265537626,0.8477068793619142
b,2,prototype,314,0.833213930335142,0.9333112471863853,0.8069468686936098,0.9714336885466105,0.6857142857142857,0.7975460122699386,0.962112783275751,0.9576500173894432,0.6442721791559001,0.8137685459940652
b,2,prototype,329,0.83780994041501,0.9373985045681208,0.8202296183557213,0.9704588309239472,0.7093023255813954,0.7613636363636364,0.9639675340877402,0.9604501693468811,0.6753856472166331,0.8237414393848372
b,2,prototype,344,0.85684539793559,0.9429215525494457,0.8245723734760825,0.9717260569069204,0.7366412213740458,0.8313253012048193,0.9618618002870617,0.9780081683945963,0.6305401662049861,0.8878150711767011
b,2,prototype,359,0.8251930320076958,0.9444282431423192,0.8306004665987861,0.9685920577617328,0.7290076335877863,0.5916666666666667,0.9624208221271843,0.9794116110153106,0.6573213984124303,0.8879310344827587
b,2,prototype,374,0.8577221204549492,0.94348478791876,0.8340731570968948,0.9660308810172571,0.7410714285714286,0.8323699421965318,0.9625582281076963,0.979453483521068,0.6321170456548564,0.8904538341158059
b,2,prototype,389,0.8487663379840991,0.9457127286090936,0.8328760763320933,0.9724721122706009,0.7011494252873564,0.7708333333333334,0.9627607262906043,0.9806040671417756,0.6549787234042553,0.8985659781607683
b,2,prototype,404,0.8569591242675444,0.9454813819750354,0.834388835472175,0.9756841633019291,0.7276154571159283,0.8131868131868132,0.9624062353492733,0.9813042684675758,0.6345381526104418,0.9039787798408488
b,2,prototype,419,0.8660997751695765,0.9471004660465804,0.8436166696100699,0.9748653500897666,0.7648673376029277,0.8248587570621468,0.963209916432904,0.9817176538090394,0.6477292056472189,0.9054502055430315
b,2,prototype,434,0.8694367304711872,0.9475877245377229,0.8493066708668386,0.9732879168160631,0.7579329102447869,0.847457627118644,0.9638547132924696,0.98109260179398,0.6603932112250042,0.9020381328073636
b,2,prototype,449,0.8716216419586097,0.9490634292567195,0.8458573035243285,0.9735099337748344,0.7426955702167767,0.8554913294797688,0.964643861638369,0.9811261649306915,0.6810259782966129,0.9028586553732133
b,2,prototype,464,0.8719671555181688,0.9489252777301095,0.8480756706072273,0.9732294744381771,0.7481884057971014,0.8538011695906432,0.9641546961325966,0.981630309988519,0.6780104712041884,0.9047555614759558
b,2,prototype,479,0.883037474859817,0.9533645547901541,0.8626471263936681,0.9753042233357194,0.7647593097184378,0.8604651162790697,0.967430961350221,0.9806199531127898,0.7315661182205973,0.9011166420018835
b,2,prototype,494,0.8856443075355774,0.9556430123671443,0.8708990950636659,0.974381941956288,0.7730941704035874,0.8457142857142858,0.9689071379689964,0.9816040439835322,0.7516659262549977,0.9041426464673549
b,2,prototype,509,0.8883226330001219,0.9561014487672541,0.8737837348391408,0.9741750358680057,0.7714543812104788,0.8571428571428571,0.9693021036780821,0.9807257120561842,0.7646207295888825,0.9008376114563631
b,2,prototype,524,0.8895439537681558,0.9570378695777421,0.8789729166831673,0.9750201450443191,0.7818499127399651,0.8439306358381503,0.969729616495339,0.9808027016495648,0.7732844864027054,0.9021901782070466
b,2,prototype,539,0.8944795028176105,0.9582667629021939,0.876634063566918,0.9776511441545722,0.7866549604916594,0.8654970760233918,0.9709567028715965,0.9811369777593016,0.7728149577088589,0.9066447007138935
b,2,prototype,554,0.8914259969292248,0.9584647462018294,0.8740162624293595,0.9738725841088046,0.7754010695187166,0.8554913294797688,0.971756622097952,0.9814371880199667,0.7798124162572577,0.9022107690221077
b,2,prototype,569,0.8950548690979924,0.959558709529258,0.8751050901221001,0.9737218448337505,0.7947368421052632,0.8520710059171598,0.9727681953915408,0.9812272490899636,0.786939512488715,0.9039194338595536
b,2,prototype,584,0.8978375850825493,0.9604319516166222,0.8788240563697512,0.9783711615487316,0.8007149240393209,0.8538011695906432,0.9727260553216183,0.981455954641213,0.7881569207994078,0.9096369096369097
b,2,prototype,599,0.8968162818172206,0.9609413127362506,0.870525092414585,0.9764831640833779,0.7945205479452054,0.8538011695906432,0.9742740062428806,0.981360646788156,0.7890539483971853,0.9082204896730953
b,2,prototype,614,0.8996461646091307,0.9594213776051519,0.8732992331604679,0.9768105601141635,0.8050314465408805,0.8823529411764706,0.9728755466256943,0.9814501652054011,0.7714738510301109,0.9075286415711947
b,2,prototype,629,0.9023557368741331,0.9619404453216984,0.8775635834003673,0.9760313641628798,0.8096085409252669,0.8705882352941177,0.975191206710357,0.9816110489765131,0.7962264150943397,0.9072333469554557
b,2,prototype,644,0.9056617341943778,0.9627237600241134,0.8770916111641662,0.9757662152530292,0.809009009009009,0.8862275449101796,0.9761147674332619,0.981249837463917,0.8045290139959113,0.9067357512953368
b,2,prototype,659,0.9081031865035573,0.9659100415744167,0.8842016194986503,0.9763303078839651,0.8138297872340425,0.8622754491017964,0.978577472943482,0.9815089334477647,0.837096529777239,0.907103825136612
b,2,prototype,674,0.910960222712159,0.966089235483763,0.8887630924053485,0.9765576254568143,0.8174532502226179,0.8757396449704142,0.9787246686872288,0.981062379688882,0.8404447115384616,0.9067392784206944
b,2,prototype,689,0.9128234867238889,0.9669672165310392,0.8949713191280745,0.9766613219312311,0.8103294746215495,0.8837209302325582,0.9789274598281433,0.9817879071703611,0.8470898695205982,0.9112474437627812
b,2,prototype,704,0.911019678738023,0.9672080695167267,0.8935970740084728,0.9772241992882562,0.8131089459698848,0.8654970760233918,0.9791116876146173,0.9817264952821606,0.8500072600551765,0.9104620869326752
b,2,prototype,719,0.913727128378065,0.9670980926495668,0.8966297755999857,0.9781776075532199,0.8156028368794326,0.8837209302325582,0.9788362942649338,0.981877746288448,0.8459970887918487,0.9118773946360154
b,2,prototype,734,0.9140914240210914,0.9671922340034635,0.8978151407972949,0.9774222222222222,0.8176211453744493,0.8823529411764706,0.9786732333407955,0.9821758476230127,0.8453904789299583,0.9150040994807325
b,2,prototype,749,0.9161505697132651,0.968134867647548,0.9011413185663804,0.9762010874409484,0.8244541484716157,0.8823529411764706,0.9795985374225804,0.9825264967058149,0.8543103448275862,0.9136104319478403
b,2,prototype,764,0.916272574938352,0.9687183491459727,0.8993465649691936,0.9765492643780651,0.8197009674582234,0.8823529411764706,0.9806137970115423,0.9818919762722448,0.8631884057971014,0.9096106724748162
b,2,prototype,779,0.9139614762724307,0.969571592272223,0.8977994099617005,0.9781138790035587,0.8216783216783217,0.8520710059171598,0.980799355502842,0.9822442072376986,0.8681096681096682,0.9147138964577657
b,2,prototype,794,0.9153812420912705,0.9691068668700589,0.8997390072690433,0.9791500310531452,0.8174672489082969,0.8705882352941177,0.9804132169762064,0.9819535949584646,0.8639121641144178,0.9141842033342443
b,2,prototype,809,0.921568715229582,0.9707110263226373,0.90527624554056,0.9791889007470651,0.8289241622574955,0.8875739644970414,0.9814933755545265,0.982690856086832,0.8733761598857959,0.9177335875783166
b,2,prototype,824,0.9161280709001468,0.9697615000969318,0.9053870183678229,0.9793667733902526,0.8355321020228672,0.8522727272727273,0.9805485837217641,0.9825803931779716,0.8636622932116372,0.9189336235038085
b,2,prototype,839,0.9163588341998748,0.9710752758982305,0.9077997368722942,0.9799146818343406,0.8312829525483304,0.8426966292134831,0.9816213306216447,0.9826634735526864,0.8763981311057625,0.9199346405228758
b,2,prototype,854,0.920643101149987,0.9708090745681517,0.9057267334951948,0.9798204284825318,0.8257839721254355,0.8823529411764706,0.981569639899118,0.9825996353216984,0.873015873015873,0.9193592180287808
b,2,prototype,869,0.9222713401649004,0.971608715883215,0.9069489227421539,0.9803503156397262,0.8320413436692506,0.8809523809523809,0.9822161831240388,0.9829308909242298,0.8785261945883708,0.9188820722563054
b,2,prototype,884,0.9196764560051637,0.9714554600268233,0.9090385085411464,0.9796787647528619,0.8346055979643766,0.8604651162790697,0.9820137436510308,0.9828250234204227,0.8797014068331898,0.9184455391351943
b,2,prototype,899,0.9211235959633723,0.972074390753172,0.9101788904929686,0.9800053319114903,0.8331907613344739,0.8654970760233918,0.9825233421115633,0.9829450915141431,0.8856213770677224,0.918082191780822
b,2,prototype,914,0.9244701460181736,0.9722559976023913,0.9109328890625706,0.9799075391180654,0.8402061855670103,0.8823529411764706,0.9828644845152905,0.982807501235467,0.8864059590316573,0.9167464114832536
b,3,random,14,0.3838487194687345,0.596933644986635,0.4975624314590593,0.8151574452944316,0.08367911479944674,0.006870229007633588,0.6796034267013187,0.5252119437540431,0.2533129459734964,0.3231059307507713
b,3,random,29,0.5688220381466043,0.8510498357228589,0.6555794993206989,0.914547578398778,0.300507614213198,0.07362784471218206,0.8959290775936194,0.9334969456078107,0.32959281821096503,0.5340523882896764
b,3,random,44,0.5782108999105425,0.854719077590331,0.6631598276388849,0.7494637932795425,0.26700680272108845,0.15644171779141106,0.910411622276029,0.9390179514255543,0.5384312179739851,0.4867031939061874
b,3,random,59,0.5949953105694247,0.8659545648560509,0.6792276232646074,0.7826496935407826,0.2893467777290662,0.1592356687898089,0.9199712686678838,0.9418093690910544,0.6156494108301337,0.4563049853372434
b,3,random,74,0.6118994419836801,0.8720435439453733,0.7020260117754106,0.8940954180444024,0.44003690036900367,0.09340659340659341,0.9143852518507766,0.951310861423221,0.4018597129573479,0.5882013558344151
b,3,random,89,0.6413259433779365,0.8797893831752525,0.6467339641919143,0.8841407257321791,0.4608788853161844,0.24817518248175183,0.9268817821668485,0.9527586298671918,0.4432305891533359,0.5732158089280637
b,3,random,104,0.5987936864389397,0.8657809396669545,0.6036470246067366,0.8469162995594713,0.3295964125560538,0.27053140096618356,0.9236051746737334,0.9531566087801803,0.32446918161203875,0.5432807269249164
b,3,random,119,0.6191308791303205,0.8703269748401085,0.6062204314231681,0.8192880494006538,0.39972241498959055,0.3422459893048128,0.9372547896560611,0.9463720774711284,0.45534290271132377,0.4336899303786721
b,3,random,134,0.5871212280585097,0.8699809606617783,0.5955265118107161,0.8003003003003003,0.3765312701482914,0.1447721179624665,0.9387720002293184,0.9472467045250148,0.45785556226111446,0.4443706409830621
b,3,random,149,0.6463165318131054,0.8855190322082007,0.6337101482151998,0.816835832014154,0.3975325565455792,0.31868131868131866,0.9423277661795407,0.9514868594124778,0.5870528109028961,0.510298578955772
b,3,random,164,0.665595790416513,0.8997319834466146,0.6550323361159164,0.9191436659589526,0.37185280826339573,0.24338624338624337,0.9420113895874888,0.9462950373895309,0.6026785714285714,0.6338028169014085
b,3,random,179,0.6828967793757481,0.9093379511965172,0.6693885017339767,0.9199309279287468,0.3834849545136459,0.2331288343558282,0.9447963537343643,0.953408971530623,0.6763224181360201,0.6692049954310082
b,3,random,194,0.7203003506841095,0.9132386985548824,0.6900864697373655,0.9292546471756,0.30618401206636503,0.5298013245033113,0.9494143091460671,0.9515203897226369,0.6429165973031463,0.73301117487164
b,3,random,209,0.7553458323706643,0.918558648079789,0.7316744327730483,0.9218543046357616,0.48261758691206547,0.589041095890411,0.9549341142020498,0.9549755048083154,0.672332080405295,0.7116661397407524
b,3,random,224,0.7644027509282928,0.9190461262758953,0.7388093731159309,0.9194527498414424,0.49853372434017595,0.6394557823129252,0.9554066985645933,0.956182906688687,0.6846428017976135,0.6971445929526124
b,3,random,239,0.7542810724733873,0.9134564656239718,0.7212513633838513,0.9263548757846344,0.49663425579655945,0.6293706293706294,0.9530162073605991,0.9499045555383584,0.6830272324255858,0.6416597510373444
b,3,random,254,0.7361395412319556,0.9067725929416905,0.7000181870336767,0.9332501559575795,0.48424068767908307,0.5985401459854015,0.9473089296582906,0.9517726461689638,0.5856545961002786,0.6522096270740924
b,3,random,269,0.7509706925831967,0.9114123095941453,0.7031701921130509,0.9281658404686796,0.5466778805719091,0.6131386861313869,0.9503412771864878,0.9576104915324246,0.5771397419589315,0.6837209302325581
b,3,random,284,0.7514537749178217,0.913669201182439,0.7079170043738768,0.9239948595557187,0.6092150170648464,0.5352112676056338,0.9532994923857868,0.9556975066968886,0.6034391065413933,0.6793191745744841
b,3,random,299,0.7691349642947302,0.924638193238546,0.7362160463006087,0.926407713999818,0.584375,0.5454545454545454,0.9603092104299957,0.9572530505894796,0.7160453808752026,0.6940998487140696
b,3,random,314,0.7876202499978183,0.9331656728878405,0.7628573775794433,0.9203080063085629,0.586940572267058,0.5736434108527132,0.9631502359149237,0.9657106905049022,0.7175718849840256,0.7860169491525424
b,3,random,329,0.7828475248146319,0.9315274932485762,0.7712042384435928,0.921873545022814,0.5742821473158551,0.56,0.9631297743630503,0.9608213854314375,0.7216064257028112,0.7782193958664547
b,3,random,344,0.7815546017980717,0.9334053548155239,0.7697173098759823,0.9201955899990774,0.58898847631242,0.5238095238095238,0.9637051486670214,0.9645874621883801,0.7536861710383361,0.7559098405717427
b,3,random,359,0.7925492974974969,0.934086763615812,0.7826503829151817,0.926953981008035,0.5809768637532133,0.59375,0.9636550277459571,0.963163512352589,0.7494502272394077,0.7698954703832752
b,3,random,374,0.7995897158119941,0.9367293089112668,0.791139875012761,0.9286502390584774,0.6039735099337749,0.5970149253731343,0.9652313452794865,0.9649141126716442,0.7481208548268239,0.7892230235406178
b,3,random,389,0.81319293644553,0.9404641372995616,0.7951986136672996,0.9323198095063651,0.6770186335403726,0.5899280575539568,0.9647991920152091,0.9715419560336275,0.7441588785046729,0.8125840279645066
b,3,random,404,0.8173230982709209,0.9415493113460424,0.7934496459112618,0.9356534348377742,0.6702786377708978,0.6046511627906976,0.9650828467261464,0.9705112088833019,0.752111423914654,0.822972972972973
b,3,random,419,0.8185945300627413,0.9419345231144473,0.798702179888319,0.9355950653120464,0.6641622839969947,0.6153846153846154,0.9649919828968466,0.97151534192062,0.7497416211427728,0.8287707997852926
b,3,random,434,0.8187394051240506,0.9419281282917594,0.7972143513931927,0.9354487760652765,0.6774941995359629,0.6074074074074074,0.9649265784521464,0.972158258321122,0.749925306244398,0.8238153098420413
b,3,random,449,0.8174027333714824,0.939578737146738,0.7905697773169719,0.9362011071785098,0.6931297709923664,0.6165413533834586,0.9640895772905962,0.9709788747124033,0.7201147593241951,0.8207636907188477
b,3,random,464,0.8150706826908267,0.938553260303246,0.7859732755852203,0.9363363908818454,0.684044233807267,0.6165413533834586,0.9636307393168059,0.9695257527008292,0.7163378058405683,0.8190785029050128
b,3,random,479,0.8223369275397966,0.9419362352304513,0.7939566434825683,0.953042560675343,0.6882716049382716,0.6222222222222222,0.9649590919142036,0.9695355940167594,0.7266414141414141,0.8316860048703624
b,3,random,494,0.817417137958759,0.9403123129051968,0.7881242854219263,0.9541850220264317,0.6807511737089202,0.6074074074074074,0.9633851773300341,0.9686731865488206,0.7312625560191625,0.816255442670537
b,3,random,509,0.8219863023732931,0.943285068446796,0.7964512407358448,0.9579505300353357,0.6737967914438503,0.6060606060606061,0.9653552380811677,0.9679868073187969,0.7475862068965518,0.8351679367767428
b,3,random,524,0.816036250667949,0.9403856387289955,0.7847944678559717,0.958664546899841,0.6799046862589356,0.6015037593984962,0.9635258358662614,0.9689289060060373,0.7100517484710679,0.8296742717750036
b,3,random,539,0.817148384281164,0.9392777622324571,0.7861876423062439,0.9599363226319979,0.6966640806826998,0.6060606060606061,0.9629444166249375,0.9676394782744526,0.7041805754252106,0.8226132102682434
b,3,random,554,0.8172852478768631,0.9406915237592626,0.7861546593799175,0.9577265907686877,0.7044728434504792,0.5882352941176471,0.9637797597110636,0.969558322718174,0.7151629664619745,0.8220609579100145
b,3,random,569,0.8169527301868907,0.9400096894843673,0.7878182358333781,0.9565753545318418,0.6941266209000763,0.6015037593984962,0.963673607733911,0.9685524775653531,0.7173358827278521,0.8169014084507042
b,3,random,584,0.8265382593154484,0.94137029781308,0.7878302558586555,0.9580369843527738,0.7447698744769874,0.6106870229007634,0.964832997217847,0.9682287736462751,0.7135424877818067,0.825669674831686
b,3,random,599,0.8210455348028154,0.9424192674328495,0.788569985514333,0.9565833776360092,0.7354409317803661,0.5652173913043478,0.9661151906573476,0.967199458530744,0.7466174661746617,0.8101449275362319
b,3,random,614,0.8178655615221017,0.94230746845832,0.7881850360565075,0.9536838340486409,0.7240506329113924,0.5555555555555556,0.9665454975322871,0.9670569299862413,0.7440147329650092,0.814151747655584
b,3,random,629,0.8196579438101779,0.945368632649002,0.7903568228261539,0.9580913233848628,0.7132043734230445,0.54421768707483,0.9669183374950133,0.9712111013307099,0.7502719502719503,0.8336908336908337
b,3,random,644,0.8164402932153744,0.9459230479519863,0.7916518347191623,0.9574657412350952,0.7045075125208681,0.5263157894736842,0.9680484231401045,0.9709758434093675,0.7551179871854977,0.8326507555430024
b,3,random,659,0.8059474774076715,0.947156822933983,0.7815255171034866,0.9517402224614281,0.6709470304975923,0.4696969696969697,0.9687662289487351,0.9732939224227338,0.7730268199233716,0.8341611479028698
b,3,random,674,0.8108129678653876,0.9473510997393051,0.7876865305301769,0.9496623142728501,0.6852589641434262,0.48854961832061067,0.9691784382751808,0.9727133473531168,0.7785561985988425,0.8317718940936863
b,3,random,689,0.822056159634562,0.9505261211635054,0.795974246001304,0.9589016829052258,0.6903283052351376,0.5256410256410257,0.9692334999852085,0.9760479041916168,0.7749650566858208,0.8592756427978988
b,3,random,704,0.8228293972740935,0.9507999864157435,0.8046068994079969,0.9617466938847963,0.6865671641791045,0.5290322580645161,0.9700268438459371,0.9741102854908096,0.784331797235023,0.853990738218469
b,3,random,719,0.8189898335198466,0.951507650827362,0.7867188565906774,0.9605836818222262,0.7090909090909091,0.4740740740740741,0.9699659712975293,0.9755383650428602,0.7799969035454405,0.8636789297658863
b,3,random,734,0.8182522523242913,0.9482747659065955,0.7965091489820045,0.9614190687361419,0.6970509383378016,0.5061728395061729,0.9679633190356456,0.9716766482726156,0.7732387852628334,0.850244167118828
b,3,random,749,0.8147481444163457,0.9484243550507094,0.7937380216258908,0.9618185047060913,0.6743978590544157,0.5,0.9679910067153803,0.9721300770536764,0.7739143872662648,0.852985176118591
b,3,random,764,0.8190135538492783,0.9509860853547224,0.7970280810067009,0.9603266175556936,0.695731153496821,0.49101796407185627,0.9700708653262912,0.9743576366244946,0.7875968992248062,0.8539937406449857
b,3,random,779,0.8224857513127174,0.9508301044959587,0.8000895108034436,0.9638639794015804,0.7225691347011597,0.4939759036144578,0.9692378125323055,0.9750763368739724,0.7701294600568361,0.8625476320087099
b,3,random,794,0.8212879272612713,0.950566323956172,0.7996335618091661,0.9637186197108134,0.7230215827338129,0.48520710059171596,0.9696476884637562,0.9732294137580482,0.7789243277048155,0.8552667578659371
b,3,random,809,0.807439447310746,0.9502609914163584,0.7931389374378767,0.9622457137780936,0.6825251601097896,0.4270833333333333,0.9694665522648599,0.9739809871076963,0.7830291686164405,0.8537452159650082
b,3,random,824,0.809065675005143,0.9501556143891515,0.7925800453282533,0.9623044096728307,0.6893382352941176,0.43386243386243384,0.9697489174930173,0.9731968430100805,0.7822808671065034,0.852728018597019
b,3,random,839,0.809862978209586,0.9506109026653324,0.797911560062042,0.9623059866962306,0.6977578475336322,0.42487046632124353,0.9690053285968029,0.9748468656327381,0.7819758439145246,0.8582785087719298
b,3,random,854,0.8089656740068106,0.949259722248036,0.7974199546755444,0.9621956617972555,0.7109515260323159,0.4205128205128205,0.9680732967244416,0.9739325374068089,0.7731767614338689,0.8539171141401625
b,3,random,869,0.8339895115386484,0.9496226174586341,0.8031391785438269,0.9634103019538188,0.7317073170731707,0.5815602836879432,0.9687069998668383,0.9739171301010418,0.7655310621242485,0.8530934859634778
b,3,random,884,0.8335035307496055,0.9495090882875608,0.7965368813655023,0.9619377162629758,0.7160940325497287,0.5942028985507246,0.9690300825272873,0.9736403417378621,0.7660954145437703,0.8535242290748899
b,3,random,899,0.8436882122793525,0.9521129521531296,0.8027206750258733,0.9612279300860616,0.7110300820419325,0.6417910447761194,0.9698098151349913,0.976536604463004,0.7763320941759604,0.8690899152773982
b,3,random,914,0.8354043072695764,0.9528986186179168,0.7963938375095788,0.9602197218038452,0.6975023126734505,0.5864661654135338,0.9705551609848485,0.9768863119956123,0.7879157766249618,0.8682847013907826
b,3,uncertainty,14,0.3838487194687345,0.596933644986635,0.4975624314590593,0.8151574452944316,0.08367911479944674,0.006870229007633588,0.6796034267013187,0.5252119437540431,0.2533129459734964,0.3231059307507713
b,3,uncertainty,29,0.4689210686736045,0.7317373365489788,0.6380151494566194,0.8396931549960661,0.10831184288831582,0.04460694698354662,0.8327692178159468,0.6766350442922662,0.23707486094647579,0.5433564127926146
b,3,uncertainty,44,0.4296270854013014,0.6462462179721914,0.5844436999529361,0.8539616264042151,0.1776061776061776,0.09463148316651501,0.7359394614473381,0.5855316039459262,0.21201793721973095,0.34770130801920635
b,3,uncertainty,59,0.4632530206491322,0.6956895215241191,0.6226589333305289,0.827642608873441,0.18181818181818182,0.086899275839368,0.7350513668814208,0.7444943892895256,0.22146378460371635,0.4454015372382719
b,3,uncertainty,74,0.5358413029390922,0.7608866243121931,0.7040900434486039,0.8323463344905044,0.20939183987682833,0.17006802721088435,0.7302165987561655,0.9357643147194288,0.21985640009903443,0.6532456054207993
b,3,uncertainty,89,0.5889369708277047,0.7910161786767247,0.6948252960424428,0.8735589089886587,0.4360400444938821,0.21571648690292758,0.7803946313760936,0.9304498364980353,0.22769510689453507,0.6587037806398006
b,3,uncertainty,104,0.5812309890363162,0.7910104237001093,0.6955972900433204,0.9382324433870826,0.36227224008574493,0.08636052090472926,0.7504130488276444,0.9485738863947956,0.22441461130190446,0.758350172352312
b,3,uncertainty,119,0.6044841764256582,0.8027769115698834,0.7152681075804288,0.9250182882223847,0.5240761478163494,0.03896848137535817,0.7647301904335548,0.9555507952658919,0.2526836049115762,0.7703617269544925
b,3,uncertainty,134,0.6800031259294299,0.8805985521397369,0.7190625831441179,0.9623670331634934,0.5246981339187706,0.46779661016949153,0.9264139234843346,0.9469306181975315,0.15150901357099453,0.7803065490013934
b,3,uncertainty,149,0.7379625186155323,0.8856841321385324,0.7407617870313127,0.9552185228394507,0.6685606060606061,0.7415730337078652,0.9418851373481623,0.9354149548069022,0.17900172117039587,0.744083654375344
b,3,uncertainty,164,0.7153487388114733,0.8837495511391991,0.7234423835529673,0.9593378913278158,0.5138248847926268,0.7128712871287128,0.942700761139143,0.9254413749414714,0.22821969696969696,0.7250452753808458
b,3,uncertainty,179,0.7357347955094167,0.89137483364166,0.7309556529273952,0.9623167551038763,0.5821389195148843,0.745945945945946,0.9431452416896915,0.9441643627690139,0.20145985401459854,0.7709724895279068
b,3,uncertainty,194,0.7714774234779106,0.901086456117544,0.7540271187118088,0.9644879978423088,0.639751552795031,0.8470588235294118,0.9455355103905001,0.9564611260053619,0.23546302943287867,0.8115839243498818
b,3,uncertainty,209,0.7787900269904215,0.9048798393363957,0.7724035648867998,0.9653184397801999,0.6889564336372846,0.7936507936507936,0.9490095956625884,0.9512628574505897,0.31605161874575505,0.7872804500057399
b,3,uncertainty,224,0.753629567847378,0.8861167938601845,0.7576746530132069,0.9560379423568041,0.7337850919651501,0.8222222222222222,0.9439630600843689,0.9386053355860152,0.13826285135477337,0.7425304713623125
b,3,uncertainty,239,0.7328721274422497,0.8770010188379248,0.7419107306089806,0.9584953431594176,0.6997971602434077,0.8176795580110497,0.9419417144804862,0.9296750426128554,0.06157112526539278,0.7209449483231386
b,3,uncertainty,254,0.7368073482868988,0.8782241107128327,0.7399232865571991,0.9570873610985635,0.7368421052631579,0.8070175438596491,0.9422525209487289,0.9328032899246059,0.05491868834977339,0.7267299285638128
b,3,uncertainty,269,0.7658156468737213,0.8909749312706371,0.7508509722417029,0.9279338532368693,0.7415295256534365,0.8395061728395061,0.9471879776581004,0.9421034042437579,0.2348685796961659,0.7275800147882117
b,3,uncertainty,284,0.7669957642043752,0.9001016862251292,0.7492823430389973,0.95445798588839,0.6611570247933884,0.8520710059171598,0.9440364360945062,0.9690421334180769,0.15034168564920272,0.8378640776699029
b,3,uncertainty,299,0.8065402452525523,0.9217703841932274,0.7771306580330689,0.9601524916038849,0.6362694300518135,0.8304093567251462,0.9529889894506255,0.9689437702050984,0.45026826248452334,0.846749416246774
b,3,uncertainty,314,0.7981723074337334,0.9080754436569742,0.781771045706401,0.9620069078349391,0.7744360902255639,0.8520710059171598,0.948796473854432,0.9639586882453152,0.2590919895412408,0.8268449964174827
b,3,uncertainty,329,0.8118571333576475,0.9166277648668304,0.7878267522172517,0.9549154092363968,0.7722586691658857,0.8452380952380952,0.9516240298936476,0.9714632345184091,0.34481216457960645,0.8426883308714919
b,3,uncertainty,344,0.8355817219059138,0.9297984235930344,0.8108573661837425,0.9551035367417995,0.7644859813084112,0.8323699421965318,0.9570737517976728,0.9738032614413467,0.5154837468743989,0.8507518329812352
b,3,uncertainty,359,0.8330928152575783,0.9292140167284633,0.8080636052416617,0.9577053073901526,0.7578558225508318,0.8304093567251462,0.9565532748241097,0.9743279499184597,0.49911504424778763,0.8556829511465603
b,3,uncertainty,374,0.828607718447944,0.9266496515210044,0.8005234106137192,0.9607878898413278,0.7495429616087751,0.8571428571428571,0.9548666186012977,0.9780872843417022,0.42759211653813195,0.8722343010615168
b,3,uncertainty,389,0.8260731431746446,0.925409389468113,0.7932264260619839,0.9608146195108647,0.7559354226020892,0.8554216867469879,0.9543472943613944,0.9787991414961,0.4032399299474606,0.8739539075576156
b,3,uncertainty,404,0.8288255371150163,0.927327964735633,0.7945640362748171,0.9563629724301626,0.7606177606177607,0.8452380952380952,0.9556925558884536,0.9790326797385621,0.43191078704696545,0.872923908845114
b,3,uncertainty,419,0.8327773261473412,0.9283301800957312,0.7977925437121725,0.9633176725695699,0.7612655800575263,0.8554216867469879,0.9557022220941291,0.9784037067092485,0.43567313846810324,0.8796572763858237
b,3,uncertainty,434,0.8352689924630002,0.9299803976531147,0.8037433759006927,0.956077070587161,0.7539461467038069,0.8571428571428571,0.9566071531750159,0.9794787336940893,0.4697095435684647,0.8739214423696072
b,3,uncertainty,449,0.8623951850386992,0.9440299834560019,0.8303514866607083,0.9639077340569878,0.7643312101910829,0.8502994011976048,0.96440912736021,0.9794477565108253,0.6329532916513424,0.8814177743028407
b,3,uncertainty,464,0.8748002578622878,0.9505869730751109,0.8416764727719143,0.9679516114471427,0.7611111111111111,0.8536585365853658,0.9680362617535315,0.9797594142259414,0.7037604219840055,0.8893244479289167
b,3,uncertainty,479,0.8843260842682967,0.9542714349831166,0.85669193634823,0.968278355173972,0.7668202764976959,0.8658536585365854,0.9705248235328864,0.9789418543740178,0.751779781680114,0.888083840082805
b,3,uncertainty,494,0.8861933239899413,0.9559300500667608,0.8586878527194886,0.9715776218744379,0.7688073394495413,0.8606060606060606,0.9707159953902071,0.9813667842676075,0.751690517376946,0.8985889489647897
b,3,uncertainty,509,0.8898702625701151,0.9578515667571872,0.8654208462534941,0.9694890774508034,0.7792207792207793,0.8518518518518519,0.9722829725507699,0.9808124640560464,0.7831431079894644,0.8922915848710902
b,3,uncertainty,524,0.8881177757666058,0.9590426089571618,0.8610177665833376,0.9705935414035721,0.7626310772163966,0.8433734939759037,0.9736756292058222,0.9807888339998432,0.7902394665050015,0.8955223880597015
b,3,uncertainty,539,0.8819203110355397,0.9560948545471744,0.8457838620781565,0.9691669671835557,0.7374631268436578,0.8571428571428571,0.971768596993769,0.9804484585867551,0.7645856266708602,0.892866543827323
b,3,uncertainty,554,0.8891859641604472,0.9595808812307128,0.8629144968243688,0.9686964366260713,0.7586206896551724,0.8466257668711656,0.9733648964521268,0.9821256164705269,0.7966347548592979,0.8982335881887688
b,3,uncertainty,569,0.88666883888628,0.9594759010009135,0.8577626341069514,0.9713203463203464,0.7327502429543246,0.8536585365853658,0.9733109563202685,0.9821386665276003,0.7946177731775839,0.8988853503184714
b,3,uncertainty,584,0.8929039441628586,0.9614813224479112,0.8702501759236752,0.9708877872915728,0.7649857278782112,0.8433734939759037,0.9743910987814518,0.982395743682028,0.8119743406985032,0.9023194168323393
b,3,uncertainty,599,0.8960294590332419,0.962338771880402,0.8741468317591251,0.972237245357851,0.7654320987654321,0.8536585365853658,0.9746634759198325,0.9826737187670983,0.8195081283868278,0.9040330094502862
b,3,uncertainty,614,0.8943152770766168,0.9609736998188451,0.872417135802869,0.9715883467123658,0.7744360902255639,0.8484848484848485,0.9736539294947473,0.9822516004788424,0.8089225589225589,0.9008695652173913
b,3,uncertainty,629,0.8954148041503799,0.9619613868417479,0.8739891151225808,0.9769279109435317,0.7803958529688972,0.8383233532934131,0.9739842500859222,0.9822097378277154,0.8089350941275639,0.9071274298056156
b,3,uncertainty,644,0.8971665649468626,0.9616794449592038,0.8719595402183579,0.9797708557107053,0.7789275634995296,0.8554216867469879,0.9741387024608501,0.9811046511627907,0.8048571428571428,0.9059453521900316
b,3,uncertainty,659,0.8952977011995257,0.96102843671945,0.8772818939838297,0.9793214573449109,0.7756653992395437,0.8452380952380952,0.9725774218268696,0.9814785992217899,0.8069708660369829,0.9058320694884875
b,3,uncertainty,674,0.9010343844562593,0.9631645087009235,0.8830042348414591,0.9790435249865663,0.776937618147448,0.8622754491017964,0.9745746166669169,0.9815310283918227,0.8248057862309135,0.9080726676683513
b,3,uncertainty,689,0.9036580049078415,0.9642426477057888,0.8860933134267338,0.9789633873422254,0.796688132474701,0.8554216867469879,0.9752718002549299,0.9827864163503043,0.825037501704623,0.9114371094811192
b,3,uncertainty,704,0.9052848896212541,0.9652834242532814,0.8898096673236876,0.9806763285024155,0.7933271547729379,0.8571428571428571,0.9761572091765448,0.9823832042820766,0.8360567907848915,0.9112506826870562
b,3,uncertainty,719,0.9003223455697532,0.9654077736390719,0.8815321146733298,0.9827786205050415,0.7633302151543498,0.8452380952380952,0.9764145288899545,0.981723779854621,0.8419756464632645,0.910795532882945
b,3,uncertainty,734,0.9078083550643765,0.966780502940059,0.8895593109804272,0.9820551736452102,0.7974452554744526,0.8554216867469879,0.9776393236382154,0.982032814165735,0.8457395387377434,0.9143246930422919
b,3,uncertainty,749,0.9108450242848795,0.9678761510623266,0.889629059390462,0.9812600392646796,0.7992667277726856,0.8641975308641975,0.9788114625039362,0.9819342781498209,0.8583526840595547,0.9120924473792819
b,3,uncertainty,764,0.9143587026303639,0.9691543805938476,0.8933157127669117,0.9809668483602895,0.8,0.8765432098765432,0.9798436610859864,0.9826460257577728,0.8655973451327433,0.914913828199213
b,3,uncertainty,779,0.9130486035164516,0.9687505574801616,0.8933681808508732,0.9793140503268559,0.7948951686417502,0.8765432098765432,0.9794523627534734,0.9830305554109625,0.864004391381913,0.9141004862236629
b,3,uncertainty,794,0.9124880303252688,0.9695774336602633,0.8902552727926951,0.9817889662560257,0.793040293040293,0.8641975308641975,0.9801698869414368,0.9826150322714969,0.8685538116591929,0.9170506912442397
b,3,uncertainty,809,0.9101083624539378,0.9700177318981177,0.8903145224194543,0.9819803746654773,0.7925925925925926,0.8433734939759037,0.9805582578762254,0.9827810435415908,0.8720590282611722,0.917413746264602
b,3,uncertainty,824,0.9111000383666947,0.9700745184881568,0.8899978835847415,0.9823466476462197,0.7874306839186691,0.8536585365853658,0.9805101490928687,0.9827882065415215,0.8723788362727399,0.9185872085094777
b,3,uncertainty,839,0.913049114794237,0.9700909284246363,0.8936801732340365,0.9823403496254014,0.7971145175834085,0.8606060606060606,0.9807165831401002,0.9827415917242813,0.8702482816664329,0.9175764192139738
b,3,uncertainty,854,0.9142768697900312,0.9700858533295457,0.8940533393886491,0.9827847649629828,0.8031914893617021,0.8641975308641975,0.9809140308069997,0.9822740131322831,0.8723612470292185,0.9142150123728348
b,3,uncertainty,869,0.912353298347997,0.9703970657489703,0.8932242062822728,0.9809906291834003,0.798951048951049,0.8518518518518519,0.9815216578140196,0.9821664979362978,0.8780075981426763,0.912983804556684
b,3,uncertainty,884,0.9153271305092608,0.9711462978001765,0.8960379369962111,0.9822400713966979,0.8052863436123348,0.8606060606060606,0.9818686898858953,0.9829028737722808,0.8770022883295194,0.9173835859620374
b,3,uncertainty,899,0.9124224950142166,0.9709958982898197,0.8925029496236428,0.9817111249888483,0.7910714285714285,0.8536585365853658,0.9816546655113687,0.9831416827098184,0.8772779043280182,0.9184421224046682
b,3,uncertainty,914,0.9154643943556221,0.971974187938759,0.8918126597137433,0.9817922170653338,0.8073059360730593,0.8518518518518519,0.9824975359158926,0.9834521517406463,0.882703777335984,0.918647290506587
b,3,margin,14,0.3838487194687345,0.596933644986635,0.4975624314590593,0.8151574452944316,0.08367911479944674,0.006870229007633588,0.6796034267013187,0.5252119437540431,0.2533129459734964,0.3231059307507713
b,3,margin,29,0.5410171660372881,0.7963209454045511,0.6591529142256516,0.8817733990147784,0.17341408989480395,0.19659735349716445,0.887735155675794,0.7694826457105436,0.5439099500902623,0.3342075683776695
b,3,margin,44,0.6080743138040302,0.8840002859369839,0.7002365872945955,0.910821733273462,0.19795918367346937,0.14709110867178923,0.9499760076775432,0.9032992036405005,0.6787512588116817,0.4686217008797654
b,3,margin,59,0.6502456966217559,0.8961012303650554,0.7302230817952005,0.8699007717750827,0.38430089942763695,0.20408163265306123,0.9546189764091921,0.93115698988845,0.7588375896339162,0.44882301656495205
b,3,margin,74,0.7286823167938136,0.9141681428013728,0.7421618788048445,0.8889258673766536,0.4840103716508211,0.5213675213675214,0.9677959513201567,0.9438849654539428,0.793731469716222,0.5010600706713781
b,3,margin,89,0.7560139526863408,0.9348702696102005,0.7861754392273728,0.9381107491856677,0.3462489694971146,0.5057471264367817,0.9634520654598812,0.9595936034004613,0.7754095983761056,0.8035355564483728
b,3,margin,104,0.7645406938070142,0.9415822179909978,0.8055331445333069,0.9368325791855203,0.48006785411365566,0.3785488958990536,0.9686598616072096,0.9614707813525936,0.8119411595038939,0.8142637249871729
b,3,margin,119,0.7860532909559527,0.947735837168089,0.815533243074129,0.9435180204410973,0.5616942909760589,0.4077669902912621,0.9706468994671191,0.9703786830910562,0.8101631297820124,0.838205022643063
b,3,margin,134,0.795593492599959,0.9435867100411233,0.8171352137582666,0.9323486506199854,0.6174617461746175,0.4731182795698925,0.9655682204580063,0.9739716719803481,0.7696026590119354,0.8370832203849282
b,3,margin,149,0.8119348989341836,0.9453370211126857,0.8083283928383319,0.9443262411347517,0.6408640864086409,0.5454545454545454,0.9682980925624722,0.969003086501174,0.7859744990892532,0.8296237413884473
b,3,margin,164,0.80065285421422,0.9448627170789101,0.8403104487425631,0.95009009009009,0.6433301797540208,0.46006389776357826,0.9717779030774253,0.9590587233136346,0.8188158480486719,0.8014333374521191
b,3,margin,179,0.8239467135750378,0.9514620346385702,0.821212783511033,0.9545170226074524,0.65,0.5592417061611374,0.9704642598316892,0.9749286107254198,0.8076511094108646,0.8508242862887012
b,3,margin,194,0.8157977084888179,0.9526408884120825,0.8376268411839297,0.9524066576698156,0.5722831505483549,0.5555555555555556,0.9721410885584236,0.9743912018853103,0.821640903686088,0.8621654015181782
b,3,margin,209,0.8405354735194128,0.9568887618051918,0.8556738431186556,0.9534573284684524,0.6785714285714286,0.6024096385542169,0.9758273679842308,0.9761649355066586,0.8375299760191847,0.859787639531718
b,3,margin,224,0.863612916016644,0.9578332200175605,0.8533730840630716,0.9521415102810452,0.6832535885167464,0.75,0.9758439787782685,0.9771120305871261,0.8459241564646163,0.8610151474887058
b,3,margin,239,0.8408975011229141,0.9583399227787643,0.8639026218636108,0.9451706608569354,0.7093235831809872,0.5606060606060606,0.976515792128414,0.9779255806645892,0.8555374833653704,0.8612033470580422
b,3,margin,254,0.8751603369448614,0.9600901559398333,0.8708049128413603,0.9483812949640288,0.7239583333333334,0.7741935483870968,0.9779059740105266,0.9777847554753121,0.8632503660322108,0.8606480864115216
b,3,margin,269,0.8749341095803679,0.9591675321022404,0.8655642635032328,0.951154052603328,0.706766917293233,0.7978142076502732,0.9772087830294008,0.9772506625383748,0.8553277505053422,0.8590163934426229
b,3,margin,284,0.8757103541947096,0.9580939145148624,0.8740100735520088,0.9464028776978417,0.7407407407407407,0.7872340425531915,0.9767220478648243,0.9771341463414634,0.8470001466920933,0.8547384774728121
b,3,margin,299,0.8781615417057506,0.9595897524452511,0.8768289356362767,0.948757067217087,0.753315649867374,0.7789473684210526,0.9774834437086093,0.9783025055752328,0.8497076023391813,0.8606171548117155
b,3,margin,314,0.877194378012741,0.9592675771136279,0.876971614672437,0.9447389702578848,0.7489063867016623,0.7789473684210526,0.97708082026538,0.9789263996644999,0.8521739130434782,0.8595867877352283
b,3,margin,329,0.8851257445469339,0.9614006863053784,0.8857085031304103,0.9485254691689008,0.7504302925989673,0.8085106382978723,0.9781548693019996,0.9795490848149991,0.861294964028777,0.8694148936170213
b,3,margin,344,0.8862691372770047,0.9611952052338281,0.8830571101374981,0.9489559164733179,0.7633851468048359,0.8085106382978723,0.9775688701136431,0.9803983064136741,0.8515142605116143,0.8735508223240765
b,3,margin,359,0.8808338961653028,0.9615112546286319,0.8800918941042417,0.9524575513851653,0.7466442953020134,0.7783783783783784,0.9777877161598092,0.9796515424600998,0.8580148234268274,0.8729029660448262
b,3,margin,374,0.8870728570025126,0.9624650099972974,0.8767134130091268,0.9529075990010702,0.770999115826702,0.7932960893854749,0.9789718234348007,0.9793243878243617,0.8602715724923347,0.8737394110528439
b,3,margin,389,0.8901942871491201,0.9635758765486008,0.8786146675342315,0.9529170016974895,0.7845601436265709,0.7932960893854749,0.9797456289280077,0.9801044386422977,0.8644314868804664,0.8763052208835341
b,3,margin,404,0.885896327393881,0.9643845184581281,0.8771445801145935,0.9572389063200358,0.7830596369922213,0.7528089887640449,0.979737073265145,0.9805396651255126,0.8661094002053087,0.8817806210848994
b,3,margin,419,0.8841903950768338,0.9638351564205692,0.8841903087235042,0.9549565684606429,0.7803223070398643,0.7513227513227513,0.9795346897435133,0.9807888339998432,0.8632692025260684,0.8791384124451536
b,3,margin,434,0.8882922134995209,0.9648532262426184,0.8872724775172264,0.9598057728621527,0.7905004240882103,0.7593582887700535,0.9799693210418932,0.9807878296782289,0.8655969380244369,0.8820269200316706
b,3,margin,449,0.8750581938511208,0.9643586150779643,0.858797363455542,0.9573510887169336,0.7752613240418118,0.6829268292682927,0.9796161462753682,0.9809299895506792,0.8677916360968452,0.8815303430079156
b,3,margin,464,0.8909921001551584,0.9648394158824168,0.8840086120267393,0.9622269960615826,0.7733333333333333,0.7885714285714286,0.9793302832958288,0.9805579477543778,0.8664122137404581,0.8865124983291004
b,3,margin,479,0.8969030393176659,0.9662006257563968,0.8832926794446517,0.9633894036160835,0.7887323943661971,0.8045977011494253,0.9804575289862623,0.981030658838878,0.870782378075733,0.8893312101910829
b,3,margin,494,0.8789496554672143,0.9674273631757758,0.8636530944144647,0.9629895795903701,0.7954743255004352,0.6585365853658537,0.9819634499001282,0.9808058914161857,0.8870499419279907,0.8858278145695364
b,3,margin,509,0.8956011534752149,0.9665907779503137,0.8773557572088055,0.9642664751301849,0.7915936952714536,0.7878787878787878,0.980802428715995,0.9808008776741635,0.8730650154798761,0.8908007941760424
b,3,margin,524,0.886731954880583,0.9665184073572933,0.8706940779236881,0.9654800431499461,0.7937877480586712,0.7228915662650602,0.9805521636834738,0.9809451815551443,0.8719682493017786,0.8914987321500066
b,3,margin,539,0.8950143122904644,0.9669652771927593,0.8837288446029585,0.9661184506156196,0.7895622895622896,0.7810650887573964,0.9805441669772642,0.981668361626118,0.8731942215088283,0.8929476069857353
b,3,margin,554,0.8928565682152201,0.9677098213962451,0.8777532883105609,0.9661184506156196,0.7929589270746018,0.7530864197530864,0.9809357718851078,0.9819072944366234,0.8787967289719626,0.8961923847695391
b,3,margin,569,0.9001284598953163,0.9674440164993822,0.8883288485858419,0.9656721782890008,0.7793505412156536,0.8214285714285714,0.9807657899445339,0.9821837882892269,0.8770084721004966,0.8944898779997319
b,3,margin,584,0.9023672362001148,0.9672938157454689,0.887578694809651,0.9658641753503413,0.7866894197952219,0.8333333333333334,0.9809482668732218,0.9816532888564579,0.8733804475853946,0.894701721606833
b,3,margin,599,0.901343146779256,0.967894693607572,0.8911269217738458,0.9654181262912063,0.7932489451476793,0.813953488372093,0.9811422012194213,0.982429614181439,0.8772288804443146,0.895980771798638
b,3,margin,614,0.896182394932974,0.9681193688741766,0.8806875413736206,0.9659509478034318,0.7886382623224728,0.7777777777777778,0.981277762871538,0.982362902175329,0.8798126189430537,0.8974564926372155
b,3,margin,629,0.9010497105655678,0.9678109869904771,0.8873675010015437,0.9661992089176555,0.7986577181208053,0.8072289156626506,0.9810037873139892,0.9822395833333334,0.8767883211678832,0.8952304394426581
b,3,margin,644,0.9026062446730323,0.9678367192661134,0.890303365761164,0.965318957771788,0.803030303030303,0.8143712574850299,0.9810774511266975,0.9822559212069101,0.8747641851690611,0.8974256369214353
b,3,margin,659,0.9044746949547636,0.968195512315266,0.8891075484745752,0.9653438678398276,0.7933333333333333,0.8322981366459627,0.9813438404823737,0.9824131731846486,0.8779779198140616,0.8986125933831377
b,3,margin,674,0.895407064766134,0.9679684625745776,0.876878156927783,0.9663042501572469,0.8030176026823135,0.7612903225806451,0.9811191211809132,0.9822916666666667,0.875507835171213,0.8983186549239391
b,3,margin,689,0.9024083135294039,0.9681828620530866,0.8894455134793005,0.9667385832434376,0.8033613445378152,0.8072289156626506,0.9810774511266975,0.9823181687976875,0.8750906716959234,0.9010430596416154
b,3,margin,704,0.9065130372368679,0.968485398431734,0.8960147010355785,0.9670626349892009,0.8023549201009251,0.8352941176470589,0.9814259499619568,0.9823793139401522,0.8777793925301555,0.8992949314886258
b,3,margin,719,0.9045226912314378,0.9684802121261339,0.8932671684442389,0.9667956447403941,0.8054375531011045,0.8187134502923976,0.9815394709373416,0.9822512966196669,0.8776015136079174,0.8993199093212428
b,3,margin,734,0.9065270404531912,0.9694596618669613,0.8983312073537031,0.9671496714967149,0.8047740835464621,0.8228571428571428,0.9824304757355465,0.9822047367186889,0.8874477590430898,0.898825413774693
b,3,margin,749,0.9061980162241889,0.9698021731080504,0.8971471430377651,0.9681195965417867,0.8064791133844842,0.8160919540229885,0.9824687047729884,0.9827981651376146,0.886057622701607,0.9013709570078531
b,3,margin,764,0.9078841509608909,0.9700021168695718,0.8983720506775538,0.9692446043165468,0.8092386655260907,0.8228571428571428,0.9825508560520193,0.9826746215772608,0.8857599070982726,0.9028632592989029
b,3,margin,779,0.9077581625023265,0.9699933530697081,0.8968277019923155,0.9674979742504727,0.8210526315789474,0.8135593220338984,0.9827365156981425,0.982883939038687,0.8852697397120838,0.9013070152040544
b,3,margin,794,0.9080154804949504,0.9698114505709152,0.8934525757725382,0.9687528140477263,0.8125544899738448,0.8235294117647058,0.9825838005487296,0.9824406002501042,0.8863405428944694,0.8999067039850727
b,3,margin,809,0.9108385717167337,0.9706699826795193,0.8955109580207087,0.9697732997481109,0.8176211453744493,0.8304093567251462,0.9830478150020128,0.9830208333333333,0.8873690337601863,0.9046285180738962
b,3,margin,824,0.9076777676312837,0.970481251887838,0.8982368920987317,0.9694842019983797,0.8205128205128205,0.8066298342541437,0.9829482784319571,0.9827568243384038,0.8881779845863021,0.9032344292969794
b,3,margin,839,0.9108174799829956,0.9706867471424517,0.891481267849234,0.9697406340057637,0.8276481149012568,0.8214285714285714,0.9832034219115608,0.9827357237715804,0.8879210220673636,0.9030448717948718
b,3,margin,854,0.9096477078503614,0.9706163040149364,0.8931405643888191,0.9703790402448906,0.8206958073148974,0.8187134502923976,0.983118083932353,0.9824607057354012,0.8896591565569035,0.9025077108756873
b,3,margin,869,0.9113164265580203,0.9709389721175451,0.897708122662639,0.9716904826098679,0.8267370272647317,0.8208092485549133,0.9830993899073673,0.9826333741245086,0.8889851306481883,0.9052603327965647
b,3,margin,884,0.9143638837749325,0.9704228641681649,0.9022322406121622,0.9702702702702702,0.8240495137046862,0.8522727272727273,0.9829507316418311,0.9825548091444045,0.8870595031773542,0.901389631213255
b,3,margin,899,0.9124531704594688,0.9702870754939955,0.8944469563216568,0.9693859175220602,0.8238434163701067,0.8402366863905325,0.9830043532709166,0.9823282929495354,0.8873423227490214,0.9010312039641087
b,3,margin,914,0.9092281947783081,0.971052375826344,0.8943551286495476,0.9743359655419956,0.8191489361702128,0.8092485549132948,0.983181248881732,0.9819346105789254,0.8912351750072317,0.9055128723547647
b,3,class_balanced,14,0.3838487194687345,0.596933644986635,0.4975624314590593,0.8151574452944316,0.08367911479944674,0.006870229007633588,0.6796034267013187,0.5252119437540431,0.2533129459734964,0.3231059307507713
b,3,class_balanced,29,0.4586054268048761,0.6898213908418566,0.6221198273036022,0.8851308806332644,0.17826771653543308,0.08353808353808354,0.7767186696382651,0.6390831390831391,0.236323518222628,0.41117597998331945
b,3,class_balanced,44,0.4679756145545248,0.7248773129503969,0.596094127137697,0.8888481963010437,0.09861325115562404,0.12059158134243458,0.8914131046333045,0.5462012320328542,0.3615023474178404,0.36865958899857204
b,3,class_balanced,59,0.5812514425699052,0.8295255487096247,0.6466787856404714,0.8853066518436168,0.27403846153846156,0.3829787234042553,0.9275143417326265,0.8305099991005307,0.27713968136346795,0.49127223900637795
b,3,class_balanced,74,0.5931589165738852,0.8669496262784439,0.6857616758852398,0.8422990044340333,0.4404332129963899,0.0841683366733467,0.9253307709365067,0.9438614475707464,0.3276595744680851,0.5883600689380883
b,3,class_balanced,89,0.6515195602909258,0.8733604953738587,0.6769721195836146,0.8700410396716827,0.46153846153846156,0.48727272727272725,0.9419726421886249,0.936203501389226,0.34083736587418473,0.5227711841015733
b,3,class_balanced,104,0.6413222788977191,0.8833510088701145,0.6895603512328738,0.8760907504363001,0.37902264600715135,0.30071599045346065,0.939088202133503,0.9419148011301891,0.3590462833099579,0.693377278813472
b,3,class_balanced,119,0.6496766474471657,0.8852888335470744,0.7366947889521301,0.8948221607704777,0.4839357429718876,0.05088339222614841,0.9073129380421125,0.958493364765714,0.4968314321926489,0.7554575011611705
b,3,class_balanced,134,0.6847454227809026,0.9122494156393987,0.7386018812702171,0.9436158603128411,0.3857758620689655,0.26277372262773724,0.9434644429541943,0.9698543348999039,0.4400637196336121,0.8476700169690641
b,3,class_balanced,149,0.6831917956934769,0.9103061033798124,0.7499390804233154,0.950218023255814,0.49474912485414235,0.10840534171249018,0.9332563099893352,0.968841642228739,0.4911641464747677,0.8357079813390493
b,3,class_balanced,164,0.7642212520398186,0.9155540735722788,0.7319965967986545,0.9529070820503532,0.4495192307692308,0.7861271676300579,0.9489641669426009,0.9739193682460515,0.36918415927288467,0.8689275893675527
b,3,class_balanced,179,0.7909386915294073,0.9275861598512104,0.7523005710487978,0.965999645829644,0.46744186046511627,0.8047337278106509,0.9542374105917203,0.9774165820114089,0.4836282285946715,0.8831133854026394
b,3,class_balanced,194,0.7889858183532993,0.9192466457845863,0.7566398594419262,0.9670212765957447,0.5896907216494846,0.8023255813953488,0.9494039048551518,0.977490794045952,0.3549382716049383,0.8820301783264746
b,3,class_balanced,209,0.7837096068551607,0.9181534574130231,0.7713538088980628,0.9589479296250222,0.7037037037037037,0.6602870813397129,0.9473684210526315,0.976198475255201,0.36131687242798355,0.8781447645818693
b,3,class_balanced,224,0.7885959308301062,0.915476859012454,0.7597561834733549,0.9582675784674732,0.6803921568627451,0.7865168539325843,0.9489170530062724,0.9781338847247351,0.30220791168353267,0.8657360771334005
b,3,class_balanced,239,0.8186640435928965,0.9232891905020943,0.7840562066476199,0.968625718073354,0.7253384912959381,0.8538011695906432,0.9521644024867603,0.9788059933234997,0.3604004449388209,0.8915120854412592
b,3,class_balanced,254,0.8278238653054802,0.9302974631189085,0.7963908265543519,0.9701295268305578,0.7332123411978222,0.8117647058823529,0.9549205798609606,0.9801376087238738,0.44723092998955066,0.8973713646532439
b,3,class_balanced,269,0.8284609278792763,0.9330638510950265,0.7960457644640169,0.9694353915264687,0.7556766575840145,0.7602339181286549,0.9571656281698304,0.9792681662693066,0.4900930044480388,0.8873537290286198
b,3,class_balanced,284,0.8607228963579957,0.9470415784667212,0.8225945675126513,0.9711351159907916,0.772438803263826,0.7875,0.9651921894669048,0.9798842370285774,0.6535321263755769,0.8953778023802934
b,3,class_balanced,299,0.8631738995639895,0.9464018425692627,0.8279529038454171,0.9728,0.7618164967562558,0.8214285714285714,0.9650417215634607,0.978891136351849,0.651270207852194,0.8909691629955947
b,3,class_balanced,314,0.8698568401240176,0.9499152420821931,0.8379590008176284,0.9714082756171195,0.7609841827768014,0.8263473053892215,0.9678423998472183,0.9786705964476848,0.6988489950180381,0.8848961257720381
b,3,class_balanced,329,0.8675970279300053,0.9452664863576359,0.8370281079227289,0.9712505562972853,0.771960958296362,0.8588235294117647,0.964198380507519,0.979119170984456,0.6416040100250626,0.886222589987588
b,3,class_balanced,344,0.8609517301626475,0.9434027818280036,0.827949178506822,0.9716872281885152,0.7433302667893285,0.8571428571428571,0.9624901174196949,0.9793268231872013,0.6221198156682027,0.8905650027427318
b,3,class_balanced,359,0.8524424298970631,0.9421201687127946,0.8252521819922812,0.9729105604405365,0.7710407239819005,0.7909604519774012,0.9617447996608633,0.9793771698015441,0.5980284775465499,0.8930348258706468
b,3,class_balanced,374,0.8710567425514399,0.9487803692365493,0.8368160254609097,0.9690831556503199,0.774555659494855,0.8333333333333334,0.9664246023579219,0.9791337256020115,0.6816949152542373,0.8931718061674009
b,3,class_balanced,389,0.8820915494172932,0.9569765696992251,0.8618017878572317,0.9724868667082184,0.7917414721723519,0.7954545454545454,0.9721073001468037,0.9793686174900212,0.768824716658904,0.8946573272902074
b,3,class_balanced,404,0.8868209896136641,0.9594918729116223,0.8652726284082053,0.9734875444839858,0.8003581020590869,0.7931034482758621,0.9741847422925136,0.9793771698015441,0.791235920382657,0.896
b,3,class_balanced,419,0.8843757401332085,0.9575584308709522,0.8599536114030393,0.9748349098697127,0.7876106194690266,0.8095238095238095,0.9725722757598221,0.979327495984664,0.7710993459981315,0.8956617243272927
b,3,class_balanced,434,0.886321462515968,0.9576049600721894,0.8609134217093788,0.9739022000534426,0.7819148936170213,0.8263473053892215,0.9727275425112027,0.9788852662630027,0.7770916949675826,0.8933813348103019
b,3,class_balanced,449,0.8873459645219787,0.9587205226471962,0.8585914563159252,0.9737171464330413,0.7639639639639639,0.8363636363636363,0.9737568650734748,0.9787992253066494,0.7911683532658693,0.893652561247216
b,3,class_balanced,464,0.8963232713131617,0.9613758512116843,0.8730547823988102,0.9725806451612903,0.7763636363636364,0.8588235294117647,0.9756954263346679,0.9793817099987066,0.8144499178981938,0.8969680340238716
b,3,class_balanced,479,0.8938504057233294,0.9591691510255038,0.8646230104667313,0.9746292656780418,0.7882676443629697,0.8588235294117647,0.9743703572168457,0.9786298251060748,0.788127565519419,0.89410465276819
b,3,class_balanced,494,0.8892860271138102,0.9596088534008179,0.8593967532113396,0.9750826114137715,0.7682481751824818,0.8402366863905325,0.9745211633956018,0.9794956764873402,0.7885476647472809,0.8988702121796638
b,3,class_balanced,509,0.8902094687966411,0.9590429777423057,0.8603535811802533,0.9762372699660532,0.7758462946020128,0.8452380952380952,0.9734063008430706,0.9801910976462364,0.7771084337349398,0.9034387895460798
b,3,class_balanced,524,0.8888334400279193,0.9585736445877464,0.8577113695694983,0.9750692520775623,0.783303730017762,0.8363636363636363,0.9731876568728776,0.9804388325398469,0.7697549894531884,0.9037159828705622
b,3,class_balanced,539,0.8905584213877822,0.9587270163087253,0.8608625043335153,0.9767649687220733,0.7950310559006211,0.8363636363636363,0.9731111308099164,0.980486667184949,0.767767929089444,0.9043835616438356
b,3,class_balanced,554,0.8833358319755719,0.9586853520567219,0.847950360302756,0.9763483246729977,0.7940140845070423,0.7870967741935484,0.9732776556344159,0.9804297674900853,0.7690553745928339,0.9031288427380789
b,3,class_balanced,569,0.8849064019890328,0.9587156549633041,0.854638197386761,0.9757277205553068,0.7885615251299827,0.8024691358024691,0.9733701184697776,0.9803342401865527,0.7702148597670986,0.9036672140120416
b,3,class_balanced,584,0.9017143322633403,0.9639695754388663,0.8771201063426927,0.9754568255105697,0.791814946619217,0.8554216867469879,0.9771811681458027,0.980642151908575,0.8244528301886792,0.9070307167235495
b,3,class_balanced,599,0.9016987008212297,0.9655522697473738,0.8779942294176128,0.9767025089605734,0.7848101265822784,0.8414634146341463,0.9783423138349479,0.9804744147503626,0.8454861111111112,0.9046120158751881
b,3,class_balanced,614,0.9014001237999224,0.9651439317183469,0.8761794422903916,0.9759942672877105,0.7911504424778761,0.8414634146341463,0.9781655494284992,0.9808894074938416,0.8354239081154602,0.9067138771619229
b,3,class_balanced,629,0.906268024375713,0.9657214327579903,0.8809491667206462,0.9773723280565244,0.7867383512544803,0.8727272727272727,0.9786125705100537,0.9806207575522048,0.8418079096045198,0.9059969809249349
b,3,class_balanced,644,0.9056658170017521,0.9669289329280812,0.8816303900721012,0.9765232974910394,0.7811934900542495,0.8588957055214724,0.9794456137208365,0.9810264385692068,0.8549971114962449,0.9075790621592148
b,3,class_balanced,659,0.9102359227450147,0.9682913044546111,0.8853375692266834,0.9764273550237519,0.781021897810219,0.8765432098765432,0.9808422248124571,0.980671572183646,0.870953942677884,0.9051912568306011
b,3,class_balanced,674,0.9097966023939358,0.9681931286233563,0.8864250997515971,0.9768982808022922,0.8,0.8571428571428571,0.9805932659529932,0.9806641990008542,0.8671607753705816,0.9061168384879725
b,3,class_balanced,689,0.913691155549473,0.9685976383868823,0.8896563969279709,0.9771689497716894,0.8042895442359249,0.8780487804878049,0.9807477220871795,0.9812875803441841,0.8653537563822028,0.9089417555373257
b,3,class_balanced,704,0.9077770241993607,0.9674983817630926,0.8821133676353632,0.978255033557047,0.7996438112199465,0.8536585365853658,0.9799883947568107,0.9811340313050689,0.8553121740426166,0.9064471879286694
b,3,class_balanced,719,0.9086996416508691,0.9677040318525763,0.8830761508387471,0.9777857398781798,0.8039568345323741,0.8536585365853658,0.9804920181081725,0.9804317963870098,0.8608080212326747,0.9037645448323066
b,3,class_balanced,734,0.913408039752001,0.9689296874995948,0.8896804317271153,0.9780642850747605,0.7985803016858918,0.8780487804878049,0.9812749716739221,0.9809247356417168,0.8715930622358257,0.9053701414640846
b,3,class_balanced,749,0.9144062417410027,0.9698786559604463,0.8903456263056497,0.9774153074027604,0.8118279569892473,0.8658536585365854,0.9821207557298579,0.9815900015557745,0.8761794164610248,0.9058565955117679
b,3,class_balanced,764,0.9125126937062215,0.9689002831383849,0.8904449296930939,0.977411258515597,0.806049822064057,0.8674698795180723,0.9816049769502753,0.9807537883693822,0.8711175616835994,0.9031815688425672
b,3,class_balanced,779,0.916440229934157,0.9698723519996355,0.8943272882241969,0.978849256139093,0.8189116859946476,0.8727272727272727,0.9819104477611941,0.9814051194273711,0.8749639041293676,0.9063139233601527
b,3,class_balanced,794,0.9164868391915361,0.9702614432995412,0.8961385560710493,0.9783037475345168,0.8080985915492958,0.8765432098765432,0.9820701628352491,0.9815165262475697,0.8804056909423863,0.9084699453551912
b,3,class_balanced,809,0.9138420689785816,0.9697321053887868,0.8907205201572708,0.9772401433691756,0.8086642599277978,0.8641975308641975,0.9818942961800105,0.9813503488703862,0.8787406041696213,0.9048072994688819
b,3,class_balanced,824,0.9161503583619127,0.9703211798446157,0.898519706989155,0.9766857962697274,0.8169014084507042,0.8674698795180723,0.9822278071986357,0.9818653521857569,0.880147162869676,0.9077551020408163
b,3,class_balanced,839,0.9156120671049646,0.9700639394170202,0.8978756715880705,0.975933908045977,0.8148148148148148,0.8674698795180723,0.9821965110543074,0.9813996986543357,0.880637359510599,0.906832298136646
b,3,class_balanced,854,0.9176381697551632,0.9702648295205496,0.9002614194258546,0.9769692624787167,0.8201948627103631,0.8757396449704142,0.9823376468127073,0.9814728320099642,0.879224297732782,0.9075286415711947
b,3,class_balanced,869,0.9180893717540286,0.9709281446346864,0.8981811264036119,0.9763977384905321,0.8215547703180212,0.8711656441717791,0.982693889761424,0.9821683494692034,0.8842461885940147,0.9083990214732264
b,3,class_balanced,884,0.9158643245118144,0.9711303722570971,0.8954098791838152,0.9765022421524664,0.8230088495575221,0.8518518518518519,0.9826083055435092,0.9827039941827248,0.8833333333333333,0.911041694961293
b,3,class_balanced,899,0.9199566768150601,0.9718914323565724,0.9005912144712376,0.9764853706695387,0.8234250221827861,0.8727272727272727,0.9837472525829458,0.98190691275342,0.8928824112070185,0.9085224955824385
b,3,class_balanced,914,0.9190101582156027,0.9716380889011855,0.8991268827265667,0.9772156440617151,0.8199643493761141,0.8711656441717791,0.9832156534226902,0.982274664726063,0.8893581081081081,0.909877043642751
b,3,quota,14,0.3838487194687345,0.596933644986635,0.4975624314590593,0.8151574452944316,0.08367911479944674,0.006870229007633588,0.6796034267013187,0.5252119437540431,0.2533129459734964,0.3231059307507713
b,3,quota,29,0.41122480126878447,0.6283338116087636,0.507202149291201,0.8513380470777768,0.1271468854139964,0.004704372928472148,0.7055446836268754,0.567481183627178,0.3677146879399343,0.2546437482672581
b,3,quota,44,0.4276831959131382,0.6949937714902094,0.6035055709313669,0.7962573099415204,0.09477825464949928,0.04033214709371293,0.6841018582243634,0.8725548310610551,0.30137621772073603,0.20438175270108044
b,3,quota,59,0.4304279128787473,0.7160154561999462,0.5468207354600257,0.7704322276347328,0.08084598328500768,0.01939203354297694,0.7036416382867542,0.915657553804664,0.33588473660513285,0.18714121699196326
b,3,quota,74,0.46270635232890667,0.7383465441382113,0.5934744103495744,0.786774861878453,0.0747013458339634,0.03162055335968379,0.7183030172181141,0.9296659913770713,0.33427555393453084,0.36360314270052985
b,3,quota,89,0.453662365934339,0.737894548741023,0.5564659950068112,0.7507071468979822,0.08040201005025126,0.016360661697873115,0.725524256370767,0.9307043125919426,0.39069858712715855,0.28123958680439853
b,3,quota,104,0.5125748780399385,0.7987442465134258,0.6669396372214146,0.8130196355917212,0.10939186757826556,0.10967250571210967,0.8237343820000995,0.9247375504710632,0.36499032882011606,0.4424778761061947
b,3,quota,119,0.5280691553853146,0.8009581147597411,0.6897980110581322,0.8347627215551744,0.10611101383295395,0.09273947528981086,0.7982378252851581,0.9505490185801515,0.3373584199194983,0.5767256132344553
b,3,quota,134,0.5202453772541407,0.799713075179612,0.6490281959278559,0.8942862135243753,0.11681728014106238,0.09411764705882353,0.8145104058358502,0.9218119926682378,0.28646851779429017,0.5137055837563452
b,3,quota,149,0.5385857042670424,0.8187273192074234,0.6711427753484651,0.7109508065324116,0.18579918673756646,0.20708446866485014,0.8680018570994028,0.9325162772883953,0.35354864837501265,0.5121986851716581
b,3,quota,164,0.5061405910060321,0.7682895783723251,0.6153571197664233,0.7869654565025932,0.10292598967297763,0.20103986135181975,0.7720636006154898,0.9275922490208205,0.2159235129875624,0.5364734668909619
b,3,quota,179,0.4981362997945132,0.7717593411180054,0.6088816585869861,0.7500767263427109,0.11013567438148444,0.1443850267379679,0.7855442176870748,0.9227213855804149,0.2752013565069945,0.4988897113249445
b,3,quota,194,0.5257166633391177,0.7850742516852648,0.6480458621660868,0.8580615525953147,0.11273635390652872,0.1856925418569254,0.7838859010143645,0.9338601792309082,0.24509199753499428,0.5606881172347882
b,3,quota,209,0.545596016803208,0.8026566296953684,0.6741985833264954,0.8878437047756874,0.10164615630493846,0.0855106888361045,0.7876065225219047,0.9404511123670555,0.37049308127070746,0.645620851546058
b,3,quota,224,0.5453688561848031,0.7877755231450189,0.6706074199137755,0.9134371604491126,0.08785743887277249,0.11843575418994413,0.7539660255510319,0.9435091848743796,0.3378604651162791,0.6625159642401022
b,3,quota,239,0.5161793232590742,0.7731715215278925,0.6656191291915166,0.8837630031659882,0.1081533567721413,0.07357102433503113,0.7441786565451496,0.945160046278442,0.2611327280587981,0.5972964476579692
b,3,quota,254,0.5417159813481189,0.8001573511149181,0.6654850948743352,0.8727944572748267,0.11259207295685725,0.14340588988476313,0.7941201432620983,0.9408102867639555,0.3311884935654807,0.5971005257288514
b,3,quota,269,0.5476748430103366,0.802999683612608,0.6767822098349284,0.8921059819721388,0.09179659041235612,0.08744038155802862,0.7858965357809476,0.9397298412043721,0.41131958121695866,0.6254349889275546
b,3,quota,284,0.519448411605396,0.7770116957217056,0.6466806545516103,0.8331668331668332,0.07556309033664325,0.12770809578107184,0.7583924516344817,0.941200605174757,0.3604452913449002,0.5396625137990854
b,3,quota,299,0.5514488185924383,0.8209143935981322,0.6794752339259791,0.8793550244745177,0.11972274732199117,0.07582349285270354,0.8258305387144202,0.937712982653924,0.41739130434782606,0.6043056397816858
b,3,quota,314,0.5411672570567624,0.7849271090269833,0.6614105468692465,0.898561695685087,0.09484924623115577,0.1478494623655914,0.7598636645321215,0.9367915858266108,0.3570980181149673,0.5931571266418032
b,3,quota,329,0.5552464636292117,0.8365730199788141,0.6982723331248153,0.8688496776382763,0.16006423982869378,0.07705008255365987,0.8569725864123957,0.9477395271671506,0.4651052193556058,0.5109439124487004
b,3,quota,344,0.5680147076771896,0.8433985828030082,0.6944330543871079,0.871890336774412,0.12541399867520425,0.1515499425947187,0.8705442698351858,0.9398230088495575,0.4990986350759722,0.5177827619352772
b,3,quota,359,0.5890699905080431,0.849201938931102,0.7160343135526517,0.8587876735523197,0.18554142103630158,0.18181818181818182,0.8730546377436192,0.9456381717936827,0.4921741117331201,0.5864757358790772
b,3,quota,374,0.5726153088566068,0.8399099677294032,0.7064972304030729,0.8705054060849887,0.13082087935889106,0.148664343786295,0.8547092226355982,0.9483902615340923,0.49020054694621695,0.565016501650165
b,3,quota,389,0.5549027233495881,0.8219762656378985,0.6921884261089887,0.8729602733874413,0.09540983606557377,0.1252371916508539,0.8219658976930793,0.9512094059149532,0.43344007319304667,0.5840963855421687
b,3,quota,404,0.5577265897324916,0.8164865687443551,0.6908786929657406,0.8551594103531025,0.09701110162254484,0.17861975642760486,0.8183571799989936,0.9448519004606397,0.43952483801295894,0.5705619412515964
b,3,quota,419,0.5512481967646922,0.8154388372991718,0.6919702774120626,0.8643354240054988,0.09013359085787864,0.13047530288909598,0.8164325345295714,0.941221529976509,0.44770393771860545,0.568435057375686
b,3,quota,434,0.5775756800621663,0.8434701914588963,0.6985808661636629,0.8849284551452318,0.10236367020286619,0.17918313570487485,0.8619926676034045,0.9411099691675231,0.5132789902708388,0.5601728723404256
b,3,quota,449,0.5559727286555559,0.8208498426770521,0.6826226495521706,0.8751608751608752,0.11203319502074689,0.13958810068649885,0.8268204710536377,0.9416056532054389,0.43165166422440865,0.5649491412372853
b,3,quota,464,0.5493024708067414,0.8146048119402912,0.6856596926157635,0.8829217751683647,0.09820485744456177,0.11992619926199262,0.8092326761695784,0.9514055913311092,0.42213372458604065,0.561292471685543
b,3,quota,479,0.5775173626359795,0.839936640062069,0.700649593169614,0.8763549836961312,0.12631578947368421,0.18333333333333332,0.8526464064245584,0.950796807603895,0.44774165393846826,0.6054325639817868
b,3,quota,494,0.5388191524301661,0.7985784145223154,0.6740955303609117,0.8742172123814635,0.10615883306320907,0.11886792452830189,0.7835946677562695,0.9518735938348548,0.35388550762988447,0.5831363278171788
b,3,quota,509,0.5654217905595639,0.8286590912174546,0.6911966968898658,0.8989479267969234,0.11388053287494629,0.15900621118012423,0.8336475329909641,0.9480658931985438,0.4450824029771398,0.559322033898305
b,3,quota,524,0.5692849542088616,0.8388140822375519,0.6987387261882224,0.8898576512455516,0.11654804270462633,0.0847682119205298,0.8423051331569809,0.9532019062996432,0.494857548173543,0.6034561859611561
b,3,quota,539,0.555498598242895,0.8144543267435711,0.6941774154875544,0.8887672232867962,0.0951188986232791,0.11586452762923351,0.8059152811429526,0.9448508130295217,0.42700156985871274,0.6109718741297688
b,3,quota,554,0.5459910392748479,0.8085075699832672,0.6850368045636517,0.8767929385803604,0.09547450830628222,0.1161751563896336,0.8074486401551243,0.9337552742616034,0.4301358750760495,0.5621548821548822
b,3,quota,569,0.5501443435777241,0.8149137651052727,0.6832915931527241,0.8749767095211477,0.0898353614889048,0.0782122905027933,0.8028133634765134,0.9535898038601165,0.4395794949604422,0.6120033812341504
b,3,quota,584,0.5533842269117233,0.812552875344273,0.6932563458381321,0.8822763622838014,0.08489304812834225,0.10357958872810358,0.7943630632301131,0.9583257126433778,0.42494802494802497,0.6253037884203002
b,3,quota,599,0.5894717260163832,0.8557133226327295,0.7001302919784148,0.8739856356683146,0.1512313562261533,0.15602836879432624,0.8795017771207498,0.9459223500410846,0.513728323699422,0.6059042705646317
b,3,quota,614,0.5828063445522584,0.8555740412401688,0.6956895363886133,0.8810009267840593,0.16286888307807246,0.07526881720430108,0.8744546471153392,0.9488680515981972,0.526355421686747,0.610827664399093
b,3,quota,629,0.5765031569331883,0.8428404782125793,0.702236241179067,0.8952894174486667,0.14276002719238612,0.09571428571428571,0.8499226405363589,0.9509695076295474,0.4511358765537934,0.6497303434572808
b,3,quota,644,0.5853978953844043,0.8441560181098957,0.7020487899192738,0.8858771847836246,0.15503875968992248,0.17402597402597403,0.8596611685055966,0.9447814750755092,0.4498531263113722,0.6285475792988314
b,3,quota,659,0.6039544643126339,0.8638252830785182,0.7039865488151913,0.8831433602075804,0.2608695652173913,0.0898876404494382,0.8906344598475557,0.9406282183316169,0.5335662590466683,0.6289517470881864
b,3,quota,674,0.5877377899529116,0.849306704973898,0.6999174584953253,0.8899512733290429,0.21891117478510028,0.0881399870382372,0.868403135143694,0.9385105028644176,0.4828603859250851,0.6273880705848038
b,3,quota,689,0.6107223954227247,0.8615483146113649,0.7087052011928987,0.8870833718031575,0.2346698113207547,0.21003134796238246,0.8892206257386328,0.9443365192840677,0.48440285204991085,0.6253122398001665
b,3,quota,704,0.596623584945119,0.8603300434183848,0.7122364602644692,0.8928008894653943,0.22842105263157894,0.11083944580277098,0.8859829379164331,0.9438473234415142,0.501526896875734,0.6129465484824067
b,3,quota,719,0.6077511923480695,0.8672649567432504,0.7136265283865332,0.9149731158297639,0.2373300370828183,0.09777138749101366,0.8862075944637324,0.9507672469374597,0.5041799128694219,0.663029051762277
b,3,quota,734,0.6204723620546998,0.8689183242399741,0.7129923709415719,0.895571651233153,0.24746450304259635,0.20615384615384616,0.8946772366930917,0.9499006272100766,0.48589586352993647,0.6636428065201985
b,3,quota,749,0.6450370221925646,0.8753050565661756,0.7223874687192616,0.9068402714102329,0.29249617151607965,0.2918454935622318,0.9020200929026683,0.9497568881685575,0.49012749633307007,0.6821727414551128
b,3,quota,764,0.6460759241065487,0.8776044904704574,0.724279613466922,0.9102093279471172,0.2848530519969857,0.2869022869022869,0.9035907525823905,0.9518190250438009,0.48882713905291186,0.6963298852203486
b,3,quota,779,0.6519479707614069,0.880198158677176,0.723021972850438,0.90371197320681,0.2673063742289239,0.3553299492385787,0.9090519484495057,0.9557358053302434,0.49568608911476186,0.6768136557610241
b,3,quota,794,0.6334560401227113,0.8797580312994139,0.7299673959078292,0.9130835947591807,0.30607651912978245,0.161547212741752,0.905924313307703,0.9523736325673149,0.4920219099785663,0.7031650983746792
b,3,quota,809,0.6680165046928306,0.8757117333842327,0.7299324009695694,0.9071448174915379,0.318623784592371,0.42073170731707316,0.9018679294922389,0.9486871372689387,0.4618324901630129,0.7172276665246414
b,3,quota,824,0.679590345024927,0.8840994006282787,0.7318125582405212,0.8981936081519222,0.3633276740237691,0.4094955489614243,0.9180138040315086,0.9417940876656473,0.5304036791006643,0.6959040132395532
b,3,quota,839,0.673539784808211,0.885250751422884,0.7342930982308836,0.8942953020134228,0.3031609195402299,0.4108761329305136,0.9156589715402468,0.950205973223481,0.5208385325680059,0.7197426618415762
b,3,quota,854,0.671888482651129,0.8834230206244125,0.7403927279042655,0.9219079007598645,0.337722695584818,0.35051546391752575,0.9069395291583321,0.9513924570958792,0.47685239721993167,0.7578889348215516
b,3,quota,869,0.6458892915783688,0.8759330026439306,0.7324800179846084,0.9093761535622,0.31417624521072796,0.2537313432835821,0.9005311817632756,0.949206020793462,0.4626391096979332,0.7315649867374006
b,3,quota,884,0.6635581699022169,0.8902900345663671,0.7425058261788765,0.9143901324805848,0.2993006993006993,0.2948717948717949,0.9177556666208141,0.9542911650210111,0.516243654822335,0.7480540761982793
b,3,quota,899,0.6524649028085063,0.8849056672421903,0.7376199441678162,0.9110477416980959,0.3277693474962064,0.2358974358974359,0.9114694901768774,0.9540319237147595,0.5015803549720399,0.7254580257041291
b,3,quota,914,0.6865705930828252,0.8935020574824014,0.7511467160802123,0.9167352161594005,0.3242074927953891,0.4176470588235294,0.9220288353095376,0.9546640489783266,0.5243455166308334,0.7463659828827605
b,3,prototype,14,0.3838487194687345,0.596933644986635,0.4975624314590593,0.8151574452944316,0.08367911479944674,0.006870229007633588,0.6796034267013187,0.5252119437540431,0.2533129459734964,0.3231059307507713
b,3,prototype,29,0.4689210686736045,0.7317373365489788,0.6380151494566194,0.8396931549960661,0.10831184288831582,0.04460694698354662,0.8327692178159468,0.6766350442922662,0.23707486094647579,0.5433564127926146
b,3,prototype,44,0.4296270854013014,0.6462462179721914,0.5844436999529361,0.8539616264042151,0.1776061776061776,0.09463148316651501,0.7359394614473381,0.5855316039459262,0.21201793721973095,0.34770130801920635
b,3,prototype,59,0.4632530206491322,0.6956895215241191,0.6226589333305289,0.827642608873441,0.18181818181818182,0.086899275839368,0.7350513668814208,0.7444943892895256,0.22146378460371635,0.4454015372382719
b,3,prototype,74,0.5358413029390922,0.7608866243121931,0.7040900434486039,0.8323463344905044,0.20939183987682833,0.17006802721088435,0.7302165987561655,0.9357643147194288,0.21985640009903443,0.6532456054207993
b,3,prototype,89,0.5889369708277047,0.7910161786767247,0.6948252960424428,0.8735589089886587,0.4360400444938821,0.21571648690292758,0.7803946313760936,0.9304498364980353,0.22769510689453507,0.6587037806398006
b,3,prototype,104,0.5812309890363162,0.7910104237001093,0.6955972900433204,0.9382324433870826,0.36227224008574493,0.08636052090472926,0.7504130488276444,0.9485738863947956,0.22441461130190446,0.758350172352312
b,3,prototype,119,0.6044841764256582,0.8027769115698834,0.7152681075804288,0.9250182882223847,0.5240761478163494,0.03896848137535817,0.7647301904335548,0.9555507952658919,0.2526836049115762,0.7703617269544925
b,3,prototype,134,0.6800031259294299,0.8805985521397369,0.7190625831441179,0.9623670331634934,0.5246981339187706,0.46779661016949153,0.9264139234843346,0.9469306181975315,0.15150901357099453,0.7803065490013934
b,3,prototype,149,0.7379625186155323,0.8856841321385324,0.7407617870313127,0.9552185228394507,0.6685606060606061,0.7415730337078652,0.9418851373481623,0.9354149548069022,0.17900172117039587,0.744083654375344
b,3,prototype,164,0.7153487388114733,0.8837495511391991,0.7234423835529673,0.9593378913278158,0.5138248847926268,0.7128712871287128,0.942700761139143,0.9254413749414714,0.22821969696969696,0.7250452753808458
b,3,prototype,179,0.7357347955094167,0.89137483364166,0.7309556529273952,0.9623167551038763,0.5821389195148843,0.745945945945946,0.9431452416896915,0.9441643627690139,0.20145985401459854,0.7709724895279068
b,3,prototype,194,0.7714774234779106,0.901086456117544,0.7540271187118088,0.9644879978423088,0.639751552795031,0.8470588235294118,0.9455355103905001,0.9564611260053619,0.23546302943287867,0.8115839243498818
b,3,prototype,209,0.7787900269904215,0.9048798393363957,0.7724035648867998,0.9653184397801999,0.6889564336372846,0.7936507936507936,0.9490095956625884,0.9512628574505897,0.31605161874575505,0.7872804500057399
b,3,prototype,224,0.753629567847378,0.8861167938601845,0.7576746530132069,0.9560379423568041,0.7337850919651501,0.8222222222222222,0.9439630600843689,0.9386053355860152,0.13826285135477337,0.7425304713623125
b,3,prototype,239,0.7328721274422497,0.8770010188379248,0.7419107306089806,0.9584953431594176,0.6997971602434077,0.8176795580110497,0.9419417144804862,0.9296750426128554,0.06157112526539278,0.7209449483231386
b,3,prototype,254,0.7368073482868988,0.8782241107128327,0.7399232865571991,0.9570873610985635,0.7368421052631579,0.8070175438596491,0.9422525209487289,0.9328032899246059,0.05491868834977339,0.7267299285638128
b,3,prototype,269,0.7658156468737213,0.8909749312706371,0.7508509722417029,0.9279338532368693,0.7415295256534365,0.8395061728395061,0.9471879776581004,0.9421034042437579,0.2348685796961659,0.7275800147882117
b,3,prototype,284,0.7669957642043752,0.9001016862251292,0.7492823430389973,0.95445798588839,0.6611570247933884,0.8520710059171598,0.9440364360945062,0.9690421334180769,0.15034168564920272,0.8378640776699029
b,3,prototype,299,0.8065402452525523,0.9217703841932274,0.7771306580330689,0.9601524916038849,0.6362694300518135,0.8304093567251462,0.9529889894506255,0.9689437702050984,0.45026826248452334,0.846749416246774
b,3,prototype,314,0.7981723074337334,0.9080754436569742,0.781771045706401,0.9620069078349391,0.7744360902255639,0.8520710059171598,0.948796473854432,0.9639586882453152,0.2590919895412408,0.8268449964174827
b,3,prototype,329,0.8118571333576475,0.9166277648668304,0.7878267522172517,0.9549154092363968,0.7722586691658857,0.8452380952380952,0.9516240298936476,0.9714632345184091,0.34481216457960645,0.8426883308714919
b,3,prototype,344,0.8355817219059138,0.9297984235930344,0.8108573661837425,0.9551035367417995,0.7644859813084112,0.8323699421965318,0.9570737517976728,0.9738032614413467,0.5154837468743989,0.8507518329812352
b,3,prototype,359,0.8330928152575783,0.9292140167284633,0.8080636052416617,0.9577053073901526,0.7578558225508318,0.8304093567251462,0.9565532748241097,0.9743279499184597,0.49911504424778763,0.8556829511465603
b,3,prototype,374,0.828607718447944,0.9266496515210044,0.8005234106137192,0.9607878898413278,0.7495429616087751,0.8571428571428571,0.9548666186012977,0.9780872843417022,0.42759211653813195,0.8722343010615168
b,3,prototype,389,0.8260731431746446,0.925409389468113,0.7932264260619839,0.9608146195108647,0.7559354226020892,0.8554216867469879,0.9543472943613944,0.9787991414961,0.4032399299474606,0.8739539075576156
b,3,prototype,404,0.8288255371150163,0.927327964735633,0.7945640362748171,0.9563629724301626,0.7606177606177607,0.8452380952380952,0.9556925558884536,0.9790326797385621,0.43191078704696545,0.872923908845114
b,3,prototype,419,0.8327773261473412,0.9283301800957312,0.7977925437121725,0.9633176725695699,0.7612655800575263,0.8554216867469879,0.9557022220941291,0.9784037067092485,0.43567313846810324,0.8796572763858237
b,3,prototype,434,0.8352689924630002,0.9299803976531147,0.8037433759006927,0.956077070587161,0.7539461467038069,0.8571428571428571,0.9566071531750159,0.9794787336940893,0.4697095435684647,0.8739214423696072
b,3,prototype,449,0.8623951850386992,0.9440299834560019,0.8303514866607083,0.9639077340569878,0.7643312101910829,0.8502994011976048,0.96440912736021,0.9794477565108253,0.6329532916513424,0.8814177743028407
b,3,prototype,464,0.8748002578622878,0.9505869730751109,0.8416764727719143,0.9679516114471427,0.7611111111111111,0.8536585365853658,0.9680362617535315,0.9797594142259414,0.7037604219840055,0.8893244479289167
b,3,prototype,479,0.8891097431123994,0.9578070183819326,0.8588651970631825,0.968476199078674,0.7726027397260274,0.8588957055214724,0.9737412458532989,0.9795192383144569,0.7815573109785587,0.8889757623143081
b,3,prototype,494,0.8817306298333257,0.9535801578064272,0.8504226774048564,0.9670826550913366,0.7772685609532539,0.8536585365853658,0.97025978605854,0.9801549900513142,0.7345987345987346,0.8890911454947341
b,3,prototype,509,0.8809056577303128,0.9523622516347351,0.8476537556231916,0.9694567078115145,0.7867647058823529,0.8536585365853658,0.9687628442252363,0.9807496408515084,0.7106684672518568,0.8962787015043547
b,3,prototype,524,0.8846986030892043,0.954143177836233,0.8489585651222892,0.968589685896859,0.7827715355805244,0.8658536585365854,0.9702644788211465,0.981359649122807,0.7267510548523207,0.8973001588141875
b,3,prototype,539,0.8822083346105357,0.9535608524948429,0.8462064878275949,0.9689866570501262,0.7865796831314072,0.8536585365853658,0.9699287786863624,0.9815114639369091,0.7164948453608248,0.8982983775227542
b,3,prototype,554,0.8817851087952565,0.9530469320086109,0.8434230700196237,0.966003616636528,0.7875939849624061,0.8588957055214724,0.9699686502006973,0.9816949152542372,0.7152454780361757,0.8930934109552792
b,3,prototype,569,0.8738620608236881,0.9493458997355494,0.8357926278968548,0.9714594399927974,0.786453433678269,0.8484848484848485,0.9671090088906408,0.9811094296300161,0.666067900125741,0.8963503649635036
b,3,prototype,584,0.8819041684779417,0.9552731243531385,0.8488315276598266,0.9748563218390804,0.7894736842105263,0.8284023668639053,0.9709762532981531,0.9813658103128349,0.7273038711887633,0.9009508716323297
b,3,prototype,599,0.8854183769030396,0.9556046553551678,0.8488452969120216,0.9746858168761221,0.7906976744186046,0.8466257668711656,0.9712015015103083,0.9810148068837646,0.7309731486232256,0.9027299231380864
b,3,prototype,614,0.8960088277483383,0.9590796622635135,0.8608433341292304,0.9722921914357683,0.8113553113553114,0.8625,0.9736388418183157,0.9817489701204568,0.7675324675324675,0.9029940119760479
b,3,prototype,629,0.8928811896191038,0.9582482251117019,0.8595427920039117,0.9748743718592965,0.7981220657276995,0.8606060606060606,0.9729005272614805,0.9814089508590527,0.759765625,0.9024907260201378
b,3,prototype,644,0.9033910122732051,0.9630969943498205,0.8749464684712585,0.9752466367713004,0.8084714548802947,0.8658536585365854,0.9765899163396757,0.980953625081646,0.8137888581101878,0.9028329361927455
b,3,prototype,659,0.8997750087474834,0.9633038734779676,0.869842265415816,0.9760602528467677,0.7839851024208566,0.8588957055214724,0.9765465367644881,0.9813813813813814,0.8163516213308745,0.9052044609665427
b,3,prototype,674,0.9026459320803261,0.9637068536907589,0.8739925143665891,0.975854950184005,0.7962962962962963,0.8641975308641975,0.9766937830295113,0.981745162468054,0.8192192192192193,0.9045145825009988
b,3,prototype,689,0.9023473601947252,0.963867793473589,0.8732519652568131,0.9747597233450104,0.7910447761194029,0.8641975308641975,0.9764312764535531,0.982538441490748,0.820336961383629,0.9071228117065349
b,3,prototype,704,0.8997873841312892,0.9641027445227538,0.8718713235530313,0.9764315798906712,0.7794392523364486,0.8536585365853658,0.9768912240081927,0.9819784576063427,0.8223793051586705,0.9077333333333333
b,3,prototype,719,0.9046099232690964,0.9664804179545813,0.8745152306552669,0.9757977769809968,0.7795348837209303,0.8625,0.9789022018321382,0.9824689554419284,0.8454286996857698,0.9076369452219112
b,3,prototype,734,0.9081751413508272,0.9683859917939692,0.8831008415275965,0.9778970917225951,0.8003663003663004,0.8466257668711656,0.9802298576787948,0.9823848238482384,0.8586080586080586,0.9111140903606382
b,3,prototype,749,0.9117546655618359,0.9695983359600714,0.8875642025665709,0.9782511411438288,0.8083182640144665,0.8536585365853658,0.9816071428571429,0.9821554171985307,0.8688597138220977,0.9094324433114183
b,3,prototype,764,0.9111345300398518,0.969258142285271,0.8878676965655483,0.9771730373287978,0.7897153351698806,0.8674698795180723,0.9813662747432653,0.9818466353677622,0.87110980622431,0.9092607419268748
b,3,prototype,779,0.9161124062142563,0.9704727531987216,0.8925963581616001,0.9780239413971771,0.8179372197309417,0.8658536585365854,0.9820091962917219,0.9826637816418572,0.8731563421828908,0.9131427037186199
b,3,prototype,794,0.9128243681098824,0.9691870017680548,0.8930088242315785,0.977702158144533,0.804920913884007,0.8674698795180723,0.9809040439370712,0.9825595036366954,0.864449371766445,0.9117647058823529
b,3,prototype,809,0.9148755305103592,0.9701185402606729,0.8933178263732772,0.9791573486000537,0.8042142230026339,0.8727272727272727,0.9815487173382537,0.9828169747461598,0.8689083098800178,0.9147558672781225
b,3,prototype,824,0.9123651310212993,0.970008891697432,0.8951660043059649,0.9767983516975723,0.804159445407279,0.8554216867469879,0.9813818290228814,0.9831144465290806,0.8721760676286255,0.9135040901166689
b,3,prototype,839,0.9144196411160094,0.9701262223253655,0.897085012591918,0.9772401433691756,0.8072916666666666,0.8674698795180723,0.9816929544709144,0.9829563223183572,0.8715636363636363,0.912722885105242
b,3,prototype,854,0.9142592184162966,0.9702964038476022,0.9007458038156655,0.9765856284202028,0.8048568950563747,0.8654970760233918,0.9818518021443803,0.9827990617670055,0.8751631143975641,0.9130609511051574
b,3,prototype,869,0.9146629800249386,0.9700774155778782,0.8966093475367648,0.9784301440973776,0.800702370500439,0.874251497005988,0.981519323419298,0.9827994483332899,0.8710469314079422,0.9138911454102355
b,3,prototype,884,0.9126144567469799,0.9701989339432023,0.8931739865868774,0.9777737945868435,0.7951807228915663,0.8625,0.98168902684714,0.9826701065853595,0.8759522782808682,0.9125352680370818
b,3,prototype,899,0.9159759871467781,0.970898741977089,0.9004913294630248,0.9772401433691756,0.8069868995633188,0.8690476190476191,0.9823592621336039,0.9827204253433761,0.8822349570200573,0.9112426035502958
b,3,prototype,914,0.914771535280801,0.9703985594523439,0.8954554813608533,0.9771730373287978,0.8137687555163283,0.8606060606060606,0.9821838908949835,0.9822981204769095,0.8791177313090804,0.9082531508334463
b,4,random,14,0.37223037654456037,0.7016475122181441,0.4911925592488374,0.07746540168857168,0.07233825776872134,0.03529012555140821,0.8059067998938898,0.8438223586648281,0.3891213389121339,0.38166835333236954
b,4,random,29,0.5617594420969654,0.8268191697056462,0.7002110704918364,0.8806356883745033,0.13990201415351117,0.024956562944242616,0.8236829615567157,0.9419865371769179,0.6347945205479452,0.48635780992492217
b,4,random,44,0.632720343419476,0.8763257380184218,0.7041540388945843,0.8700114025085519,0.2154981549815498,0.34965034965034963,0.9262081755419452,0.930318156607674,0.7096127334252412,0.4277434312210201
b,4,random,59,0.6262362453570639,0.8786832413850009,0.6391105694558197,0.8873239436619719,0.19304347826086957,0.3333333333333333,0.9323611408964186,0.9292139644463483,0.5420987871330638,0.5662790697674419
b,4,random,74,0.6843144810753173,0.8949506463585242,0.6728855272527806,0.8625167080389536,0.27257799671592775,0.5786802030456852,0.947116995091828,0.9496871606598066,0.5775346213027868,0.6020876826722338
b,4,random,89,0.6175222632322362,0.8821127449638972,0.6334687879048942,0.8834569257529983,0.22002200220022003,0.2857142857142857,0.9356506626113404,0.9465580896022623,0.49322694377435516,0.5580269329701921
b,4,random,104,0.6361430775178086,0.8840514458741429,0.6360356466693834,0.8868194842406877,0.1332388377037562,0.46551724137931033,0.9389298760833751,0.9418191461150889,0.4982999622213827,0.5883769948810599
b,4,random,119,0.6488300816466298,0.8920894181585088,0.6781649102415271,0.8127465857359636,0.19861722187303582,0.3597122302158273,0.9447633664389121,0.9420378279438683,0.690305332770508,0.5936280065482936
b,4,random,134,0.6966396793412483,0.9049130270861024,0.7058628891273054,0.8831903793438854,0.16924110141034251,0.5603864734299517,0.9490317355128488,0.9415084795399483,0.7221986117013741,0.6509209744503862
b,4,random,149,0.7158661895864762,0.909630894000939,0.7180118504530697,0.8954905274392956,0.19377652050919378,0.6564102564102564,0.9523921997018054,0.9487893271705446,0.7097518753606463,0.6544526205135907
b,4,random,164,0.6759674633138316,0.9145916292078673,0.7106381540723062,0.9023668639053254,0.19964973730297722,0.3143631436314363,0.9563363089548068,0.9500184142684274,0.7165377751338489,0.6925
b,4,random,179,0.6876116076902928,0.9093120992790568,0.7042088020267464,0.8856047142456271,0.16605839416058393,0.4555984555984556,0.9499393425610594,0.9485001327316167,0.7206501233492962,0.6869300911854104
b,4,random,194,0.6991515269575695,0.9095323620515451,0.7182586912296861,0.8830540037243948,0.15921152388172857,0.5470085470085471,0.952674411747361,0.9451713725697939,0.7148246471985469,0.6921161825726141
b,4,random,209,0.6906022311556698,0.9109858795939997,0.707860107200724,0.8966084651247829,0.13114754098360656,0.4918032786885246,0.9505522865696294,0.9496600073796848,0.7108499590051927,0.7035940803382664
b,4,random,224,0.752379302864199,0.9176674828994835,0.742287687087447,0.9008342813803565,0.1871345029239766,0.8024691358024691,0.9555120562327609,0.9488169066567299,0.7185725871857259,0.753315649867374
b,4,random,239,0.7188591595061637,0.9195287566136627,0.7126807982511597,0.9239009974141116,0.144960362400906,0.5529411764705883,0.9529795364345889,0.9485008254779784,0.7277739490006891,0.7809572693442833
b,4,random,254,0.749249663554057,0.9218449429934089,0.7412846823302074,0.9322126804312078,0.1742826780021254,0.703030303030303,0.9538817663817664,0.9458211727248607,0.7421066595914035,0.7934123847167326
b,4,random,269,0.7406233479886645,0.9212822958813707,0.7364515512784557,0.9224977043158862,0.15845410628019324,0.6742857142857143,0.9547842512248391,0.9473459703004612,0.7563486616334935,0.7706470278800631
b,4,random,284,0.7329271665388838,0.9213942942782862,0.7278909948028035,0.918580375782881,0.13333333333333333,0.6557377049180327,0.9561813024465193,0.9490821103571616,0.7586875259587429,0.7588878129755153
b,4,random,299,0.7505167445634697,0.927805230598368,0.7396628927773896,0.9361156873512722,0.14180929095354522,0.7023809523809523,0.9592980167788219,0.9517835113782513,0.7573005449210564,0.804929208180388
b,4,random,314,0.7465488179885457,0.9338035480656451,0.7205250264675959,0.9415390193057193,0.202275600505689,0.5915492957746479,0.9625778386914161,0.9633260711692084,0.7469212674692127,0.8176526330039258
b,4,random,329,0.7280026419706037,0.9297158146488396,0.70406769123844,0.9324251658003226,0.09510086455331412,0.6142857142857143,0.9613075284196725,0.9641139665959977,0.7358361774744028,0.7929490766648013
b,4,random,344,0.7329521626168809,0.9314829502304177,0.7035856277603368,0.9369528693960563,0.1524547803617571,0.5755395683453237,0.9629827768118526,0.9620900845026746,0.7536848072562359,0.7869602516442665
b,4,random,359,0.7463480719558776,0.9327569023455067,0.7308156373510892,0.9403358342265095,0.15818181818181817,0.6363636363636364,0.9646256274296608,0.9570786281890422,0.7560975609756098,0.8117533983248661
b,4,random,374,0.747077533283375,0.9332229538729355,0.7364246418849493,0.9366096866096866,0.1927461139896373,0.6035502958579881,0.9644824198398285,0.957840603545044,0.7702437657607173,0.8040698473807232
b,4,random,389,0.7534767383645148,0.9345900196196946,0.7441361813518428,0.9325353645266594,0.28104575163398693,0.5536723163841808,0.9639321811875735,0.9605805878974574,0.7697054698457223,0.8128654970760234
b,4,random,404,0.7437802407407073,0.9366244676884486,0.7293016305062061,0.9390519187358917,0.20246913580246914,0.5443786982248521,0.9649338893258343,0.9649474863829455,0.7705577918343876,0.8201227648785695
b,4,random,419,0.7459400605808199,0.9366842766619757,0.7251225171017925,0.9404869251577999,0.21804511278195488,0.5487804878048781,0.9650811515223314,0.9652449477894955,0.7615521327014217,0.8223896663078579
b,4,random,434,0.7529201745873921,0.9376504782688019,0.7278854277624666,0.9437415881561239,0.21454993834771888,0.5911949685534591,0.9654795330279297,0.9657628616736423,0.7612456747404844,0.8284666576123862
b,4,random,449,0.7512088246749157,0.9369898973804632,0.7215514992348533,0.9425225708411549,0.23412204234122042,0.5657894736842105,0.965237354661927,0.9643817204301075,0.7636202569024066,0.8227883538633819
b,4,random,464,0.7555402224916088,0.93782149112863,0.7216870554776461,0.947265625,0.29577464788732394,0.5359477124183006,0.9653319952182062,0.9652497672975489,0.7576362240982348,0.8215755855216466
b,4,random,479,0.7604705712501116,0.9390881318598396,0.7266942766964996,0.9428929466523451,0.3056768558951965,0.547945205479452,0.9653012688893157,0.9678556615512236,0.7613514753095857,0.8322705849736624
b,4,random,494,0.7586093774344081,0.9402974711055354,0.7221139030974127,0.9567072628678105,0.3033175355450237,0.5211267605633803,0.9653522374833851,0.9676499559334336,0.759829320329168,0.8362825693186569
b,4,random,509,0.7560198798381198,0.9405315916514487,0.7161053960364947,0.9584147858539186,0.3012345679012346,0.5,0.9660487891474474,0.9661113410596026,0.7685185185185185,0.8318111563861178
b,4,random,524,0.7631378982479214,0.9411454685871945,0.7226914958539888,0.9531402249977855,0.373117033603708,0.4806201550387597,0.9669567279896824,0.9655565044121833,0.7825831126802001,0.81999152901313
b,4,random,539,0.7418687395146181,0.9393597135593886,0.7028649250056188,0.9556928508384819,0.3078848560700876,0.4090909090909091,0.9661805771020788,0.9649041195017315,0.7769265434880577,0.8124013205109804
b,4,random,554,0.756279212664878,0.9423640181580574,0.7158668136186627,0.9561294887670263,0.3309002433090024,0.4580152671755725,0.9680685704134654,0.9660854965775539,0.7953129635123108,0.8194424588992137
b,4,random,569,0.7613134936273462,0.9410675870595128,0.7190871562159534,0.9507643085673658,0.3052109181141439,0.5333333333333333,0.9679584805784329,0.9653748903452191,0.7928817107821146,0.8136708136708136
b,4,random,584,0.7466420179607292,0.9394391873894454,0.7107161947926762,0.9544607190412783,0.21323529411764705,0.524822695035461,0.9674741506646972,0.9630795428158622,0.7885435709932967,0.814878153056862
b,4,random,599,0.7596229808612558,0.9409006367556257,0.7194592740077465,0.9540097474523704,0.23690773067331672,0.5815602836879432,0.9666268489433556,0.9672854966562524,0.7847403094836831,0.8262304491318697
b,4,random,614,0.7474415688118444,0.9421412509220559,0.709373363440012,0.9516314439826686,0.2819593787335723,0.4444444444444444,0.9687047917097222,0.9663287472845764,0.7968821641448877,0.8221400113830393
b,4,random,629,0.7753367703417685,0.94373203729836,0.7317158160754086,0.9524061343204654,0.36167664670658684,0.5507246376811594,0.9689880063295819,0.9665694297441723,0.8014397120575885,0.8255528255528255
b,4,random,644,0.759151166032509,0.9430870510131139,0.720371495805588,0.9521361460733913,0.3160377358490566,0.48120300751879697,0.967863111347738,0.9677770294772833,0.7938793879387939,0.8351617440225035
b,4,random,659,0.7656978351147206,0.9426863288148252,0.7248681976210305,0.9536412078152753,0.32598039215686275,0.5255474452554745,0.9678466555504729,0.9672446013289037,0.7863143424469222,0.8333102012491326
b,4,random,674,0.7663316125128105,0.9437095573167231,0.7299180324657976,0.9557772089328272,0.27007299270072993,0.5633802816901409,0.9685038206299236,0.9667843055843887,0.8035313481969175,0.8362713298547455
b,4,random,689,0.7511279260414353,0.9425062066183979,0.7145655032445893,0.9559358099122263,0.22074468085106383,0.5147058823529411,0.9677010018739026,0.9673565845171008,0.7943713118474807,0.8370802109353317
b,4,random,704,0.7736326828006225,0.945903489463033,0.7317152991272372,0.9588360539389638,0.38488783943329397,0.4888888888888889,0.9696754953199279,0.9669245547536217,0.807353388027955,0.8388625592417062
b,4,random,719,0.7388171319669076,0.9436306858784527,0.7054064620974633,0.9566678457729041,0.261519302615193,0.375,0.968070009460738,0.9675809177174054,0.804279982166741,0.8386018660353711
b,4,random,734,0.7325607167794896,0.9441206242164502,0.6984337930941359,0.9519324744557974,0.25667090216010163,0.33587786259541985,0.9695778726673661,0.967736931906313,0.8134057971014492,0.8327231765699803
b,4,random,749,0.7323100859111235,0.9431946462634746,0.6977362584932383,0.95550434320156,0.25030674846625767,0.3511450381679389,0.969095934142268,0.9669127135704331,0.8059836808703535,0.8272221429590526
b,4,random,764,0.7323937407616834,0.9440296712872033,0.6942724618903383,0.9580246913580247,0.3144963144963145,0.2831858407079646,0.9685430463576159,0.9680870306726272,0.7995176364184504,0.834901625320787
b,4,random,779,0.7141539127113645,0.9420538232741794,0.6796446168937056,0.9505108840515326,0.1863013698630137,0.2909090909090909,0.9680179382781613,0.9682712215320911,0.8018739610095209,0.8331929233361416
b,4,random,794,0.7216940444787765,0.9434145197720178,0.6874912287333516,0.954673721340388,0.2275132275132275,0.2905982905982906,0.9682769203529377,0.9686738239717857,0.8006674757281553,0.8414548518466507
b,4,random,809,0.7202941100652047,0.9430450164780475,0.6856204715321509,0.9555300150296172,0.2503225806451613,0.26548672566371684,0.9683343421072056,0.9678872947635573,0.7962315757483666,0.8382662364988077
b,4,random,824,0.70597687120268,0.9434928306027746,0.676408128980343,0.9585956201790939,0.18673883626522328,0.21621621621621623,0.9687818270380375,0.9683632786206182,0.8057575757575758,0.837384744341995
b,4,random,839,0.7024973092675576,0.9429943785693384,0.6762773971105835,0.9581082277920467,0.23915900131406045,0.14953271028037382,0.9683714869547191,0.967782004502756,0.800473302765863,0.8340544312630844
b,4,random,854,0.7677330944396749,0.9468268121908336,0.7370079021852523,0.9619603680113235,0.25417201540436457,0.5540540540540541,0.9694767441860465,0.9699043471498562,0.8180107137686405,0.8465534185034396
b,4,random,869,0.7671561636538385,0.9471264251874002,0.7346699678155845,0.9614427860696517,0.2560819462227913,0.5454545454545454,0.9697626112759644,0.970056467906543,0.818733738074588,0.8485610505727857
b,4,random,884,0.7689225124153124,0.9473763955103258,0.7346645672955568,0.9594415481134576,0.247074122236671,0.5652173913043478,0.9693857865760458,0.9719592228476563,0.8145475537595612,0.8548319620694463
b,4,random,899,0.7843660901257176,0.9476144887159854,0.7503536051207539,0.9604879342349509,0.28169014084507044,0.6394557823129252,0.9699661339195532,0.9701237508414021,0.8175539568345324,0.8512849318915883
b,4,random,914,0.7804618387478283,0.9482093501970705,0.7454168614779298,0.9593581944811779,0.267515923566879,0.6197183098591549,0.970414376949354,0.9710644250446856,0.824038045827929,0.851123595505618
b,4,uncertainty,14,0.37223037654456037,0.7016475122181441,0.4911925592488374,0.07746540168857168,0.07233825776872134,0.03529012555140821,0.8059067998938898,0.8438223586648281,0.3891213389121339,0.38166835333236954
b,4,uncertainty,29,0.4763884600246855,0.7653944868730812,0.6203808172169137,0.7646228167967298,0.07331111784307785,0.10460992907801418,0.7975038784012272,0.8899813248379655,0.40621322664156273,0.2984769265742214
b,4,uncertainty,44,0.42942174607313294,0.7158622758717085,0.5827072323690337,0.8117852003332576,0.13615994484660462,0.12189616252821671,0.7318972046571434,0.8915675704959775,0.14454885781954313,0.1680972818311874
b,4,uncertainty,59,0.5205166138947864,0.788899614664609,0.6162916238138835,0.8310459062943681,0.12148481439820022,0.1611842105263158,0.7984972208879435,0.9300924167616154,0.2962962962962963,0.5050154320987654
b,4,uncertainty,74,0.6218219155874475,0.874541158631325,0.6814922041583101,0.870785610582352,0.17955112219451372,0.3717948717948718,0.9314023698188587,0.9287324977712518,0.5670878886837996,0.5033990482664854
b,4,uncertainty,89,0.6714554762426533,0.8802889252853616,0.6967996733200922,0.8759100469179745,0.24206111443978431,0.6069651741293532,0.9256261570709466,0.9481734519591098,0.5564932611160096,0.5449591280653951
b,4,uncertainty,104,0.7015505398410855,0.9061942772672327,0.7435346563068468,0.9218533247017479,0.3328550932568149,0.4460431654676259,0.9414159423519798,0.9545946802609683,0.5576923076923077,0.7563992651561543
b,4,uncertainty,119,0.7177971942371096,0.9162102811686132,0.7126648888869639,0.9165816089820915,0.2949117341640706,0.5170731707317073,0.9528224627083942,0.9582674675940562,0.6230665770006725,0.761857338478775
b,4,uncertainty,134,0.7804431782304365,0.9193255150351862,0.7625178496768051,0.9020381328073636,0.5938945420906568,0.6627218934911243,0.954290699909794,0.9594248366013072,0.6377880184331797,0.7529441242796292
b,4,uncertainty,149,0.7956886167903873,0.9309798089927206,0.7856547890156271,0.9457280057986772,0.5241605241605242,0.6744186046511628,0.9586138231316779,0.959478414463089,0.7181478715459299,0.7892730737816499
b,4,uncertainty,164,0.7946223255049452,0.9314089827333828,0.7721376753698148,0.9242878560719641,0.5678807947019867,0.6143790849673203,0.9583512874994428,0.9611378308171086,0.7132887899034892,0.8230306345733042
b,4,uncertainty,179,0.8249298062775912,0.9387796594293206,0.8175757109719822,0.9591818426482461,0.5797788309636651,0.7294117647058823,0.9580824041500209,0.9676414874017178,0.7158477912232104,0.8645645228503959
b,4,uncertainty,194,0.8289455179509725,0.9444749474866801,0.8118518066519487,0.9555435565154787,0.6067226890756302,0.6794871794871795,0.9645987308697275,0.9671561251491724,0.7668348954578227,0.8622754491017964
b,4,uncertainty,209,0.8579347020648671,0.9429711956628133,0.8323219899270018,0.9580104523337538,0.7005347593582888,0.8313253012048193,0.9629629629629629,0.9690231163055283,0.7159142726858185,0.8677720496028981
b,4,uncertainty,224,0.8635936858021699,0.9481469435845378,0.8388092940650231,0.9643943460368581,0.726457399103139,0.8,0.966598318029182,0.9719345484672742,0.7424378556454028,0.8733333333333333
b,4,uncertainty,239,0.8302297725752157,0.937662503062886,0.8155830682950225,0.9664225754599035,0.7265170407315046,0.6748466257668712,0.955843536096157,0.9736998629393054,0.645704162976085,0.8685746040566824
b,4,uncertainty,254,0.8386268014058256,0.9371963705081958,0.8179532792884082,0.967459324155194,0.7514546965918537,0.7261146496815286,0.9556591725817469,0.9747468206894766,0.6212818153940509,0.873671130746928
b,4,uncertainty,269,0.8536485750029393,0.9450409572380033,0.8346324704858131,0.9676496872207327,0.7563318777292577,0.7441860465116279,0.9640559857057772,0.9724997425069523,0.7143279172821271,0.8564887680641007
b,4,uncertainty,284,0.8646807963779592,0.9489113049300921,0.8431888698009161,0.9693978282329714,0.7682926829268293,0.7816091954022989,0.9676091783863805,0.9747678018575852,0.7254130605822188,0.8656758272574313
b,4,uncertainty,299,0.8555877876493538,0.9460284025192855,0.8321644160228495,0.9691851585661666,0.7571801566579635,0.7613636363636364,0.9657683689114283,0.9741514831327475,0.6956379140701869,0.8658277958433479
b,4,uncertainty,314,0.8572630854828928,0.9499272632432705,0.82872611798857,0.9719040801717967,0.7670504871567759,0.7125,0.9672915894775843,0.9755467094039187,0.7294483294483295,0.8771004027218442
b,4,uncertainty,329,0.8625288466635064,0.9498768373661853,0.8376802986792994,0.9717756341550554,0.7715555555555556,0.7529411764705882,0.9674007769456876,0.9766224341696039,0.7164082687338501,0.8809980806142035
b,4,uncertainty,344,0.8613346328489833,0.949357667799884,0.8434299009038771,0.9728761972965715,0.7902097902097902,0.7374301675977654,0.9661532105760151,0.9787189868161528,0.6953674905876576,0.8885865868589308
b,4,uncertainty,359,0.8662932781322581,0.950189559893763,0.8445672811785767,0.9716127876779798,0.7961335676625659,0.7558139534883721,0.9662874870734229,0.9793969588458146,0.7023540793292486,0.8924541128484025
b,4,uncertainty,374,0.860881599959548,0.9525938116436395,0.8515091378502995,0.972319269013706,0.7919227392449517,0.6881720430107527,0.9669523371010145,0.9808880810179175,0.7281894576012223,0.8977272727272727
b,4,uncertainty,389,0.841379428211012,0.9516872035236388,0.8545077534296468,0.9692335372436128,0.7954345917471466,0.5546218487394958,0.966698891946159,0.980039971967711,0.7338697434340368,0.8897574123989218
b,4,uncertainty,404,0.8749933728323948,0.9529341139597206,0.8532017129955773,0.9648885278454734,0.7964444444444444,0.788235294117647,0.9697625470607417,0.9784583441474176,0.7502722887817022,0.876892163429337
b,4,uncertainty,419,0.8836158995825676,0.9539525734008997,0.8604355010899274,0.9624332397936092,0.8096947935368043,0.8263473053892215,0.9703296703296703,0.9791731588241405,0.7598120927413244,0.8775210364632029
b,4,uncertainty,434,0.8831133131724017,0.9545452300218467,0.8581039967337442,0.9693317744401475,0.8149466192170819,0.8074534161490683,0.9693777341308811,0.9802059823073132,0.7523099850968703,0.8881676808654496
b,4,uncertainty,449,0.8830887361518921,0.9550831966302856,0.8618102422528017,0.9722921914357683,0.8156723063223509,0.8023952095808383,0.9698041955962593,0.9803371516143277,0.7518434913468773,0.8892766071668232
b,4,uncertainty,464,0.8852905724392068,0.9537006268092342,0.8644730076121151,0.9734831460674157,0.8106194690265487,0.8322981366459627,0.9692823608316566,0.977522816166884,0.7549882629107981,0.8788398154251813
b,4,uncertainty,479,0.8918085614928003,0.9555092465767305,0.8755998274745417,0.9740644350713452,0.8003502626970228,0.8690476190476191,0.970409971556641,0.9787123030366274,0.7637387053769812,0.8863366336633663
b,4,uncertainty,494,0.8832752988967414,0.9534753124101698,0.8665971461306713,0.9723320158102767,0.7944732297063903,0.8343558282208589,0.9689424324203433,0.9779829916001461,0.7547667937811675,0.8800738007380073
b,4,uncertainty,509,0.8828358663771126,0.953762343097988,0.8650720262403002,0.974713055954089,0.7819420783645656,0.8433734939759037,0.9690464525898543,0.9790504976809631,0.7449355432780848,0.8867899427963283
b,4,uncertainty,524,0.8841332886091694,0.9540982735949625,0.8691455267135609,0.9763356041591968,0.7969413763806287,0.8313253012048193,0.9688871694912732,0.978634596822581,0.7496247373161213,0.8871842348895649
b,4,uncertainty,539,0.8799775241185621,0.9545487082454399,0.8599905817197296,0.976137277683439,0.803448275862069,0.7924528301886793,0.970090872585035,0.9774734751476507,0.757584860318414,0.8826550770446464
b,4,uncertainty,554,0.8785110034540127,0.9547987400807044,0.8642001313418352,0.9766359323247695,0.7996618765849535,0.779874213836478,0.9708407871198569,0.9758271721461905,0.7710417892878164,0.8756952528780235
b,4,uncertainty,569,0.8796943237497181,0.9518468190736827,0.8632371513856979,0.976544315129812,0.8114478114478114,0.8148148148148148,0.9698665837442435,0.973455052484807,0.7450055057417021,0.8667261828848362
b,4,uncertainty,584,0.8769771833505854,0.9523136666185875,0.857138388117339,0.9774637810767305,0.8043660789252729,0.7974683544303798,0.9685819668488646,0.9769172321639112,0.7310171356704921,0.8830257343384456
b,4,uncertainty,599,0.8844936650396296,0.9543693463385046,0.8605124658945323,0.9772767937019144,0.8204255319148936,0.8198757763975155,0.9694139897751115,0.9800453869629862,0.7287371134020618,0.8956810631229236
b,4,uncertainty,614,0.8773114262402781,0.9505741140360184,0.8527783636507208,0.9800320912818684,0.8122866894197952,0.8176100628930818,0.9679169615475348,0.9760507284351745,0.7058435127104655,0.8814399373940264
b,4,uncertainty,629,0.879279639023123,0.9512314472862762,0.8550509631941371,0.9792205475787032,0.8239316239316239,0.8125,0.9657212149892047,0.9810543871993329,0.6914012738853503,0.9011284255776464
b,4,uncertainty,644,0.8805972948590766,0.9522168024461342,0.8561877466344379,0.9775441097843521,0.8236301369863014,0.8125,0.9665488008758563,0.981657113079729,0.7012494069270916,0.9010514963602049
b,4,uncertainty,659,0.8891614475851327,0.9554904048351974,0.865896474419156,0.9786362827131921,0.825974025974026,0.8383233532934131,0.9695501934493045,0.982042794964685,0.7249315950426525,0.9046718876586551
b,4,uncertainty,674,0.89084186731035,0.9555322371820428,0.867082550896576,0.978518584544077,0.8266897746967071,0.8502994011976048,0.9699920332831725,0.9815051519499152,0.727479674796748,0.9014084507042254
b,4,uncertainty,689,0.899712150533078,0.9610173506725899,0.8775587759785601,0.979776476849388,0.8233246301131418,0.8484848484848485,0.9741163208092914,0.9812177179527313,0.7886590038314176,0.9024060556907272
b,4,uncertainty,704,0.8976515269339159,0.9583723056321453,0.8799628255663611,0.979824015643054,0.8231292517006803,0.8654970760233918,0.9721091958274765,0.9810050618379168,0.7614838200473559,0.9005122674575358
b,4,uncertainty,719,0.9051770511077544,0.9624184675654041,0.891804800180491,0.9794684916896276,0.8282312925170068,0.8670520231213873,0.975266277463345,0.9812640258859141,0.802547770700637,0.9024094763763629
b,4,uncertainty,734,0.9078229305638096,0.9647373361184176,0.8932529481479963,0.9817793973868989,0.8329048843187661,0.8520710059171598,0.9765265213049764,0.981600208496221,0.8246639392168322,0.905214557305812
b,4,uncertainty,749,0.907706197545936,0.9642359836642312,0.8933565097245123,0.9814946619217082,0.8289703315881326,0.8588235294117647,0.9757219219398573,0.9820094248743784,0.8195639701663798,0.9073595429193307
b,4,uncertainty,764,0.9100805903157224,0.9637942536864189,0.8957425013874972,0.9808497372405808,0.8353552859618717,0.8786127167630058,0.9759900032727381,0.9815640564291116,0.8128724672228844,0.9053198653198653
b,4,uncertainty,779,0.9109460408072207,0.9647165529549824,0.8966542250186574,0.9811421455257072,0.8319039451114922,0.8771929824561403,0.9764725165020189,0.9821163607965638,0.821753151568455,0.9060411836901677
b,4,uncertainty,794,0.9084252519311964,0.964750161008548,0.8914974940033259,0.9805212131993241,0.8284734133790738,0.863905325443787,0.9768798167048531,0.9819866722199083,0.8209177592371871,0.9062925633342414
b,4,uncertainty,809,0.9089171787764322,0.9648582300337948,0.8933705589476383,0.9798562427899548,0.8254237288135593,0.8690476190476191,0.9770289595995709,0.9820169160702668,0.8233555062823356,0.9056912788317183
b,4,uncertainty,824,0.9066751329531736,0.9645534952765519,0.8925889430412536,0.9812494445925531,0.8197278911564626,0.8604651162790697,0.9766895259063119,0.9818011403577287,0.8199520671060515,0.9068407452740378
b,4,uncertainty,839,0.9080100335842658,0.9648601198656042,0.8918849109289546,0.9813499111900533,0.8162574089754445,0.8705882352941177,0.9770014123243886,0.9819449503095895,0.8214501510574018,0.9074781659388647
b,4,uncertainty,854,0.9084246153930248,0.9649082829483075,0.8959642944884926,0.9821666223050306,0.8148148148148148,0.872093023255814,0.9768723287018422,0.9816771641247202,0.824910820451843,0.9064375340971086
b,4,uncertainty,869,0.9096508733839113,0.9663986007531616,0.8952536267978551,0.9819250289377616,0.8220338983050848,0.8604651162790697,0.9782789811949536,0.9821112844513781,0.8329079717760096,0.9098338327431218
b,4,uncertainty,884,0.9079129196926805,0.9668490424044323,0.8992236119423301,0.9812867581536268,0.8288135593220339,0.8361581920903954,0.9784608046268278,0.9823794279170246,0.8396946564885496,0.9085970392503055
b,4,uncertainty,899,0.9151941418700522,0.9678598494322335,0.9010944759999381,0.9818376068376068,0.8280581693755347,0.8771929824561403,0.9792992444000655,0.9823036485712798,0.8477366255144033,0.9099307159353349
b,4,uncertainty,914,0.9132253669563105,0.9672394260217915,0.9039532283846219,0.9812967581047382,0.8222409435551812,0.8735632183908046,0.9787253088261622,0.9820870651947511,0.8471513915197435,0.9075128831027935
b,4,margin,14,0.37223037654456037,0.7016475122181441,0.4911925592488374,0.07746540168857168,0.07233825776872134,0.03529012555140821,0.8059067998938898,0.8438223586648281,0.3891213389121339,0.38166835333236954
b,4,margin,29,0.586663490249833,0.8495756118184478,0.6556710843487686,0.8177169499172808,0.0633855331841909,0.40226628895184136,0.9142279249099299,0.9038839541190814,0.5561238988348963,0.44903988183161003
b,4,margin,44,0.5589765088318032,0.8157390921927526,0.6315140317144353,0.8578120425490388,0.14002642007926025,0.17801047120418848,0.9475369605554558,0.701,0.6855123674911661,0.40293729994351346
b,4,margin,59,0.6874130515234764,0.89403125497446,0.7556882412073435,0.892962962962963,0.4538310412573674,0.30170316301703165,0.9579267746844508,0.8885740194967128,0.7316666666666667,0.5852267325791425
b,4,margin,74,0.7288509454180907,0.9238425705277125,0.7322297520076019,0.9233801851217004,0.35281837160751567,0.44878048780487806,0.9583327148307035,0.9569181551586243,0.7257879656160459,0.7359387377871667
b,4,margin,89,0.7103152527485792,0.9295645227370687,0.7161250980224112,0.9255150554675119,0.3258306538049303,0.2992125984251969,0.9616676076427064,0.9656129691223843,0.732993445010925,0.7613744397663995
b,4,margin,104,0.7398867644569395,0.9324732075542753,0.75508027829949,0.9036669800837679,0.3437779767233662,0.4608695652173913,0.9653769039710327,0.9655912290341995,0.7818508784064185,0.7580738177623991
b,4,margin,119,0.7788733714225468,0.9352077143421861,0.7695944605805388,0.9352382581914621,0.27611940298507465,0.7602339181286549,0.9643657217957525,0.9665402223675605,0.7580578226587357,0.7915582538305869
b,4,margin,134,0.77352534172988,0.9386925698862866,0.7478284449885739,0.9322048388475678,0.35019455252918286,0.6197183098591549,0.9659312666656735,0.9698686177326725,0.7914180164819551,0.7853417899929528
b,4,margin,149,0.7660082923064865,0.9431831652802146,0.7663810013046233,0.9470448757354878,0.227330779054917,0.616822429906542,0.9676122337359014,0.9717059929003967,0.8002969561989607,0.8312447786131997
b,4,margin,164,0.778474234476039,0.9426703621235638,0.7527972397127398,0.952028885832187,0.2885085574572127,0.6628571428571428,0.9667736899466848,0.9725267571157001,0.7651681861049985,0.8414564220183486
b,4,margin,179,0.8096527924985202,0.9478098226905407,0.7879171776212995,0.9539365655518106,0.4594894561598224,0.6666666666666666,0.969031205989178,0.9729828690989931,0.8012773987516331,0.8441853852715382
b,4,margin,194,0.8147798730633938,0.9497137858975558,0.7737167299401962,0.9629759606948588,0.4244604316546763,0.6944444444444444,0.9702677528571639,0.9687368862778011,0.8329004329004329,0.8496732026143791
b,4,margin,209,0.8503989594792953,0.9549142299184827,0.834304082142869,0.9646110721793973,0.5916666666666667,0.75,0.9735935365056734,0.9712322660163113,0.8471690080885483,0.8545201668984701
b,4,margin,224,0.8418321064015926,0.9536018100242869,0.8199872701948966,0.9581088127933253,0.5056689342403629,0.7888888888888889,0.9739610379975964,0.9718799863977609,0.848206599713056,0.8461104847801578
b,4,margin,239,0.8477396410331216,0.9553911872864868,0.8286208670201238,0.959839707291576,0.6389713155291791,0.6966292134831461,0.9739866369710468,0.9744972769166318,0.8319976686580213,0.8582556683822506
b,4,margin,254,0.8630155017220263,0.9577352150435303,0.8447235573732226,0.969434628975265,0.63671875,0.7745664739884393,0.9742116932783739,0.9751931892599869,0.839823135073456,0.8711606414786627
b,4,margin,269,0.8675022471064588,0.9590868047923973,0.8452705124783869,0.9687113310942196,0.6497975708502024,0.7745664739884393,0.9749551446492386,0.9748310233279857,0.853267926706103,0.8763862591290236
b,4,margin,284,0.8691125564577852,0.9603237339507615,0.849645191711824,0.9696969696969697,0.6653346653346653,0.7613636363636364,0.9767974196233482,0.9738255561086803,0.8623800658742661,0.8743895822029301
b,4,margin,299,0.8658743165261839,0.959755346283569,0.8389323761259765,0.9685199964529574,0.6282183316168898,0.7784431137724551,0.976333996496125,0.9744113564338284,0.8577636152954808,0.8774298056155507
b,4,margin,314,0.8773310140312007,0.9615971762832182,0.8492167528648407,0.9718222771839944,0.6760280842527583,0.7926829268292683,0.976852677244904,0.9746692861820563,0.8622132448420141,0.8870486016834103
b,4,margin,329,0.8882919964757148,0.9632126792702937,0.8731830453238932,0.9732696052398655,0.7216890595009597,0.8156424581005587,0.977970289660921,0.9754027504911591,0.8697767601602747,0.8842930521762639
b,4,margin,344,0.8891429653063077,0.9647776931756388,0.8731623469819333,0.9747675962815405,0.7678075855689177,0.7701149425287356,0.9790409795772445,0.9770301381331101,0.8689893463864095,0.886250168668196
b,4,margin,359,0.8835880202966386,0.9646707535197836,0.8646938979370661,0.9752562743018734,0.740096618357488,0.7542857142857143,0.9786860096218294,0.9772911385789322,0.8669922436081586,0.8925081433224755
b,4,margin,374,0.8830298905457399,0.96501915282487,0.8615613179375977,0.9775261015749425,0.711595639246779,0.7719298245614035,0.979111959894963,0.97706457925636,0.8697008365234652,0.8942802927622662
b,4,margin,389,0.8863435617891967,0.9656111864539207,0.8674529233682892,0.9765548969300186,0.7196172248803828,0.783625730994152,0.9789627596084984,0.978795633780749,0.8699233172394206,0.8969253690911554
b,4,margin,404,0.8883330890887667,0.9661098988767831,0.8695777221369012,0.9761188749336636,0.7459867799811143,0.7719298245614035,0.979035795819096,0.9800401805515694,0.8680851063829788,0.8971350613915416
b,4,margin,419,0.8895741051337603,0.9656249071258869,0.8685400871316457,0.9754416961130742,0.7406716417910447,0.7904191616766467,0.9787506705608869,0.9797517962116263,0.8676281593602742,0.8943556102227689
b,4,margin,434,0.8850659291297206,0.9653546159203816,0.8648055722783593,0.9743091727730202,0.7537878787878788,0.75,0.9789619645439771,0.9790484162067432,0.8698610717323504,0.889492999864075
b,4,margin,449,0.871966951044483,0.9653418102907037,0.8449557729561723,0.971775257188077,0.7571560480147738,0.6533333333333333,0.9789269746646796,0.9794326983462424,0.8727634194831014,0.8903809262811729
b,4,margin,464,0.8767104075981252,0.9667217957434409,0.8540484697413637,0.9723961548637446,0.7855822550831792,0.65,0.9798729761159316,0.9804290454913642,0.8765449637732633,0.8921474578593943
b,4,margin,479,0.8954726105375282,0.9678176637373257,0.8748325952263976,0.9756572541382668,0.7981900452488688,0.7577639751552795,0.9805741227023156,0.9796751157498235,0.8794567062818336,0.8969910544863107
b,4,margin,494,0.9023780603542103,0.9673496524509441,0.8880551901423875,0.9756400035432722,0.7924187725631769,0.8092485549132948,0.9798433917884896,0.978408584096335,0.881790959646371,0.8992961559285327
b,4,margin,509,0.893740460798626,0.9674119160097995,0.8743829028709034,0.9764643425942311,0.7747252747252747,0.7636363636363637,0.9794640994307174,0.979588628324381,0.8796833027004101,0.9026212141790031
b,4,margin,524,0.9010046843972787,0.9683068351966106,0.8800550764143953,0.9772586496770197,0.808206958073149,0.775,0.9800286157147967,0.9794443426117468,0.8825784466846515,0.9045157780195865
b,4,margin,539,0.9018992346197595,0.9683193950631358,0.8813071431231618,0.9777462541005408,0.7904849039341263,0.8,0.9802968880410159,0.9796996808454979,0.8838993889441523,0.9011675264729839
b,4,margin,554,0.9071379503462277,0.9688037603630504,0.8846884360446904,0.9775370682766581,0.8118279569892473,0.8148148148148148,0.9809797584116534,0.9794382756368387,0.8859271997707079,0.8994405785236731
b,4,margin,569,0.9091898917616801,0.9688712875557762,0.8920485767241777,0.9772969137992196,0.8122192273135669,0.8304093567251462,0.9809139264269857,0.9801545853352831,0.882774433935225,0.9005607987963343
b,4,margin,584,0.9102789225548652,0.9692333699238187,0.8904223844437517,0.9772525324329128,0.8073878627968337,0.8395061728395061,0.9810482367852084,0.9807948577251705,0.8842255531763027,0.9017372421281216
b,4,margin,599,0.9064928619792332,0.9693217642918205,0.8881429327520516,0.9777265063448398,0.8042704626334519,0.8143712574850299,0.9809678525120348,0.9811241939273686,0.8843010752688172,0.9026886856830899
b,4,margin,614,0.9015910363794326,0.9683474950331012,0.8794622206350421,0.9774662881476224,0.7859078590785907,0.8048780487804879,0.9804522919799312,0.9802825729283644,0.8795510145344654,0.9025991792065663
b,4,margin,629,0.9032405459860685,0.9684381837553111,0.8836461026523895,0.9781333333333333,0.78868258178603,0.8121212121212121,0.9804943418701608,0.9799958215815314,0.881590319792567,0.9016662114176455
b,4,margin,644,0.9050120996155238,0.9689060764995422,0.8881785931051421,0.9779985805535841,0.7841726618705036,0.8255813953488372,0.981098914192943,0.9801404003235993,0.8832106250902266,0.9028821199289715
b,4,margin,659,0.9087876411180585,0.9697764392856296,0.8879409727562741,0.9769707705934455,0.7996406109613656,0.8313253012048193,0.9815559727064151,0.9812423364900472,0.8853971457402335,0.9053813501300835
b,4,margin,674,0.9094490847990571,0.9698542754113798,0.886150355818822,0.9770573124280273,0.8010849909584087,0.8363636363636363,0.9818690642769955,0.9813062182244818,0.8851125635439361,0.9033498077979132
b,4,margin,689,0.9101622663991167,0.9700271686875509,0.891026104618614,0.9776126006548093,0.8039747064137308,0.8352941176470589,0.981775951402537,0.9813074352548037,0.8854076008123005,0.9057634526085769
b,4,margin,704,0.9109574776592243,0.9701118082460994,0.8894648984791208,0.9778800212351796,0.8047229791099001,0.8383233532934131,0.981897823269119,0.9809362367974964,0.8877683330932142,0.9051735968162481
b,4,margin,719,0.9126585102695725,0.9705799104251706,0.8948052308452834,0.9786517849233768,0.8024800708591674,0.8470588235294118,0.9820630474941898,0.9812884394871261,0.8902351074570893,0.906832298136646
b,4,margin,734,0.908995985211512,0.970005490653437,0.8925427365415987,0.9781798829164449,0.7841011743450768,0.8439306358381503,0.9816604043657183,0.9813690491700758,0.8897153483049636,0.904015401540154
b,4,margin,749,0.911916662252222,0.9705664072787492,0.893208872833538,0.9780258727627149,0.8111510791366906,0.8352941176470589,0.9821654722350522,0.9813288828622092,0.8908070781182563,0.9046441330035724
b,4,margin,764,0.9121904838142644,0.9703745674813588,0.8986853921820238,0.9778250842646798,0.8010752688172043,0.847457627118644,0.9819759381009884,0.9812638436482085,0.8911117462132038,0.904623878536922
b,4,margin,779,0.9129385868974804,0.9706671899043521,0.9009238708509363,0.9800655621511474,0.813953488372093,0.8379888268156425,0.981781859383386,0.9817262323714189,0.8882218410520297,0.906832298136646
b,4,margin,794,0.9118348671852318,0.970377913621061,0.8960814780643716,0.9784032572136662,0.8102383053839365,0.8372093023255814,0.9817883755588673,0.9815954118873826,0.8876146788990825,0.9059947390281047
b,4,margin,809,0.9146903611124907,0.9712760841177304,0.8973701612481622,0.979840848806366,0.8173758865248227,0.8402366863905325,0.9822181812761771,0.981829573934837,0.8912391024724882,0.9100922483822113
b,4,margin,824,0.9182423309209844,0.9709538116228594,0.9019008929173948,0.9784185388289404,0.8125,0.872093023255814,0.9820778910956045,0.9814046892522755,0.8926891834117144,0.9085129906025429
b,4,margin,839,0.9086950134728141,0.9709770830502038,0.896331746878077,0.9781319167773351,0.8095659875996457,0.8068181818181818,0.9822384609648795,0.9814017789602734,0.8948194662480377,0.9078893019413465
b,4,margin,854,0.9128350542397848,0.9716063550529012,0.900443940036417,0.9792090595417146,0.8035714285714286,0.8361581920903954,0.9829679343773303,0.9812964653710708,0.8984018264840182,0.9082404732425368
b,4,margin,869,0.9073360840671653,0.9711878603453831,0.8909839178757307,0.9786669027175356,0.8024475524475524,0.8023952095808383,0.9825089840895874,0.9815419157768321,0.8961967400629111,0.9075952837949
b,4,margin,884,0.9139892892007329,0.971157533948067,0.8975078037944263,0.9781396583768475,0.8053333333333333,0.8470588235294118,0.98250846244464,0.9813389012136239,0.8955266542804059,0.9080191912268677
b,4,margin,899,0.9156689179749923,0.9717826221835119,0.9025892512192979,0.9786744535881781,0.8028045574057844,0.8554913294797688,0.9828612341701347,0.9819415448851775,0.8971240520818429,0.9107852542140605
b,4,margin,914,0.9124129031813306,0.9719568964535991,0.8953120623555407,0.9777856447473228,0.8167539267015707,0.8192771084337349,0.9832358907051665,0.9818618367826292,0.8992826398852224,0.9086932750136687
b,4,class_balanced,14,0.37223037654456037,0.7016475122181441,0.4911925592488374,0.07746540168857168,0.07233825776872134,0.03529012555140821,0.8059067998938898,0.8438223586648281,0.3891213389121339,0.38166835333236954
b,4,class_balanced,29,0.442546014434645,0.7429023496214686,0.5932693637447798,0.4995723885155773,0.1459395841506473,0.07549430796884361,0.8981915711216023,0.6984530620894257,0.547598701076739,0.2325724861196792
b,4,class_balanced,44,0.5449567108219254,0.8286689640103228,0.6086302883222279,0.8469532357109116,0.08937994722955145,0.28865979381443296,0.8675507218724162,0.947870229597753,0.28499411863552343,0.4892889288928893
b,4,class_balanced,59,0.5786673856102844,0.8585898375130905,0.6073823958011538,0.8669975186104218,0.17362637362637362,0.2876712328767123,0.9121490875532137,0.9485027458294477,0.29388379204892967,0.5678409487268922
b,4,class_balanced,74,0.6106816991014142,0.8755882845795261,0.622943322862992,0.8129581929859322,0.39059674502712477,0.25,0.9397632011062138,0.9562392807026662,0.2535959283027218,0.6716185455852403
b,4,class_balanced,89,0.6465855974240754,0.8876565396733711,0.6502039495020222,0.8536585365853658,0.3878504672897196,0.28679245283018867,0.9464449124845667,0.9389286932787445,0.41680887372013653,0.6956152457798068
b,4,class_balanced,104,0.7324589331675104,0.9135867374209306,0.6934053215645231,0.9118437555993549,0.35400225479143177,0.6308724832214765,0.9586449177125698,0.9499620726635453,0.5988764044943821,0.7230106436898125
b,4,class_balanced,119,0.7633716519885808,0.9213192682386505,0.7335257896778907,0.9478613237280504,0.43844492440604754,0.6708074534161491,0.9558894388716107,0.9587176455130731,0.565193471483587,0.806687306501548
b,4,class_balanced,134,0.743971748397985,0.9270554864720597,0.7050926660503766,0.9425604264313941,0.4160346695557963,0.4888888888888889,0.9585164634591516,0.9646861573928533,0.6145390070921986,0.8225766259656118
b,4,class_balanced,149,0.7854838897732265,0.9377020406825715,0.7520966070804901,0.9602726212895705,0.48063555114200596,0.5757575757575758,0.9633782761536066,0.9629455050147956,0.7243243243243244,0.8310733747307059
b,4,class_balanced,164,0.7782996972730042,0.9333263010620022,0.7471253764089419,0.9557458314556107,0.525987525987526,0.5271317829457365,0.9607384101516484,0.9594152016139597,0.7094017094017094,0.8096774193548387
b,4,class_balanced,179,0.7982699875413596,0.9285392525707695,0.7884576119969895,0.9574276989401832,0.6672458731537794,0.583941605839416,0.9647444494114141,0.9388839201019054,0.7344750558451228,0.7411713094976968
b,4,class_balanced,194,0.8319278254890369,0.9376827972739338,0.8250110131106763,0.9640003590986623,0.763458401305057,0.6474820143884892,0.9668226604667853,0.9511685248713551,0.7484892086330935,0.7820736096598165
b,4,class_balanced,209,0.8398992679986648,0.9389196165193066,0.8315238202206235,0.9679676985195155,0.7531645569620253,0.7083333333333334,0.9658436397731839,0.9566470902295782,0.7263411693791441,0.8009973877938732
b,4,class_balanced,224,0.8414307358723117,0.9412393609433697,0.8170214638847562,0.9640517088719674,0.7750809061488673,0.7074829931972789,0.9605290288373737,0.9788135593220338,0.6269761183989236,0.8770808363297377
b,4,class_balanced,239,0.8740866468955006,0.951938136059394,0.867629216327649,0.9691418408181414,0.7863105175292153,0.7931034482758621,0.9666701400777051,0.9802454276668673,0.732620320855615,0.8905148330450978
b,4,class_balanced,254,0.854657072709187,0.9490988932514746,0.8382685353413369,0.9670642691828378,0.7846027846027847,0.6956521739130435,0.9650450983291439,0.9807777806836311,0.6978074356530028,0.8916499665998664
b,4,class_balanced,269,0.8587274956776588,0.9455070867023154,0.8392202522001945,0.9690206231586466,0.7693588676103247,0.779874213836478,0.9622178896372445,0.9802226588081205,0.6623876765083441,0.8880105401844532
b,4,class_balanced,284,0.8624403912542524,0.9475026104488713,0.8400432265722039,0.9709432275368798,0.7701441899915182,0.7901234567901234,0.9644308344620458,0.9806569820704096,0.6694338369583264,0.8913502109704642
b,4,class_balanced,299,0.8686623532444984,0.950070101462616,0.8501827973976146,0.9658265315274912,0.7751277683134583,0.7950310559006211,0.9672619488699519,0.9786955268467807,0.7215052091432126,0.8771884321099728
b,4,class_balanced,314,0.8743748321984206,0.9516743253440844,0.865775636154927,0.9710196779964222,0.7976588628762542,0.7878787878787878,0.9674031418298996,0.9780156356576946,0.7397460224784703,0.8789016966714156
b,4,class_balanced,329,0.8825524358313842,0.9545231717527124,0.8708824299733491,0.9715512614063339,0.7945900253592562,0.8214285714285714,0.9699366618097476,0.9789029535864979,0.7563100961538461,0.8851474810754372
b,4,class_balanced,344,0.8734670220330726,0.9506210775047326,0.8668955610875082,0.9512883547300374,0.7899581589958159,0.8095238095238095,0.9685810709912492,0.9786353877572394,0.756921292941006,0.8593610792923507
b,4,class_balanced,359,0.8649259572254987,0.9510087836810039,0.8575228948525911,0.957388939256573,0.7848537005163512,0.75,0.96931858722797,0.9775354530918242,0.7507137490608565,0.8646712714249168
b,4,class_balanced,374,0.8778785685531043,0.9530487515917218,0.8624392007155792,0.9702508960573477,0.8116438356164384,0.7928994082840237,0.9693253351107162,0.9784236711180937,0.7394695787831513,0.8831372549019608
b,4,class_balanced,389,0.882364660189487,0.954303323237937,0.8701761994310794,0.9715720563178191,0.8100607111882047,0.8114285714285714,0.9700996677740864,0.9786977912697582,0.7473441108545035,0.8873497124934657
b,4,class_balanced,404,0.8835741867281283,0.9537746253617978,0.8698766999263039,0.9614404918752745,0.8177855274629469,0.8255813953488372,0.9712704387544077,0.9781778219687058,0.7698507462686567,0.8609128854180692
b,4,class_balanced,419,0.8837190418228065,0.954146354725253,0.8667452120532836,0.9632288565925408,0.8107638888888888,0.8304093567251462,0.9720288008533586,0.9775972749901742,0.7641465315666407,0.8678585831428955
b,4,class_balanced,434,0.8965854600967818,0.9577985194804631,0.8783797565453101,0.9742538975501114,0.8124444444444444,0.8705882352941177,0.9723686359519532,0.9795768939096781,0.7763378563805459,0.890528257146621
b,4,class_balanced,449,0.894756257098099,0.9584464823026093,0.8773445413476695,0.9754398499598107,0.8088105726872247,0.8538011695906432,0.9728093089527429,0.9798082699892903,0.7780830280830281,0.8945416004239534
b,4,class_balanced,464,0.8940401870119442,0.9585193481809728,0.8746525147940629,0.9748663101604278,0.8053571428571429,0.8538011695906432,0.9724825050409204,0.9813184229091004,0.7712659590832179,0.899189799442157
b,4,class_balanced,479,0.8933417807681591,0.9595383174714003,0.8726169419255942,0.9760842405854007,0.7996406109613656,0.8439306358381503,0.9733191350903659,0.9816880436770199,0.7751105495893872,0.9036192496354236
b,4,class_balanced,494,0.8888583829886262,0.9597837534782612,0.8726636469782489,0.9742581337146943,0.820017559262511,0.7909604519774012,0.9736643648247002,0.9815245511798678,0.7806421002688597,0.9009415196923485
b,4,class_balanced,509,0.8977798203095784,0.9604633923148987,0.8748787949478354,0.9764171932010323,0.8147497805092186,0.8502994011976048,0.9738739138801309,0.9816511366898963,0.7847863515417123,0.9026809651474531
b,4,class_balanced,524,0.9004110143027795,0.9614194213963826,0.8794527157590023,0.9767649687220733,0.8195292066259808,0.8520710059171598,0.9745367284362085,0.9814399666336479,0.7947122861586314,0.9038229376257545
b,4,class_balanced,539,0.9087139430292941,0.9645389308724351,0.8924648085467007,0.9757407573180557,0.824360105913504,0.872093023255814,0.9769372693726938,0.9821642764015646,0.8267260579064588,0.9029761110369678
b,4,class_balanced,554,0.906738554523773,0.9644347831306516,0.8890427552429515,0.9761415423107854,0.8155339805825242,0.8670520231213873,0.9775482645535621,0.9808701098729024,0.8277964035355074,0.9022275576897426
b,4,class_balanced,569,0.9083747285452938,0.9647312384608291,0.894467381254352,0.9756402248594629,0.823937554206418,0.8685714285714285,0.9778279400626698,0.9809635722679201,0.8298001211387038,0.9018822587104526
b,4,class_balanced,584,0.909886598403915,0.9645978142619313,0.8955616409733078,0.9754486206588697,0.8356643356643356,0.8700564971751412,0.9777177783052456,0.980782286281268,0.8262335274287466,0.9033031433137986
b,4,class_balanced,599,0.9104031980415244,0.965524468054037,0.8996606553469632,0.9748770675011176,0.8218940052128584,0.875,0.9782647531709641,0.9813450384072738,0.8401003986416654,0.901341123356792
b,4,class_balanced,614,0.9160077787378678,0.9682563223734469,0.9074212930647951,0.9747763864042934,0.8252595155709342,0.8813559322033898,0.9802388059701492,0.982144253577666,0.862948551664505,0.9053310057741373
b,4,class_balanced,629,0.9103211507592669,0.9677763930057962,0.8978534435126575,0.9731814512512333,0.8320413436692506,0.8421052631578947,0.9809418712159623,0.9806192451156845,0.8682148040638606,0.8951440768409819
b,4,class_balanced,644,0.913717172348104,0.9675974519130092,0.8977908785148172,0.9785867237687366,0.8256721595836947,0.8705882352941177,0.9797279195070402,0.9812167379734947,0.8549483013293944,0.9052801289802499
b,4,class_balanced,659,0.9132528053233508,0.9681712985982988,0.8990260414478939,0.9779994655740625,0.8149435273675065,0.8705882352941177,0.9806734468668914,0.980586577601503,0.8675746160533179,0.9004037685060565
b,4,class_balanced,674,0.9148018958364456,0.9681727665541571,0.9010368136343978,0.9792523698801645,0.8256721595836947,0.8705882352941177,0.9802557941707583,0.980792786218759,0.864311463590483,0.9027404621171413
b,4,class_balanced,689,0.91591976776378,0.9680411422524021,0.9025398663205265,0.9783812756834018,0.8217734855136084,0.8837209302325582,0.9803277709782382,0.9806037853902706,0.8671830177854274,0.899448108762956
b,4,class_balanced,704,0.9163534684292166,0.968617670226941,0.9021498275443837,0.9785676013573853,0.820647419072616,0.8823529411764706,0.9807910617195436,0.9809089725224639,0.8699500356887937,0.901256247467243
b,4,class_balanced,719,0.9155989945080532,0.9686541837029793,0.9065849593801045,0.9785330948121646,0.827768014059754,0.8685714285714285,0.9804825480452614,0.9811419045634507,0.8693221523410203,0.9033738191632928
b,4,class_balanced,734,0.9140184256821663,0.9684848958855473,0.9067378633659583,0.97703922094166,0.8243478260869566,0.8636363636363636,0.9805030599572054,0.981362250084717,0.8688570626228588,0.9023831964454019
b,4,class_balanced,749,0.9128758064503985,0.9685931211572606,0.9031201957177614,0.9784802214483436,0.8278260869565217,0.8488372093023255,0.9799718588150765,0.9818390265509784,0.8663221120268194,0.9068541300527241
b,4,class_balanced,764,0.9180593004587335,0.9685450119701503,0.9092952176524661,0.9776710257094564,0.8369659982563208,0.8786127167630058,0.9800566385471763,0.9816552011673962,0.8668790691231473,0.9045744536446315
b,4,class_balanced,779,0.9153797433131207,0.9692341602180266,0.9062790754900417,0.9762603360896239,0.8356643356643356,0.8554913294797688,0.9809697914169264,0.9818712231714941,0.8755364806866953,0.9018647066829999
b,4,class_balanced,794,0.918281142707197,0.9704729268887957,0.9064917805479576,0.9763891354518018,0.8337730870712401,0.8654970760233918,0.9820637202060127,0.982202881934492,0.8834099456748851,0.9046321525885559
b,4,class_balanced,809,0.9189098651022588,0.9705035268877372,0.9074489559446304,0.9751376309714083,0.8387096774193549,0.8654970760233918,0.9825980171923203,0.9813932911754756,0.889321468298109,0.8997118946357525
b,4,class_balanced,824,0.9208249551034597,0.9711892316745014,0.9112338684873987,0.9750996898537883,0.8371278458844134,0.8735632183908046,0.9830929811162527,0.9817679845809241,0.8937647548951535,0.901358211002881
b,4,class_balanced,839,0.9131828006647558,0.9704289614388919,0.9091052095014582,0.9758222222222223,0.8366464995678479,0.8268156424581006,0.9824077681541643,0.9815065638674724,0.8886432716219951,0.9004376367614879
b,4,class_balanced,854,0.9221291958581163,0.9714405431078502,0.9125510580602892,0.9762982689747004,0.8398268398268398,0.8771929824561403,0.9830081812460667,0.9820702595642656,0.8934403542762247,0.9030674846625767
b,4,class_balanced,869,0.9199239931039777,0.9707274527710976,0.9116736235529268,0.9763849431818182,0.8413793103448276,0.8670520231213873,0.9825260760100707,0.9815446286800115,0.8893193137797454,0.9012616566099836
b,4,class_balanced,884,0.9192825303447589,0.9705554833635529,0.911894951298479,0.9754236536243457,0.839041095890411,0.8670520231213873,0.9824640287769785,0.9816449269702413,0.8887351231663437,0.9006168608636053
b,4,class_balanced,899,0.9189278753466176,0.9709682278250784,0.9117602418489774,0.9760553387726144,0.839041095890411,0.8604651162790697,0.9826303473930521,0.9820851994583898,0.889407885698585,0.9028101439342016
b,4,class_balanced,914,0.9225978235623385,0.971682596782285,0.9146373752733404,0.979522792022792,0.8369283865401208,0.8786127167630058,0.9826012678145933,0.982474414728783,0.8903654485049833,0.9076797385620915
b,4,quota,14,0.37223037654456037,0.7016475122181441,0.4911925592488374,0.07746540168857168,0.07233825776872134,0.03529012555140821,0.8059067998938898,0.8438223586648281,0.3891213389121339,0.38166835333236954
b,4,quota,29,0.5086994060687743,0.8253224417095039,0.6160491411877589,0.7797942627749436,0.1281720430107527,0.07891156462585033,0.9072626748320203,0.8851546789344646,0.4098282442748092,0.3717723740285786
b,4,quota,44,0.6077770505982205,0.8653177123755049,0.7183253140219404,0.916952884191986,0.1779184247538678,0.2602739726027397,0.9035256916996047,0.9345165404759966,0.4319414956357632,0.6293103448275862
b,4,quota,59,0.605318580609687,0.8596284212064863,0.6799473768050962,0.9202453987730062,0.1378026070763501,0.229607250755287,0.9071083027371142,0.8922752695144687,0.600971547536433,0.5492196878751501
b,4,quota,74,0.6049531601015934,0.843210961791682,0.7189950997062906,0.7925628140703518,0.22365765038352847,0.31130063965884863,0.9070065285977572,0.8747606479325156,0.5325762952448545,0.5928075448232978
b,4,quota,89,0.5755688628571638,0.8344631578111499,0.6931939602188322,0.8048101769032001,0.2511091393078971,0.2057877813504823,0.8921188732661679,0.8937363991505204,0.4060100166944908,0.5754096533273882
b,4,quota,104,0.5823941421227092,0.8435004134583199,0.6732857879117468,0.8804387568555758,0.16120644825793032,0.24820143884892087,0.886209827190028,0.915059394558692,0.3356932795991722,0.649949849548646
b,4,quota,119,0.5527927808627299,0.790740990700547,0.6787304263303907,0.8875858909757215,0.13171839515518546,0.20637329286798178,0.8118903378170244,0.8650743968796648,0.4079933388842631,0.558913813459268
b,4,quota,134,0.5309186702309311,0.7619990750519691,0.6507290462255826,0.8359451084550686,0.09027336300063572,0.23688663282571912,0.784988053923022,0.8353370695067786,0.4759156492785794,0.4570848146267141
b,4,quota,149,0.5676549513968044,0.8127112710225253,0.6790167847753773,0.8633659741923675,0.11809283233343859,0.23688663282571912,0.8495936969457218,0.8693903266453427,0.49041297935103245,0.5458422174840085
b,4,quota,164,0.5597290374728371,0.7869856340047486,0.678889696272319,0.8529194382852919,0.15032967032967032,0.22712933753943218,0.8159317308673035,0.8428451727027279,0.4588568194680249,0.5700910931174089
b,4,quota,179,0.5622897696506077,0.7887682794328058,0.6821632224327688,0.8317073170731707,0.11075805719473446,0.2175226586102719,0.8145980375279739,0.8416916602729534,0.4943904263275991,0.6253602305475504
b,4,quota,194,0.5434650774978786,0.7734160404814917,0.6622476129854039,0.8310403740670803,0.1328007988017973,0.21800947867298578,0.8037295551619961,0.8322336547778342,0.4807488179098717,0.5056928630935851
b,4,quota,209,0.5267097046270719,0.7685899694660232,0.6911326841600101,0.8622933520928596,0.12363636363636364,0.08764940239043825,0.7671905521406427,0.8734787931158637,0.4467330744555124,0.5259863945578231
b,4,quota,224,0.5816072809619833,0.8375258809066946,0.6896173423401983,0.8402167155164757,0.19036954087346025,0.2153392330383481,0.8745651333591032,0.9163193491227632,0.445423855963991,0.5890171388597412
b,4,quota,239,0.5805649080387018,0.8355879466269184,0.7264184799497143,0.8852962427745664,0.16716716716716717,0.09636963696369637,0.8498950604022409,0.9197221444746952,0.5368896536889654,0.6086144507995798
b,4,quota,254,0.6403814229375768,0.8272032965250414,0.7065029785676339,0.888731521642914,0.13157894736842105,0.5959183673469388,0.8564697354113809,0.8803607360178428,0.4788575253821265,0.6507531273934133
b,4,quota,269,0.5805042068345124,0.8044938743834591,0.7030303509776948,0.8463569165786695,0.12288659793814433,0.35555555555555557,0.8167696562083917,0.9062185550412558,0.45246016459464194,0.5632820019249278
b,4,quota,284,0.5286716984619135,0.7658433148502439,0.690716990261424,0.826296098343132,0.13125695216907676,0.027487821851078637,0.7350946415259014,0.9123153207852661,0.45860566448801743,0.609645390070922
b,4,quota,299,0.5846478215830457,0.8208784696179815,0.7160714017187109,0.845360824742268,0.18757921419518378,0.22322775263951736,0.8345230153435623,0.9178702196908055,0.4356040908302999,0.6483696336396827
b,4,quota,314,0.5859049704040088,0.8321999953945983,0.7362885292537277,0.8340783591901131,0.1693121693121693,0.15204678362573099,0.854553000747074,0.9073081977155565,0.5507551137449819,0.6332811684924361
b,4,quota,329,0.6026047976269714,0.8489572642947292,0.7280707501970094,0.8464347826086956,0.17718940936863545,0.1554192229038855,0.8762271414821944,0.9107565309306891,0.5197509903791737,0.732455505715526
b,4,quota,344,0.5910706603188809,0.8444656936579851,0.7189115978098694,0.8680447889750216,0.1797752808988764,0.13194444444444445,0.8727055518783398,0.9095376592117139,0.5167290461608257,0.6587578506629449
b,4,quota,359,0.5792551789391555,0.8248998544442188,0.7157845437711543,0.836745406824147,0.1788793103448276,0.14181818181818182,0.8536320925189737,0.8881674414028874,0.5209814262783765,0.6345623933866946
b,4,quota,374,0.578096071968359,0.8204087762211697,0.7104184916142995,0.8416729528120024,0.16745956232159848,0.1761904761904762,0.846701218191211,0.8891837436729078,0.500950931913275,0.6245136186770428
b,4,quota,389,0.6050424161265161,0.8519124424788933,0.7293364479904447,0.8444555945810336,0.20575692963752665,0.2206703910614525,0.8897028246057388,0.9140204930506239,0.5218925088192571,0.6387981711299804
b,4,quota,404,0.5900896094168784,0.8285438138202814,0.703756027479411,0.841973870350337,0.1693548387096774,0.20857142857142857,0.8635711490804747,0.8796670398675948,0.5326732673267327,0.6348156720119028
b,4,quota,419,0.6327592209780724,0.8765483155905169,0.7455867094464683,0.8396066463207867,0.3327149041434756,0.1878048780487805,0.916633167383036,0.9396905103504817,0.5721430357589398,0.6407214048410061
b,4,quota,434,0.6385112670822805,0.8755385912822529,0.7268695229196105,0.8475287404548124,0.3006535947712418,0.2774774774774775,0.9231578458825167,0.9266964709408327,0.5804627249357327,0.6136020151133501
b,4,quota,449,0.6345235242087771,0.869966988848895,0.7422077309136409,0.8463349024882313,0.36315086782376504,0.23384615384615384,0.9084956057211787,0.9399131825451222,0.5238254659078228,0.6260984911291659
b,4,quota,464,0.6417914403825308,0.8738618732808285,0.7411896879306001,0.8341946962636618,0.3973421926910299,0.2542372881355932,0.9211801376415764,0.9330923163093844,0.5672253707946461,0.5852680808418239
b,4,quota,479,0.6336761299997742,0.8666990222965467,0.7561088882877467,0.8475615095000438,0.43655413271245636,0.2136986301369863,0.9107586530197672,0.9324565146457168,0.5532977636508116,0.5414057063326374
b,4,quota,494,0.635724315788771,0.8744207329294864,0.7593747042931815,0.8605666352820337,0.40407470288624786,0.16396979503775622,0.9120846534421675,0.9402434712330151,0.5605247465712582,0.6086062060689182
b,4,quota,509,0.6631387711498647,0.8860361694447347,0.7715727691237095,0.8647479620695392,0.4369538077403246,0.25122349102773245,0.9250887756677474,0.9456870637387272,0.601580547112462,0.6166897506925207
b,4,quota,524,0.6652506845779297,0.885637922335607,0.7642932854344532,0.8521753737611288,0.4560099132589839,0.2756183745583039,0.9317967298967816,0.9385401051855993,0.6048322147651006,0.5977820806196092
b,4,quota,539,0.677075291216706,0.8864208778978325,0.7798781689253336,0.823646960865945,0.5013989927252378,0.31865828092243187,0.933793564868317,0.9410221456313177,0.5779716466739367,0.6430354468297553
b,4,quota,554,0.6766259444661602,0.8858549119552974,0.7700536813401955,0.8346747149564051,0.4795859689476711,0.33962264150943394,0.933552469894323,0.9388644076381503,0.6146428118259104,0.5954385964912281
b,4,quota,569,0.6942354596678675,0.8956327399197975,0.7823413581298013,0.868981519847518,0.4473835537665325,0.37628865979381443,0.9352969063020905,0.9461617195496418,0.6460427945346738,0.6394930638808015
b,4,quota,584,0.7305871107823242,0.9078863419219709,0.8020686813191923,0.8835805883832034,0.4903786468032278,0.4854368932038835,0.9451668470555954,0.95143142732655,0.6716165168685685,0.6864988558352403
b,4,quota,599,0.6765054525698425,0.8887402935856058,0.7583191001146021,0.8537158194933736,0.39170225747406956,0.351288056206089,0.9390076125836926,0.924205009323187,0.6408382738177306,0.6347811390907554
b,4,quota,614,0.7059649121641625,0.8943953170246364,0.7562358875222722,0.8579092966719759,0.41942294159042925,0.5102040816326531,0.9467651206161963,0.9262753230987126,0.6609960214021128,0.6201816001370567
b,4,quota,629,0.7468513613553968,0.8967426322792861,0.7729882709803231,0.8641399416909621,0.4465622872702519,0.7487684729064039,0.9443588844329912,0.9328301504483055,0.6682977079577647,0.623002084781098
b,4,quota,644,0.6892568261994211,0.8877757214897857,0.746936472783224,0.8388178913738019,0.42857142857142855,0.44642857142857145,0.9421116875190724,0.923943518376918,0.6526425139592261,0.5922821721669286
b,4,quota,659,0.7206389350793415,0.8885022256972577,0.7405033230639599,0.8329254364496655,0.45850451930977815,0.6428571428571429,0.9452615617892343,0.9210333223692534,0.643504123293227,0.6003864394870894
b,4,quota,674,0.6978724378794247,0.889028708386844,0.7634665209822387,0.8786014891550664,0.4740740740740741,0.4198895027624309,0.9405784934747767,0.916,0.6430340153786003,0.6129294903110243
b,4,quota,689,0.7255258362428317,0.8954813022073838,0.7712885640634782,0.8882695718267039,0.5057971014492754,0.5714285714285714,0.9381496565558325,0.942276031508827,0.6070830650354153,0.6256768558951965
b,4,quota,704,0.6822034444341625,0.8937138675413663,0.7602993459574056,0.9186602870813397,0.5109931766489765,0.25396825396825395,0.9320748407885338,0.9421052631578948,0.5856222893941385,0.632
b,4,quota,719,0.6958463745215528,0.9036378870082373,0.7675658132808573,0.926858616244091,0.4754521963824289,0.2626970227670753,0.9387521465369204,0.9433913934426229,0.6350697802957026,0.6887034659820283
b,4,quota,734,0.6916259883651187,0.9033220164768632,0.7634026152142291,0.9234572110467099,0.4859335038363171,0.24957841483979765,0.9402351946620775,0.9455351004506913,0.6298647529671543,0.6667777407530823
b,4,quota,749,0.7061109282934847,0.9031475651549744,0.7615966762998411,0.8986301369863013,0.47739602169981915,0.39487179487179486,0.9459271362866134,0.9447172581380043,0.6440990516332982,0.6371350984385608
b,4,quota,764,0.6850105395897328,0.8996094432406535,0.762141295977117,0.9244894456838854,0.488245931283906,0.23728813559322035,0.9388943656631531,0.9406093817388437,0.6256805205152038,0.6398659966499163
b,4,quota,779,0.6850087598156246,0.8966372910350597,0.7635558601171712,0.9151009046624913,0.49612403100775193,0.257001647446458,0.9344846948841303,0.9436537534566304,0.5826854658057715,0.6660108214461387
b,4,quota,794,0.6962639916839327,0.901901141981384,0.7752851653252912,0.9348672260185105,0.531933508311461,0.2391304347826087,0.9363714922454177,0.9444897959183673,0.596210301574593,0.6908451829365714
b,4,quota,809,0.7164239267764738,0.9069786732406793,0.7798438668762105,0.9286698828394211,0.5592654424040067,0.334841628959276,0.9430634004893225,0.9481988307079579,0.6129723934601984,0.6879559085751338
b,4,quota,824,0.719841671112533,0.9044474471301452,0.7773235894190108,0.9240889812169999,0.5411365564037319,0.38961038961038963,0.9406853997156771,0.9459473254389547,0.6001309757694826,0.6972920696324951
b,4,quota,839,0.7145083976523293,0.9033257720852883,0.7894383150438188,0.9354245159029178,0.6043866774979691,0.2974559686888454,0.9372682511701417,0.9463283293962255,0.5797438882421421,0.7009511526680638
b,4,quota,854,0.7008160256454413,0.904661464624031,0.7565945415351135,0.9365330520393812,0.4473420260782347,0.33043478260869563,0.9403128760529482,0.945433219440053,0.5878204258782043,0.7178357974205725
b,4,quota,869,0.6992725378186974,0.9102012395124012,0.7614738430057405,0.9419343452170844,0.4201005025125628,0.274582560296846,0.9396402758786495,0.9542043585526315,0.5830126443100605,0.7814330779630464
b,4,quota,884,0.702088774341639,0.9004697631002111,0.7643500961876555,0.9443762063519916,0.45267489711934156,0.30057803468208094,0.9306339395025233,0.937415601952841,0.5866013071895425,0.762341433593153
b,4,quota,899,0.6910837491865035,0.8981813785037579,0.7571736912966827,0.9357450473729544,0.45194274028629855,0.25370675453047775,0.9303441799454439,0.9364492791339197,0.5910863509749303,0.7383118920614998
b,4,quota,914,0.7018070429423707,0.9036917727201021,0.7571060244230435,0.9252552990646186,0.4169184290030212,0.3640552995391705,0.9377527720984374,0.9477762281109562,0.5831345587203592,0.7377567140600316
b,4,prototype,14,0.37223037654456037,0.7016475122181441,0.4911925592488374,0.07746540168857168,0.07233825776872134,0.03529012555140821,0.8059067998938898,0.8438223586648281,0.3891213389121339,0.38166835333236954
b,4,prototype,29,0.4763884600246855,0.7653944868730812,0.6203808172169137,0.7646228167967298,0.07331111784307785,0.10460992907801418,0.7975038784012272,0.8899813248379655,0.40621322664156273,0.2984769265742214
b,4,prototype,44,0.42942174607313294,0.7158622758717085,0.5827072323690337,0.8117852003332576,0.13615994484660462,0.12189616252821671,0.7318972046571434,0.8915675704959775,0.14454885781954313,0.1680972818311874
b,4,prototype,59,0.5205166138947864,0.788899614664609,0.6162916238138835,0.8310459062943681,0.12148481439820022,0.1611842105263158,0.7984972208879435,0.9300924167616154,0.2962962962962963,0.5050154320987654
b,4,prototype,74,0.6218219155874475,0.874541158631325,0.6814922041583101,0.870785610582352,0.17955112219451372,0.3717948717948718,0.9314023698188587,0.9287324977712518,0.5670878886837996,0.5033990482664854
b,4,prototype,89,0.6714554762426533,0.8802889252853616,0.6967996733200922,0.8759100469179745,0.24206111443978431,0.6069651741293532,0.9256261570709466,0.9481734519591098,0.5564932611160096,0.5449591280653951
b,4,prototype,104,0.7015505398410855,0.9061942772672327,0.7435346563068468,0.9218533247017479,0.3328550932568149,0.4460431654676259,0.9414159423519798,0.9545946802609683,0.5576923076923077,0.7563992651561543
b,4,prototype,119,0.7177971942371096,0.9162102811686132,0.7126648888869639,0.9165816089820915,0.2949117341640706,0.5170731707317073,0.9528224627083942,0.9582674675940562,0.6230665770006725,0.761857338478775
b,4,prototype,134,0.7804431782304365,0.9193255150351862,0.7625178496768051,0.9020381328073636,0.5938945420906568,0.6627218934911243,0.954290699909794,0.9594248366013072,0.6377880184331797,0.7529441242796292
b,4,prototype,149,0.7956886167903873,0.9309798089927206,0.7856547890156271,0.9457280057986772,0.5241605241605242,0.6744186046511628,0.9586138231316779,0.959478414463089,0.7181478715459299,0.7892730737816499
b,4,prototype,164,0.7946223255049452,0.9314089827333828,0.7721376753698148,0.9242878560719641,0.5678807947019867,0.6143790849673203,0.9583512874994428,0.9611378308171086,0.7132887899034892,0.8230306345733042
b,4,prototype,179,0.8249298062775912,0.9387796594293206,0.8175757109719822,0.9591818426482461,0.5797788309636651,0.7294117647058823,0.9580824041500209,0.9676414874017178,0.7158477912232104,0.8645645228503959
b,4,prototype,194,0.8289455179509725,0.9444749474866801,0.8118518066519487,0.9555435565154787,0.6067226890756302,0.6794871794871795,0.9645987308697275,0.9671561251491724,0.7668348954578227,0.8622754491017964
b,4,prototype,209,0.8579347020648671,0.9429711956628133,0.8323219899270018,0.9580104523337538,0.7005347593582888,0.8313253012048193,0.9629629629629629,0.9690231163055283,0.7159142726858185,0.8677720496028981
b,4,prototype,224,0.8635936858021699,0.9481469435845378,0.8388092940650231,0.9643943460368581,0.726457399103139,0.8,0.966598318029182,0.9719345484672742,0.7424378556454028,0.8733333333333333
b,4,prototype,239,0.8302297725752157,0.937662503062886,0.8155830682950225,0.9664225754599035,0.7265170407315046,0.6748466257668712,0.955843536096157,0.9736998629393054,0.645704162976085,0.8685746040566824
b,4,prototype,254,0.8386268014058256,0.9371963705081958,0.8179532792884082,0.967459324155194,0.7514546965918537,0.7261146496815286,0.9556591725817469,0.9747468206894766,0.6212818153940509,0.873671130746928
b,4,prototype,269,0.8536485750029393,0.9450409572380033,0.8346324704858131,0.9676496872207327,0.7563318777292577,0.7441860465116279,0.9640559857057772,0.9724997425069523,0.7143279172821271,0.8564887680641007
b,4,prototype,284,0.8646807963779592,0.9489113049300921,0.8431888698009161,0.9693978282329714,0.7682926829268293,0.7816091954022989,0.9676091783863805,0.9747678018575852,0.7254130605822188,0.8656758272574313
b,4,prototype,299,0.8555877876493538,0.9460284025192855,0.8321644160228495,0.9691851585661666,0.7571801566579635,0.7613636363636364,0.9657683689114283,0.9741514831327475,0.6956379140701869,0.8658277958433479
b,4,prototype,314,0.8572630854828928,0.9499272632432705,0.82872611798857,0.9719040801717967,0.7670504871567759,0.7125,0.9672915894775843,0.9755467094039187,0.7294483294483295,0.8771004027218442
b,4,prototype,329,0.8625288466635064,0.9498768373661853,0.8376802986792994,0.9717756341550554,0.7715555555555556,0.7529411764705882,0.9674007769456876,0.9766224341696039,0.7164082687338501,0.8809980806142035
b,4,prototype,344,0.8613346328489833,0.949357667799884,0.8434299009038771,0.9728761972965715,0.7902097902097902,0.7374301675977654,0.9661532105760151,0.9787189868161528,0.6953674905876576,0.8885865868589308
b,4,prototype,359,0.8662932781322581,0.950189559893763,0.8445672811785767,0.9716127876779798,0.7961335676625659,0.7558139534883721,0.9662874870734229,0.9793969588458146,0.7023540793292486,0.8924541128484025
b,4,prototype,374,0.860881599959548,0.9525938116436395,0.8515091378502995,0.972319269013706,0.7919227392449517,0.6881720430107527,0.9669523371010145,0.9808880810179175,0.7281894576012223,0.8977272727272727
b,4,prototype,389,0.841379428211012,0.9516872035236388,0.8545077534296468,0.9692335372436128,0.7954345917471466,0.5546218487394958,0.966698891946159,0.980039971967711,0.7338697434340368,0.8897574123989218
b,4,prototype,404,0.8749933728323948,0.9529341139597206,0.8532017129955773,0.9648885278454734,0.7964444444444444,0.788235294117647,0.9697625470607417,0.9784583441474176,0.7502722887817022,0.876892163429337
b,4,prototype,419,0.8836158995825676,0.9539525734008997,0.8604355010899274,0.9624332397936092,0.8096947935368043,0.8263473053892215,0.9703296703296703,0.9791731588241405,0.7598120927413244,0.8775210364632029
b,4,prototype,434,0.8831133131724017,0.9545452300218467,0.8581039967337442,0.9693317744401475,0.8149466192170819,0.8074534161490683,0.9693777341308811,0.9802059823073132,0.7523099850968703,0.8881676808654496
b,4,prototype,449,0.8830887361518921,0.9550831966302856,0.8618102422528017,0.9722921914357683,0.8156723063223509,0.8023952095808383,0.9698041955962593,0.9803371516143277,0.7518434913468773,0.8892766071668232
b,4,prototype,464,0.8852905724392068,0.9537006268092342,0.8644730076121151,0.9734831460674157,0.8106194690265487,0.8322981366459627,0.9692823608316566,0.977522816166884,0.7549882629107981,0.8788398154251813
b,4,prototype,479,0.8918085614928003,0.9555092465767305,0.8755998274745417,0.9740644350713452,0.8003502626970228,0.8690476190476191,0.970409971556641,0.9787123030366274,0.7637387053769812,0.8863366336633663
b,4,prototype,494,0.8832752988967414,0.9534753124101698,0.8665971461306713,0.9723320158102767,0.7944732297063903,0.8343558282208589,0.9689424324203433,0.9779829916001461,0.7547667937811675,0.8800738007380073
b,4,prototype,509,0.8828358663771126,0.953762343097988,0.8650720262403002,0.974713055954089,0.7819420783645656,0.8433734939759037,0.9690464525898543,0.9790504976809631,0.7449355432780848,0.8867899427963283
b,4,prototype,524,0.8805985976829179,0.9546025353690818,0.8627394227757629,0.9727248177153659,0.7962003454231433,0.8024691358024691,0.9697556615017878,0.978625795016161,0.7609756097560976,0.8834388185654009
b,4,prototype,539,0.8772372856622805,0.9557157961988605,0.8599590613483887,0.9751029912233566,0.7961672473867596,0.7664670658682635,0.9704047067213407,0.9791220836160551,0.7627118644067796,0.8906850404134093
b,4,prototype,554,0.8795144955164537,0.9547519040739774,0.8567086720994285,0.9751119068934646,0.8006962576153177,0.7870967741935484,0.9689966346010662,0.9795705377410181,0.7543262830942168,0.8908030744765438
b,4,prototype,569,0.8816579645234864,0.9559073184042309,0.8630252049411565,0.9762566078308396,0.8031088082901554,0.7875,0.9698197527186057,0.9798251337596242,0.7626493583124354,0.8924460907527451
b,4,prototype,584,0.8813631299287012,0.9562998539428766,0.8654295910272664,0.9769189479334407,0.7897435897435897,0.7926829268292683,0.9703925333809673,0.979378752283999,0.7685654637637936,0.8918596955658504
b,4,prototype,599,0.8800605562739651,0.9542876079031989,0.8598385402008388,0.976277862322084,0.8031774051191527,0.7924528301886793,0.9689633582779285,0.9783176593521421,0.7551855097867368,0.8860492688710315
b,4,prototype,614,0.8882427651733543,0.9570024040999778,0.8680630914636854,0.9766359323247695,0.8098591549295775,0.8192771084337349,0.9706708685763553,0.9805974425085293,0.7642642642642643,0.8963945851762498
b,4,prototype,629,0.8929410016374894,0.9583926102448109,0.8708112149556896,0.9788788877996614,0.8210890233362144,0.8292682926829268,0.9715269736646774,0.9813764760963429,0.767211112807205,0.9012362450753973
b,4,prototype,644,0.8973123736214512,0.9586991283915557,0.8812013666062201,0.978746204679407,0.8097306689834927,0.8606060606060606,0.9710889433128248,0.9813198551442045,0.7767548906789413,0.9029399919452276
b,4,prototype,659,0.8974608321775595,0.9593863662411398,0.8791391692894136,0.9784159828754906,0.8108581436077058,0.8571428571428571,0.972148205486997,0.9814472691316906,0.7782738095238095,0.9039395574743659
b,4,prototype,674,0.8973054768994384,0.9604944200977373,0.87894650622589,0.979239062639223,0.8059440559440559,0.8502994011976048,0.9739182156133829,0.9803993214145896,0.7941794179417941,0.8971588635454182
b,4,prototype,689,0.8970385078525988,0.9596315334008095,0.8790303247513895,0.9785752544188537,0.8155844155844156,0.8502994011976048,0.9735317707869174,0.9798636684165165,0.7854214123006834,0.8959936322631998
b,4,prototype,704,0.9022367678416429,0.9612033121315613,0.8846785494950178,0.979239062639223,0.8164665523156089,0.8690476190476191,0.9743551646261738,0.9808399155392196,0.7945954152117808,0.9011136455118745
b,4,prototype,719,0.8973004249912356,0.9615713907810559,0.8775471259759318,0.9796827659953663,0.7948936170212766,0.8502994011976048,0.9741710555596765,0.9823137744486059,0.7920333487725799,0.9077090119435396
b,4,prototype,734,0.8989420350091105,0.9618808588335491,0.8785321779418294,0.9800959658787987,0.797971259509721,0.8554216867469879,0.974458617620884,0.9821084932646799,0.7956091527520099,0.906929069290693
b,4,prototype,749,0.8954210392453188,0.962477314335228,0.8732893658965579,0.9796063763469588,0.7849829351535836,0.8322981366459627,0.9746560893721959,0.9822990420658059,0.8034629404617254,0.9106417546709992
b,4,prototype,764,0.9031184537225216,0.9629021487575022,0.8828250007516052,0.978791659240777,0.8031496062992126,0.8690476190476191,0.9750096573856714,0.9828488145121411,0.8026594137201571,0.9103224058520726
b,4,prototype,779,0.9053490773417028,0.9648055058366597,0.8854293218067371,0.9808837912332178,0.8044982698961938,0.8622754491017964,0.9764926149365508,0.9829211142931529,0.8178247734138973,0.9125475285171103
b,4,prototype,794,0.909353185010624,0.965461228571487,0.8907654107324283,0.9796136383868957,0.8069264069264069,0.8809523809523809,0.9772490706319703,0.9825987287694071,0.8278860569715143,0.9102460124357935
b,4,prototype,809,0.9066803799493063,0.9655102888271622,0.8874150369198167,0.980890587503333,0.8038528896672504,0.863905325443787,0.9769329092476442,0.9831462137591498,0.8242369568485942,0.9137977771753862
b,4,prototype,824,0.908772545902691,0.9653790219905736,0.8887415877539101,0.9801971405736614,0.8101045296167247,0.8757396449704142,0.977269015485576,0.9825219452475841,0.8235473075752966,0.9120282378495791
b,4,prototype,839,0.915541227436853,0.9665379745168409,0.8972712503714506,0.9812327670550565,0.8222996515679443,0.9005847953216374,0.9780505565380214,0.9827886993881005,0.832226916113458,0.9116052060737527
b,4,prototype,854,0.9093141440492409,0.9661015352368179,0.8885211137381963,0.9811555555555556,0.8294372294372294,0.8554216867469879,0.9778966131907308,0.9825173914176285,0.8284760170006071,0.910294514995947
b,4,prototype,869,0.9127054001220364,0.965967750634307,0.8941144106822465,0.9799768621518199,0.82842287694974,0.8823529411764706,0.9778266229040737,0.9826234206070079,0.8269990878686531,0.9107359891964889
b,4,prototype,884,0.9146371599888006,0.9677828859023079,0.8992218525709276,0.9812160598237336,0.8302872062663186,0.8735632183908046,0.9791025240581263,0.9829493687361708,0.8437125748502994,0.9116291677961507
b,4,prototype,899,0.9127231072050118,0.9678492588694875,0.8954377995362416,0.9801865837405598,0.8236316246741964,0.863905325443787,0.9793688597796963,0.9824872302720734,0.8482779097387173,0.9112042167860521
b,4,prototype,914,0.9197223009051018,0.9689349078087088,0.9013265919140409,0.9817696754112939,0.8328958880139983,0.8941176470588236,0.9801255541340632,0.982702026780597,0.8531426869228478,0.9133026280140883
