track,seed,strategy,n_labels,macro_f1,weighted_f1,balanced_acc,f1_agn,f1_cep,f1_cv,f1_ea,f1_ew,f1_lpv,f1_rr,f1_sn,f1_yso
a,0,random,18,0.3036953078422193,0.4252805490964926,0.3723899900565813,0.5958878871993908,0.005401512423478574,0.3084546299163828,0.2053858104609011,0.6135260816821674,0.3997252554703598,0.17904290429042904,0.34325996259531005,0.08257372654155495
a,0,random,33,0.3387871053844006,0.5365542300356971,0.34838674052099594,0.10900669395006504,0.004041478330231322,0.5594966380852507,0.34148257241040747,0.7340953659700016,0.7906176759658274,0.07524192671523323,0.378932384341637,0.05616921269095182
a,0,random,48,0.44432336661856797,0.6882820462631303,0.44482928444331193,0.7793745759575649,0.02665206279664111,0.5572737004876889,0.30942770251589713,0.7330043665021833,0.8490838004616327,0.18744906275468623,0.3323817292006525,0.22426329889016455
a,0,random,63,0.5178127356604754,0.7511207678970306,0.5084389919772263,0.8726931976822015,0.039546191247974066,0.49401982731052124,0.4874062277356356,0.7599499374217772,0.89414406257922,0.33485342019543973,0.3700294550810015,0.40767230169050717
a,0,random,78,0.5785442224175721,0.7697532224320326,0.5893683930898173,0.8989214053453882,0.03646370829033368,0.5958023019634394,0.4864142538975501,0.7343531487338368,0.8939260042090686,0.4460690824327188,0.6764705882352942,0.43847750865051904
a,0,random,93,0.6197588525481934,0.8093880120260153,0.619947335707556,0.89637347225005,0.031869413136416634,0.7846421579290842,0.5598575878949711,0.7792158112846669,0.9203219498885908,0.46721802708857724,0.719463904964971,0.4188673484964128
a,0,random,108,0.6384526736349615,0.8225357766822492,0.6333383642676396,0.90654861734077,0.029636281993713515,0.7913937263673644,0.5935871591038758,0.7848614354319954,0.9291193673584665,0.5443484608833191,0.7137488255559036,0.4528301886792453
a,0,random,123,0.6337264424812006,0.8364857206291911,0.6139703904560664,0.9198234065197682,0.03980099502487562,0.8135628050346776,0.6708049976277084,0.8219597000544594,0.931969466753491,0.43506397999705837,0.6347736625514403,0.4357789687673258
a,0,random,138,0.6428402512398652,0.8389791142300678,0.6260380655298111,0.9204999608181177,0.038903625110521665,0.8164667281861991,0.6472071774093522,0.8342333980254831,0.9320632054176072,0.5393343419062028,0.6333155934007451,0.4235382308845577
a,0,random,153,0.6658319891477608,0.8483808591746962,0.6460235019881312,0.9203292924926813,0.029743127534925643,0.8397324485174067,0.7012264797745106,0.8371019843101062,0.9295636074166167,0.5289825141126256,0.790224032586558,0.4155844155844156
a,0,random,168,0.6751107144157671,0.8559885116841717,0.6536104004316613,0.9323934762863799,0.03383458646616541,0.8447211360362215,0.7089560752994866,0.8461178983910809,0.9330244163250757,0.6124070751089464,0.7646193453475543,0.399922420480993
a,0,random,183,0.6933306904566591,0.8658854436479542,0.6819250163211419,0.9338050718478841,0.04170444242973708,0.8462480857580398,0.6975463794135248,0.8548888986282158,0.9460787869994196,0.6090030638699033,0.7434161023325809,0.5672853828306265
a,0,random,198,0.692385554676585,0.864785354485227,0.6816223202815064,0.9350298210735587,0.04461942257217848,0.8458627390815179,0.7018001978239367,0.8537393326459426,0.942986785976289,0.6134177809054656,0.7459499263622975,0.5480639856480789
a,0,random,213,0.68988346860649,0.8632939462168929,0.678957494610668,0.9308562648414583,0.038679245283018866,0.8433710691823899,0.6986050219210841,0.857256250826829,0.9417883359969662,0.6036918869644485,0.7459172047094569,0.5487859377327573
a,0,random,228,0.692451069691129,0.864027165481584,0.6841579245461396,0.9321259779975376,0.05848563968668407,0.8448422421121056,0.6892637172416569,0.8527761402589463,0.9459233702560378,0.6140605789650162,0.7450085567598402,0.549573403942336
a,0,random,243,0.6888424234260293,0.8616830992067639,0.6809831691278384,0.9304604110243747,0.051830985915492955,0.8451916341439007,0.686178201745484,0.8520854704585634,0.9430989889489771,0.6217179902755268,0.7429764616552772,0.5260416666666666
a,0,random,258,0.6909960460694716,0.8610566692976539,0.6839663707048227,0.9330578019750829,0.05070118662351672,0.8455541300700681,0.6835890927272028,0.8393419041625461,0.9439197220029578,0.6423884514435696,0.7484615384615385,0.5319505871587616
a,0,random,273,0.6894104322378879,0.8598561008610066,0.6836921404789547,0.9300457347385166,0.044372294372294376,0.8449724141358914,0.6743404137494561,0.8434450949086394,0.9433096291996227,0.6331354560172693,0.7584641573671269,0.532608695652174
a,0,random,288,0.7095271790119241,0.8656216093341241,0.7140845897409499,0.9278774215430042,0.11869995289684408,0.8512413722056248,0.6812762384550798,0.8593537818205332,0.9433794187959604,0.6798750942177237,0.8074659492180931,0.5165753819544537
a,0,random,303,0.7160329838376918,0.8693655378186789,0.7211933712476237,0.9325867238537757,0.12432432432432433,0.8527139820623153,0.6855389088559545,0.8539493293591655,0.9484739087627174,0.684594447468699,0.8127503337783711,0.549364896073903
a,0,random,318,0.7236619992323247,0.8762595855357926,0.7230191185667312,0.9566713713965314,0.12906356137797187,0.8524115090043469,0.6823643646073553,0.8523650053625758,0.9531503311076306,0.6881767955801105,0.8119211988550261,0.5868338557993731
a,0,random,333,0.7188836771071784,0.8751815436924463,0.7122926369980114,0.9564141716759765,0.13524185587364265,0.8526851217842121,0.6767859294060956,0.8506626227994989,0.9546026699988056,0.695554809091927,0.7557150954090308,0.5922908179254153
a,0,random,348,0.7242020664818751,0.8784219622821948,0.7182452099438714,0.9602710551790901,0.1463687150837989,0.8670161133760435,0.6860432121285824,0.8534548546758826,0.9541769053075274,0.6889408620113598,0.7628443782576322,0.5987025023169601
a,0,random,363,0.729663337831122,0.8794972391272458,0.7201548098980611,0.9561900358340076,0.15156897572528122,0.8814263625821415,0.6845046294407962,0.8536749538595158,0.9541140986500901,0.7055972302365839,0.7790220231429638,0.6008717310087173
a,0,random,378,0.7316608063955043,0.8794555419294713,0.7201992420330607,0.9540943648076142,0.1501466275659824,0.8804132670303674,0.692859394703657,0.8461521667940182,0.9546985734008283,0.7235841081994928,0.7820728291316527,0.600925925925926
a,0,random,393,0.7347142052911616,0.8806411762278599,0.7227518350538303,0.9530242911061647,0.16723549488054607,0.8841545893719807,0.6946093564473996,0.846294442752078,0.9563920846755637,0.7348791559317875,0.7816135084427768,0.5942249240121581
a,0,random,408,0.7389198194157189,0.8870493094355268,0.7241280730309438,0.9564799692573734,0.1595166163141994,0.8830243197688418,0.7257052688296194,0.8600302518797817,0.9579641116526363,0.7377090092338408,0.7801659125188537,0.5896829152863228
a,0,random,423,0.7442844693077383,0.8886454001471014,0.7323874539233708,0.9542782495101241,0.16706730769230768,0.882350149494566,0.726790450928382,0.8599609845911054,0.9598711731388591,0.7649588401523528,0.7762660619803476,0.6070170062815995
a,0,random,438,0.755612372658772,0.8946781112212241,0.7432456358991635,0.9565939691309135,0.17498459642637093,0.8865673072315139,0.7466484372032965,0.8669656863828189,0.9610668244955333,0.7817904374364191,0.7810805758085624,0.6448135198135199
a,0,random,453,0.7550062162432682,0.8948172979264238,0.7420043183721875,0.9589336620694969,0.17358008934269303,0.888952736675765,0.7449861095254405,0.8650424429500606,0.9614227390133034,0.7836048879837068,0.7775897725136304,0.6409435061153174
a,0,random,468,0.758944849172665,0.8978414733529736,0.7486108431652511,0.9582434514637904,0.17012987012987013,0.8903794557301649,0.758594635436343,0.8697351184528964,0.9624865626274234,0.7981753174701023,0.77836016473231,0.6443990665110851
a,0,random,483,0.7597620299582465,0.8979690509562448,0.7480155089621582,0.9571093058175798,0.17131732641142117,0.8882612026043661,0.7624189255051925,0.8699826643552474,0.9621656700505261,0.808258844265391,0.7739868049010368,0.644357525713458
a,0,random,498,0.7573597949384037,0.8985896287565054,0.7469391004719469,0.9584965365543057,0.15446071904127828,0.8892297368547188,0.7644221639892143,0.87261554784377,0.9624551880019638,0.7973487173192586,0.7734848484848484,0.6437246963562753
a,0,random,513,0.7578063027323159,0.8987103964128715,0.7474223154086156,0.9591518072289157,0.1594296824368114,0.8883783266322037,0.7628505117376251,0.8737095740212658,0.9625236312414279,0.7880268784361637,0.7741203178206584,0.6520659950357717
a,0,random,528,0.7577825440576004,0.8986110941703082,0.7467848795768247,0.9558846153846153,0.15885416666666666,0.8882614729386993,0.7656089291836502,0.8741920540027796,0.9629622758767821,0.7899262899262899,0.7751322751322751,0.6492208174066451
a,0,random,543,0.7571173084293911,0.898804242486126,0.7465402997852757,0.9569730647526433,0.15782664941785252,0.8868778280542986,0.7691604100766035,0.8748154514003658,0.9626009625638695,0.7926108374384236,0.7727444318610797,0.6404461402993836
a,0,random,558,0.7577767487294762,0.8990334739743331,0.7454938091367772,0.9580799011373071,0.15163398692810456,0.8865792610250298,0.7674303358365417,0.8745770160404307,0.9624270495599815,0.7997982854261221,0.7733785822021116,0.6460863204096562
a,0,random,573,0.7566169099151726,0.8985040038337718,0.7461713495385783,0.9541838453051507,0.15942028985507245,0.8904593639575972,0.7652140672782874,0.8756383166050361,0.9634986480980777,0.800894298844864,0.7749763033175355,0.6252670559749324
a,0,random,588,0.7615219502078427,0.9007298128932593,0.7454534018030272,0.9623031835421216,0.1685082872928177,0.8927458407249365,0.7635499566250519,0.8728722115786924,0.9641949898944948,0.8067805251083354,0.7714612743227776,0.6512812827813577
a,0,random,603,0.757288879600867,0.8998498446493689,0.7434340403712419,0.9618156724428769,0.1411764705882353,0.8940915234601274,0.7638448770182587,0.8717790055248619,0.9635308168763714,0.8058470764617691,0.7729174591099277,0.6405970149253731
a,0,random,618,0.7585479467204377,0.8995257014660115,0.7458817395422702,0.9625783211021479,0.15300546448087432,0.8935227546352035,0.7613439033597584,0.871223037531313,0.9629361946591056,0.8029251363411006,0.774795355035218,0.6446013533392174
a,0,random,633,0.7579311844048592,0.9001663647598797,0.7445444427391776,0.9638701775872627,0.14468085106382977,0.8902531886541024,0.7665562913907285,0.8707812708435235,0.9633344767166974,0.8128460686600222,0.7600775193798449,0.6489808153477218
a,0,random,648,0.7581957340738524,0.8999198628313944,0.7444235763198335,0.9629318090577147,0.148830616583983,0.8918210832182156,0.7662323031281686,0.8705427562151474,0.9631299218076077,0.8151623657241635,0.7633558341369334,0.6417549167927383
a,0,random,663,0.7765574172050651,0.9017476415921688,0.7600654230715489,0.9644412887873961,0.3050216986980781,0.8938040414656284,0.7663643983845158,0.8703720067155607,0.96354243815731,0.8140315959696479,0.7626038246088468,0.6488354620586025
a,0,random,678,0.7793108331423544,0.9040569126158452,0.7633979010064704,0.9657918413445893,0.3050847457627119,0.8951798010711554,0.7764304660856385,0.8752942221432696,0.9634486271241376,0.8192741236219497,0.7656370656370657,0.6476566054906719
a,0,random,693,0.7784540373180064,0.9038069835636006,0.7621372180764426,0.9647302110060123,0.302915082382763,0.8941604093930843,0.7799727520435967,0.8754742096505823,0.963028837691873,0.8189837246862964,0.7650210486031381,0.6418000604047116
a,0,random,708,0.7794996861176838,0.9040960716535732,0.7648565702596445,0.9648456967605904,0.3098942128189172,0.8972910883507227,0.7776764683534686,0.875024959510128,0.9637612001148967,0.8115728821870786,0.7695536054940862,0.6458770614692654
a,0,random,723,0.7794081875300606,0.9046554928559329,0.764402418119824,0.9645607447990499,0.30497794580970383,0.8976016085020825,0.7792979027287078,0.877332558607281,0.9640492921886139,0.8111734569407173,0.7725190839694657,0.643161094224924
a,0,random,738,0.7810322114277709,0.9046775467161684,0.7655635027086887,0.9647975137644599,0.3163771712158809,0.8990377710756857,0.7814490594151611,0.8754333773234616,0.9636510126781563,0.8172203558541744,0.7748770336738555,0.6364466078491026
a,0,random,753,0.7781548997069947,0.9033136971584931,0.762212690976043,0.9630922023889411,0.30527638190954776,0.8948627188366975,0.7824041226334068,0.8766278732101771,0.961822306588268,0.819156896981791,0.770313986679353,0.6298376081347701
a,0,random,768,0.7792732740804191,0.9042136442224863,0.7615711144130591,0.9635869357123713,0.2971506105834464,0.8973453017570665,0.7802469135802469,0.8757180389188226,0.9633116792853238,0.8198029679511161,0.7711945132406173,0.6451025056947608
a,0,random,783,0.7797789851566002,0.9049214911473643,0.763142356359697,0.9616511267255078,0.30191256830601093,0.8930003381479156,0.7862533293873927,0.8780389523169913,0.9643819382077088,0.8311819792457605,0.7636097917427841,0.6379808423293295
a,0,random,798,0.7823813193202851,0.9060859441199538,0.7673696426517128,0.9629828326180258,0.298989898989899,0.895353339787028,0.7856004152300449,0.877577002970673,0.9653370396108408,0.8312778130959949,0.7795947387131177,0.644718792866941
a,0,random,813,0.7818842021223248,0.9057601773343346,0.765971984181725,0.9630126999961631,0.30567081604426005,0.894627600521311,0.7838150289017342,0.8782847081373838,0.9652682637834635,0.8303855452347627,0.7752989469926825,0.6405942094891618
a,0,random,828,0.7838473866787798,0.9061393459879826,0.768533222270182,0.9622970615859385,0.3088235294117647,0.8948998354785638,0.7849752586594692,0.8796337452217975,0.9647623192969134,0.8357524828113063,0.7791421961203061,0.644340051522958
a,0,random,843,0.7848010709484244,0.9074086306615229,0.7687634507323922,0.9634723312965694,0.3122017723244717,0.896375307688595,0.7854617344029198,0.8816001768151177,0.9661895680189605,0.8332067830928879,0.7750492919878115,0.6496526729084868
a,0,random,858,0.7844789627539748,0.9081767682055706,0.7676749824784306,0.9650615600330369,0.30416666666666664,0.8951211256709056,0.7858701376871567,0.8826332705308656,0.9670886544170003,0.8305300713557594,0.7759113652609007,0.6539278131634819
a,0,random,873,0.7823967181938056,0.9074563319231234,0.7646411347574535,0.9649227224728809,0.2938322938322938,0.8940234431527664,0.7840900506156985,0.8811485367200442,0.966931755132236,0.8345156713530246,0.76928609962237,0.6528198908429351
a,0,random,888,0.7831310769965927,0.9068642191574672,0.7660505603684132,0.9649102578884661,0.30503795721187027,0.8949146000192995,0.7824897400820794,0.8807444398002507,0.9658550134246829,0.8358247757701807,0.7723165883628479,0.6460863204096562
a,0,random,903,0.7838699887578487,0.9067841837435091,0.7664521702038145,0.9641256467963145,0.31163434903047094,0.8963110184691454,0.7799554223349473,0.8810320323603367,0.9661294349357819,0.8390104908690584,0.7754662840746055,0.6411652199499779
a,0,random,918,0.7843609508555677,0.9071017719679185,0.7659850819238205,0.9643097384251696,0.31237042156185213,0.8973811833171678,0.783735101368183,0.8825263709624582,0.9652288935961594,0.8403006725570354,0.778372591006424,0.6350235849056604
a,0,uncertainty,18,0.3036953078422193,0.4252805490964926,0.3723899900565813,0.5958878871993908,0.005401512423478574,0.3084546299163828,0.2053858104609011,0.6135260816821674,0.3997252554703598,0.17904290429042904,0.34325996259531005,0.08257372654155495
a,0,uncertainty,33,0.3218050777390426,0.5186421562585577,0.3734557188113765,0.46458304134548,0.0059216809933142316,0.3218038012041081,0.4028590794257194,0.21477137820628125,0.8034987754286,0.19026921541668515,0.27021371992228366,0.2223250077089115
a,0,uncertainty,48,0.38515244517698277,0.6036136072679801,0.4106340047687729,0.8208524643452115,0.02029664324746292,0.3902547065337763,0.3801712306385204,0.19965537908300868,0.8422974567439777,0.23523726684063012,0.4236540158870256,0.1539528432732316
a,0,uncertainty,63,0.40227126998039486,0.6522807971775851,0.4426211271948637,0.9269963018764553,0.031992687385740404,0.6921553693830922,0.38581560283687943,0.1813393237538247,0.8794511299460801,0.2457036236865364,0.14238707747532156,0.1346003134796238
a,0,uncertainty,78,0.4650353440506175,0.7409753120744901,0.4692644697974751,0.9338024498305968,0.03832576903681291,0.7022020789201439,0.45363452579766195,0.7098861593768724,0.8701028077071215,0.14482758620689656,0.1733835894462163,0.15915313013323598
a,0,uncertainty,93,0.5195815721458293,0.7807578461270842,0.5171902306338318,0.8990783080880251,0.05861546235472461,0.7384215264579373,0.5829286297058938,0.757875495074642,0.9105727212962604,0.18651459241865145,0.21049723756906077,0.3317301763472685
a,0,uncertainty,108,0.5451161639705809,0.7926645947586828,0.5459905188880602,0.9130803391199032,0.12207916070577014,0.709295970586774,0.6028130255312644,0.7868279116804315,0.9119276321924834,0.36882584173645533,0.1877575044143614,0.30343808976778536
a,0,uncertainty,123,0.578615490726175,0.8022312789579394,0.5787894045278033,0.8993790598214126,0.2033898305084746,0.7350563709848968,0.612385584619509,0.7907717800012746,0.9198167017923781,0.46616075576893296,0.2278697886921759,0.35270954434652163
a,0,uncertainty,138,0.595860749356451,0.8158640194911497,0.5902638315258075,0.8981181763318155,0.22171428571428572,0.7886672151378034,0.6308055428658443,0.7913804945054945,0.9356135100470286,0.5372913897504061,0.20397428404441847,0.3551818458109614
a,0,uncertainty,153,0.6218972882904353,0.824813568088795,0.6084016840603569,0.8928469241773963,0.28970099667774085,0.8124811576725958,0.6343471810089021,0.7910733725234051,0.945511996878242,0.5502296211251435,0.2420937840785169,0.4387905604719764
a,0,uncertainty,168,0.6496820133473339,0.8373747240762983,0.6479668260792967,0.8996094814276633,0.28864656831302116,0.8658316728342348,0.640317100792752,0.7964605714795168,0.9476293594711648,0.6448048048048048,0.2337363270005757,0.5301022340022719
a,0,uncertainty,183,0.6630828730382028,0.8518501932822243,0.657730241733399,0.9226606787896635,0.28938906752411575,0.8541832669322709,0.6551007763239421,0.8032573582196698,0.9630515658111608,0.6853306308588801,0.1729123635290646,0.6218601493550577
a,0,uncertainty,198,0.6583985972752044,0.8563196595411723,0.649283355512651,0.9354954005906808,0.30526315789473685,0.8521464117948002,0.6736631684157921,0.8120236129645128,0.9667311340052813,0.6365670659470843,0.1503030303030303,0.5933943935609215
a,0,uncertainty,213,0.6486610195428751,0.8520210030131132,0.6397503260430343,0.9561373159574059,0.29506008010680906,0.8134819145049325,0.6436109634803735,0.8038547266290809,0.9675952245594087,0.5498111733298606,0.22971346014928967,0.5786843171687154
a,0,uncertainty,228,0.6637062414237345,0.8580712303261439,0.6601531510166472,0.9545533025111747,0.29733333333333334,0.7999067816359823,0.6689283870491924,0.81094098672146,0.9692818635983027,0.576187875477881,0.25766076823478634,0.638562874251497
a,0,uncertainty,243,0.6910206177790372,0.8703816211900425,0.6753633493319804,0.9517249253134931,0.3113685734974656,0.8207118515713745,0.699430515494416,0.8339073777504772,0.9706474039280267,0.6446700507614214,0.34145325838017904,0.6452716033144811
a,0,uncertainty,258,0.7314823756334673,0.879252538164662,0.7203098891750651,0.953698614559445,0.29750778816199375,0.8673419694165774,0.6934075570976475,0.8314433651418546,0.9676108770006991,0.6374325632867617,0.6626896199079598,0.672209026128266
a,0,uncertainty,273,0.732475825879299,0.8818885587542254,0.7174103209271249,0.9560865661948694,0.2973372781065089,0.8604594449592743,0.6852394143252869,0.8375654808238487,0.9729324716680715,0.6504042375243937,0.6360532604984637,0.6962042788129744
a,0,uncertainty,288,0.7230255429227233,0.8817427447378344,0.7074476221463115,0.9541976013706454,0.2737169517884914,0.8431995379728559,0.7098382952999849,0.8431867728636491,0.9717181195458384,0.6922331441229406,0.5294748124330118,0.6896646509070918
a,0,uncertainty,303,0.7332904147842624,0.8810089216949191,0.714315894672266,0.9550610903148574,0.3769338959212377,0.8355336331544079,0.7061503416856492,0.8353847166458237,0.9729030807285811,0.6836150300321274,0.5377506538796861,0.6962812906959919
a,0,uncertainty,318,0.7433244455663148,0.88326353874927,0.7304369690548005,0.9569303054032889,0.3951367781155015,0.8498985801217038,0.702068358515476,0.8353571192454327,0.9723136350425187,0.697232317584568,0.5876162076828626,0.6933667083854819
a,0,uncertainty,333,0.7235802867527835,0.8810854549052496,0.712211728794278,0.9641520355006753,0.376984126984127,0.8165720013364517,0.7088353413654619,0.8426936503026822,0.972816603055216,0.7382690302398331,0.4184331797235023,0.6734666122671019
a,0,uncertainty,348,0.7486175482344168,0.889467449865981,0.7325273896815004,0.9656011588604538,0.42857142857142855,0.8695533022745958,0.7189237668161435,0.839542387797008,0.9745785638987621,0.7618419316532524,0.4947560419516644,0.6841893522864423
a,0,uncertainty,363,0.7486062010935305,0.8883739978724672,0.7393711473456999,0.9608855800900392,0.4260355029585799,0.8730542748893048,0.7199970923893291,0.8402759114933261,0.9727921122430808,0.7616810232315322,0.5071967100753941,0.6755376024711892
a,0,uncertainty,378,0.7528117865713218,0.8911448823640932,0.7415319745736778,0.966988775012201,0.4652605459057072,0.8677248677248677,0.727344365642238,0.8415179077732665,0.9751454355608592,0.7681178142358869,0.470311027332705,0.6928953399541635
a,0,uncertainty,393,0.7624280445435865,0.892689644020347,0.7484240010294577,0.9666647115177821,0.5060548119821542,0.8597907873004221,0.7328265667145409,0.8381013558466586,0.9769835729908325,0.7789473684210526,0.50084388185654,0.7016393442622951
a,0,uncertainty,408,0.7671043349298072,0.8932568474049034,0.7543007614055274,0.9665911999212521,0.548469387755102,0.8636050832683397,0.741657037993611,0.8360659571979885,0.9763999181715051,0.7797776601376389,0.5098537825810553,0.6815189873417722
a,0,uncertainty,423,0.7586137649356276,0.8874065809268818,0.7489605146167446,0.9644323385441339,0.5827564505978603,0.8584375566431032,0.7355296502787633,0.8305669679539852,0.9724840859452295,0.7628920786815524,0.48340203948795835,0.6370227162880618
a,0,uncertainty,438,0.7770127591932032,0.8927164352239071,0.7698019343751488,0.9669769720725134,0.6376146788990825,0.863761720904578,0.7413994369292042,0.8338088778708078,0.9745043549620456,0.7717788210745957,0.5437525437525438,0.6595174262734584
a,0,uncertainty,453,0.7592835953179107,0.890682098152482,0.7449551993077566,0.9696132058943762,0.6344206974128234,0.8582891276244818,0.7372098654398285,0.8438532110091743,0.9749475548925458,0.7468714448236633,0.39769175282519836,0.6706554979391038
a,0,uncertainty,468,0.7520281749601078,0.8883837276030687,0.7354129784473266,0.9673606656169204,0.632112676056338,0.8582621082621082,0.7320994182971973,0.8448083031360444,0.974844119544184,0.7095576863594185,0.3798828125,0.6693257848687596
a,0,uncertainty,483,0.7578844331496757,0.8907416617228345,0.7375755838774142,0.9672758681612061,0.6186440677966102,0.860818503742884,0.7344426073803074,0.8472378046044069,0.9756047636769631,0.7211047733413389,0.4192553948304482,0.6765761148129165
a,0,uncertainty,498,0.7463661402387758,0.8866834975036314,0.7268907434320924,0.9654493164716542,0.594392523364486,0.8588056227057033,0.7267299285638128,0.8447384834714425,0.9739960194192816,0.6960167714884696,0.39058371366802785,0.666582882996104
a,0,uncertainty,513,0.7379899001697634,0.8822374086151532,0.7162038193840368,0.9625057065163455,0.6056511056511057,0.856746847894125,0.7156935466779697,0.8440035273368607,0.9722232530522879,0.6226196390130816,0.3882466281310212,0.6742188472550729
a,0,uncertainty,528,0.7286727324125377,0.8831197219637813,0.7093176876713246,0.9653159814650498,0.5930599369085173,0.8561231318313629,0.743993314297653,0.8559598273279887,0.968613384149759,0.5684360021303035,0.361885954085411,0.6446670595167944
a,0,uncertainty,543,0.7397177582985832,0.8873106916810699,0.7190298448162304,0.9647551012353475,0.5950617283950618,0.8570914326853851,0.745328278592277,0.8535988026667876,0.9735990778269438,0.6039739636861939,0.3747886983820333,0.6892627412172192
a,0,uncertainty,558,0.7645645015100945,0.8968297355089079,0.7490319511261322,0.9665858418593648,0.6020025031289111,0.8599407061360165,0.766980509328423,0.8610908759788746,0.9750472343475145,0.756656699416204,0.3917426788286126,0.7010334645669292
a,0,uncertainty,573,0.7591134840143292,0.8958266839813707,0.7399196048068343,0.967328736174142,0.5792079207920792,0.8604285521764521,0.7616929598999236,0.8617229950623407,0.9751352156468475,0.7384801329505968,0.38852735598939503,0.699497487437186
a,0,uncertainty,588,0.7690174154912928,0.8999940406829187,0.7589769156289433,0.9686928836743116,0.5942647956070775,0.8604129263913824,0.7754869493999929,0.8694515794691542,0.9742798930821137,0.8038079470198676,0.38183143065338837,0.6929283341243474
a,0,uncertainty,603,0.7727667608525681,0.900208510598105,0.7610497773656827,0.9680018868666221,0.5847665847665847,0.8643960610714608,0.7721789024569663,0.8704503392967304,0.9728105725222991,0.80262606509289,0.43390938813638485,0.6857610474631751
a,0,uncertainty,618,0.7732796283225398,0.9012296493357747,0.7592767938662563,0.9685136807369724,0.603680981595092,0.8613651723361118,0.7683190458442043,0.8712616618711309,0.9763929646174838,0.7953481775634662,0.4010491177873152,0.7135858525510814
a,0,uncertainty,633,0.7684686496575899,0.8989426763746313,0.7589258052970415,0.9690312438593044,0.5891661594643944,0.8604003950085286,0.7636878780917375,0.8746476145387247,0.9719662995140075,0.8178262084381112,0.3898428053204353,0.6796492426830657
a,0,uncertainty,648,0.7828599330452368,0.903240389097246,0.7738095078724879,0.9671246899484232,0.5765336509827278,0.8650560352746647,0.7637487922705314,0.8761831010153158,0.9747726166860051,0.8310302366944863,0.4947209653092006,0.6965693092257765
a,0,uncertainty,663,0.7840664816376443,0.9029804367804954,0.7761258318579018,0.9671927646745877,0.5875706214689266,0.8664289632473944,0.7662187210379982,0.8769492914608632,0.9729318934539279,0.8373148271720272,0.49825935596170584,0.6837318962613674
a,0,uncertainty,678,0.7839701286550647,0.9040567121123416,0.7742041777248069,0.966046218156006,0.5936352509179926,0.8628628628628628,0.771177964145572,0.8799741044454036,0.9748062740987534,0.8264350658162573,0.478941565600882,0.7018518518518518
a,0,uncertainty,693,0.7931826474153469,0.907807253475936,0.7796358591526832,0.9680989326926864,0.6119951040391677,0.8638826904686006,0.7735114503816793,0.8795439273405155,0.9784234377039703,0.8417334601277,0.47570445972930997,0.7457503642544925
a,0,uncertainty,708,0.7862400983223038,0.9047429111488455,0.7752700747015733,0.9674206185161125,0.6085858585858586,0.8609747226768504,0.7739893211289093,0.8802659308666653,0.9745868135773947,0.8418094218415417,0.45951371849208117,0.7090144792153199
a,0,uncertainty,723,0.7957181285969116,0.9093903423653588,0.7826177971527737,0.9685987486719395,0.6090273363000636,0.8652908751309736,0.7807208653441884,0.8833814809183518,0.9777815119774454,0.8513119533527697,0.4857268335529205,0.7396235521235521
a,0,uncertainty,738,0.7964917668228526,0.9099576633767479,0.7818533622960709,0.9703114254838393,0.5859872611464968,0.8683862131933349,0.7749080318822809,0.8811494950370595,0.9785952116695735,0.8596141051230871,0.49978060552874065,0.7496935523412601
a,0,uncertainty,753,0.7998273025318435,0.9109875096847997,0.7861006428652018,0.9711007642286006,0.6109725685785536,0.8655980271270037,0.7816664113953132,0.8835815710625733,0.978186057356027,0.859880239520958,0.4926086956521739,0.7548513878653893
a,0,uncertainty,768,0.8017936390583397,0.9114099367456601,0.7879774648711579,0.97153633095645,0.5943877551020408,0.8704511036666513,0.7820801957111732,0.8835243894511019,0.9770171880403391,0.8602931289498453,0.5385427666314678,0.7383098930159875
a,0,uncertainty,783,0.8073864158502657,0.913026621755189,0.793861918530385,0.9717665088315618,0.6227327690447401,0.8705254440047852,0.7809985756630866,0.882964692655294,0.9794323860669799,0.8611334944936879,0.5322614766236514,0.7646623952686052
a,0,uncertainty,798,0.805757514845574,0.912527570706632,0.7933507595399626,0.9715443954659949,0.6382474837181764,0.8700105162086782,0.7828666076037133,0.8834894740258336,0.9792258870238684,0.8607391537225495,0.5090829503173561,0.7566111655239961
a,0,uncertainty,813,0.811742844596621,0.9149848223522344,0.7983323580027106,0.9719247125531579,0.6678486997635934,0.8672193468602574,0.7983032711708957,0.8895889458590424,0.9784523698668405,0.8585614600107354,0.511917543482929,0.7618692518021377
a,0,uncertainty,828,0.8051248688086263,0.9129062826667687,0.7894107195971451,0.9715712488203838,0.6610271903323263,0.8638238093080165,0.7923085744867923,0.886584069260312,0.9789856894127724,0.8607935440484197,0.46786516853932586,0.763164525069287
a,0,uncertainty,843,0.8088289190747607,0.9144028462269866,0.7944006264070202,0.9721812060717028,0.6526189042745334,0.86656,0.7957338981127794,0.8873162527575738,0.9790751358999181,0.8627978995556752,0.4993503681247293,0.7638266068759342
a,0,uncertainty,858,0.8143514590300038,0.9157720769502508,0.7997409436717239,0.9733956851495265,0.6572769953051644,0.870657525422169,0.7911179173047473,0.8871384241477335,0.9798823835932556,0.8609271523178808,0.5335301560522986,0.7752368919772584
a,0,uncertainty,873,0.8157983126005333,0.9149810444471975,0.8032913632431411,0.973794837543708,0.6545660805445264,0.8747173642194638,0.7822377351173163,0.883873473438916,0.9794463165341724,0.856911883589329,0.5656775264577714,0.770959595959596
a,0,uncertainty,888,0.8171190351697324,0.9171003491455876,0.8031620880614831,0.9742975514932554,0.6643952299829642,0.8735790878549404,0.7950472967776667,0.8887493504243894,0.9799642817278714,0.8623030961434003,0.538183365241438,0.7775520568816658
a,0,uncertainty,903,0.8161061211911378,0.9166784814327706,0.8015469080483726,0.974158583042061,0.6647727272727273,0.8720877112836912,0.7930941044400573,0.8893203045794775,0.9798166845019308,0.8679603745420003,0.5304010349288486,0.7733435661294449
a,0,uncertainty,918,0.8118858008221653,0.9157132350483774,0.7946426714747222,0.9750245434910662,0.6690058479532164,0.8671284060876697,0.7925496753120505,0.8890893858348907,0.9800570860102086,0.8685215493726132,0.49233464739378013,0.7732610659439928
a,0,margin,18,0.3036953078422193,0.4252805490964926,0.3723899900565813,0.5958878871993908,0.005401512423478574,0.3084546299163828,0.2053858104609011,0.6135260816821674,0.3997252554703598,0.17904290429042904,0.34325996259531005,0.08257372654155495
a,0,margin,33,0.47707619599821705,0.737993234616774,0.487783338330907,0.8709477995440671,0.01970802919708029,0.6851425819913327,0.39967528074685427,0.7777709169496758,0.8700757353372864,0.3054290053151101,0.26405867970660146,0.10087773519594512
a,0,margin,48,0.5720597870756424,0.7710564947714237,0.5880608562998845,0.8363191658263426,0.02633711507293355,0.7056900602717335,0.5459461743208416,0.7792443882390135,0.8802519187619772,0.6571049777027841,0.3694661458333333,0.3481781376518219
a,0,margin,63,0.5558219596906804,0.7102413303311517,0.5868625101560165,0.9250851755011489,0.05084745762711865,0.689551339957844,0.6030979404560665,0.7774355722632366,0.6790077919682789,0.7077447637603507,0.41755159286716087,0.15207600281491906
a,0,margin,78,0.6054581351619361,0.7602599835063336,0.6394787988190063,0.9340771990695107,0.26075868664328977,0.6280736575146102,0.6395474480391534,0.7888374302339389,0.788555291013471,0.6648950305607229,0.513163393230255,0.23121508015247247
a,0,margin,93,0.6451358367560264,0.8247657189905514,0.6395663558940059,0.9327581730673217,0.2848275862068966,0.6188606164936252,0.6605413269017266,0.8358375308112742,0.9185276228863725,0.6200423857099606,0.41963927855711425,0.5151880101699451
a,0,margin,108,0.6811313210144432,0.8542041282574121,0.6842033533065951,0.9321978758013587,0.3218738194182093,0.7530100254233223,0.6987942867742534,0.8430415938641675,0.9485970486609665,0.7293411676459557,0.38998630940739293,0.5133397621343619
a,0,margin,123,0.6880923580089174,0.8542826472837132,0.690654262619024,0.9294263798237138,0.334041648958776,0.7405762915683826,0.7176621663832298,0.8404469169276798,0.9449789731503304,0.7586805555555556,0.4063714063714064,0.5206468833411838
a,0,margin,138,0.6970509203362488,0.864093470668794,0.689095075456174,0.9321249215317012,0.33813283790060383,0.7459016393442623,0.7372955000566743,0.8665886354099953,0.9506601934605907,0.7519013899816418,0.4081474296799224,0.5427057356608479
a,0,margin,153,0.7096557903096113,0.8650997331676253,0.7045779538734194,0.9374056116365949,0.34342521464075915,0.7276550998948476,0.7469164828010272,0.8545151646546019,0.9480546754444434,0.7962962962962963,0.4333672431332655,0.5992663242846662
a,0,margin,168,0.7092307244892461,0.866973835690106,0.6989853129406843,0.9221160768138218,0.3627858627858628,0.7795093930976035,0.747620972186501,0.8605938825630721,0.9513783072447708,0.8082421120412105,0.3908548707753479,0.5599750428950242
a,0,margin,183,0.7242033099670636,0.8722145369238579,0.7107773225792425,0.9229604542285088,0.36211031175059955,0.796346327029461,0.7563573759908181,0.8585954019885724,0.9525081874437548,0.8213579433091628,0.42557493050290623,0.6220188574597892
a,0,margin,198,0.7311815304562349,0.8810877709320079,0.7222486865903179,0.9339791890922139,0.36374770361298225,0.8191230207064556,0.7647581660617732,0.8702104635498332,0.9583597036595808,0.8099064681860098,0.4199066874027994,0.6406423718344657
a,0,margin,213,0.7330904940784172,0.8850274517336875,0.7229037825199568,0.9421194635366406,0.42072015161086546,0.8365961889845993,0.7723051349691035,0.8692820661507238,0.9628287168947639,0.7988378527946873,0.35185702317788325,0.6432678485864878
a,0,margin,228,0.7508671374937805,0.8910236521148328,0.7362313254400298,0.9460842959970188,0.4991129509166174,0.8499240286520512,0.7800130728447963,0.8724679665738162,0.9660139000167695,0.7847576970868425,0.3861655773420479,0.6732647480140643
a,0,margin,243,0.7657375682200005,0.8943483868207043,0.7478621989619185,0.946021059224175,0.512521840419336,0.858193742798901,0.7757019718101439,0.8732917606474725,0.9671719520133916,0.7820423998891506,0.4908370480435859,0.6858563391338479
a,0,margin,258,0.7618390907114834,0.8935166552877365,0.7507703744795523,0.949706457925636,0.49560269011898606,0.8534164255508568,0.7704657326770162,0.8718364129958841,0.9664714086471409,0.8103701723907524,0.45220406141654285,0.6864784546805349
a,0,margin,273,0.7738463816644114,0.8978096322419304,0.7555651274839154,0.9593461126787973,0.5372966909702748,0.856518247523869,0.7747258792034911,0.86734942157535,0.9692435267919536,0.8102663170967297,0.4896783485357657,0.700192890603472
a,0,margin,288,0.7957610192799665,0.9035766032761007,0.7767492443909807,0.9586390797438542,0.5399113082039911,0.8817733990147784,0.7778181289947704,0.8696559378468368,0.9691486980526748,0.80831928049466,0.6731349719706771,0.6834483691974557
a,0,margin,303,0.7953671935531503,0.9051906706796741,0.7735118559806812,0.9592784807666141,0.5530921820303384,0.8816424011390254,0.7853216461149903,0.8770032315504848,0.9694050253873193,0.8235132536739459,0.6339869281045751,0.6750615932110594
a,0,margin,318,0.7911887075841488,0.904673098945305,0.7695873972301648,0.9609267622226586,0.534333525678015,0.8814043494286767,0.787041099897616,0.87750182453502,0.9686799651793817,0.8124565549840123,0.6401889222842422,0.658165364047717
a,0,margin,333,0.7981002715306328,0.9081882732969201,0.7713375906592926,0.9629948028603806,0.5530864197530864,0.8859263331500825,0.7878385359014095,0.8804441593488023,0.9721297529220299,0.8210810810810811,0.6511218653761549,0.6682794933826669
a,0,margin,348,0.8048935825778112,0.9106850035103734,0.780598087538794,0.9636569465589258,0.5937136204889406,0.8895815189989458,0.7949703369277266,0.8857306287675452,0.972540596589331,0.8281674823273518,0.6536005285179476,0.6620805840235856
a,0,margin,363,0.8027813166115981,0.912392555649602,0.7754622301324281,0.9682212454782372,0.5695039804041642,0.8892354263174792,0.7965345622119816,0.8860142648296637,0.974922471650081,0.8202385849444673,0.6530343007915568,0.6673270128767511
a,0,margin,378,0.8021469184761298,0.9109939542187276,0.7754458440832772,0.9649429983269133,0.5742806811509101,0.8895439889451866,0.7964439891709958,0.8854740504494056,0.9733333333333334,0.8236758401327617,0.6496253856324372,0.6620019991432243
a,0,margin,393,0.8071601135447808,0.9115852024687591,0.7848383453527351,0.9657874321179208,0.6134636264929425,0.8926860722181282,0.7937587813355025,0.8858604588816157,0.9734150574160912,0.8240215924426451,0.6519920757208892,0.6634559252772912
a,0,margin,408,0.8096077528051927,0.911881099020784,0.7880698110282408,0.9642254013238348,0.6120455778621813,0.8939282428702852,0.7957420436732164,0.8853526058266373,0.972786976227916,0.8312791016159956,0.6527472527472528,0.6783625730994152
a,0,margin,423,0.8095368207427355,0.9119818978686589,0.7857451927524048,0.9654411764705882,0.6192052980132451,0.8932610094695228,0.7935210639720633,0.8871679943195686,0.9728159292362923,0.8292749658002736,0.6502528028138053,0.6748911465892597
a,0,margin,438,0.8122026541264469,0.9136639927467864,0.7873265875009086,0.9682120234718067,0.6305309734513275,0.8943396226415095,0.7917762548620115,0.8859621939882244,0.9759014984146939,0.8262020905923345,0.6615820440183047,0.6753171856978085
a,0,margin,453,0.8179770016311714,0.9166741627652218,0.7950449975896742,0.9683562790878819,0.6367567567567568,0.8959625189472233,0.802420396266096,0.8907708337951981,0.9764021350008788,0.8405431891362173,0.6631785480706344,0.6874023576196563
a,0,margin,468,0.8210488325409032,0.9181355223891001,0.8009903271709836,0.9703120149022043,0.629768941429339,0.8960199464401145,0.8048408198866114,0.8897285695121406,0.9770235520196066,0.8469330332020258,0.6678193213745407,0.7069932941015464
a,0,margin,483,0.8201635974510889,0.9168477570986211,0.7978409463982834,0.9714185652859116,0.6470254957507082,0.8969820215371817,0.8045063912760887,0.8866823213686682,0.975686318213901,0.8395554288971216,0.6699698405859543,0.6896459941442641
a,0,margin,498,0.8217970084833807,0.9185445748956768,0.7989249406845187,0.9706648016474336,0.6496887379739672,0.8932514203889325,0.8113618225350069,0.8926578888640928,0.9763239991086682,0.8492917847025496,0.6539296569691706,0.6990029641606036
a,0,margin,513,0.8207911575575932,0.9179386961135544,0.8010510776474935,0.9705664207362299,0.6357181867831786,0.8939610959663633,0.8086253369272237,0.8901512620018267,0.976088630733115,0.8527241770715096,0.66015625,0.6991290577988916
a,0,margin,528,0.8219268415850551,0.9182427469485215,0.7999851512683354,0.9703070740177143,0.6558659217877095,0.8941111418302461,0.8129733647399892,0.8903315040378352,0.9763126397535699,0.8450221396943294,0.6531766753698869,0.6992411130342164
a,0,margin,543,0.8249973270204635,0.9199810136738057,0.8012927662370267,0.9708089097303634,0.656497175141243,0.8961577444024693,0.8171387594119757,0.8927985619593304,0.9769215815150477,0.8512267763437811,0.6605981794538361,0.7028282552261238
a,0,margin,558,0.8294238513472142,0.9209277036036173,0.8073771192574289,0.9708312982319038,0.6569598136284217,0.897106707600707,0.8155290900586478,0.8914203704534243,0.9776500046369285,0.8509212730318257,0.6843853820598007,0.7200107224232677
a,0,margin,573,0.8320661615766918,0.9217851807432801,0.8133727148468036,0.9714107292703393,0.6590257879656161,0.8977903149976493,0.8191116515270724,0.8916081547874382,0.977626892252894,0.8548164504554236,0.7090727816550348,0.7081326912787587
a,0,margin,588,0.8328456473748792,0.9229817784374553,0.8143654781585323,0.9714464156761715,0.6528735632183909,0.8964480360834429,0.8228449045154381,0.8934228066607921,0.9786183599985152,0.8571822063076712,0.700868511411836,0.7219060225016546
a,0,margin,603,0.8352592489087672,0.9235265227141415,0.8190930140196347,0.9722352207143972,0.6536312849162011,0.8983066792097836,0.8221054873287428,0.8932542118545802,0.9782850779510023,0.8700873362445415,0.7097929936305732,0.7196349483290834
a,0,margin,618,0.8361394421094899,0.9239870984757472,0.819472500393601,0.9724652649219557,0.6535433070866141,0.8991162091011659,0.8213019429868104,0.8933254416317611,0.9789381877563139,0.864953080375357,0.713181367690783,0.7284301774346471
a,0,margin,633,0.840537572954997,0.9247795317999946,0.8261655688352749,0.9720692138505557,0.6529477196885428,0.9030412813423586,0.8240180205546952,0.8934107640952947,0.9778643658966509,0.8643721942592845,0.7520149953139644,0.7250996015936255
a,0,margin,648,0.8437992878802267,0.9260993801392178,0.8294719067300349,0.9715921260149146,0.6412918108419838,0.909371384496722,0.8233284702700779,0.8957302962929352,0.9779043449222663,0.8647474198804997,0.7864443249058634,0.7237834132967786
a,0,margin,663,0.8466338973760439,0.9273780570597099,0.83369838736863,0.9729740254682815,0.6505747126436782,0.9109399970942903,0.8236616042625684,0.8976289470727048,0.9786266906621645,0.8615014050582096,0.7969471068512602,0.7268505872712374
a,0,margin,678,0.8489069286796183,0.9279399971363692,0.8395214874822499,0.9724201198446314,0.6579841449603624,0.9109866017052375,0.8273262492820218,0.8978577239446804,0.978619153674833,0.864297253634895,0.8065517241379311,0.724119386931971
a,0,margin,693,0.8494829112741752,0.9281280679897741,0.8388979511277442,0.9735624586913417,0.6579396698918611,0.9114317640771511,0.8255343525115463,0.8963785654504739,0.9790445037125147,0.8620456695041211,0.8043478260869565,0.7350613915416099
a,0,margin,708,0.8539018933462447,0.9298324965815138,0.8441437015205074,0.9737741860284405,0.6708499714774672,0.9129988764593816,0.829666201567028,0.9000045267303427,0.9791893223284909,0.864220928658454,0.8160978094752929,0.7383152173913043
a,0,margin,723,0.8565453238288051,0.9306281563592601,0.8474572573909386,0.974344045955597,0.6690265486725664,0.9167410050550104,0.8296529968454258,0.8992577842143374,0.9793947497933904,0.8677674855685327,0.8377370724590696,0.7349862258953168
a,0,margin,738,0.8571529837487524,0.930911268117827,0.8501979072281659,0.97352587244284,0.6678383128295254,0.915963047581206,0.8309838998211091,0.8999478540821185,0.9796927423627053,0.8665061530230069,0.8412903225806452,0.7386286490156144
a,0,margin,753,0.8579202202277787,0.9320140094216453,0.8486963273984833,0.9740739301123333,0.6635294117647059,0.9172464840858623,0.8340627017720066,0.9025035619784246,0.979853428818235,0.8717741935483871,0.8341592335645854,0.7440790364054676
a,0,margin,768,0.8584635104432286,0.9318050436880271,0.8476626646383945,0.9734911701921211,0.674712643678161,0.9176493614522679,0.8344656529709911,0.901866835420151,0.9797806239493262,0.8726979432719452,0.82793867120954,0.7435686918445539
a,0,margin,783,0.8563426675382764,0.9323403781125184,0.842890776636608,0.9747240596690656,0.6678403755868545,0.9158242612752722,0.8362424856956616,0.9046815594699782,0.9803779474887118,0.8654876741693462,0.8143459915611815,0.7475596529284165
a,0,margin,798,0.8584227933399411,0.9328990298104841,0.8469456177371948,0.9742413343960808,0.6806818181818182,0.9151245034395892,0.8379360465116279,0.9056764831412719,0.9807292053816993,0.8714439076757917,0.8100053219797765,0.7499665193518147
a,0,margin,813,0.8589675834232003,0.9335739357638594,0.848885335840402,0.9744586556777981,0.6689655172413793,0.9163707127219655,0.8398738993368844,0.9067771796662087,0.9806010243254045,0.8746169220519654,0.8159776731205303,0.7530666666666667
a,0,margin,828,0.8574327055797699,0.9326429188551304,0.8466295843513204,0.9750947798191892,0.6647465437788018,0.9169454545454545,0.8360631870131761,0.904782227812844,0.9800284378688326,0.8684593985958405,0.8171628721541155,0.7536114486296747
a,0,margin,843,0.8595981267751331,0.9332019829814288,0.8488162785093238,0.9748638132295719,0.6836027713625866,0.9177199864400213,0.8367101084218596,0.9060104881000404,0.9806430019152458,0.8637271879579059,0.8208981303512144,0.7522076531977522
a,0,margin,858,0.8594625940691727,0.9332202048626586,0.8512838982101576,0.9747046938141125,0.6739757645701097,0.9153056234718826,0.8363291646917271,0.9055722688698308,0.9809105624499972,0.8682191055834877,0.8237495746852671,0.7563965884861408
a,0,margin,873,0.859824330330972,0.9331155198219557,0.8517759511419976,0.9752875349704694,0.6742987979393246,0.9168989973098557,0.8341572375407375,0.9044785468211713,0.9808424127952957,0.8677685950413223,0.8276563294356889,0.7570305211248833
a,0,margin,888,0.8592067045600165,0.9333779658796914,0.8501073133660206,0.9757092887679751,0.676923076923077,0.9154621112571178,0.836924868957484,0.9062619277487146,0.9806985721594345,0.8681157487665022,0.8153020598926779,0.7574626865671642
a,0,margin,903,0.858242990586051,0.9330348589476795,0.8482986244753606,0.975955562461156,0.6746712407089765,0.9134783453097689,0.8359842404786225,0.9049625678038284,0.9809744434210649,0.8725477111971173,0.8084144645340751,0.75719833935985
a,0,margin,918,0.8619548660158631,0.933588719235541,0.8536803275344842,0.9757757212847034,0.6999439147504206,0.916836487142164,0.8367758740873904,0.9053319311749044,0.9808540329332961,0.8705913550782286,0.8148791934642795,0.7566052842273819
a,0,class_balanced,18,0.3036953078422193,0.4252805490964926,0.3723899900565813,0.5958878871993908,0.005401512423478574,0.3084546299163828,0.2053858104609011,0.6135260816821674,0.3997252554703598,0.17904290429042904,0.34325996259531005,0.08257372654155495
a,0,class_balanced,33,0.397470947641396,0.6206666796018379,0.44526535066596956,0.716144208151313,0.005960067547432204,0.6811245768117364,0.37821242540273897,0.2869129233602783,0.8516786570743405,0.21643560377737592,0.1670935960591133,0.2736764705882353
a,0,class_balanced,48,0.45726997160584865,0.6944433050792399,0.4772035747990102,0.8795843742080302,0.03348447854900593,0.60868075385494,0.4183512459436125,0.4396770338414901,0.8884082042566341,0.25945800912261874,0.1425073457394711,0.4452782989368355
a,0,class_balanced,63,0.4430780906372798,0.6857101343472699,0.4673082671643756,0.8652373660030628,0.03890728476821192,0.6225512528473804,0.3794862167151663,0.3809352840858092,0.9079905840484884,0.2644364794902429,0.1296844181459566,0.39847392963119965
a,0,class_balanced,78,0.4667174777822802,0.7107921349489665,0.4682077592492925,0.8932743395597682,0.09282371294851795,0.6120135179330645,0.4603428811467878,0.42557761523278764,0.9203023397988106,0.2724583109198494,0.13764813126709208,0.38601645123384254
a,0,class_balanced,93,0.48426017403076727,0.7328368059384021,0.4933696501920617,0.8609593700397848,0.0724581223217764,0.7310450038138825,0.47555900793430617,0.48435253787459914,0.9413196223377004,0.35340572556762095,0.11563981042654028,0.3236023659606945
a,0,class_balanced,108,0.5222616510675019,0.7967311161383367,0.5130293787599596,0.9317521128929789,0.07060121345835632,0.7877492169243773,0.5494807685349351,0.7326860562743536,0.9470353431109575,0.21681010803882073,0.13123209169054442,0.3330079486821922
a,0,class_balanced,123,0.5473848627281797,0.8037816680246033,0.5510595984090529,0.9330279606832713,0.06460296096904442,0.82663279761614,0.5697907709945543,0.7105913119279385,0.9476044889515406,0.34815533980582525,0.15849056603773584,0.3675675675675676
a,0,class_balanced,138,0.5587372648837798,0.817550045651689,0.5583294021327576,0.937658109936658,0.1652767247915087,0.8138736900676992,0.5885969406426115,0.7826788720053495,0.9522421709603806,0.27502461437479486,0.12214218603194488,0.3911420751430704
a,0,class_balanced,153,0.5842813501564774,0.8223273258722046,0.5854391887670461,0.94631507775524,0.2965931863727455,0.8217445111610212,0.6186406484979643,0.7614014767627045,0.9531565212563158,0.30442853354547866,0.17594254937163376,0.3803096466851925
a,0,class_balanced,168,0.5996003361170894,0.8350798369429682,0.5907411190867606,0.9563481294824578,0.37524950099800397,0.8240223463687151,0.6452222585686767,0.7867005985201941,0.9621396633828929,0.33462164361269325,0.13888,0.3732188841201717
a,0,class_balanced,183,0.6158437965260224,0.8331989781524153,0.6032977027727561,0.9508918913603556,0.37491479209270623,0.8465317528282328,0.6456449692718556,0.7475300742257487,0.962733543465351,0.28491037932471863,0.3130733944954128,0.41636337166982096
a,0,class_balanced,198,0.6465038526049381,0.8559443681997584,0.6223848297777717,0.9574089638591896,0.3620812544547398,0.8449197860962567,0.6782496320493951,0.8230580903627865,0.964543645927016,0.5646551724137931,0.2070828331332533,0.4165352951480119
a,0,class_balanced,213,0.6344654129675362,0.8536718198085099,0.6059006923722329,0.9608071853493526,0.31264023934181,0.8442633839613869,0.6795172413793104,0.8138378186339817,0.9662411088819989,0.4553678102065199,0.2467718794835007,0.43074204946996464
a,0,class_balanced,228,0.6470819405094379,0.8597887040800034,0.620046114577895,0.9603671580257477,0.32646834477498093,0.8535115303983228,0.7002734437831751,0.8241326590615077,0.9655097120502206,0.5704336815447927,0.21240024554941683,0.41064068939677784
a,0,class_balanced,243,0.6277744225704152,0.8520760538366303,0.5988243804938397,0.9554411018767802,0.33201581027667987,0.8545847750865052,0.6853107934189016,0.8220111365869637,0.9640945197858621,0.42343344456803855,0.22980798537031394,0.3832702361636921
a,0,class_balanced,258,0.6649157519020398,0.8621713564819008,0.6295919887439457,0.9583681723608222,0.2993527508090615,0.8742370918162784,0.7074450341167551,0.8075017521811635,0.9658893778646166,0.4870651204281891,0.47046632124352333,0.41391614629794826
a,0,class_balanced,273,0.6648284073429037,0.863089390653628,0.6279928549303939,0.9573347328318463,0.3266871165644172,0.8784260515603799,0.7053358196748127,0.824818339294954,0.9659875123233651,0.36993517017828204,0.5729166666666666,0.38201425699140923
a,0,class_balanced,288,0.6813077301613046,0.8619364663127612,0.6459892311541698,0.9581976007022335,0.3896678966789668,0.8832665099774183,0.6879355024474517,0.8009963880931623,0.9674506011786386,0.3852086217124778,0.6347279427704314,0.42431850789096126
a,0,class_balanced,303,0.7355989476630985,0.8824401632821838,0.6991326767946874,0.9594368607319255,0.43364757070340826,0.8815450241410022,0.7223426650328337,0.8319172164997389,0.9709805219277684,0.597628194421246,0.667463162086818,0.5554293134231456
a,0,class_balanced,318,0.7442687882368133,0.8827125935270886,0.7102644025333397,0.9612424517504046,0.4647887323943662,0.8884866384032772,0.7180622156645764,0.8278305297151395,0.9693858912066635,0.5692333959364863,0.7297197640117994,0.5696694750486067
a,0,class_balanced,333,0.7481995442829097,0.8814881608435364,0.7180706847997916,0.9605058404081391,0.4725196288365453,0.8809818285605556,0.7162748369482784,0.8089953556587631,0.971574612046775,0.6199433993674047,0.6915129151291513,0.6114874815905744
a,0,class_balanced,348,0.7555047726254033,0.8865159006779922,0.7237189662752477,0.9645809661873604,0.49140401146131807,0.8832113249624279,0.726041943190868,0.8289464672982536,0.9705019361841076,0.6119205298013245,0.7122138738423903,0.6107219007005787
a,0,class_balanced,363,0.7551068708539925,0.8867273145050906,0.720381004868943,0.9650096430117684,0.4775481111903065,0.8810196942833869,0.7230535382536734,0.8333105739906231,0.9689774173173568,0.67435697583788,0.6760459089226213,0.5966399748783169
a,0,class_balanced,378,0.7824509275102122,0.8967116208603217,0.7548889630543244,0.9653312333891131,0.4830985915492958,0.8960682419845083,0.733721290589167,0.8414992097538948,0.9724273485432969,0.7340361445783132,0.7699339766378872,0.6459423105664325
a,0,class_balanced,393,0.7815574315624935,0.8954190751306039,0.7561171736222317,0.9664643757881463,0.4835318850735809,0.9010028795551583,0.7288392975042916,0.8364081934618763,0.9717385517728804,0.7017652524001239,0.7969336160495841,0.6473328324567994
a,0,class_balanced,408,0.7831735810287025,0.8970217637121779,0.7655706613666546,0.9653103910967283,0.49292929292929294,0.8956293529827395,0.7318502367730726,0.8443880441433071,0.9731094140081621,0.6977466977466977,0.7892293407613742,0.6583694588169486
a,0,class_balanced,423,0.7894558725253719,0.8979937032840056,0.7732871230196297,0.9644997330063485,0.5049439683586026,0.9073223719942725,0.7342833193629505,0.837563684766145,0.9733672290270395,0.7066852799751823,0.8101224489795918,0.6663148172582135
a,0,class_balanced,438,0.7928672968904276,0.9013804149326154,0.7800165787481453,0.9631244179364733,0.4521857923497268,0.9077732552367715,0.7403829685198506,0.8435104052573932,0.9744731154989933,0.74603405617814,0.8112566715186803,0.6970649895178197
a,0,class_balanced,453,0.7909866740965537,0.9021743477580902,0.7773569461394967,0.9641481716758645,0.4589473684210526,0.8957836117740652,0.7426118067978533,0.8553183888541573,0.9739899571566776,0.770108544391873,0.7746770849944188,0.6832951328030201
a,0,class_balanced,468,0.7926182937123905,0.9020618000972973,0.7844133772318543,0.9612950875301914,0.4667590027700831,0.8924693520140105,0.7571452788608238,0.8512415873752611,0.9732973739196068,0.7814461118690313,0.7786616752456715,0.6712491738268341
a,0,class_balanced,483,0.7909861392268739,0.901477439252673,0.7843194168860853,0.9589704587302859,0.48148148148148145,0.8864827104435906,0.7602649006622516,0.8526904944378644,0.9739428381950649,0.7804154302670623,0.7602008788449467,0.6644260599793175
a,0,class_balanced,498,0.7891597315764314,0.8976268404668213,0.78145427363348,0.9564049628189453,0.4814555633310007,0.8887889688249401,0.7471775122609525,0.8375551830779764,0.9737341364130334,0.7960681157413817,0.7671488567428838,0.6541042849767682
a,0,class_balanced,513,0.8002946241108276,0.9038465168372906,0.7900368750272636,0.9571763198462432,0.5102184637068358,0.8943594885936325,0.7568358677803955,0.8655661432469914,0.9717527653186218,0.813375884556681,0.7771288041807562,0.6562378797672915
a,0,class_balanced,528,0.8021716495513466,0.9071853305764804,0.7873868162095026,0.9595699182604872,0.4910265613783202,0.9044385395138274,0.7693014381117275,0.8719852411807055,0.9716900358132555,0.8143944636678201,0.7973920130399348,0.6397466349960411
a,0,class_balanced,543,0.8012048273865109,0.9073230946683633,0.7830170913354562,0.9625945085555113,0.48734634851771513,0.9028197872963216,0.7622309550420017,0.8705064813577442,0.9731604758793924,0.8226312201772324,0.7857142857142857,0.6438393839383938
a,0,class_balanced,558,0.8038855242606924,0.9091081866299288,0.7879049408139429,0.9668418764573371,0.4866039102099928,0.9037915156265308,0.7638183716826906,0.8699174256495178,0.9742743333456275,0.8241393061278746,0.7956742585613633,0.649908720685297
a,0,class_balanced,573,0.8072189463669992,0.9113558397426774,0.7894099064249467,0.9684118915283739,0.49012435991221653,0.9065080613448683,0.7711903824823786,0.8721058186799614,0.9751489956588919,0.8305967160592711,0.8023445131878867,0.648539778449144
a,0,class_balanced,588,0.8013101981012412,0.9096464817775127,0.7840349627317216,0.9685012935205483,0.4639175257731959,0.8990147783251231,0.7725304043518936,0.8679323058602606,0.9747811051431094,0.8305380383738092,0.7794189254991073,0.655157406064123
a,0,class_balanced,603,0.8081972134857885,0.9119360600365345,0.7939213553218263,0.9655487199841238,0.4768892149669846,0.9077247949712715,0.7742381314352844,0.8689364817865641,0.9768673587081892,0.8280481137233461,0.7974518131329631,0.6780702926633703
a,0,class_balanced,618,0.8114179905235277,0.9123717093738337,0.7987826990311134,0.9643346778199448,0.4939329050678087,0.9101543300894525,0.7734240712807381,0.8711569947243951,0.9765481624936598,0.8279656468062265,0.8057717250324254,0.6794734013970983
a,0,class_balanced,633,0.8206297510933345,0.9155339475497617,0.8069439770088961,0.9675686351965238,0.5317348377997179,0.9146614710180224,0.7778251599147121,0.8750621974940064,0.9768805913535817,0.8281332628239026,0.8128645225795701,0.7009370816599733
a,0,class_balanced,648,0.8235238302594458,0.9162490769277271,0.8131218816275663,0.9658765714736821,0.5480769230769231,0.9146335524713903,0.7792532305275933,0.8773608321862942,0.9773292732741654,0.8354731965585704,0.8089246770676061,0.7047862156987875
a,0,class_balanced,663,0.8219603055641596,0.9155487777086699,0.8105286667157783,0.9669261469158731,0.5396825396825397,0.9158216486342244,0.7730582524271845,0.8744733106509542,0.9777051736620319,0.8302691180389022,0.8092975907702749,0.7104089692954516
a,0,class_balanced,678,0.8247181032446194,0.9163472353957097,0.8144936617812522,0.9675752435801349,0.5415549597855228,0.9176344817532436,0.7747169412013686,0.8719404205076972,0.9783416301359685,0.8320620901913556,0.8179347826086957,0.7207023794375875
a,0,class_balanced,693,0.827258726958994,0.9164200909392521,0.8177390434083992,0.9680318296086621,0.5530253741054001,0.9190610694457972,0.7687035567419378,0.8723776223776224,0.9783045883803045,0.8372962864012824,0.8278167836843865,0.7207114318855523
a,0,class_balanced,708,0.828178876545238,0.9175263137810025,0.8155880679451611,0.9668231425911621,0.5533915379449295,0.9195066062113012,0.7763728194290217,0.8755306961385538,0.978399289231111,0.8450742240215925,0.8226186469202289,0.7158929264192422
a,0,class_balanced,723,0.8295162026188684,0.9182181004114361,0.815956906746602,0.9707251637339225,0.5482993197278911,0.9184407504617479,0.7785771943986243,0.8723858883433352,0.9781061139742686,0.848,0.816146540027137,0.7349648529028898
a,0,class_balanced,738,0.832927988618004,0.9188459441028606,0.819611732789521,0.97046163566718,0.5822784810126582,0.9165535956580733,0.7838206014880017,0.8740781332054707,0.9779866344112931,0.8495145631067961,0.8098495212038304,0.7318087318087318
a,0,class_balanced,753,0.8307415153911177,0.9190271209030163,0.8150426452838528,0.9702364504796116,0.5471956224350205,0.917478315646654,0.7843123461132606,0.8744510345452076,0.9778498309324193,0.8491343775762572,0.8161739721372749,0.7398416886543535
a,0,class_balanced,768,0.8306914582065308,0.9190175123597276,0.8157690448936745,0.969449378330373,0.5519089082384461,0.9176642335766423,0.7839637342399773,0.8764039875501827,0.977872828944932,0.8468938977460143,0.8198924731182796,0.7321736821139291
a,0,class_balanced,783,0.828574626628619,0.9174759972834723,0.8148046331322778,0.969010750567117,0.5718050065876152,0.9158435018400155,0.7822748475062792,0.8765020474837208,0.9767329627189115,0.8426270136307311,0.8077577407281388,0.7146177685950413
a,0,class_balanced,798,0.8331419042541389,0.9196101334682375,0.819885588560022,0.970816431018865,0.5729234793982996,0.9187639685161791,0.7823994252873563,0.8761708881983412,0.9786242246406418,0.8423087544877106,0.8169824086603519,0.7392875580795044
a,0,class_balanced,813,0.830711201965419,0.918462347403196,0.816301225689464,0.9700931267350514,0.5642384105960265,0.918561067030132,0.7773766546329723,0.8750387459593499,0.9785208621345531,0.832756951168903,0.8222856183923477,0.7375293810394359
a,0,class_balanced,828,0.8336017262342379,0.9189653463820818,0.8213569831035009,0.9708000472236433,0.5736137667304015,0.9190900677090944,0.7800550845941983,0.8719834933165874,0.97861200846608,0.843064182194617,0.8205991248737798,0.7445977609997396
a,0,class_balanced,843,0.8352534035816652,0.9210967865543604,0.8219078053976916,0.9702978087257563,0.5727332028701891,0.9189953669836626,0.7846978377379412,0.8814671304654133,0.9791309027809998,0.8421627525942108,0.8214643931795386,0.7463312368972747
a,0,class_balanced,858,0.836577989187263,0.9220798207002665,0.824052137114585,0.971382491198395,0.5697674418604651,0.9177396627957826,0.7878320290973218,0.881446485340869,0.9797545271255889,0.8480681974425959,0.818288788031602,0.7549222797927461
a,0,class_balanced,873,0.8355733613135122,0.9214151087887201,0.823537153016983,0.9712857452126508,0.5734536082474226,0.9192124915139172,0.7874577268048817,0.8798903673577649,0.9793373840979616,0.844311377245509,0.8190895244542223,0.7461220268872802
a,0,class_balanced,888,0.837823919037433,0.9233272333274172,0.8274346232685501,0.971259958689879,0.5769728331177232,0.9196185286103542,0.7954930407246483,0.8848452649754284,0.9797932854965238,0.844873859366613,0.8204350025290845,0.7471234978266428
a,0,class_balanced,903,0.8371933520794921,0.922471360614031,0.8259935576861817,0.9712399811409712,0.5718032786885245,0.920412531620938,0.7884363663562587,0.8830496578347078,0.9795880411028968,0.8472576102990479,0.8213864058019902,0.7515662958700934
a,0,class_balanced,918,0.842119988865042,0.9247496664444108,0.8323767834655551,0.9710167694301536,0.6031948881789138,0.920943809292143,0.8010754695843758,0.8886347139432066,0.9796890555364304,0.8446989877464038,0.8217054263565892,0.7481207797171614
a,0,quota,18,0.3036953078422193,0.4252805490964926,0.3723899900565813,0.5958878871993908,0.005401512423478574,0.3084546299163828,0.2053858104609011,0.6135260816821674,0.3997252554703598,0.17904290429042904,0.34325996259531005,0.08257372654155495
a,0,quota,33,0.35499939638753586,0.5900549024607885,0.3881696046579546,0.5340951970244192,0.00517052799045441,0.3939379808813243,0.28949986907567427,0.6767517911081156,0.7894436983681277,0.2222029111449055,0.16634964551270967,0.11754294638209266
a,0,quota,48,0.3886721692862123,0.664600881896371,0.4112440121011083,0.7611305014046139,0.018376722817764167,0.3557969784416907,0.3312012792324605,0.6806559057135537,0.8667027349725757,0.22992559933866077,0.12179487179487179,0.13246492985971944
a,0,quota,63,0.41530893616543135,0.6700117021038094,0.45209133256195894,0.9065585187005858,0.03222094361334868,0.7711445044717846,0.44180125706102313,0.41292161520190024,0.8206177706884963,0.17108279086824973,0.062232100333386255,0.11920092455010732
a,0,quota,78,0.38131592867037073,0.5916551417035046,0.426407776894852,0.786946552990673,0.027958993476234855,0.6935202757659088,0.4376963792412644,0.39926974569214013,0.6968232419223459,0.17860114260358312,0.06325247079964061,0.14777455554154584
a,0,quota,93,0.45131324447578425,0.6809177526036195,0.4787393736419939,0.8488796589791234,0.07303807303807304,0.7370024286831598,0.5036672433538829,0.40129449838187703,0.8528181749679753,0.24917627677100493,0.23851887472950228,0.15742397137745975
a,0,quota,108,0.4815167754944254,0.6909285970375044,0.514583118382006,0.8264771877337322,0.21074210742107422,0.7388326259612557,0.5129429238277106,0.4771475685261815,0.8479189745212851,0.2890635774375948,0.2653794342164347,0.16514657980456027
a,0,quota,123,0.478136936285785,0.6935396243052647,0.4990937761667562,0.830877839165132,0.2513863216266174,0.7397758756151015,0.5190818260523669,0.42204538756262894,0.8763921173252677,0.24915269762755335,0.25735741830728637,0.1571629432901109
a,0,quota,138,0.47587218627556027,0.6962394999175625,0.5016713924175414,0.852919024768135,0.18272980501392758,0.7322667774776647,0.5112158076084663,0.39258995368721056,0.8851174686480885,0.2620253164556962,0.25695149177998783,0.20703403104086573
a,0,quota,153,0.48128752897571225,0.6889285611912758,0.5145056747520198,0.8153379530208772,0.18643190056965303,0.7178974551209963,0.5105153467222433,0.40548070934539615,0.8755177550333958,0.3011040481766477,0.26964398567516323,0.24965860711703752
a,0,quota,168,0.4922559570633724,0.6943915393336498,0.5255936623127129,0.8134745119063576,0.20693512304250558,0.7299142452751645,0.5084640989063243,0.3727392583076975,0.8957302444144549,0.3282409428197294,0.2676864244741874,0.30711876442393043
a,0,quota,183,0.5292732270332055,0.7240020746836406,0.5576668270988901,0.8681025727826676,0.27671402100061765,0.7554345477332642,0.5123556002009041,0.4597584556376201,0.8960614355231143,0.38503985285101167,0.2798064232292125,0.33018613434043703
a,0,quota,198,0.5794784612118781,0.7840177219407122,0.5884242839144127,0.9326109989404874,0.3076923076923077,0.8158435743980995,0.5361616041412549,0.6685350183750628,0.9115607593497783,0.38781038374717836,0.3038397328881469,0.3512517713745867
a,0,quota,213,0.5927169439013646,0.7940051221946782,0.5969068005355093,0.9306237994136083,0.32439678284182305,0.8237370994024986,0.5654024984594701,0.6577071657870396,0.9289128845396771,0.4011871037366788,0.31399317406143346,0.38849198687005215
a,0,quota,228,0.5980685702846854,0.8009173534243125,0.604228657912697,0.9326084310463748,0.3159722222222222,0.8359504317093902,0.563215718188688,0.6803743315508022,0.9334673292017941,0.3942332227609084,0.3140586462044396,0.4127367996775494
a,0,quota,243,0.5981681508294946,0.8031077699207868,0.6035903821482793,0.9300602507734896,0.30664395229982966,0.8389765726876208,0.564444176513142,0.7026265682464331,0.9316389376585013,0.37493709109209866,0.33532934131736525,0.3988564668769716
a,0,quota,258,0.6171635576758958,0.8280866977263464,0.6166556106720266,0.9480454627169767,0.30248306997742663,0.8374719856566563,0.60889697370597,0.801626323751891,0.9342058587405014,0.3728813559322034,0.33691756272401435,0.4119434258774227
a,0,quota,273,0.6324265492169472,0.8361577578026377,0.6285084774436327,0.9547221723787308,0.2878464818763326,0.8425875521683905,0.5932816174663905,0.8096708286038593,0.9430291974199794,0.40988995283693014,0.40907877169559415,0.4417323685063182
a,0,quota,288,0.6348638855191919,0.836332235312618,0.6326721250988024,0.957127269120127,0.294275013376137,0.8405520748206665,0.5736886567851931,0.8132585149419288,0.9443065380092946,0.40873634945397813,0.4215481171548117,0.4602824360105914
a,0,quota,303,0.6373730023147847,0.8379208861124487,0.6321116713226604,0.9558089098469926,0.3070223189983669,0.8407993864753913,0.5702297702297703,0.8200079931006921,0.9461386654751266,0.4166206515737162,0.40451799317047543,0.4752113319625314
a,0,quota,318,0.6474094764607524,0.8442456807774722,0.6408137678366881,0.9561222054260482,0.30836047774158526,0.8496726123278392,0.5849103175909166,0.8269736019016639,0.9507965128166999,0.39899391051098754,0.45268542199488493,0.49817022783614684
a,0,quota,333,0.6440761380821395,0.8424628589971985,0.6346467151691523,0.9467333613349116,0.3374265883609183,0.8501720079666848,0.5930194539807095,0.8281168109683236,0.9517635342089934,0.3873156727130367,0.44947823873759224,0.4526595744680851
a,0,quota,348,0.6563577751919222,0.8449007308766912,0.648416563073672,0.9374750337638622,0.3474663908996898,0.8543566018052343,0.6081086609663299,0.8236936993267888,0.953031677629092,0.4538632573652029,0.47058823529411764,0.4586364196769819
a,0,quota,363,0.6610337677253196,0.8469723951136977,0.6504954538335321,0.9344443176197542,0.35354573484069884,0.8589321631011154,0.6085116973618716,0.8299691530546757,0.9544911419082296,0.46262850791886634,0.4855,0.4612811937226653
a,0,quota,378,0.6694806783914892,0.8521655156679324,0.6588229752751661,0.9443357501822227,0.35991820040899797,0.857351598173516,0.626916524701874,0.8274251397114021,0.9563364282428487,0.4830557151062608,0.4824145672237466,0.48757218177253325
a,0,quota,393,0.6725878315513684,0.8542984293545138,0.6575929340449317,0.944101291154342,0.3485952133194589,0.8649492583918813,0.6106525399367583,0.8258196294212051,0.9631518693980883,0.4648421052631579,0.521865184827253,0.5093133922501699
a,0,quota,408,0.6810651575461493,0.8603933131679343,0.6633772998460841,0.9407299493942647,0.36469344608879495,0.8620358953281272,0.6709516575123681,0.8307887234716503,0.9624862219067013,0.4885844748858447,0.5043092834277272,0.5050067658998647
a,0,quota,423,0.6781413768224327,0.8582232801844684,0.6603630382828856,0.9362690520981303,0.3746616134271792,0.8598561931895266,0.6690188305252726,0.8322645542562555,0.9609450202330776,0.5012826316583673,0.49171407370764286,0.4772604223064429
a,0,quota,438,0.6926540717868498,0.8650882520681732,0.6715820011178322,0.9419071976616734,0.391353811149033,0.8639261972595306,0.679921875,0.8303716351525117,0.9667462864820482,0.5102165294297042,0.5168269230769231,0.5326161908702248
a,0,quota,453,0.6913042353310787,0.86488162289395,0.6680926286638317,0.9483553642791269,0.39792387543252594,0.8661189852848244,0.6624726259207645,0.8287757150025088,0.9683489525653076,0.5012726456056296,0.5091441111923921,0.5393258426966292
a,0,quota,468,0.6978980352108155,0.864938946666396,0.6753169393371885,0.9461363679758654,0.44040862656072643,0.8682878322184053,0.648317068313085,0.8348639171814994,0.9679927481379723,0.5106190691369182,0.5233509870004814,0.5411057003723861
a,0,quota,483,0.7080054750799003,0.8697625905611661,0.6864684355388732,0.9538538002752714,0.4473829201101928,0.8728609686351051,0.6570945945945946,0.8337351400781445,0.9696193538737661,0.518228382042784,0.5369352139612719,0.5823389021479713
a,0,quota,498,0.7025556440277572,0.8687566078985128,0.6861964088323692,0.9537052998525158,0.5036119711042312,0.861947455283465,0.6661960784313725,0.8406040974296412,0.9692353755754333,0.48995860800245283,0.4446695365915422,0.5930723739791608
a,0,quota,513,0.71525253724983,0.8736491905276522,0.6962934521901182,0.9574639459957042,0.5246073298429319,0.8638208662295375,0.6797557763677721,0.842696162002578,0.970466030320045,0.5007006071929005,0.482962962962963,0.6147991543340381
a,0,quota,528,0.7111208923517537,0.8734496330171002,0.6951866244749859,0.9548241676376764,0.5049044914816727,0.8636485400482186,0.6820875991070742,0.8471487734947436,0.9704828207389615,0.4939981532779317,0.47041346868036643,0.6125800166991372
a,0,quota,543,0.7177963770616735,0.8741899901585652,0.7030027001550683,0.9549339845836832,0.5679374389051809,0.8585687550129222,0.6845696152320507,0.843856459130144,0.9724906505703387,0.5002328830926874,0.45196889892149483,0.6256087081065598
a,0,quota,558,0.7114974400685009,0.8700601218847749,0.6982946810085952,0.948939993500411,0.5806137359961032,0.8581614010070853,0.681910528622077,0.8427609849910114,0.9694314149556685,0.5033721643163703,0.4321582551356835,0.5861284820920978
a,0,quota,573,0.712243414728031,0.8718775450564388,0.6985616535945348,0.9545864430843614,0.5811965811965812,0.8569397547538653,0.6786436459791569,0.8451797645561565,0.9712036500308532,0.4832680132649985,0.4202195557824866,0.618953323903819
a,0,quota,588,0.7208550081092774,0.8746913365994299,0.7041372927361997,0.9583389149363697,0.6123876123876124,0.8602503773417385,0.6903982759996807,0.8438392726817774,0.9711877237086811,0.5010082208779277,0.4398382204246714,0.6104464546250364
a,0,quota,603,0.7212333269132182,0.8735494736105903,0.7055394860314338,0.9577087281986484,0.6286594761171033,0.8639111111111111,0.6954529569370559,0.8404356561277361,0.9689672619605344,0.5029659694036841,0.4526131532883221,0.5803856290747677
a,0,quota,618,0.7180180330982053,0.8708126145726486,0.7096534362002257,0.9559090301514255,0.6256763403836695,0.8604465000444721,0.6899620772386038,0.8438172787926588,0.9647123101850107,0.49512962685448825,0.4583333333333333,0.5681758009001854
a,0,quota,633,0.719044712233322,0.8710130394494437,0.709620982639652,0.9534803583735355,0.625,0.8590526268882849,0.6939017608897127,0.834161220043573,0.9680508482532648,0.5066666666666667,0.4347389558232932,0.5963499731615673
a,0,quota,648,0.7104281378659147,0.8656579196994265,0.7018177449600589,0.9497982796681129,0.6217821782178218,0.8539713426499204,0.6807364820609854,0.8178373138274434,0.9690190138393655,0.5022914757103575,0.38334642576590733,0.6150707290533188
a,0,quota,663,0.7134886746357663,0.8657482486342924,0.7071506756330462,0.9504705299653293,0.6194690265486725,0.8563577538447902,0.6784518451845184,0.8174993296988113,0.9669817087506466,0.5407461594732992,0.38239916186485073,0.6090225563909775
a,0,quota,678,0.7240924627110162,0.8687690478776869,0.7160696682969198,0.9501387147037585,0.6436548223350254,0.8618354066138386,0.6787994422837015,0.8183570811265982,0.9688695422767445,0.5588361146769363,0.4065082644628099,0.6298327759197324
a,0,quota,693,0.7240856680061956,0.8682529679663654,0.7160754873440678,0.9536665589292165,0.6374501992031872,0.8608494757419585,0.6756425948592412,0.8121163418826313,0.9687985609478155,0.5557516916740217,0.41685941917244923,0.6356361696452387
a,0,quota,708,0.7484903703789044,0.8789899269751296,0.7337345138845444,0.9530002281542322,0.6404312668463612,0.8689864120455381,0.7001561875703752,0.8345368498233608,0.970346908277489,0.5638297872340425,0.5543169398907104,0.6508087535680305
a,0,quota,723,0.7483960393103388,0.878201855432613,0.7351552442373943,0.9544442117687373,0.645889306824288,0.8682851003520322,0.6897595789928991,0.8336798801618709,0.9702692788818765,0.5648398576512456,0.5452926774983308,0.6631044616617686
a,0,quota,738,0.7465177328084441,0.8788485090101652,0.7378864655898149,0.954596253291156,0.6411434405308831,0.8666019327692237,0.69001381918685,0.8399641175151379,0.9709108698515438,0.5459016393442623,0.5469458234405353,0.6625816993464052
a,0,quota,753,0.7542531600850313,0.8819141600484857,0.7411837073071592,0.9576859441264287,0.6458443620963473,0.8715201465201465,0.6878952458894427,0.8378942692136828,0.9735724531025883,0.5766075681397195,0.5523809523809524,0.684877499295973
a,0,quota,768,0.7507255458824637,0.8817961412310104,0.7391133092853007,0.9589261436531796,0.6473988439306358,0.8646692321788528,0.6854337654368337,0.8411153635866594,0.9745818147836651,0.5853530721865584,0.5068400986768333,0.6922115785089547
a,0,quota,783,0.7617768308548339,0.887302313672113,0.7505518689619063,0.9587545646742264,0.6606574761399788,0.8673305493093479,0.7112557337201553,0.8479070976687755,0.9752640277894501,0.6128492339384576,0.5272244355909694,0.6947483588621444
a,0,quota,798,0.7594265381271094,0.8859917346900406,0.7485379760566406,0.9585353135441009,0.6548956661316212,0.8665594116295104,0.7052289882279322,0.8479134533921318,0.9743264777418483,0.6174599134639858,0.5254087494476359,0.6845108695652173
a,0,quota,813,0.7571413207730241,0.8848726010448967,0.7468502692210368,0.9590453571221688,0.6568306010928961,0.8655520243194694,0.6959968291716211,0.845607039140046,0.9752538898723563,0.6183112420225823,0.5094588649362076,0.6882160392798691
a,0,quota,828,0.7645530610467082,0.8866087276008275,0.7486109088836645,0.9591675193544028,0.6576271186440678,0.8677620921083082,0.6940369046151317,0.8491036796309885,0.9741982425701013,0.655154091392136,0.5338474721508141,0.6900804289544236
a,0,quota,843,0.7555104424778073,0.885728420544584,0.738140512103224,0.9602155711673563,0.6434977578475336,0.8669375085589082,0.6940356312935708,0.8517172565906943,0.9751726712712339,0.6267652992602556,0.4952553095345685,0.685996976776144
a,0,quota,858,0.7682916367504125,0.8886530238169422,0.7493323543417961,0.9612955403219595,0.6515235457063712,0.8747305169487638,0.7022014353681155,0.8455346230033295,0.974917214682151,0.6629351535836178,0.5450901803607214,0.6963965207786829
a,0,quota,873,0.7684205152525376,0.8881097674442544,0.7536539149028761,0.9615638980743046,0.6529247910863509,0.8743695552498854,0.698057777052391,0.8439864281047817,0.9747481331123484,0.6638699528054536,0.5449688334817453,0.7012952683055775
a,0,quota,888,0.7601090893711835,0.8863787364823796,0.7429744042797105,0.963710302091402,0.6505073280721533,0.8620515874833922,0.700215789259395,0.8433194220162322,0.9749568945430822,0.6428958785249458,0.4864864864864865,0.7168381158635625
a,0,quota,903,0.7748309904060865,0.895085220935626,0.75829229778852,0.9642524452724732,0.6544444444444445,0.864235983876878,0.7476512661898318,0.8555548402326231,0.9748229960541412,0.6813217586110333,0.510128512306687,0.7210666666666666
a,0,quota,918,0.7713455223344118,0.8932719337402151,0.7514888045820685,0.9629156999226605,0.6601830663615561,0.8689448332273016,0.7343549951503395,0.855481194808527,0.9751274438406812,0.6656294200848656,0.5030591434398368,0.7164139041739364
a,0,prototype,18,0.3036953078422193,0.4252805490964926,0.3723899900565813,0.5958878871993908,0.005401512423478574,0.3084546299163828,0.2053858104609011,0.6135260816821674,0.3997252554703598,0.17904290429042904,0.34325996259531005,0.08257372654155495
a,0,prototype,33,0.3218050777390426,0.5186421562585577,0.3734557188113765,0.46458304134548,0.0059216809933142316,0.3218038012041081,0.4028590794257194,0.21477137820628125,0.8034987754286,0.19026921541668515,0.27021371992228366,0.2223250077089115
a,0,prototype,48,0.38515244517698277,0.6036136072679801,0.4106340047687729,0.8208524643452115,0.02029664324746292,0.3902547065337763,0.3801712306385204,0.19965537908300868,0.8422974567439777,0.23523726684063012,0.4236540158870256,0.1539528432732316
a,0,prototype,63,0.40227126998039486,0.6522807971775851,0.4426211271948637,0.9269963018764553,0.031992687385740404,0.6921553693830922,0.38581560283687943,0.1813393237538247,0.8794511299460801,0.2457036236865364,0.14238707747532156,0.1346003134796238
a,0,prototype,78,0.4650353440506175,0.7409753120744901,0.4692644697974751,0.9338024498305968,0.03832576903681291,0.7022020789201439,0.45363452579766195,0.7098861593768724,0.8701028077071215,0.14482758620689656,0.1733835894462163,0.15915313013323598
a,0,prototype,93,0.5195815721458293,0.7807578461270842,0.5171902306338318,0.8990783080880251,0.05861546235472461,0.7384215264579373,0.5829286297058938,0.757875495074642,0.9105727212962604,0.18651459241865145,0.21049723756906077,0.3317301763472685
a,0,prototype,108,0.5451161639705809,0.7926645947586828,0.5459905188880602,0.9130803391199032,0.12207916070577014,0.709295970586774,0.6028130255312644,0.7868279116804315,0.9119276321924834,0.36882584173645533,0.1877575044143614,0.30343808976778536
a,0,prototype,123,0.578615490726175,0.8022312789579394,0.5787894045278033,0.8993790598214126,0.2033898305084746,0.7350563709848968,0.612385584619509,0.7907717800012746,0.9198167017923781,0.46616075576893296,0.2278697886921759,0.35270954434652163
a,0,prototype,138,0.595860749356451,0.8158640194911497,0.5902638315258075,0.8981181763318155,0.22171428571428572,0.7886672151378034,0.6308055428658443,0.7913804945054945,0.9356135100470286,0.5372913897504061,0.20397428404441847,0.3551818458109614
a,0,prototype,153,0.6218972882904353,0.824813568088795,0.6084016840603569,0.8928469241773963,0.28970099667774085,0.8124811576725958,0.6343471810089021,0.7910733725234051,0.945511996878242,0.5502296211251435,0.2420937840785169,0.4387905604719764
a,0,prototype,168,0.6496820133473339,0.8373747240762983,0.6479668260792967,0.8996094814276633,0.28864656831302116,0.8658316728342348,0.640317100792752,0.7964605714795168,0.9476293594711648,0.6448048048048048,0.2337363270005757,0.5301022340022719
a,0,prototype,183,0.6630828730382028,0.8518501932822243,0.657730241733399,0.9226606787896635,0.28938906752411575,0.8541832669322709,0.6551007763239421,0.8032573582196698,0.9630515658111608,0.6853306308588801,0.1729123635290646,0.6218601493550577
a,0,prototype,198,0.6583985972752044,0.8563196595411723,0.649283355512651,0.9354954005906808,0.30526315789473685,0.8521464117948002,0.6736631684157921,0.8120236129645128,0.9667311340052813,0.6365670659470843,0.1503030303030303,0.5933943935609215
a,0,prototype,213,0.6486610195428751,0.8520210030131132,0.6397503260430343,0.9561373159574059,0.29506008010680906,0.8134819145049325,0.6436109634803735,0.8038547266290809,0.9675952245594087,0.5498111733298606,0.22971346014928967,0.5786843171687154
a,0,prototype,228,0.6637062414237345,0.8580712303261439,0.6601531510166472,0.9545533025111747,0.29733333333333334,0.7999067816359823,0.6689283870491924,0.81094098672146,0.9692818635983027,0.576187875477881,0.25766076823478634,0.638562874251497
a,0,prototype,243,0.6910206177790372,0.8703816211900425,0.6753633493319804,0.9517249253134931,0.3113685734974656,0.8207118515713745,0.699430515494416,0.8339073777504772,0.9706474039280267,0.6446700507614214,0.34145325838017904,0.6452716033144811
a,0,prototype,258,0.7314823756334673,0.879252538164662,0.7203098891750651,0.953698614559445,0.29750778816199375,0.8673419694165774,0.6934075570976475,0.8314433651418546,0.9676108770006991,0.6374325632867617,0.6626896199079598,0.672209026128266
a,0,prototype,273,0.732475825879299,0.8818885587542254,0.7174103209271249,0.9560865661948694,0.2973372781065089,0.8604594449592743,0.6852394143252869,0.8375654808238487,0.9729324716680715,0.6504042375243937,0.6360532604984637,0.6962042788129744
a,0,prototype,288,0.7230255429227233,0.8817427447378344,0.7074476221463115,0.9541976013706454,0.2737169517884914,0.8431995379728559,0.7098382952999849,0.8431867728636491,0.9717181195458384,0.6922331441229406,0.5294748124330118,0.6896646509070918
a,0,prototype,303,0.7332904147842624,0.8810089216949191,0.714315894672266,0.9550610903148574,0.3769338959212377,0.8355336331544079,0.7061503416856492,0.8353847166458237,0.9729030807285811,0.6836150300321274,0.5377506538796861,0.6962812906959919
a,0,prototype,318,0.7433244455663148,0.88326353874927,0.7304369690548005,0.9569303054032889,0.3951367781155015,0.8498985801217038,0.702068358515476,0.8353571192454327,0.9723136350425187,0.697232317584568,0.5876162076828626,0.6933667083854819
a,0,prototype,333,0.7235802867527835,0.8810854549052496,0.712211728794278,0.9641520355006753,0.376984126984127,0.8165720013364517,0.7088353413654619,0.8426936503026822,0.972816603055216,0.7382690302398331,0.4184331797235023,0.6734666122671019
a,0,prototype,348,0.7486175482344168,0.889467449865981,0.7325273896815004,0.9656011588604538,0.42857142857142855,0.8695533022745958,0.7189237668161435,0.839542387797008,0.9745785638987621,0.7618419316532524,0.4947560419516644,0.6841893522864423
a,0,prototype,363,0.7486062010935305,0.8883739978724672,0.7393711473456999,0.9608855800900392,0.4260355029585799,0.8730542748893048,0.7199970923893291,0.8402759114933261,0.9727921122430808,0.7616810232315322,0.5071967100753941,0.6755376024711892
a,0,prototype,378,0.7528117865713218,0.8911448823640932,0.7415319745736778,0.966988775012201,0.4652605459057072,0.8677248677248677,0.727344365642238,0.8415179077732665,0.9751454355608592,0.7681178142358869,0.470311027332705,0.6928953399541635
a,0,prototype,393,0.7624280445435865,0.892689644020347,0.7484240010294577,0.9666647115177821,0.5060548119821542,0.8597907873004221,0.7328265667145409,0.8381013558466586,0.9769835729908325,0.7789473684210526,0.50084388185654,0.7016393442622951
a,0,prototype,408,0.7671043349298072,0.8932568474049034,0.7543007614055274,0.9665911999212521,0.548469387755102,0.8636050832683397,0.741657037993611,0.8360659571979885,0.9763999181715051,0.7797776601376389,0.5098537825810553,0.6815189873417722
a,0,prototype,423,0.7586137649356276,0.8874065809268818,0.7489605146167446,0.9644323385441339,0.5827564505978603,0.8584375566431032,0.7355296502787633,0.8305669679539852,0.9724840859452295,0.7628920786815524,0.48340203948795835,0.6370227162880618
a,0,prototype,438,0.7770127591932032,0.8927164352239071,0.7698019343751488,0.9669769720725134,0.6376146788990825,0.863761720904578,0.7413994369292042,0.8338088778708078,0.9745043549620456,0.7717788210745957,0.5437525437525438,0.6595174262734584
a,0,prototype,453,0.7592835953179107,0.890682098152482,0.7449551993077566,0.9696132058943762,0.6344206974128234,0.8582891276244818,0.7372098654398285,0.8438532110091743,0.9749475548925458,0.7468714448236633,0.39769175282519836,0.6706554979391038
a,0,prototype,468,0.7520281749601078,0.8883837276030687,0.7354129784473266,0.9673606656169204,0.632112676056338,0.8582621082621082,0.7320994182971973,0.8448083031360444,0.974844119544184,0.7095576863594185,0.3798828125,0.6693257848687596
a,0,prototype,483,0.7578844331496757,0.8907416617228345,0.7375755838774142,0.9672758681612061,0.6186440677966102,0.860818503742884,0.7344426073803074,0.8472378046044069,0.9756047636769631,0.7211047733413389,0.4192553948304482,0.6765761148129165
a,0,prototype,498,0.7463661402387758,0.8866834975036314,0.7268907434320924,0.9654493164716542,0.594392523364486,0.8588056227057033,0.7267299285638128,0.8447384834714425,0.9739960194192816,0.6960167714884696,0.39058371366802785,0.666582882996104
a,0,prototype,513,0.7379899001697634,0.8822374086151532,0.7162038193840368,0.9625057065163455,0.6056511056511057,0.856746847894125,0.7156935466779697,0.8440035273368607,0.9722232530522879,0.6226196390130816,0.3882466281310212,0.6742188472550729
a,0,prototype,528,0.7286727324125377,0.8831197219637813,0.7093176876713246,0.9653159814650498,0.5930599369085173,0.8561231318313629,0.743993314297653,0.8559598273279887,0.968613384149759,0.5684360021303035,0.361885954085411,0.6446670595167944
a,0,prototype,543,0.7397177582985832,0.8873106916810699,0.7190298448162304,0.9647551012353475,0.5950617283950618,0.8570914326853851,0.745328278592277,0.8535988026667876,0.9735990778269438,0.6039739636861939,0.3747886983820333,0.6892627412172192
a,0,prototype,558,0.7645645015100945,0.8968297355089079,0.7490319511261322,0.9665858418593648,0.6020025031289111,0.8599407061360165,0.766980509328423,0.8610908759788746,0.9750472343475145,0.756656699416204,0.3917426788286126,0.7010334645669292
a,0,prototype,573,0.7591134840143292,0.8958266839813707,0.7399196048068343,0.967328736174142,0.5792079207920792,0.8604285521764521,0.7616929598999236,0.8617229950623407,0.9751352156468475,0.7384801329505968,0.38852735598939503,0.699497487437186
a,0,prototype,588,0.7690174154912928,0.8999940406829187,0.7589769156289433,0.9686928836743116,0.5942647956070775,0.8604129263913824,0.7754869493999929,0.8694515794691542,0.9742798930821137,0.8038079470198676,0.38183143065338837,0.6929283341243474
a,0,prototype,603,0.7727667608525681,0.900208510598105,0.7610497773656827,0.9680018868666221,0.5847665847665847,0.8643960610714608,0.7721789024569663,0.8704503392967304,0.9728105725222991,0.80262606509289,0.43390938813638485,0.6857610474631751
a,0,prototype,618,0.7732796283225398,0.9012296493357747,0.7592767938662563,0.9685136807369724,0.603680981595092,0.8613651723361118,0.7683190458442043,0.8712616618711309,0.9763929646174838,0.7953481775634662,0.4010491177873152,0.7135858525510814
a,0,prototype,633,0.7684686496575899,0.8989426763746313,0.7589258052970415,0.9690312438593044,0.5891661594643944,0.8604003950085286,0.7636878780917375,0.8746476145387247,0.9719662995140075,0.8178262084381112,0.3898428053204353,0.6796492426830657
a,0,prototype,648,0.7828599330452368,0.903240389097246,0.7738095078724879,0.9671246899484232,0.5765336509827278,0.8650560352746647,0.7637487922705314,0.8761831010153158,0.9747726166860051,0.8310302366944863,0.4947209653092006,0.6965693092257765
a,0,prototype,663,0.7840664816376443,0.9029804367804954,0.7761258318579018,0.9671927646745877,0.5875706214689266,0.8664289632473944,0.7662187210379982,0.8769492914608632,0.9729318934539279,0.8373148271720272,0.49825935596170584,0.6837318962613674
a,0,prototype,678,0.7839701286550647,0.9040567121123416,0.7742041777248069,0.966046218156006,0.5936352509179926,0.8628628628628628,0.771177964145572,0.8799741044454036,0.9748062740987534,0.8264350658162573,0.478941565600882,0.7018518518518518
a,0,prototype,693,0.7931826474153469,0.907807253475936,0.7796358591526832,0.9680989326926864,0.6119951040391677,0.8638826904686006,0.7735114503816793,0.8795439273405155,0.9784234377039703,0.8417334601277,0.47570445972930997,0.7457503642544925
a,0,prototype,708,0.7862400983223038,0.9047429111488455,0.7752700747015733,0.9674206185161125,0.6085858585858586,0.8609747226768504,0.7739893211289093,0.8802659308666653,0.9745868135773947,0.8418094218415417,0.45951371849208117,0.7090144792153199
a,0,prototype,723,0.7957181285969116,0.9093903423653588,0.7826177971527737,0.9685987486719395,0.6090273363000636,0.8652908751309736,0.7807208653441884,0.8833814809183518,0.9777815119774454,0.8513119533527697,0.4857268335529205,0.7396235521235521
a,0,prototype,738,0.7964917668228526,0.9099576633767479,0.7818533622960709,0.9703114254838393,0.5859872611464968,0.8683862131933349,0.7749080318822809,0.8811494950370595,0.9785952116695735,0.8596141051230871,0.49978060552874065,0.7496935523412601
a,0,prototype,753,0.7998273025318435,0.9109875096847997,0.7861006428652018,0.9711007642286006,0.6109725685785536,0.8655980271270037,0.7816664113953132,0.8835815710625733,0.978186057356027,0.859880239520958,0.4926086956521739,0.7548513878653893
a,0,prototype,768,0.8017936390583397,0.9114099367456601,0.7879774648711579,0.97153633095645,0.5943877551020408,0.8704511036666513,0.7820801957111732,0.8835243894511019,0.9770171880403391,0.8602931289498453,0.5385427666314678,0.7383098930159875
a,0,prototype,783,0.8073864158502657,0.913026621755189,0.793861918530385,0.9717665088315618,0.6227327690447401,0.8705254440047852,0.7809985756630866,0.882964692655294,0.9794323860669799,0.8611334944936879,0.5322614766236514,0.7646623952686052
a,0,prototype,798,0.805757514845574,0.912527570706632,0.7933507595399626,0.9715443954659949,0.6382474837181764,0.8700105162086782,0.7828666076037133,0.8834894740258336,0.9792258870238684,0.8607391537225495,0.5090829503173561,0.7566111655239961
a,0,prototype,813,0.811742844596621,0.9149848223522344,0.7983323580027106,0.9719247125531579,0.6678486997635934,0.8672193468602574,0.7983032711708957,0.8895889458590424,0.9784523698668405,0.8585614600107354,0.511917543482929,0.7618692518021377
a,0,prototype,828,0.8051248688086263,0.9129062826667687,0.7894107195971451,0.9715712488203838,0.6610271903323263,0.8638238093080165,0.7923085744867923,0.886584069260312,0.9789856894127724,0.8607935440484197,0.46786516853932586,0.763164525069287
a,0,prototype,843,0.8088289190747607,0.9144028462269866,0.7944006264070202,0.9721812060717028,0.6526189042745334,0.86656,0.7957338981127794,0.8873162527575738,0.9790751358999181,0.8627978995556752,0.4993503681247293,0.7638266068759342
a,0,prototype,858,0.8143514590300038,0.9157720769502508,0.7997409436717239,0.9733956851495265,0.6572769953051644,0.870657525422169,0.7911179173047473,0.8871384241477335,0.9798823835932556,0.8609271523178808,0.5335301560522986,0.7752368919772584
a,0,prototype,873,0.8157983126005333,0.9149810444471975,0.8032913632431411,0.973794837543708,0.6545660805445264,0.8747173642194638,0.7822377351173163,0.883873473438916,0.9794463165341724,0.856911883589329,0.5656775264577714,0.770959595959596
a,0,prototype,888,0.8171190351697324,0.9171003491455876,0.8031620880614831,0.9742975514932554,0.6643952299829642,0.8735790878549404,0.7950472967776667,0.8887493504243894,0.9799642817278714,0.8623030961434003,0.538183365241438,0.7775520568816658
a,0,prototype,903,0.8161061211911378,0.9166784814327706,0.8015469080483726,0.974158583042061,0.6647727272727273,0.8720877112836912,0.7930941044400573,0.8893203045794775,0.9798166845019308,0.8679603745420003,0.5304010349288486,0.7733435661294449
a,0,prototype,918,0.8118858008221653,0.9157132350483774,0.7946426714747222,0.9750245434910662,0.6690058479532164,0.8671284060876697,0.7925496753120505,0.8890893858348907,0.9800570860102086,0.8685215493726132,0.49233464739378013,0.7732610659439928
a,1,random,18,0.40154949658846745,0.5834232826267672,0.5047684454557271,0.6939740435181164,0.06004618937644342,0.2632532850022655,0.22506804382720358,0.7304582745674499,0.6869357132122585,0.33144671452236335,0.3839496459480724,0.2388135593220339
a,1,random,33,0.4889010383742718,0.6736955990415706,0.5163267057704319,0.8895405669599218,0.06670862177470108,0.4956360978545939,0.2810166300596172,0.7302248663044179,0.7519145770425802,0.3092474137250257,0.582478863104875,0.2933417085427136
a,1,random,48,0.5174297776442969,0.7274665334220729,0.5337148448589935,0.9134946749479177,0.07535986452159187,0.5140947399011915,0.35349709627385206,0.7675375349902451,0.8393393987341772,0.3424900684642042,0.585427135678392,0.26562748528710034
a,1,random,63,0.5567013351112238,0.7773173751728625,0.5549183453248143,0.9144328913478966,0.07581420181526963,0.7355656108597285,0.5023353415013877,0.7608293140101036,0.8917241116654606,0.3593813593813594,0.5498097156928587,0.22041946972694895
a,1,random,78,0.5650730253249429,0.7765147468695476,0.559940439635501,0.9098542944785276,0.06844919786096257,0.7587117461215637,0.5048906610180051,0.7203800612535269,0.897180467011558,0.4603914259086673,0.5845684394071491,0.18123093486452538
a,1,random,93,0.5758694898676509,0.7807261094927763,0.5722285616560132,0.9103030074763188,0.09722222222222222,0.7697788470435829,0.5361111971024363,0.7049172102358254,0.9011908895541437,0.47835051546391755,0.6138130135465245,0.17113850616388687
a,1,random,108,0.5951739806638477,0.7915497443026732,0.5858657846508476,0.9038223938223938,0.117096018735363,0.7924356114378422,0.52424274112029,0.7515201389841357,0.9048603362174621,0.512664907651715,0.6560290117860381,0.19389466621938947
a,1,random,123,0.609272412381277,0.8042165609548463,0.5984468879317868,0.9276910276503938,0.11965811965811966,0.7914172669169118,0.5587479560850268,0.7614750052880209,0.9094334470989761,0.5311345646437995,0.6695699510070767,0.21432437308316796
a,1,random,138,0.618784765103591,0.8154214941393076,0.6088407092136495,0.9343513823317985,0.10654685494223363,0.8037120066732705,0.5731599901349399,0.809574609947993,0.9092234513677535,0.4863551935990856,0.7371428571428571,0.20899653979238755
a,1,random,153,0.6184839416485756,0.8156847178539893,0.610121073373421,0.9307869376926379,0.08831908831908832,0.8029919932574799,0.5641552188075344,0.8185430463576159,0.9092747997703852,0.5122257929299986,0.73534753178141,0.20471106592103033
a,1,random,168,0.6374426130405492,0.8155960363865301,0.6294821460420237,0.9077911062643887,0.23548922056384744,0.8079616660523405,0.5774111205652769,0.8253613176305459,0.90894596186076,0.5466723671084509,0.7528329775004106,0.17451777981892141
a,1,random,183,0.6385824453686655,0.8172655172726238,0.6305837571412998,0.9145456731732735,0.22671156004489337,0.8140195768866435,0.5644719564809604,0.8236529960169825,0.9116998793639851,0.5495680789798437,0.7501672240802676,0.19240506329113924
a,1,random,198,0.6680731286519094,0.8361982400523787,0.6630635569956369,0.9439126071180421,0.2304,0.8195378151260504,0.6040833809251857,0.818118278357721,0.924491038963436,0.5598937583001328,0.7702930279555406,0.3419282511210762
a,1,random,213,0.6532206064350916,0.8341729352152879,0.6414835482968086,0.9528028757407947,0.23669923995656894,0.7986164885653813,0.605035622881649,0.8172944080809911,0.926523445758988,0.5459126539753639,0.6679757229560871,0.328125
a,1,random,228,0.6656713715543694,0.838673399521268,0.6475857565233681,0.9527054654490936,0.23627287853577372,0.8328925702310264,0.6068105052733164,0.8188284329271055,0.9263972009943836,0.5281009110021023,0.7438116321191387,0.34522274745738435
a,1,random,243,0.6696370795391675,0.839864689056954,0.6531679063699303,0.9529933396034472,0.2349896480331263,0.8319737365698369,0.6186275170045121,0.8160555096038967,0.925942014251518,0.5271451081506947,0.7682453416149069,0.35076150102056836
a,1,random,258,0.673869767714225,0.8427875844783131,0.6570319115651158,0.952970724131981,0.21745788667687596,0.8276198847543705,0.6152603672881772,0.8243316230083716,0.9279083986437663,0.5427477669076989,0.746629659000793,0.40990159901599016
a,1,random,273,0.6805539596160544,0.8426864080377149,0.6752149047762473,0.9559010764304179,0.27166099129776766,0.8310837633981739,0.6070238220538189,0.8224809349758585,0.9269116868890354,0.5491837588949351,0.7561864569345866,0.4045531456698969
a,1,random,288,0.6829047235250534,0.8454628450068775,0.6745877562245686,0.9517397042789648,0.2875147695943285,0.835194283162126,0.6112980343545246,0.8229583734090858,0.9339444594230251,0.5469964664310955,0.7493145319232276,0.40718188914910225
a,1,random,303,0.6807019023123748,0.8447610226225415,0.6727617608946104,0.9515533181478858,0.28406020841373986,0.8314584566804816,0.6132068794677613,0.8248757110225288,0.9326402707779287,0.5458670069473983,0.7399644057741744,0.40269086357947437
a,1,random,318,0.6844441565171044,0.8486547583847671,0.6761503348147777,0.9508411286907649,0.2958816473410636,0.838038038038038,0.6308625951520679,0.8272441051892455,0.9368230713877151,0.5487077534791253,0.7602294455066921,0.3713696238692271
a,1,random,333,0.6935620723472833,0.8554670072528977,0.6835486554765393,0.9555932464729011,0.2887490165224233,0.8372653348057424,0.6469023724245541,0.8325187211335815,0.9416917955385878,0.5596548646236239,0.7586469023185101,0.42103639728562614
a,1,random,348,0.6978108924301047,0.8601946818119429,0.6850402564389565,0.9582832551467453,0.2925835370823146,0.8396013821423206,0.6604498861047836,0.835586293618359,0.9466175203095487,0.5613193403298351,0.7577497129735936,0.42810710416344216
a,1,random,363,0.7060449874351288,0.8644770112436679,0.6893137047299026,0.956792030272608,0.29855958096900914,0.8513881877839475,0.6731920691262414,0.8418910457107076,0.947427211133492,0.5538508745013808,0.7636572742955722,0.4676466131232005
a,1,random,378,0.7081368661138218,0.8653373948442641,0.6910761064867715,0.9585447582575395,0.2951388888888889,0.8517052375152253,0.6754051647373108,0.8399061456547243,0.9478309425948133,0.5611576542269612,0.7747781763262224,0.46876482682271076
a,1,random,393,0.7090343537978678,0.8655164433931546,0.6907771164319982,0.9587583655881176,0.3227252353204841,0.8520698051948052,0.6745456493019603,0.8419824549595029,0.9484968709627173,0.558344743648258,0.7719033232628398,0.4524827359421243
a,1,random,408,0.7135056557525012,0.8667463382686149,0.6949960558964743,0.9591933977547792,0.30362116991643456,0.853562477622628,0.6720343531937735,0.8386183338202575,0.949205040091638,0.559656915300965,0.7786568537258509,0.5070023603461841
a,1,random,423,0.7133826199452127,0.8665007558081883,0.6944913085634353,0.9588937010865436,0.32095238095238093,0.8503758624240552,0.6707168020706018,0.8394789534072757,0.9500201310347351,0.5644318351500672,0.7746530314097881,0.4909208819714656
a,1,random,438,0.7102928758362126,0.8660459293866156,0.6851644752175495,0.9573768011799856,0.2990170719089498,0.8556441244535871,0.6673168617251842,0.8418265454953439,0.9495759276298409,0.5622721749696233,0.7813303932377802,0.478275981925617
a,1,random,453,0.7104372103100466,0.8655582053736381,0.685795041662542,0.9555559745818641,0.2975206611570248,0.8551901336073998,0.66519271869703,0.8448413756331645,0.9482280375196175,0.5697587292072531,0.7809453742872908,0.4767018880997748
a,1,random,468,0.7148477226223868,0.8690683789829391,0.6884438365900826,0.9609364624637159,0.31693989071038253,0.8541045926230351,0.6790087463556851,0.8476806422836753,0.9497393724926542,0.5667682926829268,0.772133526850508,0.4863179771388985
a,1,random,483,0.7188870979118757,0.8708130349819038,0.6943305127913022,0.9622211242446125,0.31528150134048255,0.8571870807966154,0.6885882968388013,0.8447809150729549,0.9501182463161725,0.5861756715967401,0.7887823926162584,0.4768486523842433
a,1,random,498,0.7267556983617127,0.8725596725303535,0.7044132188362685,0.9596575627864692,0.3564356435643564,0.8660208183036174,0.6913745130773511,0.8441062961737789,0.9516887480711109,0.5951807228915663,0.7985283812193412,0.4778085991678225
a,1,random,513,0.7279123986280349,0.8729143968252596,0.7050037084958204,0.9577358490566038,0.3642276422764228,0.8621048252911814,0.6948170845633571,0.8446183608863876,0.9526722296273303,0.6101141924959217,0.7931865106675843,0.47173489278752434
a,1,random,528,0.7402524543033336,0.8776836620531686,0.7239566666648166,0.9592245484090394,0.34948604992657856,0.874260201432873,0.6990902198635329,0.8479659287520518,0.9526466967583094,0.6845188284518828,0.8220108695652174,0.47306874557051737
a,1,random,543,0.7464306826244811,0.8811115600607248,0.7305444591110193,0.9605210838240584,0.3683945646703573,0.8744867730367445,0.7145534977881083,0.8534841770037637,0.9532070928196147,0.6947807933194154,0.8249874392899011,0.4734607218683652
a,1,random,558,0.748190059685268,0.8824773764306302,0.7311942483448785,0.9607059670119492,0.3573635427394439,0.8758942457231726,0.7165595576147064,0.8541142411758156,0.9542726101614392,0.6939171400859083,0.827457627118644,0.4934256055363322
a,1,random,573,0.7427812887562734,0.8809490177233167,0.7273484859335215,0.9621085436302828,0.34259727134916623,0.875324136500363,0.715999848593815,0.8540939507792179,0.9525066203168652,0.6931988551178956,0.8265905657210005,0.4626118067978533
a,1,random,588,0.7453862334877573,0.88144251013439,0.7294484487952031,0.9625121250737014,0.34720082177709294,0.8738649924765216,0.7147637129215384,0.852163059709809,0.9532890722475706,0.6954508308362843,0.8256263662350765,0.4836051201122216
a,1,random,603,0.7497852371409471,0.8828562294126633,0.7352037256511397,0.961692591115416,0.3472367049009385,0.8726522187822497,0.7100654789097001,0.8552006042564535,0.9546234439455336,0.7187116145762249,0.8319495184324145,0.4959349593495935
a,1,random,618,0.7498457141395476,0.8830421887642474,0.7347323244194545,0.9614354884648249,0.36077235772357724,0.8695964309522588,0.7181109479154898,0.8557539371401689,0.9541917178333896,0.7231393775372125,0.8131830601092896,0.49242810957971755
a,1,random,633,0.753164067113491,0.8853142092033881,0.738289806565492,0.9626784797612031,0.35175879396984927,0.8712466110798507,0.720099199639274,0.8576478220989284,0.9557981748687844,0.7210958904109589,0.8133150308853809,0.5248366013071896
a,1,random,648,0.7525437162946605,0.8840635409344004,0.7378980841069257,0.962661442185152,0.35412474849094566,0.8709462574926994,0.7147273961239725,0.8560446927374301,0.9546825034262221,0.7218660482880916,0.8154843110504775,0.5223560468569542
a,1,random,663,0.7501727015016092,0.8849660446592121,0.7329047644703676,0.9629601460298144,0.32461873638344224,0.8729737995718218,0.7141139335638058,0.856272783853472,0.9566683774470269,0.7235447915233246,0.8107827890098497,0.5296189561319244
a,1,random,678,0.7506619819705447,0.8856372731976676,0.7348110727678927,0.9625320786997433,0.31768558951965065,0.8689556362892085,0.7203127909141687,0.8586572438162544,0.9563120593385839,0.7265261428962496,0.8078297872340425,0.5371465090270011
a,1,random,693,0.758201903337826,0.8896869555628225,0.7422978040287709,0.9639118352430621,0.3215909090909091,0.8724047777720818,0.730570909225804,0.8594140563424685,0.9590717183650668,0.7439524124256444,0.8077384009587399,0.5651621106166561
a,1,random,708,0.7657225067877201,0.8934851073857347,0.7518132154691625,0.9657291149868336,0.3365222284749578,0.8788523925385239,0.7392089645766523,0.8608960613926193,0.9612958979167816,0.7463672391017173,0.8090469613259669,0.5935837007754295
a,1,random,723,0.7660303367233102,0.893816779908306,0.7496451553039408,0.9652439024390244,0.3528748590755355,0.8759588211546225,0.7432187395921992,0.863803238811685,0.9612749150362818,0.7518936877076412,0.7893904795362726,0.5906143871565298
a,1,random,738,0.7635744609537599,0.8924131959196113,0.747227707104821,0.9644182991604318,0.35176991150442477,0.8746669347946308,0.7393350876542752,0.8631782596958517,0.9605492949978859,0.7464638377368562,0.7873207012573048,0.5844678217821783
a,1,random,753,0.7640913734586845,0.892791129316048,0.7485237082762837,0.964052598527089,0.343342776203966,0.876648877253046,0.7420341105831215,0.8630124616218169,0.9603709018655481,0.7496021220159151,0.7983163802174675,0.5794421328401911
a,1,random,768,0.7675878214802275,0.8949579740009038,0.752307720539588,0.9654423117244534,0.35804503020318507,0.8765781234218766,0.7473296500920811,0.8662245082115142,0.961821675139503,0.754968654128318,0.7933216168717048,0.5845588235294118
a,1,random,783,0.7733883645156584,0.8962552431297622,0.7549125693752171,0.9656040268456376,0.38220551378446116,0.8892113690952762,0.7454271097861691,0.8655592868894949,0.9620276446839622,0.7496983509853867,0.8112200998107039,0.5895418787598334
a,1,random,798,0.7728444482005938,0.8959569569617051,0.7541325641674854,0.9652132430111631,0.3746110765401369,0.8888777655420963,0.7463058702746306,0.8648856342102884,0.9615193872490495,0.7520794204453984,0.8160247592847317,0.5860828772478499
a,1,random,813,0.7735129203039153,0.8961464211624844,0.7550813266637207,0.966018118573449,0.37791411042944784,0.8892443022790884,0.7422518927385969,0.8669847029048803,0.961398290692444,0.7497997329773031,0.8145091971806774,0.5934959349593496
a,1,random,828,0.7744555153692011,0.8975538410490844,0.7554499226350708,0.967656790926305,0.37593984962406013,0.8894105894105894,0.745632944324686,0.8672736627815932,0.962955476746109,0.7505032881492417,0.8134251290877796,0.5973019072724454
a,1,random,843,0.7736753795937201,0.8968481974016596,0.7547654900436807,0.9663161919327089,0.3791174642635177,0.891619439289834,0.7437429958909226,0.8669585418155825,0.9625706733240326,0.7495991448423303,0.815653964984552,0.5875
a,1,random,858,0.7753643777444277,0.8980784354824315,0.7560397842786892,0.9663965134949155,0.37844940867279897,0.8907741251325557,0.750574968469471,0.8693414486786457,0.9626338929223766,0.7503676962160717,0.8188393608074012,0.590901985305612
a,1,random,873,0.7736909888790033,0.8972595921011179,0.7552444641237785,0.9672601952900631,0.3855271366188397,0.8906669367498861,0.7468019244396374,0.868307897961457,0.9627598602463113,0.7446178686759957,0.8213806970509383,0.5758963828779023
a,1,random,888,0.7735578853493679,0.8986243265337066,0.7557516208024139,0.9669264798820307,0.3615819209039548,0.8917042517610094,0.7514665478577263,0.8707227731617976,0.9633761467889909,0.7494957644211375,0.8188976377952756,0.5878494455723879
a,1,random,903,0.7780191291725633,0.9005551902790541,0.7602152966359851,0.9668747367211734,0.3754740834386852,0.8924899984807819,0.7612477281999925,0.8731150993703928,0.9635430038510912,0.7669232811255641,0.8230355943586299,0.57946863700676
a,1,random,918,0.7789071442946982,0.9019622308788671,0.7586556831917006,0.9669008557152976,0.3745173745173745,0.8932889963724304,0.7700841200455497,0.8761639152534749,0.9636106986379218,0.7736228387615601,0.8169833932545797,0.5749921060940953
a,1,uncertainty,18,0.40154949658846745,0.5834232826267672,0.5047684454557271,0.6939740435181164,0.06004618937644342,0.2632532850022655,0.22506804382720358,0.7304582745674499,0.6869357132122585,0.33144671452236335,0.3839496459480724,0.2388135593220339
a,1,uncertainty,33,0.39692079052872936,0.5436417234850983,0.489168914475542,0.6671185605126941,0.07851458885941645,0.36469755925008845,0.17300171107308726,0.6430509262847841,0.6240303438150007,0.2076040264153363,0.43976854287217254,0.374500855675984
a,1,uncertainty,48,0.40959777058525176,0.6016332154098805,0.4938948600515522,0.8729879074237207,0.06667855232661793,0.20038256051711628,0.330883143891857,0.5562241017199296,0.7041014472540794,0.2235061076262793,0.3979946797626356,0.33362143474503025
a,1,uncertainty,63,0.4688614219851386,0.6953096054244149,0.5360556303218253,0.9087560105475415,0.06677209629239149,0.28501338090990186,0.4498276615369678,0.518408171951479,0.8863573775909233,0.2851351351351351,0.5431811573131724,0.2763018065887354
a,1,uncertainty,78,0.4419571722503921,0.6553699749403413,0.5039287005025691,0.9119382925261497,0.03635014836795252,0.34838255977496485,0.4179020454118972,0.29858448835151874,0.8706491764179772,0.2128914830854202,0.5526157546602526,0.32830060165739583
a,1,uncertainty,93,0.45715905504471316,0.6700486315991858,0.5026633388863071,0.902975809788947,0.04879448909299656,0.3873414230557088,0.45065453532633926,0.2723245341046388,0.9023771646743329,0.21671246161305965,0.5164976958525346,0.4167533818938606
a,1,uncertainty,108,0.48894251277558826,0.6943865266435162,0.5351532273095754,0.9320212352712677,0.06098901098901099,0.689458376776601,0.43542088175786947,0.22135086303002344,0.9184116070498433,0.20409135574546647,0.5513784461152882,0.3873608382449247
a,1,uncertainty,123,0.4795609309512149,0.6941573300428581,0.523924663146205,0.9276651406147809,0.046822742474916385,0.5519488503627198,0.45905791806712454,0.24346197077557138,0.930256671456897,0.21541950113378686,0.5464208603222056,0.3949947233529323
a,1,uncertainty,138,0.5282139970310026,0.7107296059211483,0.57277668426734,0.9235731828012169,0.09791666666666667,0.8226234190126479,0.532140563760767,0.08173015399053023,0.9571210378443611,0.31031373963216735,0.6049264235444658,0.42358078602620086
a,1,uncertainty,153,0.5906807411491236,0.790847711530325,0.6140621260699742,0.920942322124801,0.13674033149171272,0.8235951063505762,0.6428532828965144,0.5587486140661053,0.9411889167796724,0.3424724363352522,0.6126126126126126,0.33697304768486525
a,1,uncertainty,168,0.6275738268932739,0.8340732740505866,0.6185508508023663,0.9262759924385633,0.18028643639427128,0.8112408306643248,0.6682425245242879,0.7515802318486883,0.9603876552502822,0.3700543056633049,0.5884995507637018,0.39159691449204004
a,1,uncertainty,183,0.6478462469335088,0.846473388618687,0.6340719875857967,0.917692782681341,0.2108786610878661,0.8489208633093526,0.674208836569332,0.821558155652493,0.9552903981487654,0.27274655355249205,0.6337341566460839,0.49558581475385305
a,1,uncertainty,198,0.6591036298745708,0.8569008753455754,0.6429488088494778,0.9460172654276775,0.2425222312045271,0.8499652467480886,0.6806858865649142,0.8235123607602799,0.9636139261807711,0.29548180727708917,0.6434612882238127,0.48667265648397723
a,1,uncertainty,213,0.6805557076325487,0.8600816450279917,0.663057647799159,0.9439168057714077,0.2907421576128539,0.8553743368048733,0.6772754762624735,0.8206917088526822,0.9623162533820535,0.45706014795754263,0.6478543997328435,0.46977008231620776
a,1,uncertainty,228,0.6873708285268784,0.8550086968524497,0.6695360563448696,0.931685724824788,0.4139240506329114,0.8512351508524281,0.6484565312886865,0.8169418222647316,0.9636457696468043,0.46512345679012346,0.6392828035859821,0.45604214685544947
a,1,uncertainty,243,0.7018880888677317,0.864598488932682,0.6816266980238195,0.9384068093348978,0.4116059379217274,0.8592266275085658,0.6789591315453385,0.8320447991976263,0.9642914121080736,0.5317599067599068,0.6445916114790287,0.45610656395442145
a,1,uncertainty,258,0.726189801383717,0.8692214152946469,0.7094989429130878,0.9412358605216415,0.5433312845728334,0.8496621621621622,0.6845881025310334,0.8334827478369644,0.965955446940502,0.5502461627570229,0.6338322871398681,0.5333741579914268
a,1,uncertainty,273,0.7172001626376032,0.8672906315400422,0.7070630749634875,0.9431271638439225,0.5290806754221389,0.848000788837943,0.6831805796383453,0.8412356472089181,0.962782483874928,0.47927833703752126,0.6281072298943948,0.5400085579803167
a,1,uncertainty,288,0.7319358491497515,0.8727788110692954,0.7300139699089964,0.9527094903239258,0.5063775510204082,0.8517716535433071,0.6619543332048151,0.8411068863540346,0.9662141183776003,0.5510498833462949,0.6345618345618346,0.621676891615542
a,1,uncertainty,303,0.7472549754312574,0.8829706846628234,0.7446253187723686,0.9560313952602302,0.513738019169329,0.847414006434051,0.7399288669521666,0.8371018999062622,0.9686672799294123,0.5974546311572001,0.623003710275851,0.641954969796815
a,1,uncertainty,318,0.7435890749599896,0.8832810602589528,0.7340898849911887,0.9594498275895282,0.4801587301587302,0.8459749641284449,0.7239391946776003,0.8492736730773381,0.9676599244775115,0.600655737704918,0.6256641442601836,0.6395254785656511
a,1,uncertainty,333,0.7573462279159862,0.8907502548824477,0.7360193980290628,0.9588537128473231,0.5032509752925878,0.880424660085677,0.7336593696630958,0.8518908692193581,0.9729261707476027,0.616350520972482,0.627033540871661,0.6717262315440872
a,1,uncertainty,348,0.7576101876601424,0.8916402719677381,0.7399809978845594,0.9591880053258206,0.46785058175137784,0.8800749239054085,0.7302221699776654,0.8560455738334507,0.9724061294810858,0.6341798215511325,0.6355250245338567,0.6829994585814835
a,1,uncertainty,363,0.7684565209733639,0.8945099899424708,0.7524820188628442,0.9602964735856705,0.48068669527896996,0.8777167535088954,0.7319849265554103,0.8559635208436885,0.9730461998411735,0.7095295861976008,0.6359606860666795,0.6909238468821859
a,1,uncertainty,378,0.7780653586378616,0.8989633256854457,0.7602540727745652,0.9597463361818955,0.5146699266503667,0.8822728339985912,0.7525360284484373,0.8594534177825506,0.9749214254404373,0.7202854790008235,0.6410658307210031,0.6976369495166488
a,1,uncertainty,393,0.78546269623712,0.9005953599938407,0.7756289854217189,0.9549726523380325,0.5199286139202856,0.8817487986431735,0.7526583448913546,0.8652411519777932,0.9746556111669311,0.7795171132926506,0.6428846895487852,0.6975572903550743
a,1,uncertainty,408,0.7829516355208956,0.9014420544102727,0.7679246927670075,0.9625320986693643,0.5031210986267166,0.882505297857311,0.7523636638680886,0.8618677896214414,0.9755421126105165,0.7596695948603644,0.6374829001367989,0.7114801634374588
a,1,uncertainty,423,0.7890053974948326,0.9037271068096947,0.7709201095371544,0.9633925049309665,0.5226567349472377,0.8815312984997413,0.7634601043997017,0.8665832400272234,0.9744709594440795,0.7910611461475185,0.6335596508244423,0.7043329382325827
a,1,uncertainty,438,0.7901821431607005,0.9031803666172691,0.7755225738288879,0.9616233082258481,0.5256257449344458,0.8826503587422353,0.7600420451985885,0.8623869247913298,0.9759168287265321,0.7650501672240803,0.6725536132636512,0.7057902973395931
a,1,uncertainty,453,0.7908851738554484,0.9054765442854327,0.7708750341799249,0.9658143303165633,0.5099502487562189,0.8782853263504995,0.7693167840769317,0.8683550378465633,0.9754174610630636,0.77339830872868,0.6667843898993466,0.7106446776611695
a,1,uncertainty,468,0.7911591760702249,0.9030140031687617,0.7719959038633388,0.964211525906582,0.5225225225225225,0.8859784283513097,0.7612252252252252,0.8546070250769129,0.9757911932735881,0.7659128351055864,0.6803529623626868,0.709830866807611
a,1,uncertainty,483,0.7929262292896834,0.9073075571913459,0.770863604869851,0.9657007687758723,0.5125563425627817,0.8834479772956852,0.7739738702394611,0.8696293404472206,0.977342983544046,0.7636087945413191,0.6762023958519578,0.7138735903488067
a,1,uncertainty,498,0.7949863543624632,0.9066547942130376,0.7764501624932066,0.9641304563590527,0.5277078085642317,0.8794766173976254,0.77575846401876,0.8703018628373793,0.9755115609071434,0.7823108993448481,0.672122584015323,0.7075569358178054
a,1,uncertainty,513,0.7973012772590862,0.90936471302445,0.7815390802484445,0.9629908020967264,0.5113350125944585,0.885045875966758,0.7896521864626931,0.875047154110729,0.9757485335137289,0.8047405694464518,0.6773612112472963,0.6937901498929336
a,1,uncertainty,528,0.8038899323817232,0.9109138662250825,0.7913025158756238,0.9655920339150152,0.5313469894475481,0.8837658885505776,0.7862792986549046,0.875778462356774,0.9760874812023096,0.8300773014757554,0.6790516631280963,0.7070302727045285
a,1,uncertainty,543,0.7976193643062219,0.911038026171899,0.7776689053130884,0.9680334661983504,0.506485484867202,0.8856617473713989,0.7839270489676391,0.8799001357802987,0.976263846089781,0.8267581475128645,0.6406402498536014,0.7109041521148622
a,1,uncertainty,558,0.8018263798474586,0.9117604138923617,0.7823690346664058,0.968180474830066,0.5377643504531722,0.8861535559328428,0.7859709537355891,0.8840377834849606,0.9750528227749564,0.8301180535560034,0.638747553816047,0.7104118700434894
a,1,uncertainty,573,0.7975004798224111,0.910742887715216,0.775720293254349,0.9660531050435952,0.49440993788819876,0.8870967741935484,0.7891309883234513,0.8808777429467085,0.9742542794061949,0.8227590221187427,0.6478489390694958,0.7150735294117647
a,1,uncertainty,588,0.8043827470144427,0.9141947783756101,0.783450302332413,0.9695620481096948,0.519753086419753,0.8874240783464381,0.7930289714753854,0.8860825983235211,0.9761268302609307,0.8491761723700887,0.6452497551420177,0.7130411826821542
a,1,uncertainty,603,0.807129920185402,0.9149099926890206,0.787026741780399,0.970879899260192,0.5349112426035503,0.8850841830685321,0.7907687719036611,0.8873036019081798,0.9767407475858245,0.8507568255764606,0.6415239561285357,0.7262000536336819
a,1,uncertainty,618,0.8092637952483529,0.9152805344243575,0.789353250243831,0.9695595599542605,0.5399146861669714,0.8860795589563234,0.7924087811123245,0.888661544154459,0.9763585951940851,0.855701877276548,0.6502199273283611,0.7244696270918435
a,1,uncertainty,633,0.8097878205676755,0.9159554598627253,0.790220838383631,0.9683109707971587,0.531442663378545,0.8868530411786929,0.7952033681678069,0.8895092693565976,0.9767609606332708,0.8654273029966704,0.6406402498536014,0.7339425587467363
a,1,uncertainty,648,0.810736998061175,0.9164071782583224,0.79292670320742,0.9695931308834534,0.517632241813602,0.8895821516354698,0.7959787108219988,0.88666622507783,0.9768199961104268,0.8733469665985003,0.6565832848555362,0.7304302747537584
a,1,uncertainty,663,0.8089275535807054,0.9159344542289304,0.7920748967097005,0.9686365788227868,0.5184275184275184,0.8848048503220917,0.7986878075451066,0.8870196052250929,0.9768435854974049,0.8714638835484757,0.6388140161725068,0.735650136665365
a,1,uncertainty,678,0.8119963072762714,0.9167090860003485,0.7944419275429014,0.9692062178615758,0.5411173885750157,0.8850098804930836,0.8005447384887188,0.8888692227704152,0.9766898686661786,0.8756150902132313,0.6313337216074548,0.7395806368107688
a,1,uncertainty,693,0.8088265114594078,0.9162308882111369,0.7934190882450456,0.9694269775876683,0.5261845386533666,0.8827320193800273,0.8003091986601392,0.8895489305109165,0.9765845968377614,0.8736442516268981,0.6250243997657623,0.7359836901121305
a,1,uncertainty,708,0.8189287225724806,0.9192568913061199,0.8021597371834422,0.9711383234240265,0.5682242990654206,0.8935295491707544,0.8064980616577442,0.8910610191280448,0.9768585532420294,0.8774608276416231,0.6500201369311317,0.7355677328915509
a,1,uncertainty,723,0.8213048723119756,0.9198080986714624,0.8053842369747494,0.9715038643827804,0.5624607658505963,0.894722039936252,0.8034238488783944,0.8888987448441035,0.9778851065805972,0.8753514526710403,0.6700949367088608,0.7474030909551558
a,1,uncertainty,738,0.8220844271481624,0.9187871397149059,0.8083277753245497,0.970853519240616,0.5972957084068196,0.8918780544565976,0.8006726457399103,0.8890845845625468,0.9773001914889662,0.8759972954699121,0.6500506585612968,0.7456271864067966
a,1,uncertainty,753,0.8251510319914082,0.9205648436512668,0.8121555613717482,0.9710467706013363,0.5977816695855225,0.8962976778886506,0.8063063063063063,0.892998678996037,0.9771260343434531,0.8834044823906083,0.6636989073249696,0.7376987604857894
a,1,uncertainty,768,0.8259286332107494,0.9204223083345185,0.8135253748737202,0.9728615191265415,0.5988304093567252,0.8964061180444778,0.8010209826958448,0.8899359298971796,0.977805465415764,0.8746837128778798,0.6723186119873817,0.7494949494949495
a,1,uncertainty,783,0.8258464943723198,0.9211799779550746,0.8118234299645943,0.9728314367838721,0.5907473309608541,0.8945761915942709,0.8036719428808885,0.8924540294124094,0.9781823918631736,0.8786789186309761,0.6671890303623899,0.7542871768620425
a,1,uncertainty,798,0.8224007948410936,0.9195455110569375,0.80828438887844,0.9704638013522597,0.5709134615384616,0.8899629299422833,0.8022440392706872,0.8927079916912649,0.976757548236428,0.8785046728971962,0.6669253152279341,0.7531273934133266
a,1,uncertainty,813,0.8259870887483509,0.9192439750390551,0.8169676647782247,0.969577007581006,0.6231101511879049,0.8888054094665665,0.8023472926113631,0.892980689232386,0.9764789736279401,0.8790011953778722,0.6465280502157709,0.7550550294343487
a,1,uncertainty,828,0.8241783742267355,0.9178627132541738,0.8123245839632527,0.9706324110671937,0.6152112676056338,0.8882499882169959,0.7985810306198655,0.8872618207480593,0.9761199007002853,0.8743759276750775,0.6563407550822846,0.750832266325224
a,1,uncertainty,843,0.8234799144824038,0.9174181745964625,0.8080191387479356,0.9700061292682445,0.6039952996474736,0.8901408450704226,0.7954758248754729,0.8854196442314035,0.9760219143600137,0.8768194070080862,0.6537702329253849,0.7596699329551315
a,1,uncertainty,858,0.832503204588348,0.9192219466035773,0.8186709263240777,0.9692289414280623,0.6595505617977528,0.8920395666509656,0.7984510984165932,0.8901535721267676,0.9760563771051244,0.8748816447991343,0.6724671307037896,0.7596999482669425
a,1,uncertainty,873,0.8261915823161788,0.9167115353059289,0.8107294896173368,0.9695962653057187,0.6480047647409172,0.8828283783145059,0.793134803364401,0.8857105424054502,0.9759375115685041,0.8803338268946023,0.638420245398773,0.761757902852737
a,1,uncertainty,888,0.8307185371761626,0.9163575041129437,0.8171619604952111,0.9668811055515845,0.6609491137793024,0.8884172797585361,0.7966643400315933,0.8814798306217962,0.9743504514985319,0.8841879769714821,0.6635730858468677,0.7599636505257692
a,1,uncertainty,903,0.8297067232048128,0.917445207029718,0.8144402664993906,0.9675396825396826,0.6624569460390356,0.8870884167883556,0.8004042823987423,0.8866832456700191,0.9750066938112253,0.8814245244840145,0.6451612903225806,0.7615954267896583
a,1,uncertainty,918,0.8337311652859838,0.9187784994112559,0.8197405934921638,0.9672606055795865,0.6670461013090495,0.8939651910707529,0.7989227326176839,0.8875049167431494,0.9759351125645502,0.8792778226893021,0.6742395071236041,0.7594284978761745
a,1,margin,18,0.40154949658846745,0.5834232826267672,0.5047684454557271,0.6939740435181164,0.06004618937644342,0.2632532850022655,0.22506804382720358,0.7304582745674499,0.6869357132122585,0.33144671452236335,0.3839496459480724,0.2388135593220339
a,1,margin,33,0.5238872754126701,0.7276521840943694,0.5557767583995873,0.9148936170212766,0.09617861743237441,0.2923609749722277,0.371782290329886,0.7721084212704324,0.859844750519253,0.37108744756373024,0.605224609375,0.43150475022984985
a,1,margin,48,0.5200597522629485,0.7200235188241844,0.5300354136730151,0.9229684940378681,0.19866814650388456,0.40443359503859605,0.3236255149879244,0.7300796450521875,0.8538491194087392,0.3250892401835798,0.5793846153846154,0.34243939976914195
a,1,margin,63,0.5262422992995588,0.7558366007304528,0.5232580675750745,0.9065776930409915,0.22994422994422994,0.5367620427381383,0.40954184704184704,0.7761031634092282,0.9025760494601497,0.3146135265700483,0.4225621414913958,0.2375
a,1,margin,78,0.5782501761466159,0.799719427627688,0.5514207906712039,0.9338727473335785,0.24511545293072823,0.6974913404009657,0.5689597315436241,0.7959454191033138,0.9170329924575448,0.3252285547558841,0.4841957387028799,0.23640960809102401
a,1,margin,93,0.6527845688574166,0.8413471409000256,0.6229759780356037,0.9471675521963631,0.24770079705702022,0.8063788175116594,0.5774471214152861,0.8180170851669687,0.9528793888644043,0.59633627739614,0.6130811662726556,0.3160529138362531
a,1,margin,108,0.6416308692972118,0.8387513250399392,0.6184906887068236,0.9482908404154863,0.21127673363577446,0.8138300416048969,0.581339069642377,0.8115895046094621,0.9502789719198756,0.584135833755702,0.5507380073800738,0.32319882071125855
a,1,margin,123,0.6490708717988203,0.8426804726550887,0.6232595293573788,0.9567637068452667,0.09115281501340483,0.8427446142165702,0.5537627239187447,0.8081303043964013,0.9497181968286765,0.6278297615454271,0.6164859002169197,0.3950498232079717
a,1,margin,138,0.6733965088279693,0.8517273015368966,0.640027350668433,0.9536471844956509,0.23304805793285055,0.8473319206318628,0.5795484727755644,0.8141076532232455,0.9589999542103577,0.6233493397358943,0.5991598496573071,0.45137614678899085
a,1,margin,153,0.6762533210254298,0.8528822184945795,0.6495674102947047,0.9573959938366718,0.21412639405204462,0.8479450065353149,0.5842176514258265,0.8128302964761575,0.9571777397135464,0.6352209085252022,0.612360777462328,0.46500512120177534
a,1,margin,168,0.6954075783359978,0.859329656968515,0.6631980027107324,0.9563355834136933,0.28890439637124915,0.8627958225543738,0.5973541383989145,0.8234479387322796,0.9583729607140244,0.6626946513202437,0.6333113890717578,0.4754513244474439
a,1,margin,183,0.7022960181591357,0.869968690254196,0.6701760433312263,0.9594094518541362,0.2635771180304127,0.8684036001894837,0.6687666034155598,0.8295091237303986,0.9626079494623067,0.6432860262008734,0.6288864388092613,0.4962178517397882
a,1,margin,198,0.706485421522719,0.8774004726064232,0.6740239632211605,0.9612550051260228,0.17795275590551182,0.8717803832933089,0.681648504958335,0.8487970295967205,0.9643011068215789,0.6665683962264151,0.6246126604692341,0.5614529513073431
a,1,margin,213,0.7196511956630052,0.883160201153576,0.6870381179796246,0.9612429767228529,0.22437449556093625,0.8743574306488214,0.6944807254543419,0.8485811973257258,0.9708359858654636,0.6822231650403054,0.6224988883948421,0.5982658959537572
a,1,margin,228,0.7208137200895872,0.8836965879722363,0.6893064238476575,0.9603302954774634,0.24853064651553317,0.8700387668451173,0.7096916461464956,0.8538507383616979,0.9687910461566922,0.6610821202966218,0.619079386257505,0.5959288347491585
a,1,margin,243,0.7373938386207363,0.887593013992037,0.7027003216511872,0.9588275547445255,0.3460639127045986,0.8742448697256168,0.7197110730508601,0.8545729105114569,0.9712190243360374,0.7133952070923951,0.6061421206007621,0.5923678748203737
a,1,margin,258,0.7413635841114672,0.894438633823811,0.7059104165368595,0.9608295370070336,0.2966666666666667,0.8765483261960676,0.7468298437039221,0.869007767202713,0.9725005092498287,0.7290950744558992,0.6035182679296346,0.6172762645914397
a,1,margin,273,0.7466701253595656,0.8983117310193026,0.7143177759268999,0.960436457975659,0.2467866323907455,0.8850595953062922,0.7547882784425591,0.8735948913091021,0.9733671880791757,0.7457246986262966,0.653964082347788,0.6263093037584719
a,1,margin,288,0.7495568077157115,0.8974082855435216,0.7156815486079011,0.9604758104359062,0.2781456953642384,0.8915252678530372,0.7501809758216302,0.8659611211973608,0.9737525987525988,0.7546166759932849,0.6653508771929825,0.6060022468303643
a,1,margin,303,0.762409106815877,0.9013727698456073,0.7259129887562751,0.9623311197618503,0.3416599516518936,0.8930365454629245,0.7636311732800457,0.8703213610586011,0.9741552909733757,0.7557550311278414,0.667396540398511,0.6333949476278496
a,1,margin,318,0.7538395377831207,0.901470545273876,0.7189402169777965,0.9656443130781928,0.30198019801980197,0.8877175444176852,0.7683336910638907,0.8755195021669074,0.9737237098119151,0.7550961814527706,0.6288170097263063,0.6277236903106166
a,1,margin,333,0.7569156088810318,0.9031807044875754,0.72114276770137,0.9651745126743201,0.2899751449875725,0.8901930218696987,0.7726995296736437,0.8804953560371517,0.9730624168022481,0.7560187903699354,0.6422547714158899,0.6423669360988257
a,1,margin,348,0.7613545276367638,0.9032716700450065,0.7242368995145401,0.965011611615454,0.3410728582866293,0.8884202805537728,0.7732210950428088,0.879923831454952,0.9734925936548764,0.7575934579439252,0.6377198842128702,0.6357351359655861
a,1,margin,363,0.779334009382087,0.906976097689418,0.7462103958424273,0.9665675932940925,0.42468772961058043,0.8896764394532148,0.7826024751412833,0.8806350626118068,0.9731063090695762,0.7822763306908267,0.6391294692427271,0.6753246753246753
a,1,margin,378,0.7782062523900497,0.9083038469638008,0.7439519333945561,0.966937017346424,0.40657698056801195,0.8916624604230716,0.7939175114567422,0.8828857532999544,0.9730173822337509,0.7796803652968036,0.6420250896057348,0.6671537112799533
a,1,margin,393,0.7778045912053129,0.9083065624621907,0.7433955645513458,0.9667714762625674,0.3951551854655564,0.8928669787937208,0.7880961681877907,0.8838656252098207,0.9734220497181406,0.7732449185526885,0.6435908887896382,0.683228029867892
a,1,margin,408,0.7831427565485511,0.9102567107717113,0.7498257576389104,0.9664880397639019,0.4178438661710037,0.8918573903528768,0.7933370976849238,0.8849652941572882,0.9750368195333413,0.7865492856111993,0.6350496838301717,0.6971573318322545
a,1,margin,423,0.7854063635233114,0.9125409206155709,0.75356878856731,0.9677670204906879,0.39663093415007655,0.8928929842167685,0.8013747672919949,0.8877103472968134,0.9752482118568006,0.8137227886470102,0.6368765515684947,0.6964336661911555
a,1,margin,438,0.7894036620975453,0.9123110707174308,0.7568088842898323,0.9678660990260687,0.4291845493562232,0.8922305764411027,0.7959337079858253,0.8841595913886959,0.976223931371099,0.8206122731680288,0.640143852551135,0.6982783775897287
a,1,margin,453,0.789715174937898,0.9133888486675705,0.759300956705991,0.9685674222949288,0.42,0.8930143888157596,0.8004996431120628,0.8871644201224572,0.9759322881457954,0.8210672210672211,0.6354590682948892,0.7057321225879682
a,1,margin,468,0.7895395912214587,0.9141576793678619,0.7608994027482324,0.9690223218637294,0.40613586559532505,0.8932630239112647,0.8025514226331255,0.8882053124368503,0.9763385914241279,0.8232589587559161,0.6349062993903816,0.7121745249824067
a,1,margin,483,0.7917685850258837,0.9146957889782271,0.7633777863442776,0.9687719572175814,0.413391557496361,0.8925114155251141,0.8042952638316029,0.8879864636209814,0.9766977178749503,0.8274833988345304,0.6384117778273477,0.7163677130044843
a,1,margin,498,0.8010269107531408,0.9155695651234342,0.7707122087758997,0.9685448577680525,0.4952638700947226,0.8917359502067148,0.8033401134782143,0.8894217839533841,0.9772278969837845,0.824322426625474,0.6358329591378536,0.7235523385300668
a,1,margin,513,0.8056644837569992,0.917374192559516,0.7766845961961429,0.969817734278849,0.5161290322580645,0.8912717524649008,0.8076964114236939,0.8922349763673194,0.9777963040155621,0.8302361324577336,0.6365881032547699,0.7292099072920991
a,1,margin,528,0.8103833831240286,0.9190700214828892,0.783385115269335,0.9696342439805503,0.5317616240995415,0.8918071522697324,0.813624076410164,0.8962130893926146,0.9776104873775067,0.8388941849380362,0.6446756696922736,0.7292299199558377
a,1,margin,543,0.8102731779541454,0.9192860885783848,0.7845320571226823,0.9695717432408725,0.5196335078534031,0.8906690942193901,0.8152664045308611,0.8978657510267286,0.9772349725761695,0.8344975819451907,0.6665226781857452,0.7211968680089486
a,1,margin,558,0.8131016600846201,0.9200267158874351,0.787507325401806,0.9690106805956186,0.5466237942122186,0.890045719976461,0.8181057989456463,0.8993987617621421,0.9777195768669954,0.8353920515574651,0.6482667255464782,0.7333518312985572
a,1,margin,573,0.8236983820390928,0.9229782947962109,0.7998492252586713,0.969986543674552,0.5601503759398496,0.8955018570315008,0.8222755710752219,0.9000291068669816,0.9779666205898452,0.8557743480574774,0.6947589098532495,0.7368421052631579
a,1,margin,588,0.8267642593525854,0.9248764511110963,0.8022311207611867,0.9712601038697333,0.5515898767034393,0.9000369208048735,0.8242697610126951,0.9029735707423874,0.9782927327037607,0.8587525150905433,0.7125539346620094,0.7411489185838269
a,1,margin,603,0.8303497602399621,0.9251470988423826,0.809120026562748,0.9709003498211808,0.5502846299810247,0.9056955246123038,0.8221464334953922,0.9003203907422759,0.977973241292286,0.8619302949061662,0.7478708655179244,0.7360261117911057
a,1,margin,618,0.8328611368942637,0.9258731545644804,0.8114268447697346,0.9709541947455806,0.5615141955835962,0.9063156420669374,0.8238443174419446,0.9006000404521654,0.9783789797696972,0.860260846420016,0.7502464025231619,0.7436356130452731
a,1,margin,633,0.8362023101284456,0.9263975006059411,0.8164125678498503,0.9723301634414482,0.5566218809980806,0.9092540979734517,0.8231458258688642,0.8977719528178244,0.9780410259262349,0.8633821571238349,0.782916822081313,0.7423568649249583
a,1,margin,648,0.8340531280283,0.927501157332988,0.8118006647093571,0.9726027397260274,0.5379959650302623,0.909952606635071,0.8277393520203858,0.9046436164260938,0.9778518518518519,0.8553993101618467,0.7834359261331841,0.7368567842699763
a,1,margin,663,0.8363976902329036,0.927809831812505,0.8191134322783921,0.9731736386549696,0.5359301544660846,0.9100125518972676,0.8250145942790427,0.9032286935314255,0.9780835362635532,0.8571804659734106,0.7995813710099424,0.7453742060204364
a,1,margin,678,0.8403055648237276,0.929527900320041,0.8215311606804934,0.972685502004106,0.5483443708609271,0.9144639002158791,0.8306951637610329,0.9055456171735241,0.9785736772903202,0.8625165562913907,0.8055355859094177,0.7443897099069513
a,1,margin,693,0.8358957551250218,0.9280834505594306,0.8201764359497836,0.9730004894762604,0.5294117647058824,0.9106749640976544,0.8298667828233329,0.9044285906582312,0.9773465184882837,0.8624046303604315,0.7980717728976968,0.7378562826174228
a,1,margin,708,0.840261477947655,0.9290396441950695,0.8235732575974627,0.9730470355653859,0.5581089954038083,0.9117703533026114,0.8304930117140459,0.9056401074306177,0.9779025488506545,0.8608193277310925,0.7992876224398932,0.7452842990907858
a,1,margin,723,0.8334518446038968,0.9277427209636638,0.8146340638440915,0.9719435736677116,0.5262430939226519,0.9056568047337278,0.8315352092141711,0.9057010163559265,0.9778037166731514,0.8639958511603786,0.7755781683626272,0.7426091673447247
a,1,margin,738,0.8352753310021575,0.9284941726250093,0.8146980027084699,0.9721863631029222,0.5354439091534756,0.9067688378033205,0.8337825041882148,0.9062191952683932,0.9781694186542133,0.8609618660725986,0.7713488372093024,0.7525970475669765
a,1,margin,753,0.8363575865438924,0.9286165107834937,0.8161319967260542,0.9724975077698939,0.5438477226376615,0.9063135493024356,0.8326610705330862,0.9058794521776163,0.9785122740635636,0.8618915710328453,0.7712101435763565,0.7544049878015723
a,1,margin,768,0.8352125195956405,0.9283623025511878,0.8152700113099479,0.9733656174334141,0.5327812284334024,0.9063932334735151,0.8326177160382464,0.9040380154494065,0.9782475547059151,0.863995782814971,0.7705530642750373,0.7549204637368563
a,1,margin,783,0.8380898576813964,0.9290377510651885,0.8188405528798203,0.9748604442362494,0.5515846257585975,0.908554852822293,0.8316466676304757,0.903382621024914,0.9788228746347571,0.8637261356155366,0.7772861356932154,0.752944361716529
a,1,margin,798,0.83764646553147,0.928732637943234,0.8183498889076057,0.9750663336975184,0.5525606469002695,0.9077382362697247,0.8308804917736395,0.902450009007386,0.9787972422496265,0.8615626638699528,0.7740259740259741,0.7557365919891378
a,1,margin,813,0.841021834859371,0.9298292848085528,0.8218621038197796,0.9755813049226223,0.5653616456536165,0.9088661754219158,0.8337916063675832,0.902693095147029,0.9792839492410308,0.8700237279198524,0.7803447011367803,0.7532503079239086
a,1,margin,828,0.8486460169009938,0.9309730507818439,0.8309027516394095,0.9753007248489088,0.6195372750642674,0.9121818442290244,0.8362437504528657,0.9031779232170569,0.9795876633637597,0.8641354676544516,0.7960467205750225,0.7516027827035875
a,1,margin,843,0.8485641123611325,0.9309916431937909,0.8323515909990276,0.9748000310631358,0.6112185686653772,0.9098439607012136,0.8366914878084392,0.9038754139443301,0.9794650496633309,0.8683056478405315,0.7996512641673932,0.7532255873964416
a,1,margin,858,0.8512632326192056,0.9317550448835582,0.8343438150646392,0.9745530775053863,0.6219126029132362,0.9134440072929662,0.8366417774540157,0.9036379530630085,0.980121243677477,0.8706038487060385,0.8032786885245902,0.7571758944361311
a,1,margin,873,0.8510682350098762,0.9320848612306434,0.834209861592226,0.9751243781094527,0.6163682864450127,0.9121556540165672,0.8370735267286992,0.9050474315374978,0.9801349116384517,0.8729399255715046,0.8018950693104053,0.7588749317312944
a,1,margin,888,0.8521829434783752,0.932720246102106,0.8362319676108747,0.9751158866541244,0.6164645820038289,0.9126345389314457,0.8392044620578306,0.9065512317029633,0.9801760272126546,0.8748841519925857,0.8070356958096223,0.7575799149403211
a,1,margin,903,0.8522389593924874,0.9324453007548991,0.8360203863758213,0.9752685874147612,0.6193146417445483,0.9123658785259989,0.8375110586847537,0.9052154799174049,0.9802741558007355,0.8759773523860879,0.8033183546491531,0.7609051254089422
a,1,margin,918,0.8517069305221872,0.9322591497698186,0.8353011877845894,0.9753748155053212,0.6177024482109228,0.9128686976316172,0.8363032650802436,0.9048477163006964,0.9803561150411259,0.8749833931181081,0.8061988507748563,0.756727073036793
a,1,class_balanced,18,0.40154949658846745,0.5834232826267672,0.5047684454557271,0.6939740435181164,0.06004618937644342,0.2632532850022655,0.22506804382720358,0.7304582745674499,0.6869357132122585,0.33144671452236335,0.3839496459480724,0.2388135593220339
a,1,class_balanced,33,0.3858096127017138,0.552028397880649,0.4704777195953478,0.6499047765615682,0.08336989907854322,0.2009933424918102,0.2791488815430534,0.7112781230428289,0.6346271220923662,0.3619022733211393,0.2946566004544455,0.25640549572966953
a,1,class_balanced,48,0.41659733271995814,0.5669567769116696,0.48986357079615267,0.6993199196589027,0.13333333333333333,0.2464422075668171,0.3931550802139037,0.6539823506267214,0.6290864070847787,0.2644117407919343,0.36998706338939197,0.35965789181383984
a,1,class_balanced,63,0.43032991543794,0.5895142862145715,0.4806206064084071,0.499007098673849,0.035111411208642807,0.45760880243638863,0.48149895531441667,0.6633555013048237,0.7147062090414307,0.3326949950830702,0.36227544910179643,0.32671081677704195
a,1,class_balanced,78,0.5215497633723417,0.7247852379178722,0.559055692378824,0.7687230054600277,0.07737226277372262,0.6247175888093064,0.5456328061724711,0.7137596899224806,0.8543155993678982,0.36771794518661344,0.3349598163030999,0.40674915635545555
a,1,class_balanced,93,0.5600880280813182,0.7655484785321902,0.5533545337140244,0.9310292151995417,0.13202084539664158,0.5076502052494092,0.541707806478326,0.6368086657639829,0.920133779264214,0.35394901796907646,0.558252427184466,0.4592402902262057
a,1,class_balanced,108,0.578606416213519,0.7812609364947263,0.5632841523018911,0.9505728314238953,0.1684064022268615,0.602162104017641,0.5539089848308051,0.6353492583419882,0.9301076238034288,0.28794612794612795,0.5695557174071376,0.5094486959237857
a,1,class_balanced,123,0.5830279034228416,0.796054528756026,0.5726533735664691,0.9542673931430594,0.20351390922401172,0.6275088236843491,0.5797918624482267,0.7216998061876391,0.9270650816328364,0.3355548503120702,0.5193028180485421,0.3785465861248398
a,1,class_balanced,138,0.5950521450456218,0.8117789325075292,0.5919051188361774,0.9522100417430656,0.21484375,0.7462772050400917,0.5740895190436475,0.7171569215992316,0.9503070807590265,0.3465521039876625,0.487820721013316,0.36621196222455404
a,1,class_balanced,153,0.6609335615690404,0.8354183144072764,0.6546218727282487,0.9518050932582278,0.555667001003009,0.8218257751146216,0.5961749668623367,0.7764664357724295,0.9550903988590882,0.3513227513227513,0.5653643876784372,0.3746852442504616
a,1,class_balanced,168,0.6972288217819433,0.8473590078580702,0.6811665465079246,0.9378684983752019,0.6338797814207651,0.8604610395301955,0.6545765611633875,0.7784439454617005,0.9578059071729957,0.301511879049676,0.6628691983122363,0.4876425855513308
a,1,class_balanced,183,0.7292323762536282,0.8590730456528204,0.7274177298671676,0.9328987654320988,0.6376237623762376,0.8707336737436173,0.6840844919403839,0.7922144522144522,0.9592125590904466,0.4861111111111111,0.7290601651592608,0.4711524052150457
a,1,class_balanced,198,0.7376096431047482,0.8595352903223213,0.7299494532791557,0.9398030208813913,0.6255656108597285,0.8782776704388628,0.6789401348803017,0.7765349602944025,0.9579743468986343,0.47179635522129015,0.7912087912087912,0.5183858972593307
a,1,class_balanced,213,0.7346045682899472,0.8591272441285606,0.7323967684932599,0.9271999512363615,0.6380165289256199,0.8738302678283317,0.6971062317552988,0.7985635785211607,0.9540677919023767,0.4482970236268794,0.7944385779655051,0.47992116284799213
a,1,class_balanced,228,0.7370893184515444,0.8673101311290773,0.7174831031849175,0.9467448563761057,0.6036621382161843,0.8837985300085675,0.6928271932912973,0.8042428710728471,0.9609765119289809,0.466265441875198,0.7487626212631162,0.5265237020316027
a,1,class_balanced,243,0.7527038848573453,0.8754907225761963,0.733146908452031,0.9506640609420492,0.6175963197239793,0.8705231702421836,0.7106161545855292,0.8294676893400083,0.9605341356511403,0.5309977674738108,0.7394130391963758,0.5645226265610312
a,1,class_balanced,258,0.7720473235633163,0.88320006125371,0.7520658697448683,0.9491701867830474,0.6325068870523416,0.8890000454731481,0.7107420033364764,0.8476832793203118,0.9613353521178774,0.6207559256886611,0.7670915411355735,0.5701406911624095
a,1,class_balanced,273,0.7675421175829295,0.8830637034823074,0.7494390154548021,0.9467214719123116,0.6269662921348315,0.8866382051049142,0.7094137542277339,0.8402277377457522,0.9676852137639478,0.6050583657587548,0.7440851735015773,0.5810828440965428
a,1,class_balanced,288,0.771552767407957,0.8843652238529719,0.745373360142842,0.954851178971782,0.6323185011709602,0.8873596522998913,0.7087078844438345,0.8325761171763748,0.9677539957005328,0.6254651350914091,0.7259017729773792,0.6090406688394502
a,1,class_balanced,303,0.7833919252879116,0.8897989340384097,0.7633088719601075,0.9545140488254261,0.6295198577356254,0.8963941318952516,0.7121158601200989,0.8395524071650949,0.9704180909808047,0.6598561151079136,0.7418899858956276,0.6462668298653611
a,1,class_balanced,318,0.7823201395435799,0.892057576048394,0.757655911458636,0.9566005359862726,0.5925457991156032,0.8953483074399745,0.7308405740505711,0.8336041828587578,0.9723222322232223,0.670351604483341,0.7131589871315899,0.6761090326028861
a,1,class_balanced,333,0.784668636728792,0.8903692945276388,0.7652809598016593,0.9555128727470268,0.5953429830081812,0.8915673569260048,0.7280393987188979,0.8246486075106428,0.970937179523366,0.7182906500984998,0.7090301003344481,0.66864858169206
a,1,class_balanced,348,0.7878797378196816,0.8845060679373857,0.7750714749909822,0.9472350716904355,0.6350941105039466,0.8943918426802622,0.7224620698162082,0.8001589390816302,0.9683236512952486,0.7544771808203351,0.7159884915741882,0.6527862829148806
a,1,class_balanced,363,0.7843357407741052,0.8881694392515175,0.7714137519211548,0.9494844567559249,0.6043613707165109,0.8909460374802438,0.7345417476346724,0.8229445691257028,0.9674132680650027,0.7392131051630833,0.6962212370698755,0.653895874955929
a,1,class_balanced,378,0.7878431684239371,0.8908728949263427,0.7723441797562712,0.9513201962769686,0.5959595959595959,0.8869010159129731,0.7374312274710682,0.8210628724309863,0.971751731406203,0.7582322357019065,0.6951735817104149,0.6727560589453172
a,1,class_balanced,393,0.7888322894204765,0.8915082378151866,0.7740358283707276,0.9564842908877361,0.592686002522068,0.8923566878980892,0.7317562274792417,0.815395930375092,0.9733544523276193,0.7430955120828538,0.7205070537722347,0.6738544474393531
a,1,class_balanced,408,0.7933801686327372,0.8969841485735598,0.7777474879264052,0.9563456168639635,0.5826972010178118,0.8942017037647706,0.7469524184034605,0.8388400285238887,0.9729386259998505,0.7722018607273753,0.7237669981733307,0.6524770642201835
a,1,class_balanced,423,0.7983519873432239,0.8997598725926527,0.786284719551261,0.9569854388036206,0.585832801531589,0.8970823982045527,0.7498987717640707,0.8425402042493251,0.9747661803217359,0.7807501008200027,0.7259109311740891,0.6714010592200289
a,1,class_balanced,438,0.8053113457512037,0.9028013766970098,0.7922968929334057,0.9620749098887321,0.6053639846743295,0.8840286215741866,0.7620869565217391,0.8583718629954225,0.9706470792669754,0.7932421560740145,0.7240744528533443,0.6879120879120879
a,1,class_balanced,453,0.7989449926494536,0.8975497800884238,0.7856416439298095,0.9568462611223507,0.5925441465009811,0.8811536548980606,0.7419457061371079,0.8483592558012434,0.9702261908115264,0.8033315421816228,0.7228140703517588,0.673284106040431
a,1,class_balanced,468,0.8039227780054053,0.9024668383805601,0.7875203401674999,0.9611871251029129,0.5978191148171905,0.889270696749107,0.753755345845262,0.8549837252179455,0.9726872081816735,0.8033137359700695,0.7138704318936877,0.6884176182707994
a,1,class_balanced,483,0.8023310013859457,0.9001577030871356,0.7829056059768998,0.9627130681818182,0.6007751937984496,0.8852532900667027,0.7474154791841296,0.8485069523592432,0.9712472586440204,0.7946379215035931,0.7211757400124198,0.6892541087231353
a,1,class_balanced,498,0.8087579030926589,0.9046007311325518,0.7901101884844706,0.9641762111051767,0.6003799873337555,0.8849333634515473,0.7618253047011028,0.8638834432364997,0.9699534805671828,0.820703933747412,0.7251722740170248,0.6877931296742299
a,1,class_balanced,513,0.8087616293034396,0.9065031304519117,0.7851359824022034,0.9688058265768861,0.5932762030323006,0.8900246417815095,0.755924944652125,0.8611673601993813,0.9739484926610884,0.8261527873365451,0.7079754601226994,0.7015789473684211
a,1,class_balanced,528,0.8073673555480599,0.9036291538022423,0.7823182955766343,0.9681523659925387,0.5975212002609263,0.8916962515560883,0.7407543024533138,0.8518198533483973,0.9739514266902826,0.8277374263395916,0.7159810126582279,0.6986923606331727
a,1,class_balanced,543,0.8131224189960986,0.9068639519628277,0.7894608586446816,0.9685731628517162,0.5935064935064935,0.896134484828892,0.7481585150265174,0.8581391242937854,0.9745563395338892,0.8343406593406594,0.7411603828872827,0.7035326086956522
a,1,class_balanced,558,0.8137799869715517,0.9076463896807431,0.7893225722244978,0.9700139060265978,0.57123745819398,0.9018538209051824,0.7440323172970987,0.8555828193735217,0.9755984240261671,0.8384446878422782,0.7529319781078968,0.7143244709712425
a,1,class_balanced,573,0.819494109099442,0.9090295376508747,0.799936504276689,0.9684702371603581,0.5931758530183727,0.9007881316643487,0.7469466785820673,0.8600426176929329,0.9755352251765451,0.841577449518905,0.7644341801385681,0.7244766089428794
a,1,class_balanced,588,0.8204119475593281,0.909958900176269,0.8037876551998601,0.9648304749861693,0.6052129688493325,0.9068519986939689,0.7529358626919602,0.8636224333435489,0.976455825626249,0.8397048960429242,0.7660638707195075,0.708029197080292
a,1,class_balanced,603,0.822549977297458,0.9094226243266931,0.8108069531434169,0.962183127857044,0.6169154228855721,0.9028800447385591,0.7559926704311731,0.8638433615663843,0.9755170132060876,0.8379604911906033,0.7854463615903976,0.7022113022113022
a,1,class_balanced,618,0.8209568018737323,0.9081976429423728,0.8086130483161377,0.9625435540069687,0.617775015537601,0.8980008349181317,0.7525912573231185,0.8641238786655846,0.9741620372096491,0.835568669527897,0.7747169811320754,0.709128988542565
a,1,class_balanced,633,0.8226961569619154,0.9104741037551161,0.8083701501402291,0.9651995096294539,0.5983554712207464,0.9025056736603214,0.7535577140275581,0.8642847737348023,0.976015635906743,0.8527275128780875,0.7697938740127143,0.7218252475868121
a,1,class_balanced,648,0.8220088927421165,0.9104141423050806,0.8089715025053572,0.9677151991159174,0.6093366093366094,0.90144619507462,0.7530770973344408,0.8627967180027204,0.9763351097529162,0.8493547537529629,0.7540919719407638,0.7239263803680982
a,1,class_balanced,663,0.8201745439535466,0.9102428770039115,0.8048120311509388,0.9681184565941757,0.6040765904879555,0.9026679613446156,0.7530343204989357,0.8611203035718226,0.9767826911986308,0.8438863185723727,0.7362549800796813,0.7356292732337301
a,1,class_balanced,678,0.8220205118524196,0.9125099509105616,0.8026156837455483,0.9677266629842973,0.5998723675813656,0.9134705332086062,0.7543119401880228,0.8640246587406429,0.9791581528402125,0.8342685096482825,0.7472266244057052,0.7381251570746419
a,1,class_balanced,693,0.8218007682195388,0.9113402166322659,0.8018468959570121,0.9682058151445907,0.6072106261859582,0.9088364281048801,0.7515696400044581,0.8622097361836618,0.9779273041571018,0.8419749690551506,0.7367164179104477,0.7415559772296015
a,1,class_balanced,708,0.8215625940099996,0.9116679120359589,0.8004437867655262,0.9703204446021048,0.5943517329910141,0.9103080235932965,0.7513344376955642,0.8609198446327684,0.9777612840376676,0.8369849800192917,0.741954590325765,0.7501280081925243
a,1,class_balanced,723,0.8216227919304441,0.9124859817164899,0.8023312918864853,0.968821532875523,0.5754838709677419,0.9124636047712971,0.7550295857988165,0.8627209025604865,0.9779344901178435,0.8478823369195152,0.7460691823899371,0.7481996209728364
a,1,class_balanced,738,0.8235411378782984,0.9128038492619518,0.805174086086057,0.9678223206692641,0.5803237858032378,0.9134583744652847,0.7574731042698135,0.8642610550388108,0.9771211559836976,0.8501221830029867,0.7516699410609037,0.749618320610687
a,1,class_balanced,753,0.8210583244288386,0.9121989126407303,0.8003396864294109,0.9674304483754799,0.5718050065876152,0.9117385400571242,0.7581073499158406,0.8641753424657534,0.9767329850690971,0.85368151837394,0.7386205525740409,0.7472331764406565
a,1,class_balanced,768,0.8271816665156226,0.9142828302686736,0.8081724787829733,0.970983945631833,0.59469941822883,0.9128137384412153,0.7550071262470932,0.8649595097395492,0.9784931265257628,0.8542822351508591,0.7541553923463471,0.7592405063291139
a,1,class_balanced,783,0.8278807803174233,0.9127064083491583,0.8100848397832645,0.9686493747654136,0.6056338028169014,0.9126654064272212,0.7562623962388892,0.8604795187118464,0.9768836013697232,0.8507789013391637,0.762483387127397,0.7570906340602547
a,1,class_balanced,798,0.8265103275531325,0.9126438349124136,0.8065409058388596,0.9670207705723799,0.596078431372549,0.9147301437662032,0.7561056961790757,0.8626262626262626,0.9768226343054668,0.8525402726146221,0.7637689502974477,0.7488997862441846
a,1,class_balanced,813,0.8279993262624112,0.9143784096555688,0.8075250369874957,0.9691080034763372,0.5879265091863517,0.9163512490537472,0.762616545804351,0.8672197348784128,0.9761622082885022,0.8475846751804553,0.7733131159969674,0.7517118944965762
a,1,class_balanced,828,0.8317566449412949,0.916612104737398,0.8114627032634131,0.9691096066162683,0.5949449125081011,0.9148633257403189,0.7726372901239094,0.870063975292301,0.9771926571481551,0.8569440578903423,0.7706970659689778,0.7593569131832797
a,1,class_balanced,843,0.8331076824257104,0.916932574673102,0.8142939608717433,0.9697590978985136,0.6114249843063403,0.9152461896396182,0.7703643962167315,0.8696133085567649,0.9783142806812598,0.8569058481957694,0.7674985926064928,0.7588424437299035
a,1,class_balanced,858,0.8354438777551425,0.9179269707081193,0.8189478035592845,0.9701298701298702,0.6118665018541409,0.9142992874109264,0.7750532266353425,0.8701934797544381,0.9783813387047368,0.8629164391043146,0.7737607156168468,0.7623940405856666
a,1,class_balanced,873,0.8365659804351304,0.9190381671162209,0.8207457993329093,0.969646831728023,0.6054811982154238,0.9161517254491872,0.7831953612195033,0.87386586016723,0.9773986097171109,0.8693644758283542,0.7802790697674419,0.7537106918238994
a,1,class_balanced,888,0.8382470672473068,0.91988362799971,0.8209682888092839,0.9698354841887499,0.6184789440603394,0.9154446772043421,0.7828504536142815,0.8755662136957101,0.9786113120744987,0.868471424665026,0.7718709196045513,0.7630941761182618
a,1,class_balanced,903,0.8384851655754572,0.91925862931454,0.820319475997867,0.9701359966839705,0.6228070175438597,0.9155559786747905,0.7782798780263787,0.8740861806215076,0.9784440797708119,0.8641735020158487,0.779692421715768,0.7631914351261789
a,1,class_balanced,918,0.8396464243188402,0.9198789176240045,0.8225236816310401,0.9683636794502153,0.6140350877192983,0.9164916968887192,0.7829491725768322,0.8763123070136745,0.9778795095867815,0.867748144074787,0.7868309729630311,0.7662072485962226
a,1,quota,18,0.40154949658846745,0.5834232826267672,0.5047684454557271,0.6939740435181164,0.06004618937644342,0.2632532850022655,0.22506804382720358,0.7304582745674499,0.6869357132122585,0.33144671452236335,0.3839496459480724,0.2388135593220339
a,1,quota,33,0.32794538430629544,0.510472325606254,0.42773574041032547,0.5008472470120422,0.09139213602550478,0.23983983983983984,0.20355682545938222,0.6493701914909109,0.6555057158666808,0.24725976993686818,0.11838686598636894,0.24534986713906112
a,1,quota,48,0.34378935547269257,0.5244281664688107,0.4128221957335983,0.5081353393695963,0.04471195184866724,0.2211117090797263,0.3613863421452946,0.5915541201800744,0.6686132058120287,0.21973094170403587,0.11255608791543083,0.36630450119937913
a,1,quota,63,0.360700863761936,0.5383395117943284,0.4242146366998052,0.5676448388646188,0.057040287195851615,0.30622073578595316,0.3643842660039421,0.5906447040422308,0.6581798609973557,0.23384272524673672,0.09401136323534601,0.37433899248538827
a,1,quota,78,0.43892750426735044,0.5997562433833896,0.5374081193642751,0.8064425376283584,0.044580152671755725,0.49096050903949096,0.3276306340556752,0.45072881207995114,0.7102898483940833,0.2154414295997246,0.5191424196018377,0.38513119533527695
a,1,quota,93,0.4596696512588201,0.630300248717707,0.5630745882454302,0.8726240579426446,0.08686919407481798,0.45450309525394395,0.3716187019272319,0.4416828779652159,0.7526754248887261,0.30230867115069987,0.5308326787117046,0.3239121594143961
a,1,quota,108,0.4924388559696453,0.6834769948435067,0.5804651437124821,0.8715466586993328,0.0849919311457773,0.46014587132065643,0.4485792973735474,0.6071503350083752,0.7995602936906293,0.28623646843807116,0.5119817421072651,0.36175710594315247
a,1,quota,123,0.4965336451461027,0.6806198996701691,0.588227459231459,0.9004254622811324,0.07523739956172389,0.4712689020381328,0.4340913292660381,0.6604757411729651,0.7574711173636868,0.3060237432214568,0.49710664094791956,0.36670247046186893
a,1,quota,138,0.5390645152692739,0.7380736076349059,0.6008394282251852,0.8449609016644096,0.08261211644374508,0.4827079716918147,0.508226390259954,0.7073391868677229,0.8777896432514616,0.36994078505585737,0.5332023575638507,0.44480128462464874
a,1,quota,153,0.5025836058025221,0.6963098762155333,0.5829547686195294,0.6518265413798302,0.07579972183588317,0.47581143210045973,0.5168096547760765,0.7093822606529497,0.8712684878437336,0.3844436174171939,0.5672392124005027,0.27067152381606985
a,1,quota,168,0.6063989967715626,0.8000483103586905,0.6479598230916842,0.9052429421932014,0.10912602607436021,0.6664669223394055,0.544145409843263,0.7790475772664458,0.9208431354098052,0.45012516119244483,0.6037873270211216,0.4788064696040156
a,1,quota,183,0.6151999359087215,0.8013200747732966,0.6524990991514202,0.9154545100027298,0.11454965357967667,0.6150081566068516,0.5183305388136131,0.7995357180542366,0.9189749283004903,0.5015412813463301,0.6256625169481079,0.5277421195264584
a,1,quota,198,0.6063504862287081,0.7912582647785269,0.645790937370565,0.9119622863877431,0.14509480626545754,0.5978060998034367,0.491976692066338,0.7891991924629879,0.9116314409347405,0.48150638870208473,0.6038635821607441,0.5241138872748402
a,1,quota,213,0.6312516443966539,0.8105115984861563,0.6685601392248723,0.9150545369704276,0.1650485436893204,0.6556937332357962,0.5394238393093119,0.7933506624182458,0.9282735846416478,0.5551512830333206,0.5907548273844353,0.5385137888873794
a,1,quota,228,0.6382604417051795,0.8123388084879912,0.6712406431222941,0.9105339947475927,0.17942857142857144,0.6451136153704046,0.5706786334194149,0.8041665782718459,0.9227479780607977,0.5600520978695692,0.610523786641038,0.5410987195373812
a,1,quota,243,0.6353235011970794,0.8000816297467159,0.660722210819729,0.9160228482912189,0.2289655172413793,0.6453831041257367,0.546011573811415,0.7416430351465154,0.9188176950511447,0.5853061224489796,0.5856079404466501,0.5501536742106734
a,1,quota,258,0.6349106673769899,0.7989488699256146,0.6610448453694734,0.9349182877882972,0.2455892731122089,0.5958259099007381,0.5444864048338368,0.7412909836065574,0.9155771209560941,0.5835896418295465,0.5867748866077823,0.5661434977578476
a,1,quota,273,0.6446456556917287,0.8075479548211456,0.6618957632449635,0.9348570983568258,0.2910737386804657,0.6096499526963103,0.58289010412765,0.7263688276788713,0.9313287058629867,0.574386036127461,0.6048201525977958,0.5464362850971922
a,1,quota,288,0.6484827374733197,0.8096296438374623,0.6677297932847672,0.9399164155894645,0.32597402597402597,0.6142116117742641,0.5825098447135746,0.7225041922861934,0.9349705920312702,0.5518786274310151,0.598358733880422,0.5660205935796487
a,1,quota,303,0.6521159811831866,0.8125893939114481,0.6715215766778821,0.9414336352894841,0.31840193704600483,0.6310398025300833,0.5967240151429963,0.7225027491640297,0.9346902914043052,0.5548116318576997,0.6117531349889354,0.5576866332251401
a,1,quota,318,0.655122441329897,0.8110206681253103,0.671335694539895,0.939569308294949,0.33420707732634336,0.5902432811106866,0.6177881932819997,0.7501890821728878,0.9214958398098199,0.5426231165941956,0.6392647434260914,0.5607213299520992
a,1,quota,333,0.6812678499625893,0.8347971214536928,0.6908763596112032,0.9450053916282717,0.35894039735099337,0.6032008129048647,0.6393195783990558,0.8067167144141695,0.9408544762843145,0.6156231365533691,0.6215796391444617,0.6001705029838023
a,1,quota,348,0.6903626835992793,0.8431199442717942,0.6997546341193708,0.9520232805065083,0.3623529411764706,0.6697512318230981,0.6306389401308067,0.8119550654436772,0.945757309298747,0.630750307503075,0.6207570207570208,0.5892780557541101
a,1,quota,363,0.6859751309602424,0.8370150205654955,0.6975231030362429,0.9477332811123078,0.4176394293125811,0.6468205254112448,0.6268399688384108,0.7969675028749095,0.9462881976462855,0.5958702064896755,0.6224056317514262,0.5732114352053403
a,1,quota,378,0.6854825905567843,0.8343263977008004,0.6934011739130093,0.948737597013459,0.4580441640378549,0.6230583575716319,0.6106387524033327,0.8080995727289615,0.9433223093812921,0.6053801169590644,0.6179426727881872,0.5541197721272753
a,1,quota,393,0.6792837324240248,0.8276124403859322,0.6910017763772621,0.9410507433064255,0.45864661654135336,0.5860459167359467,0.5908606958817768,0.8024311082628739,0.9431884111357713,0.5926465234801602,0.6046076482282774,0.5940759282436379
a,1,quota,408,0.7181123074193764,0.8520727536380217,0.7169701992029955,0.939953635085319,0.4660961158657011,0.8192295711764095,0.5965990403232595,0.8049679155454357,0.9542098044005186,0.5901883052527255,0.7131208302446257,0.5786455488803932
a,1,quota,423,0.723876133023806,0.855468573660988,0.7240853891985787,0.9457691414415111,0.4792746113989637,0.836455072612511,0.5894397009472835,0.8005232449492328,0.9586584480157917,0.6029161603888213,0.7157190635451505,0.5861297539149888
a,1,quota,438,0.7155900824073668,0.8520030384871424,0.7147910250451298,0.9522207662670396,0.4682230869001297,0.8102012856992307,0.5789183457051962,0.7961408344818945,0.9584911223521391,0.5753228120516499,0.713562020552902,0.5872304676561187
a,1,quota,453,0.7297142968518319,0.8578310776697256,0.7264788280366454,0.9464805007221955,0.494148244473342,0.835608616662341,0.5725991189427313,0.8078745602082529,0.9627797562041488,0.6248418922337465,0.7306164484331322,0.5924795337865963
a,1,quota,468,0.7335046920264491,0.8591770732277197,0.7325992059752698,0.9512318530339002,0.5362927414517097,0.8148578061520604,0.5822249625649608,0.814936847885777,0.9619878716166248,0.6244693168660749,0.7099554661686539,0.6055853624982803
a,1,quota,483,0.7357287505739083,0.8591390930221693,0.7374908007485015,0.952276208806316,0.5387323943661971,0.8099549907333863,0.5842590200637217,0.8113536393061664,0.9615815885737394,0.6358536585365854,0.710594315245478,0.6169529395335847
a,1,quota,498,0.7439619728416107,0.8640271749440309,0.7456822353256604,0.9501706484641638,0.5526315789473685,0.8222455403987409,0.5926933029253103,0.8193737088625719,0.9647989501603408,0.6543977662139866,0.7089444923784872,0.6304017672235261
a,1,quota,513,0.741268523177996,0.8636029881344636,0.7432504170558645,0.949762886995412,0.5397536394176932,0.8347988000413779,0.5846140257904964,0.8180152298733558,0.965481317495605,0.6569268230167884,0.7121922626025792,0.6098717233686559
a,1,quota,528,0.7508680756558823,0.8673915045688153,0.7497334359673957,0.9485145852937222,0.582016348773842,0.8297372133117392,0.6124617477048623,0.8247174701918092,0.9649057723697878,0.6509287925696594,0.7162121666167216,0.6283185840707964
a,1,quota,543,0.759848514318231,0.8744859438546725,0.7539804595031172,0.9483196185495655,0.5804195804195804,0.8463199013157895,0.6397551493092895,0.8312829159641125,0.9680917350990914,0.685137861466039,0.7143279172821271,0.6249819494584837
a,1,quota,558,0.765925691998937,0.876431313265814,0.75834248169145,0.9522190891884584,0.6190201729106628,0.8260689082606891,0.6644576629805581,0.8356030715709982,0.965625086746921,0.7179625387414095,0.7052005943536405,0.6071741032370953
a,1,quota,573,0.7616567020391652,0.8754430808713609,0.7605485343654056,0.9540096168760663,0.60412147505423,0.8411427390608048,0.6377969308387639,0.8324353560358636,0.9687537588941217,0.7135770234986946,0.7026389503169689,0.6004344677769732
a,1,quota,588,0.7611795571683609,0.8737398641947075,0.7576284462981251,0.9465056252832345,0.6112994350282486,0.8329091570144912,0.6574433204046544,0.8341210031081023,0.9645842135233932,0.7053229428080835,0.7029471841260577,0.5954831332189823
a,1,quota,603,0.7713138114168974,0.8778759642648297,0.7706822002064248,0.9471247081173072,0.6278424847476428,0.8555293151247562,0.6502832457105595,0.834346247995273,0.9684301597820485,0.7038739330269206,0.7212435233160622,0.6331506849315068
a,1,quota,618,0.7669651240895552,0.875762176791412,0.7642647002341366,0.946921862667719,0.6234213547646383,0.8410061210843064,0.6472047164057735,0.8326836771243759,0.9680965864546536,0.7105682421667552,0.696078431372549,0.6367051247652267
a,1,quota,633,0.7667664579756717,0.8736425574617172,0.7625118886765088,0.9445063694267516,0.6190476190476191,0.8506970849176172,0.6328186123121269,0.8289000418235049,0.9667441198350523,0.7049622437971953,0.7225065922134326,0.6307154384077461
a,1,quota,648,0.7638277622160243,0.8702653968079974,0.7665711726508873,0.935530604853314,0.6458675424192666,0.8239610083328966,0.6594824256469679,0.8268461022523205,0.9634630004488125,0.6945043103448276,0.705813442670962,0.6189814229748515
a,1,quota,663,0.7616946685042808,0.8694657393788541,0.7685996135266724,0.9338893162220153,0.6450239489089942,0.8270055433532058,0.6605815005704844,0.8271180578074669,0.9625642056775184,0.7002042900919305,0.6997196399586838,0.5991455139482282
a,1,quota,678,0.7749518910325489,0.8798252549349734,0.7802960642260798,0.9506623227140599,0.6691371095817893,0.8473874806001035,0.6642700844013755,0.8270715835140998,0.9725391338195906,0.7124057748818193,0.6982682712063399,0.6328252585737616
a,1,quota,693,0.7799602131657442,0.8814524786522463,0.7811520158479509,0.9523013528222671,0.6677506775067751,0.847831718563805,0.6744329104190696,0.8272237608216848,0.9710827293454687,0.7138604891937362,0.723996971990916,0.6411613078279745
a,1,quota,708,0.7690846672798881,0.8774177961050152,0.7705486976256106,0.9483306524383067,0.6576424139875916,0.8325632106328851,0.6721449965440442,0.8270992282972258,0.9704055602794928,0.6970084377397086,0.685031336539863,0.6315361690598754
a,1,quota,723,0.7714281458047336,0.8784027560333442,0.7723802191597113,0.9490057097853908,0.6535947712418301,0.8424332192655396,0.6782339154759205,0.8280678563560255,0.9686341076403624,0.6882948351933559,0.713345302214243,0.6212435950699349
a,1,quota,738,0.7767596211751624,0.8831517276924276,0.7782036969951437,0.9508575456182943,0.6408411732152739,0.8716566866267466,0.6806262680396585,0.8260477791696885,0.9731203739774056,0.6871936659545055,0.7233518176216882,0.6371412803532008
a,1,quota,753,0.7758264094340119,0.8828779325417981,0.7760843615592337,0.9511690665195895,0.6524122807017544,0.8589884827240861,0.6773300042913432,0.8345248927596516,0.972406334063618,0.6951537258989057,0.7048219918882379,0.6356309060589216
a,1,quota,768,0.7796790411292546,0.8847564690250008,0.7770019934939352,0.952050361828558,0.65440778799351,0.8618054528422817,0.6868470399142781,0.8326135322601753,0.9730135349212085,0.7090301003344481,0.7029053420805998,0.644438217988232
a,1,quota,783,0.7789188238743908,0.8839399870179161,0.7771621735814221,0.9509530948811309,0.6500271296798698,0.8589024087409982,0.682399289328338,0.8324237350786023,0.9727997919820213,0.7077698223282949,0.6989065147081472,0.6560876281421149
a,1,quota,798,0.7797481694396245,0.8834048182885075,0.7792859029067413,0.9502822659139576,0.6702470461868958,0.8605632420763418,0.679227654936157,0.8309193408499567,0.9731757259865972,0.7005129554123373,0.6985271074898151,0.6542781861045625
a,1,quota,813,0.7810497283337728,0.8843850537775042,0.7838392785363771,0.951609725341845,0.6561651276480174,0.867110125646711,0.6794073271693296,0.829322521579911,0.9736011584301786,0.6946247727862893,0.7152605459057072,0.6623462504959662
a,1,quota,828,0.7778514436598319,0.8824598819032149,0.7740553959187577,0.9513784062922063,0.6611295681063123,0.8597744175737576,0.6797992090051719,0.8267384124067634,0.9723411321868772,0.6911022576361222,0.6952502390819254,0.6631493506493507
a,1,quota,843,0.7806742037083602,0.8841971599794157,0.7777505978696446,0.9500118830705855,0.6644986449864498,0.8620842136294404,0.6776501527632749,0.8353545380000863,0.9730219988709036,0.7061235647895024,0.6992156234992797,0.658107213765718
a,1,quota,858,0.7846372076036476,0.8850281703253697,0.7831888562697125,0.9481820898495866,0.6711334450027917,0.8696895022178412,0.676129642772652,0.8365920590000857,0.9729175329175329,0.7151178183743712,0.7149349631719166,0.6570378151260504
a,1,quota,873,0.7832381624518145,0.8870343672851111,0.7767969693193826,0.9537370753323486,0.6466346153846154,0.8675745016775213,0.6809052989340337,0.8339902117891637,0.9757069635094678,0.7097284471394675,0.7086268983873493,0.6722394499123635
a,1,quota,888,0.7876493100598427,0.8892953717756895,0.7839249332537492,0.95265715629409,0.658493870402802,0.8649297394609191,0.6949626161166075,0.8383100311906995,0.9759599735885203,0.7254794520547945,0.7090909090909091,0.6689600423392432
a,1,quota,903,0.7850528504420186,0.8895290373626402,0.7810198235870596,0.952699530516432,0.6517119244391971,0.858534645591013,0.7058387944759155,0.8375468892193638,0.9763718023823472,0.7303727200634417,0.6813939016801493,0.6710054456103068
a,1,quota,918,0.7910944824291533,0.8914676855870692,0.7875178801018704,0.9550825573206041,0.6785304247990815,0.8662104532381236,0.7043462040664055,0.8369017075112802,0.9778467485643132,0.7421699484604203,0.6965765202438643,0.6621857776582875
a,1,prototype,18,0.40154949658846745,0.5834232826267672,0.5047684454557271,0.6939740435181164,0.06004618937644342,0.2632532850022655,0.22506804382720358,0.7304582745674499,0.6869357132122585,0.33144671452236335,0.3839496459480724,0.2388135593220339
a,1,prototype,33,0.39692079052872936,0.5436417234850983,0.489168914475542,0.6671185605126941,0.07851458885941645,0.36469755925008845,0.17300171107308726,0.6430509262847841,0.6240303438150007,0.2076040264153363,0.43976854287217254,0.374500855675984
a,1,prototype,48,0.40959777058525176,0.6016332154098805,0.4938948600515522,0.8729879074237207,0.06667855232661793,0.20038256051711628,0.330883143891857,0.5562241017199296,0.7041014472540794,0.2235061076262793,0.3979946797626356,0.33362143474503025
a,1,prototype,63,0.4688614219851386,0.6953096054244149,0.5360556303218253,0.9087560105475415,0.06677209629239149,0.28501338090990186,0.4498276615369678,0.518408171951479,0.8863573775909233,0.2851351351351351,0.5431811573131724,0.2763018065887354
a,1,prototype,78,0.4419571722503921,0.6553699749403413,0.5039287005025691,0.9119382925261497,0.03635014836795252,0.34838255977496485,0.4179020454118972,0.29858448835151874,0.8706491764179772,0.2128914830854202,0.5526157546602526,0.32830060165739583
a,1,prototype,93,0.45715905504471316,0.6700486315991858,0.5026633388863071,0.902975809788947,0.04879448909299656,0.3873414230557088,0.45065453532633926,0.2723245341046388,0.9023771646743329,0.21671246161305965,0.5164976958525346,0.4167533818938606
a,1,prototype,108,0.48894251277558826,0.6943865266435162,0.5351532273095754,0.9320212352712677,0.06098901098901099,0.689458376776601,0.43542088175786947,0.22135086303002344,0.9184116070498433,0.20409135574546647,0.5513784461152882,0.3873608382449247
a,1,prototype,123,0.4795609309512149,0.6941573300428581,0.523924663146205,0.9276651406147809,0.046822742474916385,0.5519488503627198,0.45905791806712454,0.24346197077557138,0.930256671456897,0.21541950113378686,0.5464208603222056,0.3949947233529323
a,1,prototype,138,0.5282139970310026,0.7107296059211483,0.57277668426734,0.9235731828012169,0.09791666666666667,0.8226234190126479,0.532140563760767,0.08173015399053023,0.9571210378443611,0.31031373963216735,0.6049264235444658,0.42358078602620086
a,1,prototype,153,0.5906807411491236,0.790847711530325,0.6140621260699742,0.920942322124801,0.13674033149171272,0.8235951063505762,0.6428532828965144,0.5587486140661053,0.9411889167796724,0.3424724363352522,0.6126126126126126,0.33697304768486525
a,1,prototype,168,0.6275738268932739,0.8340732740505866,0.6185508508023663,0.9262759924385633,0.18028643639427128,0.8112408306643248,0.6682425245242879,0.7515802318486883,0.9603876552502822,0.3700543056633049,0.5884995507637018,0.39159691449204004
a,1,prototype,183,0.6478462469335088,0.846473388618687,0.6340719875857967,0.917692782681341,0.2108786610878661,0.8489208633093526,0.674208836569332,0.821558155652493,0.9552903981487654,0.27274655355249205,0.6337341566460839,0.49558581475385305
a,1,prototype,198,0.6591036298745708,0.8569008753455754,0.6429488088494778,0.9460172654276775,0.2425222312045271,0.8499652467480886,0.6806858865649142,0.8235123607602799,0.9636139261807711,0.29548180727708917,0.6434612882238127,0.48667265648397723
a,1,prototype,213,0.6805557076325487,0.8600816450279917,0.663057647799159,0.9439168057714077,0.2907421576128539,0.8553743368048733,0.6772754762624735,0.8206917088526822,0.9623162533820535,0.45706014795754263,0.6478543997328435,0.46977008231620776
a,1,prototype,228,0.6873708285268784,0.8550086968524497,0.6695360563448696,0.931685724824788,0.4139240506329114,0.8512351508524281,0.6484565312886865,0.8169418222647316,0.9636457696468043,0.46512345679012346,0.6392828035859821,0.45604214685544947
a,1,prototype,243,0.7018880888677317,0.864598488932682,0.6816266980238195,0.9384068093348978,0.4116059379217274,0.8592266275085658,0.6789591315453385,0.8320447991976263,0.9642914121080736,0.5317599067599068,0.6445916114790287,0.45610656395442145
a,1,prototype,258,0.726189801383717,0.8692214152946469,0.7094989429130878,0.9412358605216415,0.5433312845728334,0.8496621621621622,0.6845881025310334,0.8334827478369644,0.965955446940502,0.5502461627570229,0.6338322871398681,0.5333741579914268
a,1,prototype,273,0.7172001626376032,0.8672906315400422,0.7070630749634875,0.9431271638439225,0.5290806754221389,0.848000788837943,0.6831805796383453,0.8412356472089181,0.962782483874928,0.47927833703752126,0.6281072298943948,0.5400085579803167
a,1,prototype,288,0.7319358491497515,0.8727788110692954,0.7300139699089964,0.9527094903239258,0.5063775510204082,0.8517716535433071,0.6619543332048151,0.8411068863540346,0.9662141183776003,0.5510498833462949,0.6345618345618346,0.621676891615542
a,1,prototype,303,0.7472549754312574,0.8829706846628234,0.7446253187723686,0.9560313952602302,0.513738019169329,0.847414006434051,0.7399288669521666,0.8371018999062622,0.9686672799294123,0.5974546311572001,0.623003710275851,0.641954969796815
a,1,prototype,318,0.7435890749599896,0.8832810602589528,0.7340898849911887,0.9594498275895282,0.4801587301587302,0.8459749641284449,0.7239391946776003,0.8492736730773381,0.9676599244775115,0.600655737704918,0.6256641442601836,0.6395254785656511
a,1,prototype,333,0.7573462279159862,0.8907502548824477,0.7360193980290628,0.9588537128473231,0.5032509752925878,0.880424660085677,0.7336593696630958,0.8518908692193581,0.9729261707476027,0.616350520972482,0.627033540871661,0.6717262315440872
a,1,prototype,348,0.7576101876601424,0.8916402719677381,0.7399809978845594,0.9591880053258206,0.46785058175137784,0.8800749239054085,0.7302221699776654,0.8560455738334507,0.9724061294810858,0.6341798215511325,0.6355250245338567,0.6829994585814835
a,1,prototype,363,0.7684565209733639,0.8945099899424708,0.7524820188628442,0.9602964735856705,0.48068669527896996,0.8777167535088954,0.7319849265554103,0.8559635208436885,0.9730461998411735,0.7095295861976008,0.6359606860666795,0.6909238468821859
a,1,prototype,378,0.7780653586378616,0.8989633256854457,0.7602540727745652,0.9597463361818955,0.5146699266503667,0.8822728339985912,0.7525360284484373,0.8594534177825506,0.9749214254404373,0.7202854790008235,0.6410658307210031,0.6976369495166488
a,1,prototype,393,0.78546269623712,0.9005953599938407,0.7756289854217189,0.9549726523380325,0.5199286139202856,0.8817487986431735,0.7526583448913546,0.8652411519777932,0.9746556111669311,0.7795171132926506,0.6428846895487852,0.6975572903550743
a,1,prototype,408,0.7829516355208956,0.9014420544102727,0.7679246927670075,0.9625320986693643,0.5031210986267166,0.882505297857311,0.7523636638680886,0.8618677896214414,0.9755421126105165,0.7596695948603644,0.6374829001367989,0.7114801634374588
a,1,prototype,423,0.7890053974948326,0.9037271068096947,0.7709201095371544,0.9633925049309665,0.5226567349472377,0.8815312984997413,0.7634601043997017,0.8665832400272234,0.9744709594440795,0.7910611461475185,0.6335596508244423,0.7043329382325827
a,1,prototype,438,0.7901821431607005,0.9031803666172691,0.7755225738288879,0.9616233082258481,0.5256257449344458,0.8826503587422353,0.7600420451985885,0.8623869247913298,0.9759168287265321,0.7650501672240803,0.6725536132636512,0.7057902973395931
a,1,prototype,453,0.7908851738554484,0.9054765442854327,0.7708750341799249,0.9658143303165633,0.5099502487562189,0.8782853263504995,0.7693167840769317,0.8683550378465633,0.9754174610630636,0.77339830872868,0.6667843898993466,0.7106446776611695
a,1,prototype,468,0.7911591760702249,0.9030140031687617,0.7719959038633388,0.964211525906582,0.5225225225225225,0.8859784283513097,0.7612252252252252,0.8546070250769129,0.9757911932735881,0.7659128351055864,0.6803529623626868,0.709830866807611
a,1,prototype,483,0.7929262292896834,0.9073075571913459,0.770863604869851,0.9657007687758723,0.5125563425627817,0.8834479772956852,0.7739738702394611,0.8696293404472206,0.977342983544046,0.7636087945413191,0.6762023958519578,0.7138735903488067
a,1,prototype,498,0.7949863543624632,0.9066547942130376,0.7764501624932066,0.9641304563590527,0.5277078085642317,0.8794766173976254,0.77575846401876,0.8703018628373793,0.9755115609071434,0.7823108993448481,0.672122584015323,0.7075569358178054
a,1,prototype,513,0.7973012772590862,0.90936471302445,0.7815390802484445,0.9629908020967264,0.5113350125944585,0.885045875966758,0.7896521864626931,0.875047154110729,0.9757485335137289,0.8047405694464518,0.6773612112472963,0.6937901498929336
a,1,prototype,528,0.8038899323817232,0.9109138662250825,0.7913025158756238,0.9655920339150152,0.5313469894475481,0.8837658885505776,0.7862792986549046,0.875778462356774,0.9760874812023096,0.8300773014757554,0.6790516631280963,0.7070302727045285
a,1,prototype,543,0.7976193643062219,0.911038026171899,0.7776689053130884,0.9680334661983504,0.506485484867202,0.8856617473713989,0.7839270489676391,0.8799001357802987,0.976263846089781,0.8267581475128645,0.6406402498536014,0.7109041521148622
a,1,prototype,558,0.8018263798474586,0.9117604138923617,0.7823690346664058,0.968180474830066,0.5377643504531722,0.8861535559328428,0.7859709537355891,0.8840377834849606,0.9750528227749564,0.8301180535560034,0.638747553816047,0.7104118700434894
a,1,prototype,573,0.7975004798224111,0.910742887715216,0.775720293254349,0.9660531050435952,0.49440993788819876,0.8870967741935484,0.7891309883234513,0.8808777429467085,0.9742542794061949,0.8227590221187427,0.6478489390694958,0.7150735294117647
a,1,prototype,588,0.8043827470144427,0.9141947783756101,0.783450302332413,0.9695620481096948,0.519753086419753,0.8874240783464381,0.7930289714753854,0.8860825983235211,0.9761268302609307,0.8491761723700887,0.6452497551420177,0.7130411826821542
a,1,prototype,603,0.807129920185402,0.9149099926890206,0.787026741780399,0.970879899260192,0.5349112426035503,0.8850841830685321,0.7907687719036611,0.8873036019081798,0.9767407475858245,0.8507568255764606,0.6415239561285357,0.7262000536336819
a,1,prototype,618,0.8092637952483529,0.9152805344243575,0.789353250243831,0.9695595599542605,0.5399146861669714,0.8860795589563234,0.7924087811123245,0.888661544154459,0.9763585951940851,0.855701877276548,0.6502199273283611,0.7244696270918435
a,1,prototype,633,0.8097878205676755,0.9159554598627253,0.790220838383631,0.9683109707971587,0.531442663378545,0.8868530411786929,0.7952033681678069,0.8895092693565976,0.9767609606332708,0.8654273029966704,0.6406402498536014,0.7339425587467363
a,1,prototype,648,0.810736998061175,0.9164071782583224,0.79292670320742,0.9695931308834534,0.517632241813602,0.8895821516354698,0.7959787108219988,0.88666622507783,0.9768199961104268,0.8733469665985003,0.6565832848555362,0.7304302747537584
a,1,prototype,663,0.8089275535807054,0.9159344542289304,0.7920748967097005,0.9686365788227868,0.5184275184275184,0.8848048503220917,0.7986878075451066,0.8870196052250929,0.9768435854974049,0.8714638835484757,0.6388140161725068,0.735650136665365
a,1,prototype,678,0.8119963072762714,0.9167090860003485,0.7944419275429014,0.9692062178615758,0.5411173885750157,0.8850098804930836,0.8005447384887188,0.8888692227704152,0.9766898686661786,0.8756150902132313,0.6313337216074548,0.7395806368107688
a,1,prototype,693,0.8088265114594078,0.9162308882111369,0.7934190882450456,0.9694269775876683,0.5261845386533666,0.8827320193800273,0.8003091986601392,0.8895489305109165,0.9765845968377614,0.8736442516268981,0.6250243997657623,0.7359836901121305
a,1,prototype,708,0.8189287225724806,0.9192568913061199,0.8021597371834422,0.9711383234240265,0.5682242990654206,0.8935295491707544,0.8064980616577442,0.8910610191280448,0.9768585532420294,0.8774608276416231,0.6500201369311317,0.7355677328915509
a,1,prototype,723,0.8213048723119756,0.9198080986714624,0.8053842369747494,0.9715038643827804,0.5624607658505963,0.894722039936252,0.8034238488783944,0.8888987448441035,0.9778851065805972,0.8753514526710403,0.6700949367088608,0.7474030909551558
a,1,prototype,738,0.8220844271481624,0.9187871397149059,0.8083277753245497,0.970853519240616,0.5972957084068196,0.8918780544565976,0.8006726457399103,0.8890845845625468,0.9773001914889662,0.8759972954699121,0.6500506585612968,0.7456271864067966
a,1,prototype,753,0.8251510319914082,0.9205648436512668,0.8121555613717482,0.9710467706013363,0.5977816695855225,0.8962976778886506,0.8063063063063063,0.892998678996037,0.9771260343434531,0.8834044823906083,0.6636989073249696,0.7376987604857894
a,1,prototype,768,0.8259286332107494,0.9204223083345185,0.8135253748737202,0.9728615191265415,0.5988304093567252,0.8964061180444778,0.8010209826958448,0.8899359298971796,0.977805465415764,0.8746837128778798,0.6723186119873817,0.7494949494949495
a,1,prototype,783,0.8258464943723198,0.9211799779550746,0.8118234299645943,0.9728314367838721,0.5907473309608541,0.8945761915942709,0.8036719428808885,0.8924540294124094,0.9781823918631736,0.8786789186309761,0.6671890303623899,0.7542871768620425
a,1,prototype,798,0.8224007948410936,0.9195455110569375,0.80828438887844,0.9704638013522597,0.5709134615384616,0.8899629299422833,0.8022440392706872,0.8927079916912649,0.976757548236428,0.8785046728971962,0.6669253152279341,0.7531273934133266
a,1,prototype,813,0.8259870887483509,0.9192439750390551,0.8169676647782247,0.969577007581006,0.6231101511879049,0.8888054094665665,0.8023472926113631,0.892980689232386,0.9764789736279401,0.8790011953778722,0.6465280502157709,0.7550550294343487
a,1,prototype,828,0.8241783742267355,0.9178627132541738,0.8123245839632527,0.9706324110671937,0.6152112676056338,0.8882499882169959,0.7985810306198655,0.8872618207480593,0.9761199007002853,0.8743759276750775,0.6563407550822846,0.750832266325224
a,1,prototype,843,0.8234799144824038,0.9174181745964625,0.8080191387479356,0.9700061292682445,0.6039952996474736,0.8901408450704226,0.7954758248754729,0.8854196442314035,0.9760219143600137,0.8768194070080862,0.6537702329253849,0.7596699329551315
a,1,prototype,858,0.832503204588348,0.9192219466035773,0.8186709263240777,0.9692289414280623,0.6595505617977528,0.8920395666509656,0.7984510984165932,0.8901535721267676,0.9760563771051244,0.8748816447991343,0.6724671307037896,0.7596999482669425
a,1,prototype,873,0.8261915823161788,0.9167115353059289,0.8107294896173368,0.9695962653057187,0.6480047647409172,0.8828283783145059,0.793134803364401,0.8857105424054502,0.9759375115685041,0.8803338268946023,0.638420245398773,0.761757902852737
a,1,prototype,888,0.8307185371761626,0.9163575041129437,0.8171619604952111,0.9668811055515845,0.6609491137793024,0.8884172797585361,0.7966643400315933,0.8814798306217962,0.9743504514985319,0.8841879769714821,0.6635730858468677,0.7599636505257692
a,1,prototype,903,0.8297067232048128,0.917445207029718,0.8144402664993906,0.9675396825396826,0.6624569460390356,0.8870884167883556,0.8004042823987423,0.8866832456700191,0.9750066938112253,0.8814245244840145,0.6451612903225806,0.7615954267896583
a,1,prototype,918,0.8337311652859838,0.9187784994112559,0.8197405934921638,0.9672606055795865,0.6670461013090495,0.8939651910707529,0.7989227326176839,0.8875049167431494,0.9759351125645502,0.8792778226893021,0.6742395071236041,0.7594284978761745
a,2,random,18,0.2918284252515006,0.45217988637630424,0.38304867871282444,0.295504918441041,0.02993616552938587,0.2300640204865557,0.21659170414792603,0.6977207730305919,0.5891046989328342,0.32085637317453564,0.20441508778028855,0.04226208574034661
a,2,random,33,0.4335772722815224,0.6254317527066571,0.4835948356448648,0.5996764256111345,0.03734656568294594,0.5253287466015647,0.4325561678677406,0.6973502893814717,0.7574505941411959,0.254995487946371,0.44724501758499413,0.15024615571628275
a,2,random,48,0.4603767480778498,0.7056474189053441,0.49686887163520066,0.7718407694362811,0.037516512549537646,0.35457303857824013,0.4445714788267886,0.7740752810819619,0.8745605269975204,0.3295799047206583,0.38318351039680376,0.17348971011285683
a,2,random,63,0.49401176681231884,0.730085780503326,0.5143946492205675,0.7712812485613001,0.05536028119507909,0.3919399446858949,0.5132455990428987,0.8075071982514028,0.8904909324525926,0.3943759363835427,0.4713037708724981,0.1506009898656611
a,2,random,78,0.555811731552403,0.7807566330017158,0.5466758406073231,0.9333022025060316,0.05402843601895735,0.4573088092933204,0.5422431557256403,0.8081121916962822,0.9032235292041333,0.39805262547815,0.5535682663361077,0.3524663677130045
a,2,random,93,0.5766822996703995,0.8067004300685368,0.5655473859052017,0.9264229523368811,0.09155555555555556,0.7714737570426016,0.5318539402482834,0.803425808302258,0.9279912597275829,0.3216525267428993,0.5393904542840713,0.2763744427934621
a,2,random,108,0.5662016148848541,0.8006756567012997,0.5563855158613937,0.9272087646999698,0.07996632996632996,0.7745381927109336,0.501152453078696,0.8011557656947728,0.9236716359145981,0.3214990138067061,0.5067222117023291,0.2599001663893511
a,2,random,123,0.5849366121752085,0.8168504586481927,0.5733326021411249,0.9486372153219108,0.09161793372319688,0.7813057438458794,0.544174305832337,0.8072939101183517,0.935509655385398,0.3325324363286881,0.5511331175014283,0.27222519151968644
a,2,random,138,0.5780527761444936,0.8142949382076344,0.5631268433733055,0.9439872680692493,0.10210526315789474,0.7758446287679547,0.5531465763665948,0.8035837914884952,0.9352442572879579,0.3176515831303679,0.5050029429075927,0.2659086741243352
a,2,random,153,0.5861204921353786,0.8271029651952319,0.569044771529383,0.9457912000465811,0.09395184967704051,0.7803891837250442,0.6144361674800924,0.8245268547501088,0.9428052247130366,0.32362948960302457,0.4954682779456193,0.2540861812778603
a,2,random,168,0.6064506998573566,0.8304353614214304,0.5886858352243176,0.9473273507608272,0.194125159642401,0.7847009302083875,0.6350525747059557,0.8237658585604823,0.9402397566648775,0.322899077802312,0.585357013410656,0.2245885769603098
a,2,random,183,0.627534193338724,0.8376357803279848,0.6087260897018271,0.9464886870742973,0.20119920053297802,0.7847864491322872,0.6245492070388877,0.8319898262671015,0.9454644018792917,0.32141484044598234,0.5853658536585366,0.40654927401915353
a,2,random,198,0.6433051377499828,0.8413906629089406,0.6201547602085061,0.9441444282391895,0.2747771368641846,0.8312972946238686,0.6394610700867988,0.827545350547475,0.943661336724295,0.331876497955731,0.6368454526181895,0.36013767209011266
a,2,random,213,0.638064066093028,0.8415785857447431,0.6158386323872054,0.9424348272255442,0.24416135881104034,0.8309656981636391,0.6506941884752426,0.8244595844898646,0.9458337844177402,0.2743722822275214,0.6438589035274118,0.38579596749924766
a,2,random,228,0.6423976012173368,0.8447851750963367,0.6152541323356601,0.9419972801986638,0.2634256642170718,0.8253796628495601,0.6873237229708555,0.8217242752635882,0.9466783295609281,0.29210134128166915,0.6127268751366718,0.3902212594770231
a,2,random,243,0.6381051669841332,0.8432966540405495,0.6106954118556059,0.9412978356180689,0.2603211009174312,0.8219083366258396,0.688352993276702,0.8250596411160668,0.9445898934834845,0.2727723590676145,0.6068376068376068,0.38180673591438463
a,2,random,258,0.6484665922774827,0.8441108162261388,0.6213394377766688,0.9427555171261816,0.26423957721667646,0.8410090490875082,0.6579371133146877,0.8224921313856831,0.9460649521036646,0.25100671140939596,0.7224513847967,0.38824289405684753
a,2,random,273,0.6540187861976903,0.8509946908578316,0.6256550407582747,0.9496943128427923,0.2608150470219436,0.8455106510053753,0.6902412501510331,0.8264902832101243,0.9492417347738721,0.2526205450733753,0.7169437846397466,0.3946114670609496
a,2,random,288,0.6551454429289569,0.8526101584114185,0.6262285410987795,0.9527180289401642,0.25806451612903225,0.8464303544682975,0.6910055068325515,0.8267735764581383,0.9510972465153181,0.24589591337757596,0.7193847367383159,0.40493910690121787
a,2,random,303,0.671396177709031,0.8593916638798736,0.6393275221632257,0.9535563874590548,0.25,0.849294580986091,0.7082075433723786,0.8313460356484327,0.9521823516136312,0.3595385980479148,0.719858851205646,0.41858125104813015
a,2,random,318,0.6772782889090334,0.8613456333358082,0.6429996575853085,0.9533628266843367,0.25945241199478486,0.8497150284971503,0.7132620791801769,0.8342041387254701,0.9520021645021645,0.40292530036566254,0.7203155818540434,0.4102650683775114
a,2,random,333,0.6813725474248001,0.8642121875802561,0.6461075946227073,0.9537460805889341,0.22844827586206898,0.8504007567083188,0.7114120852700754,0.8343530571182195,0.9552616591786369,0.4109732657697012,0.7143984220907298,0.4733593242365172
a,2,random,348,0.6776983031711672,0.8599717691103788,0.6467635350455501,0.9518081669196933,0.30117122141662017,0.8497090037658336,0.6999336870026526,0.8298018600889607,0.9548261882952577,0.3705977966407802,0.6936462970457304,0.44779050736497544
a,2,random,363,0.6857833931932809,0.8624969691034498,0.6526588570894554,0.952585031363229,0.31683168316831684,0.8536657469452109,0.7004117622592855,0.8302532511978097,0.9564555309814727,0.3363720930232558,0.7174691603660963,0.5080062794348509
a,2,random,378,0.6933962755912744,0.8653463799800454,0.6610716752473761,0.950457569903803,0.3206960845245494,0.8564204263758056,0.7087126137841352,0.8361307690738891,0.9565107092378502,0.36676945401777616,0.744472216881369,0.5003966365222909
a,2,random,393,0.7141317760829389,0.8721465644175019,0.6859470947962865,0.949051183333659,0.37879624516841526,0.8608247422680413,0.722169587873046,0.8366790582403966,0.9613947469150429,0.40825937330193807,0.7455938697318008,0.5644171779141104
a,2,random,408,0.716214171231124,0.8735424098370392,0.688119103470729,0.9498691048333529,0.3767313019390582,0.8616891064871481,0.7331784746418892,0.8377336350683094,0.9605048377242178,0.43198857550874686,0.7412398921832885,0.5529926126941053
a,2,random,423,0.716394203616018,0.8713079907625114,0.6885614367012799,0.9520313933738115,0.41350210970464135,0.8580298625141675,0.72335501376641,0.8312317739351871,0.9603061085045325,0.4054257724189902,0.7447666602650278,0.5588991380613942
a,2,random,438,0.720844700611379,0.8714114354304084,0.6950493731308166,0.9510317816013563,0.47346938775510206,0.8621198700915265,0.7228744219139096,0.8291989451129059,0.9616486866363653,0.3985576010628203,0.7423631123919309,0.5463384989364934
a,2,random,453,0.7207456643522288,0.8719928050795598,0.6949597185240032,0.9527486885469686,0.4779033915724563,0.8635916601101495,0.7244294502877555,0.8298589696147363,0.9620107654411094,0.3755976286096768,0.738634165215709,0.5619362597714973
a,2,random,468,0.7186239140598748,0.8701531408559792,0.699140241567867,0.9517656015147671,0.4732366183091546,0.8634869252946235,0.7272440572397209,0.8279374768012537,0.9595797753218142,0.3517413892630364,0.784526518466655,0.5280968643278485
a,2,random,483,0.7216912542734207,0.8721227945851922,0.6997680517546913,0.9505533042394015,0.48398576512455516,0.8648404121638603,0.7374097928144642,0.8327718860469953,0.9599905367655757,0.35726660250240616,0.7826396300249022,0.5257633587786259
a,2,random,498,0.7235773466537032,0.8729961468467132,0.7002491088739222,0.9496876155627786,0.4835852006253257,0.8653479264986444,0.7331591862582126,0.8340976863753213,0.9616752055718636,0.37871853546910755,0.7784900284900285,0.5274347350320463
a,2,random,513,0.7256341824373485,0.8754211930538534,0.7001506935901901,0.9533433085249023,0.48264984227129337,0.869041095890411,0.7398983978116451,0.8379584466261234,0.96184985838274,0.393780442113151,0.7698684447648225,0.5223178055510469
a,2,random,528,0.7225040241821086,0.8746489182281475,0.6983429902030431,0.9514336324528448,0.4785276073619632,0.8665934943125124,0.7471455664357317,0.8386072644484825,0.9610328211655605,0.38757062146892657,0.7666666666666667,0.5049585433262884
a,2,random,543,0.7339169504161721,0.8796272739895674,0.7106858436415782,0.9569842197545295,0.489002557544757,0.8772996958667797,0.7520997225705924,0.8392989280957314,0.9626758384742771,0.42651403249630726,0.7827622748145532,0.5186152841280209
a,2,random,558,0.7269495328194497,0.877658808773234,0.7029308427072914,0.9575656166702337,0.478961038961039,0.8780536444311496,0.7449235683321925,0.8386420348508041,0.9628665562371443,0.37603143418467583,0.7840909090909091,0.521410992616899
a,2,random,573,0.7283524244194887,0.8789315611950653,0.7048108363315451,0.9585425668574098,0.48393782383419687,0.8753631900611161,0.7541701260472489,0.841178947368421,0.9628551414197469,0.3583431027745213,0.7861209964412811,0.5346599249714565
a,2,random,588,0.7379326652741126,0.8822373275943268,0.7156258391449325,0.9588502975380188,0.480546792849632,0.88345713712106,0.755988692158905,0.841713617518869,0.9637404928228792,0.41301000769822943,0.8048696844993142,0.5392172652601063
a,2,random,603,0.7387362427982554,0.8816367521860424,0.7182392663162476,0.9601120208483246,0.48735157459989675,0.8834794879548432,0.7508148148148148,0.8374552276991302,0.9640462353917875,0.3996138996138996,0.8083290663935825,0.5574238578680203
a,2,random,618,0.7365501426771519,0.8806973092729753,0.7162123213186969,0.9604904632152589,0.4909274193548387,0.8815535949700841,0.7511116093113627,0.8377001146545501,0.9630997652795721,0.39922854387656703,0.808214528173795,0.5366252452583388
a,2,random,633,0.7379544494246036,0.8813892257404701,0.7178540903567151,0.9614022800669235,0.49391480730223125,0.876846297323184,0.7565136591711578,0.8400741956804468,0.9624832636554909,0.40810862497609485,0.8097179748555895,0.5325289417903147
a,2,random,648,0.7436620958857542,0.8832073877605663,0.724305193482608,0.9627122600221742,0.4939879759519038,0.8754800889427936,0.7545712078289982,0.8391485343976653,0.9638714619200467,0.4158226638639404,0.8079402782490669,0.579424391795198
a,2,random,663,0.7409669842448366,0.8830820852389881,0.7200279554376867,0.9608466020931185,0.48828735033836546,0.8747221660941604,0.7619757133278701,0.8415889933968874,0.9634896759195952,0.3962558502340094,0.8027210884353742,0.5788154183641492
a,2,random,678,0.7423003245772553,0.8840227256978824,0.7217770465704989,0.9619780005840552,0.4896694214876033,0.875850597308332,0.7636740433720672,0.8415423945462293,0.9642567092812103,0.397736143637783,0.8021135162774843,0.5838820947005331
a,2,random,693,0.7414462255377594,0.8827563354571708,0.7197330368427582,0.961882316277439,0.49898373983739835,0.8768944161925382,0.7597641857037583,0.8422903710057903,0.9623082449009285,0.41953470486444916,0.8023255813953488,0.5490324696621843
a,2,random,708,0.7455678908156106,0.8849249272893787,0.723476708940836,0.962349778929121,0.49920508744038156,0.87709412889269,0.7612851346905954,0.8443261574123758,0.9641612379336143,0.4049941474834179,0.8012400964519463,0.5954552481063534
a,2,random,723,0.7476123281271632,0.8864862942848042,0.7259119884675193,0.9622538506531487,0.49214659685863876,0.8784952217222025,0.7673490503288745,0.8453841394465661,0.9649653663871673,0.3984282907662082,0.8049323514300394,0.6145560855516233
a,2,random,738,0.7480619684061155,0.8862728316482879,0.7250309337776307,0.9620203678727106,0.4960254372019078,0.8783250733286133,0.7674521030609998,0.8464833376167223,0.9639490445859873,0.4104564962934062,0.8028846153846154,0.6049612403100775
a,2,random,753,0.7484755559233652,0.8869752247791572,0.726326422387444,0.9635244144811193,0.49213011542497376,0.8835281190690241,0.7644404999630204,0.8460192849219217,0.9648546559369354,0.40996244317058705,0.8049239186185673,0.6068965517241379
a,2,random,768,0.7479110286973952,0.8859739421415948,0.7261000395231684,0.9623171445289643,0.498960498960499,0.8849787553111722,0.7673753665689149,0.8392891594675127,0.9650343274464573,0.4011928429423459,0.8021353538832443,0.6099158091674463
a,2,random,783,0.749090663457705,0.8871589218402222,0.725953698171419,0.9648020235431463,0.49306296691568835,0.8896081262759548,0.7674040097654805,0.8403566159964082,0.9651310208958491,0.41502053588891064,0.8064625850340136,0.5999680868038935
a,2,random,798,0.7553994565753628,0.8897463914021798,0.7309422047271387,0.9635657409205671,0.4881889763779528,0.8908305614853795,0.7713128889555372,0.8471807557792373,0.9647099611335146,0.47829369573423935,0.8069036226930963,0.5876089060987415
a,2,random,813,0.7547869198983879,0.8895661807949021,0.7302114325338227,0.9645985047091951,0.48951781970649894,0.8914047370773127,0.7702778926785244,0.8465766264752247,0.9645638416224399,0.47665847665847666,0.8041659552672017,0.5853184248906174
a,2,random,828,0.7593349611732605,0.8913937140342368,0.734750094841198,0.9641172931747172,0.5028630921395106,0.8913723737147966,0.7741596638655462,0.8501568200729693,0.96532841719068,0.48986486486486486,0.8035714285714286,0.5925806969648306
a,2,random,843,0.7621321748753616,0.8926749608042596,0.7363772420528529,0.9631017190579328,0.49101796407185627,0.8916236601826122,0.7791646117075761,0.8518187239117472,0.9650016865558706,0.527743086529884,0.8021280247125451,0.5875900971482294
a,2,random,858,0.7588989281603483,0.8914499207081217,0.7343012871317339,0.9631233903067198,0.488272921108742,0.8918744732536811,0.7736774583050335,0.8504279889854206,0.9652908837285632,0.5021676300578035,0.8022813688212928,0.5929742388758782
a,2,random,873,0.7663256883847147,0.8941362344851272,0.7412796479594878,0.9628227396030522,0.49356223175965663,0.8956581940460884,0.7760969933561053,0.8555763400632136,0.9651783027727882,0.550410623798707,0.8052531536201831,0.5923726164426383
a,2,random,888,0.7804314196700931,0.8998922818573342,0.7575841096595052,0.9657888067993529,0.470076169749728,0.8953747217412812,0.7725047080979285,0.865348049393509,0.9658090817061715,0.6800425596595228,0.8048275862068965,0.6041110936764476
a,2,random,903,0.7824995303596077,0.9007834873041167,0.7585165042326097,0.9645379003628136,0.48008849557522126,0.8955771519238398,0.7773000859845228,0.8689939117866059,0.9656128067680414,0.6813220599538816,0.8040633608815427,0.605
a,2,random,918,0.7790834587619929,0.8998746085159398,0.7532368819877876,0.9656340001556784,0.4730105731775181,0.8941118258287977,0.774824964240006,0.8674216898897898,0.9658116539570183,0.6724246231155779,0.8022149160754456,0.5962968824181041
a,2,uncertainty,18,0.2918284252515006,0.45217988637630424,0.38304867871282444,0.295504918441041,0.02993616552938587,0.2300640204865557,0.21659170414792603,0.6977207730305919,0.5891046989328342,0.32085637317453564,0.20441508778028855,0.04226208574034661
a,2,uncertainty,33,0.4506803706306173,0.6056367184942849,0.4958913290413231,0.5372939241894,0.05212185243880965,0.4415972667093743,0.46085484553533645,0.7433649516144486,0.7099814969944123,0.518274415817855,0.5679141585972258,0.024720423778693348
a,2,uncertainty,48,0.4291864100111566,0.653034081058856,0.5115278084367373,0.8317327058025398,0.049044515630177844,0.2578531234418406,0.48063539495930485,0.546563759151013,0.8154911715930153,0.3104293275828269,0.4518753720976384,0.1190523198420533
a,2,uncertainty,63,0.47801124814236673,0.6665498702399936,0.5661419917622414,0.8675712910713949,0.06554897264590949,0.4793735141938191,0.4777591036414566,0.5596840679138682,0.773372893125434,0.3201267828843106,0.5602380952380952,0.19842651256701246
a,2,uncertainty,78,0.5267300834246439,0.7297693180287608,0.587459416660373,0.875685411246748,0.07918723889099887,0.4949459742070408,0.47164760282307133,0.7596752961825362,0.8395393698486,0.3933253873659118,0.6987951807228916,0.1277692895339954
a,2,uncertainty,93,0.5339018569926108,0.755482568925144,0.56264636524321,0.8685002930299295,0.046460835897945,0.6283274179236912,0.47032819182163277,0.6508447898477657,0.9279082212229034,0.38184828416616495,0.6329368403417658,0.19796183868169992
a,2,uncertainty,108,0.5461898519872258,0.7766446061513957,0.5666137938971141,0.8659264565425024,0.10073710073710074,0.7970255858323957,0.5311442422025062,0.702083236672389,0.9241752238446652,0.35204240723417524,0.3790462070669632,0.26352820775233465
a,2,uncertainty,123,0.6106539857824423,0.8153277595454946,0.6266473341319364,0.9249847607436757,0.1994115724092841,0.8380725881501396,0.6605163249810174,0.6985445950988929,0.9419920274711617,0.31147674513317586,0.7180562838664569,0.20283097418817653
a,2,uncertainty,138,0.5819256300369035,0.7775359666386741,0.5935604680523031,0.9197481985905456,0.309812108559499,0.8461727063207963,0.6175556254147891,0.5217465364524188,0.9377498047503101,0.19113325667561007,0.6670498084291188,0.22636262513904337
a,2,uncertainty,153,0.6386086942185673,0.8293564750340553,0.6354610304389678,0.9327076041998091,0.4492223238792315,0.8408248598308468,0.6442985265855221,0.7696650110496028,0.9473588557616291,0.34075245734945203,0.6222491419341813,0.2003994673768309
a,2,uncertainty,168,0.6284759150364815,0.820680771583005,0.6334434843424522,0.933861339322655,0.36424474187380496,0.8400227186671715,0.5771107632814658,0.7444508167123346,0.9483014104604577,0.40098783499496937,0.637065637065637,0.21023797294983734
a,2,uncertainty,183,0.6757909751350529,0.8347764662565117,0.6763738411507507,0.9370676766669989,0.5155210643015521,0.8468315993827468,0.6085924101842487,0.7565159374125648,0.9507359978125143,0.4218690881573969,0.6708538448480733,0.37413115744938047
a,2,uncertainty,198,0.6736044744084646,0.8248313680687338,0.6811957075165944,0.9350339256223014,0.5811704834605598,0.8418779814210394,0.5655669531466593,0.7112294833484908,0.9552923124697458,0.35205608275626227,0.6611679313757836,0.4590451160753395
a,2,uncertainty,213,0.6885481799005995,0.8351447250148285,0.7014580911502798,0.9318584611623786,0.5976757055893747,0.837117572692794,0.5912534275224242,0.7491792514773473,0.9569850646354812,0.454103146286085,0.6488464598249801,0.42991452991452994
a,2,uncertainty,228,0.7090928064846242,0.8473947586961181,0.71029742953663,0.9417370325693607,0.5671140939597316,0.8609284818067754,0.5784927866362946,0.7797208538587849,0.9597297150019073,0.49794829708658184,0.6987951807228916,0.49736881671929034
a,2,uncertainty,243,0.7181870781223789,0.848661007802041,0.7212356403180152,0.93939641442398,0.5980861244019139,0.8640670190485689,0.6423930178015302,0.734357316087308,0.9630362736641395,0.4562567053545304,0.7013944542394615,0.5646963780799784
a,2,uncertainty,258,0.703053895628822,0.8408664633660593,0.711513157094461,0.9352662552031004,0.581122763726095,0.8542532418765333,0.6267242999436197,0.7108106224297762,0.9655779493480533,0.4201005025125628,0.6835729284445162,0.5500564971751413
a,2,uncertainty,273,0.7326286024595614,0.8609932005281206,0.7236531783899577,0.9410952226194346,0.596426370918053,0.8486494643126603,0.6098907841452939,0.8033056492064797,0.9688611854262625,0.5840978593272171,0.6651982378854625,0.5761326482951892
a,2,uncertainty,288,0.745692978622499,0.8671747961252749,0.7382163923523181,0.9482363351164381,0.6341749853200235,0.8547825221459142,0.6252886376303846,0.8075501805660535,0.9705746787367023,0.5957758873569962,0.672930503806901,0.6019230769230769
a,2,uncertainty,303,0.7342462169866422,0.8607793714812063,0.7319951219574269,0.957061788166197,0.6421364985163205,0.8392662369856222,0.594734642707898,0.7857473391948172,0.9726949829806127,0.5503885531022573,0.6218514359056634,0.6443344753203908
a,2,uncertainty,318,0.7562093493442555,0.8712469673281308,0.7588270665181689,0.9599952889447236,0.6507009345794392,0.8261928934010152,0.6690025026814445,0.7854894663082684,0.9726718208280031,0.6448747995559393,0.6422153483576374,0.6547410894418292
a,2,uncertainty,333,0.7666264614019674,0.8745813122192159,0.7720379441830325,0.9599874038064122,0.6588921282798834,0.8310585380649075,0.6621474851129171,0.7971473144640071,0.9720948829770417,0.6689982513115164,0.6663728514764213,0.6829392971246007
a,2,uncertainty,348,0.7687983860973879,0.87748451803296,0.7696088706698833,0.964474353456708,0.6503496503496503,0.8339697571406751,0.6615424993438567,0.8057165437302424,0.9727337935146112,0.6766653154979057,0.665893271461717,0.6878402903811253
a,2,uncertainty,363,0.7843438271904378,0.8862181326122782,0.7836839090097278,0.9636542239685658,0.6788021139166177,0.8377733800172528,0.7031088082901554,0.8276301900070373,0.9713860188029414,0.6970374510899944,0.6803302021064617,0.6993720565149136
a,2,uncertainty,378,0.7836160674647762,0.8857736997600545,0.790410547757445,0.9645217595952068,0.6678321678321678,0.8233995584988962,0.7074752531573558,0.8227706864232794,0.9717549866031557,0.7403800475059382,0.6454125793421812,0.7089975682248041
a,2,uncertainty,393,0.7827517814615518,0.8878258638099367,0.7877966430073621,0.9642450645629734,0.6678383128295254,0.8267850019944156,0.7282950967161493,0.8294827003268342,0.9708474576271187,0.7269118505545826,0.6369539551357734,0.6934065934065934
a,2,uncertainty,408,0.7873175993276214,0.8890296865406748,0.7869941052608449,0.9650357809583074,0.669833729216152,0.8403053435114504,0.7011853275668749,0.8354403302744444,0.9731228311734224,0.7407124681933842,0.6794312262424328,0.6807913568121229
a,2,uncertainty,423,0.7949421257065197,0.8960288889075859,0.7936015571559654,0.9653611224947798,0.6709905660377359,0.8369896404631323,0.7421154503017192,0.8521723850107631,0.9729920499294152,0.7374562427071178,0.6745829799264914,0.7018186944875229
a,2,uncertainty,438,0.7842346908938416,0.8906105650053103,0.7762786024038428,0.9623575638506876,0.6436923076923077,0.8394659056161451,0.7283177827644581,0.8457407289477594,0.9702557835976338,0.6938491511271918,0.6853885722229945,0.6890444222253964
a,2,uncertainty,453,0.7842827554884306,0.8913793743918641,0.7783803273253513,0.9610307858758729,0.6486161251504212,0.8418432149570696,0.741008911521324,0.8479789290341766,0.9694620472732319,0.677756909042125,0.682975113122172,0.6878727634194831
a,2,uncertainty,468,0.7977432607763507,0.8950240773841034,0.7967142540917189,0.9625068632833947,0.6763678696158324,0.8385677749360614,0.7357914707580632,0.85360435875943,0.9706746771247647,0.7622897379058547,0.6890756302521008,0.6908109643516546
a,2,uncertainty,483,0.8034738650573404,0.8981953857410868,0.798715520321718,0.9630241523090237,0.6493975903614457,0.8486755302953415,0.7382566986437314,0.8606473877881957,0.9696958460411781,0.7982255679526818,0.7108501118568232,0.6924919002676433
a,2,uncertainty,498,0.8036368170327215,0.8994242037956812,0.8049190249327375,0.9631564367406704,0.6254589963280294,0.8385579135770903,0.749687361329622,0.8645688529424155,0.9687970413871285,0.8135411069317571,0.6941000136258346,0.7148636304319457
a,2,uncertainty,513,0.8192846008418391,0.90323183410078,0.8247394614919406,0.9647295935505542,0.6591044776119404,0.8718880977629652,0.7463554496628034,0.8625668562247638,0.9683620344413296,0.8134701394369903,0.7777466367713004,0.7093381221139046
a,2,uncertainty,528,0.8255059500089114,0.9070091439091998,0.8364183017663646,0.9665254654713822,0.6658823529411765,0.8767444229397983,0.7605050228667475,0.863121902659655,0.9703755540004665,0.8205193482688391,0.7781981224604175,0.7276813584717193
a,2,uncertainty,543,0.823977941342551,0.9064606869569348,0.8365804793323895,0.9662536199050452,0.669051878354204,0.8670472663683588,0.773773088971303,0.854369812689918,0.9716881687329173,0.8185556412233359,0.7620868615132478,0.7329751343246282
a,2,uncertainty,558,0.8352023119080444,0.9100282021596758,0.8442251333691633,0.9659333702619293,0.6662817551963048,0.8990031215386165,0.7721729089990619,0.8555177883525946,0.9705934307044375,0.8355246197473576,0.820686606748195,0.7311072056239016
a,2,uncertainty,573,0.8374376769168027,0.91290390316865,0.8434900667479632,0.9676361337232277,0.6564525633470831,0.9031869510664994,0.776445800639349,0.8607098591549296,0.9724982108501482,0.8363730435907386,0.8287457223627437,0.7348908075165058
a,2,uncertainty,588,0.8436228499680782,0.916161789213339,0.8488833336302918,0.9707935883567705,0.6739380022962113,0.9052366565961733,0.7802033601807646,0.8638286382863829,0.9746343820266479,0.8467323651452282,0.8280878859857482,0.7491507708387771
a,2,uncertainty,603,0.8417892925712992,0.916435389602852,0.8449731404500346,0.9712094395280236,0.6616800920598389,0.9063380281690141,0.778160833395788,0.8690384403568675,0.9741691927175348,0.8393617021276596,0.8298347476552033,0.7463111571317629
a,2,uncertainty,618,0.8406257629082444,0.9167787827897584,0.8422856395868479,0.9701683065260511,0.6554419723391461,0.9061175045427013,0.7848673484511635,0.8716572797019824,0.9737356075965848,0.8375728669846317,0.830367734282325,0.7357032457496137
a,2,uncertainty,633,0.8400354638158711,0.9158638258064236,0.8407907648093507,0.9707025880689628,0.6558558558558558,0.9087609638068354,0.7726242170387734,0.8713550600343053,0.973718729940181,0.8369263324957016,0.8333582871687378,0.7370171399334868
a,2,uncertainty,648,0.8453876449009601,0.9188957973311651,0.8437019765018235,0.9715785556186708,0.6682808716707022,0.903320213946917,0.7797653394883631,0.8781268934475893,0.9753814663193152,0.8535767011139445,0.8279028436018957,0.7505559189012426
a,2,uncertainty,663,0.8453210164532596,0.9184772829447417,0.844654824006868,0.9719220774145646,0.6682663467306539,0.9058454692556634,0.7796559123592968,0.8742604198623833,0.9752367825511982,0.857795085269236,0.8283548818546589,0.746552172781681
a,2,uncertainty,678,0.8448679788777542,0.9183080741585239,0.844150340187985,0.9703660207477002,0.6638194020744357,0.9048172673507557,0.781255900011328,0.8755693763139454,0.9748043075605692,0.8626096199840553,0.8263899184581172,0.7441799973988815
a,2,uncertainty,693,0.8452164502202022,0.9170993368987256,0.8461841951245447,0.9705980555828342,0.6626287098728043,0.9056775629996964,0.7702521201888023,0.8721049083356893,0.9744972433221455,0.873850197109067,0.8288208314839474,0.7485184230868333
a,2,uncertainty,708,0.8465313810017842,0.9185705401600662,0.8464880602619644,0.9720475602828544,0.6714801444043321,0.9055058395267708,0.7728728806938042,0.8777333848863685,0.974892903706463,0.8703777866773461,0.8260547742413027,0.7478171545968156
a,2,uncertainty,723,0.8462794365864457,0.9182162217140015,0.8456073689621703,0.9715485440703242,0.6662636033857315,0.9043513540927072,0.7689407328855897,0.8762581916306164,0.9754142567555002,0.8748834110592938,0.821518054532056,0.7573367808661926
a,2,uncertainty,738,0.8449237668944014,0.9184285444681916,0.8398917410985091,0.9724174382867099,0.6625766871165644,0.9006762894922782,0.7711717394732692,0.8791657799531816,0.975321269829462,0.8645478106670305,0.822261588426336,0.7561752988047808
a,2,uncertainty,753,0.8501392037536298,0.922470682354638,0.8478061147341899,0.972809667673716,0.6715239829993929,0.9002886514407251,0.7945900253592562,0.8860475161987041,0.9759136985027435,0.8716621253405995,0.8188607409576805,0.75955642530985
a,2,uncertainty,768,0.8478210321293017,0.9207760727279304,0.8452876177865394,0.9707708022314764,0.656441717791411,0.9000853970964987,0.7886622021491979,0.886504775365112,0.9740523423675143,0.8774335069920483,0.8248738498070645,0.7515646953633925
a,2,uncertainty,783,0.8481345048995385,0.9216777948332285,0.8437559356219124,0.9711468583662326,0.6515337423312884,0.9066292247517802,0.7877036053279168,0.8860547862991384,0.9753195445038345,0.879287064542263,0.821830343569474,0.753705374403918
a,2,uncertainty,798,0.8496460838359007,0.9221116721537065,0.8444141938669723,0.9711966432030744,0.668693009118541,0.9048071632234506,0.7906019417475728,0.8869561482626809,0.9757041336458682,0.8749829211640935,0.8192588092345079,0.7546139849233169
a,2,uncertainty,813,0.8450492180252662,0.9212054120512174,0.8405781201126064,0.9727372291324415,0.6533333333333333,0.8971766119343212,0.7914285714285715,0.8868865855232033,0.9754765853567635,0.865432439900525,0.8084915532964568,0.754480052321779
a,2,uncertainty,828,0.8441670698063227,0.9201015089771923,0.8413374608765479,0.9726258077149011,0.6584766584766585,0.8967803505952082,0.7861627861627861,0.8853118712273642,0.9750065281456336,0.8709589041095891,0.8045123942407599,0.747668327584004
a,2,uncertainty,843,0.8441229382237238,0.9198792986328395,0.843159605537743,0.9729962766999805,0.6722388059701493,0.8958511440784511,0.7880913412828306,0.8863115017686783,0.9743283693432426,0.8663657502393654,0.7998813232458092,0.7410419313850064
a,2,uncertainty,858,0.8477438700709395,0.9216539485172133,0.8444335252767564,0.9731328085223044,0.6742378959952182,0.8975912664630177,0.7881634570220761,0.8871681889157451,0.9762068901268842,0.8731089000954069,0.7992777610592838,0.7608076624385193
a,2,uncertainty,873,0.8481844602797344,0.9220057519003998,0.8482969985235977,0.9736105948864414,0.6936416184971098,0.8997552569801708,0.798995751255311,0.8901646774437226,0.9742210769072762,0.8690914044408119,0.8006705272782688,0.7335092348284961
a,2,uncertainty,888,0.8474223005500617,0.9209180225335716,0.846099077023612,0.973415613674209,0.6847377725397761,0.8970013037809648,0.7868044141817327,0.8863163761871075,0.975533857563448,0.8706931495743818,0.7987978963185575,0.7535003211303789
a,2,uncertainty,903,0.8512691649494345,0.9237488712509668,0.8472658596825416,0.9733709273182958,0.6833631484794276,0.9010218393107594,0.7981096994112179,0.8887642388677943,0.9770127768788707,0.8733225979602791,0.8046151510551085,0.7618421052631579
a,2,uncertainty,918,0.8503105513623326,0.923351318840497,0.8471876756068515,0.9728374752756399,0.6761397276494967,0.9040573749937308,0.7942568757090881,0.889570026149955,0.9766069899877172,0.8758116883116883,0.8109415142813964,0.7525732899022801
a,2,margin,18,0.2918284252515006,0.45217988637630424,0.38304867871282444,0.295504918441041,0.02993616552938587,0.2300640204865557,0.21659170414792603,0.6977207730305919,0.5891046989328342,0.32085637317453564,0.20441508778028855,0.04226208574034661
a,2,margin,33,0.42239322090567255,0.6306575343702955,0.4699358525184615,0.6511573304114735,0.02879177377892031,0.5043490078825767,0.4574095682613769,0.6487393346754865,0.7697826374140051,0.34774774774774775,0.33676417479234383,0.05679741318712217
a,2,margin,48,0.534303858027307,0.7310682906101924,0.5618638052694161,0.8790075217348833,0.11684023368046736,0.5731561378094099,0.3528389968515905,0.7695194057004245,0.8484015809961869,0.48901472253680633,0.6752688172043011,0.10468730573169216
a,2,margin,63,0.5461641286296508,0.7649595073575889,0.5531256928035185,0.8885631676170589,0.10134912800263245,0.5528669121514992,0.47074072296097164,0.7643565127645902,0.9097719928510822,0.29741763134461263,0.7161585365853659,0.21425255338904364
a,2,margin,78,0.5540749026369453,0.7797900391237039,0.552142849305524,0.9022696411251212,0.10576569959603378,0.6947451958505754,0.4189210078837533,0.7690835480309165,0.9286498956388004,0.36595092024539877,0.6656794998354721,0.13560871552643608
a,2,margin,93,0.5837502066809621,0.8019118198973859,0.5718964514806734,0.9255429931567986,0.11395759717314488,0.8032517081442322,0.43684048765495337,0.7727123527480944,0.9404562850666964,0.4633450763294749,0.6792380219357321,0.11840733791953305
a,2,margin,108,0.63707478448279,0.8331944750878834,0.6270778299298327,0.9351548752105054,0.08202764976958525,0.8475187969924812,0.49122092727365263,0.7980433263452131,0.9582495804672949,0.6974373105538716,0.711368154708115,0.21265243902439024
a,2,margin,123,0.659309088245048,0.8406526015063487,0.657400082842721,0.9373689881477129,0.07909604519774012,0.8433684431169104,0.5182089552238806,0.8083826563072355,0.9541973624374716,0.763879943320881,0.7420216947020909,0.2872577057515094
a,2,margin,138,0.6854323339832197,0.8565753211363737,0.6717385910207173,0.9466794258373206,0.12296296296296297,0.8645154774529111,0.5680299511871475,0.8172076713616863,0.9623384129838436,0.7647676555526385,0.7397976979420997,0.38259175056836636
a,2,margin,153,0.6915093229472803,0.8565547069832039,0.679441590647198,0.9515026539886203,0.12946428571428573,0.8665608844756104,0.5455165027748028,0.8145688972958366,0.9619522242041965,0.7618918552649411,0.7568096558473332,0.43531694695989653
a,2,margin,168,0.6961627226171787,0.8577906510512385,0.6784873382544222,0.9524661969148733,0.14655810510732792,0.8630472497193591,0.5533252720677146,0.81382581916257,0.9617110048553548,0.7619855748833263,0.7489419332994752,0.46360334754460764
a,2,margin,183,0.6957132392511305,0.8590996139492448,0.683989739572499,0.9577761196885343,0.15303030303030302,0.8717101868097843,0.5459477789081044,0.8158281165468738,0.9636588834350199,0.7333422352784084,0.7680404231801674,0.4520851063829787
a,2,margin,198,0.7133091564517299,0.8678126568529112,0.6980256941039772,0.961534731247454,0.15215686274509804,0.8783852317679278,0.5748333096893177,0.8205526234088792,0.9655646877522566,0.7669007297260085,0.7781961041086921,0.5216581276199348
a,2,margin,213,0.7323644351077246,0.8726817343093913,0.7193433813380155,0.9632664155632353,0.21524663677130046,0.8836929252383342,0.5710381226143914,0.8202528695449514,0.9691447581204085,0.7666435024322447,0.7916124837451235,0.6103822019395322
a,2,margin,228,0.728622735477265,0.8728155465362025,0.7222739061721468,0.9634410279408037,0.18706157443491817,0.8889451049835568,0.5778295295761527,0.8202841031887931,0.9685219736574733,0.7499354172048567,0.8016701461377871,0.5999157421710434
a,2,margin,243,0.7502953055505492,0.8759024786809086,0.7446212830526873,0.9664272785660069,0.34278180619644033,0.8971376555072317,0.5771799454425736,0.8179269496544916,0.9698642316027339,0.7394766780432309,0.814997533300444,0.6268656716417911
a,2,margin,258,0.7554142451526356,0.8782109308371935,0.7483596594626123,0.9671703403691876,0.3620218579234973,0.8945658151277308,0.5884665792922673,0.8239941535483616,0.9691866880557848,0.7589082638362395,0.8095159967186218,0.6248985115020298
a,2,margin,273,0.7522304891014016,0.8788092803186024,0.7460778219458665,0.965217729999221,0.3166303558460421,0.8952399920334595,0.5899361096861446,0.8257807837676546,0.9702061512269144,0.7789499509322866,0.8077301015394693,0.6203832268814218
a,2,margin,288,0.7525749543600941,0.879054140094025,0.7432010395777224,0.9644918321432064,0.30470500373412995,0.9000993048659385,0.5896358543417367,0.8269032718054345,0.9694883978410297,0.7942238267148014,0.818363939899833,0.6052631578947368
a,2,margin,303,0.7622881899710335,0.8812067495717417,0.752397579754912,0.9655630173356239,0.35804195804195804,0.9011346817957573,0.5949941520467836,0.8274212991324625,0.9699421430224485,0.7896678966789668,0.8206503519946363,0.6331782096906652
a,2,margin,318,0.7637411470751798,0.882822735803466,0.7537300780054629,0.9665073644625509,0.35311355311355314,0.906068495894252,0.6028668182029039,0.8293487549434607,0.9697752042340532,0.786194645349575,0.8218503937007874,0.6379450937754825
a,2,margin,333,0.7799078150439832,0.8862907303810545,0.7713250325844825,0.96720156555773,0.4472295514511873,0.9086427205956333,0.6100564867117325,0.8330218316300155,0.9704489434181738,0.8006674367860351,0.8395140664961637,0.6423877327491785
a,2,margin,348,0.7843312726354975,0.8888549943131896,0.7749140962619737,0.9665693973874385,0.45706907682375725,0.9069674585745657,0.6241012887180647,0.8360428986669339,0.9714354363234792,0.808295528191834,0.8326055312954876,0.6558948377379159
a,2,margin,363,0.7946804707151578,0.8923605656040229,0.7839473268394976,0.9655239999216009,0.5148640101201771,0.9069370545125991,0.645626132696813,0.8387854251012146,0.9723888447979919,0.8081600627697136,0.8344562078922041,0.6653824986241057
a,2,margin,378,0.8004170834084308,0.8975287594734035,0.7895172501522526,0.964698960580506,0.5294117647058824,0.9049636803874092,0.6868290237687456,0.849555680422884,0.9716281341282493,0.8106399789307348,0.824177604926268,0.6618489228251977
a,2,margin,393,0.8057873728745415,0.8976228387219307,0.7930026736106357,0.9661847106304612,0.5859649122807018,0.9047047047047047,0.6802039155207128,0.8500802040060873,0.9719841277148145,0.8140889830508474,0.8260366760284157,0.6528381219341275
a,2,margin,408,0.8072355446792444,0.8988674695628445,0.7934686033743179,0.964198232446944,0.5784726398075767,0.8985953243659106,0.6899093450817588,0.8516789888893478,0.9729949013931275,0.8215237080447523,0.8205212801055757,0.6672254819782062
a,2,margin,423,0.8134394435567658,0.9037572464899511,0.7992288767101132,0.9663419128457452,0.5765550239234449,0.9014727029305301,0.7127308303778892,0.859878374681733,0.9732054860132453,0.8394471026049973,0.8248475860932608,0.6664759725400458
a,2,margin,438,0.8140934699626601,0.9056030513276052,0.8038539989560517,0.9666131117990517,0.562894887995405,0.9018189027110076,0.7234836456017784,0.862085905294859,0.9739870258099641,0.8346225660176047,0.829252259654889,0.6720829247793809
a,2,margin,453,0.8167316072085633,0.9065234132312241,0.810426655904616,0.9673689367956884,0.5704697986577181,0.90135683866495,0.7259483341957569,0.8622580713996116,0.974284947579787,0.828674602113147,0.8279464577211884,0.6922764777492222
a,2,margin,468,0.8226237461253372,0.910027668860258,0.8117432676481395,0.9681793243984639,0.6067677946324388,0.8997038499506417,0.7508870433189067,0.8699414499741691,0.9737929504423306,0.8368661121545479,0.8203947368421053,0.6770804534144319
a,2,margin,483,0.8254879007551118,0.913483616550925,0.8142023798914464,0.9687800474872942,0.6098964326812428,0.9016734330131696,0.7725024727992087,0.8778531098079396,0.9737570590189348,0.8303219671240321,0.8225620786054925,0.6720445062586926
a,2,margin,498,0.8286423971543797,0.9150435576409242,0.8201746194047937,0.9681773592309202,0.6104553119730185,0.9051290980548231,0.7750526114405969,0.8801999565311889,0.9745716528887453,0.8308321964529332,0.8344693281402142,0.6788940596769778
a,2,margin,513,0.8294129766760369,0.9150973798444826,0.8199879883102941,0.9696922110552764,0.6077981651376146,0.908568598315998,0.7632965031087877,0.8788576300085251,0.975824053864082,0.8358413132694938,0.8358598207008965,0.6889784946236559
a,2,margin,528,0.8339672230658964,0.9160140975429265,0.8272489186798393,0.9700519048085398,0.62778730703259,0.9086226536575702,0.7674821049319595,0.8783514006654503,0.9755144013859424,0.8461641094062708,0.8353530457262885,0.696378079978457
a,2,margin,543,0.8351410260446505,0.9167132884246386,0.8247227925686322,0.9702826675030384,0.6301035953686777,0.9100267247352272,0.7697321919421974,0.8791463101054255,0.9755925795511406,0.8496190348883839,0.8278555157826228,0.7039106145251397
a,2,margin,558,0.8366849692653016,0.9175545002429757,0.8293868361475786,0.972113579474343,0.6468877254217569,0.9069940846050604,0.7744881767870274,0.8782407507514001,0.9766445293659333,0.8438172043010753,0.8214977404777276,0.7094809322033898
a,2,margin,573,0.8378127572279941,0.9185629839872186,0.8307325996128292,0.9718078875439281,0.6415749855240301,0.9077648226246589,0.7759639851242904,0.8808729526720186,0.9771124146124146,0.8478057889822596,0.8215389620953311,0.7158730158730159
a,2,margin,588,0.837645826536895,0.9198696209440139,0.832144311914543,0.9729581867917155,0.629080118694362,0.9081485173187142,0.781040498686635,0.8828378931054524,0.9777707592126409,0.8472698496438934,0.8195718654434251,0.7201347499352164
a,2,margin,603,0.8385268995452656,0.9207449625315788,0.830961182740994,0.97374738937794,0.616577221228384,0.9102870813397129,0.7819690831137159,0.8845872899926954,0.9775827193942881,0.8502899314707433,0.8289902280130294,0.7227111519768816
a,2,margin,618,0.8413204378819297,0.92095446039356,0.8346305396291055,0.972815571928316,0.6359882005899705,0.9096090390960904,0.7862079676943388,0.8834571001753664,0.9774514167037531,0.8521349499209278,0.8320337881741391,0.7221859066544646
a,2,margin,633,0.8400371530584702,0.921713579646954,0.831306662295103,0.9731262713190424,0.6162227602905569,0.9096812868418424,0.790139751552795,0.8862634989200864,0.9773098027584162,0.8549780672604015,0.8311899723262249,0.7214229662568663
a,2,margin,648,0.8394164640232588,0.9206265805874164,0.8313678323303096,0.9735754441636795,0.6183574879227053,0.908157159952134,0.7899939172749392,0.8810865103279619,0.9767700550621999,0.8550066755674233,0.8299983731901741,0.7218025527481114
a,2,margin,663,0.8412806823371448,0.9232457309196894,0.8302787077249438,0.9740414477410786,0.6231094978826376,0.9078311150989482,0.8012069165602878,0.8906020558002937,0.9769373377827215,0.8565672844480258,0.8239564428312159,0.7172740428890936
a,2,margin,678,0.8443757813750639,0.9254305901080919,0.8355492901757695,0.9743710046331594,0.6181384248210023,0.9103139013452914,0.8089474490577601,0.8930937846234059,0.977644614300026,0.8574885721968271,0.8269167489305692,0.7324675324675325
a,2,margin,693,0.8465784974462364,0.9267659088332296,0.8351185218303367,0.9750664373925277,0.6200241254523522,0.9142999006951341,0.8119978575254418,0.8951170307381939,0.9778503017884792,0.8582312925170068,0.8334708697804918,0.7331486611265005
a,2,margin,708,0.847528760035313,0.9278523447840694,0.837462478952404,0.9731517357441979,0.6103739445114595,0.9157962477105094,0.8203489246503234,0.8984069864396367,0.9773232960023733,0.8607186112232539,0.8301075268817204,0.741531567154343
a,2,margin,723,0.8492084784426894,0.9289938341272727,0.8416958537573206,0.9725799180729503,0.6150178784266984,0.9164892827087768,0.8273312134881313,0.9008006032245903,0.9774367728647505,0.8650463273801531,0.8299071618037135,0.7382671480144405
a,2,margin,738,0.8501608643356361,0.929441443507691,0.8402841406842924,0.9722184153337119,0.6120218579234973,0.9192128942944725,0.8279107685466538,0.9004045718833595,0.9777542765965342,0.8626016260162601,0.8341641741442339,0.7451591942820013
a,2,margin,753,0.8508541429339203,0.929538203469042,0.8411992472491947,0.9731083884604846,0.6273106738223018,0.9183572976167028,0.8285140860774548,0.9000640756534611,0.9780404308417371,0.8592652620205294,0.8288288288288288,0.7441982430837814
a,2,margin,768,0.8514552786828117,0.9300675743126849,0.8412038273525989,0.9736414691896758,0.6288416075650118,0.91822165329132,0.829843223008784,0.9009296148738379,0.9783426971500622,0.861580013504389,0.8275050437121722,0.7441921858500528
a,2,margin,783,0.8523199048961899,0.9305298588234788,0.8427436224476277,0.9740934667083464,0.6242496998799519,0.9194059405940594,0.8287276488842914,0.9012222444045164,0.9787166955699196,0.856104455512182,0.837660203746303,0.7506987887661387
a,2,margin,798,0.8546897272799697,0.930813995367598,0.8463202881038516,0.9738338576983956,0.6431924882629108,0.9211886304909561,0.8285842160226764,0.9022483325235213,0.9785802337544374,0.8573728699852409,0.8428781204111601,0.7443287963704297
a,2,margin,813,0.8543741678380212,0.9319826982312538,0.8448396013638406,0.9749521316087687,0.627190332326284,0.9199881023200476,0.832947847496829,0.9046201345242033,0.9789337959054942,0.8624966298193583,0.8386359928210149,0.7496025437201908
a,2,margin,828,0.8558841148698848,0.9323862595184915,0.8467044453695276,0.9746677091477717,0.6371158392434988,0.9194186276448487,0.8347987386384715,0.9045415291955449,0.979388994483334,0.8617666891436278,0.8367279894875165,0.7545309168443497
a,2,margin,843,0.8556657654408256,0.9325669553763392,0.8479786201744172,0.973976676841199,0.6227192466156563,0.9206693982327097,0.8362273671712674,0.9059753174109918,0.9785470592598087,0.8724850099933378,0.8371862615587847,0.7532055518836748
a,2,margin,858,0.8596219849909685,0.9335022685322081,0.8525142736773351,0.9735468355915303,0.6490218642117376,0.9210992907801419,0.8386397608370703,0.9076017178022756,0.978959374623281,0.8727176501720032,0.8377659574468085,0.7572454134538686
a,2,margin,873,0.8585320654363681,0.9334785996075023,0.8513970323320366,0.9741934221596134,0.638150289017341,0.9221833932175025,0.8395674394489298,0.9067911526064244,0.978764049111614,0.8738019169329073,0.8408826945412311,0.7524542318917484
a,2,margin,888,0.8601892137633482,0.9339108942437684,0.8522764660376778,0.9739723076320479,0.6469565217391304,0.9228125306884022,0.841498984677866,0.9080342032599982,0.9784690103901159,0.8722525642733449,0.8398932621747832,0.757813539034446
a,2,margin,903,0.8605518415142493,0.9340548683833749,0.8517433589094989,0.974751728595773,0.6498829039812647,0.9211634511800999,0.8412939563493534,0.9079040852575488,0.9786835541626874,0.8731792062007216,0.8365947482856665,0.7615129396151294
a,2,margin,918,0.8612745285513231,0.9340349619843283,0.8518390308948999,0.974443334704189,0.6507566938300349,0.9236107717120375,0.8399822695035462,0.9061659815576047,0.9789435620705961,0.8711027129167229,0.8388935456831517,0.7675718849840255
a,2,class_balanced,18,0.2918284252515006,0.45217988637630424,0.38304867871282444,0.295504918441041,0.02993616552938587,0.2300640204865557,0.21659170414792603,0.6977207730305919,0.5891046989328342,0.32085637317453564,0.20441508778028855,0.04226208574034661
a,2,class_balanced,33,0.44401793897526887,0.6358724104691272,0.5233649670822118,0.7333594791748372,0.10282514634767116,0.32640994542146756,0.46677471636953,0.6983785849034077,0.7435908711138473,0.4085757461276917,0.49697590978985134,0.019271051529116047
a,2,class_balanced,48,0.4718009619581926,0.664218198720764,0.529743109850796,0.8381269824203,0.09494268374915711,0.7751744246589607,0.4390439489452699,0.6193795349368679,0.7324754832492489,0.1873272799052507,0.509773260359656,0.04996505939902166
a,2,class_balanced,63,0.5208457410406081,0.7366190419221234,0.552423016068799,0.9187053695632014,0.10957178841309824,0.7709965187119234,0.49080946450809465,0.6318734105679571,0.852296021945157,0.18859957776213934,0.7043368154479266,0.020422702445974827
a,2,class_balanced,78,0.5084256627120808,0.7283236047399296,0.5330597699358308,0.9256388731624465,0.10550534100246507,0.7410640296116237,0.5223151487250314,0.5177977274154059,0.8728156071105755,0.1799500672172076,0.6452539027453795,0.06549026741859196
a,2,class_balanced,93,0.5615477825059365,0.787420833935859,0.5630553320829995,0.9335990154134678,0.3236929922135706,0.6104541033123432,0.5945945945945946,0.7854473942969519,0.9130548893615096,0.16052842273819054,0.6861592245351978,0.046399406087602076
a,2,class_balanced,108,0.5792267304878239,0.8051656985327595,0.5805949395733238,0.9438193296556668,0.21394319439321283,0.8357669580504957,0.5887730719950134,0.772784580208133,0.9149142731535757,0.21353538832443603,0.6595501334349981,0.06995364517488412
a,2,class_balanced,123,0.603672968230998,0.8031447822978471,0.5939746973508069,0.9381242243366231,0.32246153846153847,0.8493925940381519,0.6144670519621038,0.6837912534547228,0.9264834523983088,0.29839326702371843,0.646510743487355,0.1534325889164599
a,2,class_balanced,138,0.6277268834267394,0.8200196280334053,0.6212958101847942,0.943392469585648,0.402636309167166,0.8431324474084244,0.635899967094439,0.7050923641944855,0.9474193808665716,0.37509399909760865,0.6562073669849932,0.1406676464413185
a,2,class_balanced,153,0.637399138530939,0.8134577797402529,0.6345825309829458,0.928747607490282,0.35884244372990354,0.8247954376394744,0.6401741362951386,0.639729276334818,0.9505846375247347,0.5050218340611353,0.5788536845852617,0.30984318911770264
a,2,class_balanced,168,0.6252506462169641,0.8033193387454857,0.6162387343775633,0.9434176521262433,0.4216787838730998,0.8396530359355638,0.6070042883397999,0.5869019915984164,0.9534942545349425,0.3472634133189539,0.6404008985657508,0.2874414976599064
a,2,class_balanced,183,0.6347272199824138,0.8059757014677084,0.620681785993627,0.935478763408938,0.44798978940650924,0.8573690199376639,0.6104167729429169,0.6044425842327125,0.9501383801019265,0.38121387283236996,0.6561651276480174,0.26933066933066935
a,2,class_balanced,198,0.640859623402378,0.8074024878525642,0.627600357722411,0.9332986347439645,0.4713375796178344,0.8581857115047693,0.6175869120654397,0.6065252273132465,0.9496808111152835,0.3852522639068564,0.6488095238095238,0.29705994654448264
a,2,class_balanced,213,0.6411990825699098,0.8086002322556501,0.6358954630235907,0.949171358337959,0.5832889835018626,0.8417715529478565,0.6232111145931265,0.6080632127143755,0.9506887350353382,0.361922220767317,0.5452763622108977,0.307398203020455
a,2,class_balanced,228,0.6613607865334534,0.8267050233135533,0.6436923471999637,0.9456693070492228,0.5984427141268076,0.8375303470271814,0.645454793102509,0.6990221534721839,0.9514367816091954,0.3817646146689409,0.5237534354142128,0.36917293233082704
a,2,class_balanced,243,0.6649563616536206,0.8248078046326951,0.6490281370048853,0.9486805569428075,0.6243093922651933,0.8297570751258615,0.6417258616153644,0.6810700752219897,0.9528767663372192,0.3746445893962201,0.5585040071237756,0.37303893085415457
a,2,class_balanced,258,0.6702039456814628,0.8316414716975717,0.6510603945560652,0.9468426542565995,0.6087450312322544,0.8481339712918661,0.6521514583163446,0.7143757018048367,0.9516365850164733,0.38926829268292684,0.5767580675247156,0.3439237490071485
a,2,class_balanced,273,0.6946674850640967,0.8528050499756777,0.6662860581277656,0.9496374053447654,0.6194690265486725,0.8592067988668555,0.6838259614517245,0.7998017593854541,0.95353488246953,0.42762823768410363,0.5879828326180258,0.3709204612077389
a,2,class_balanced,288,0.6844224604237769,0.8469529813326413,0.6586472083215382,0.9551700208188758,0.6455624646693047,0.8396136189747513,0.6630832841110454,0.780794256226161,0.9562173834802952,0.40702781844802344,0.5323094212399325,0.3800238758456029
a,2,class_balanced,303,0.7321837003728947,0.868347216094708,0.697629578307935,0.9620168199944723,0.6456422018348624,0.8890566750035392,0.6694831803309933,0.8130150010564124,0.9626616169395392,0.4740740740740741,0.6913677571935357,0.4823359769286229
a,2,class_balanced,318,0.7282049815646547,0.8686460271545204,0.6926480106650479,0.9645465461918542,0.6512676056338028,0.8766917997471081,0.6722215017507457,0.81968354136699,0.9629448386482886,0.49356300997280145,0.6324324324324324,0.4804935583378697
a,2,class_balanced,333,0.7528657062207634,0.8787647576530284,0.7142671369158924,0.9649157347613797,0.6517241379310345,0.8955476235205712,0.6791067398699855,0.8358134696277534,0.9654896687080887,0.5313113291703836,0.7161250766400981,0.5357575757575758
a,2,class_balanced,348,0.7608799273099023,0.8835312374300811,0.7211380923092661,0.9664874622297218,0.6434155141310884,0.898564457289051,0.6925491266375546,0.8424269662921349,0.9668331831954795,0.5664238640305238,0.7407553107789142,0.5304634612046519
a,2,class_balanced,363,0.7759355039601578,0.890019943036737,0.7405098193691,0.9680178942824628,0.6106032906764168,0.903361949067191,0.7116291604905,0.8405645106130731,0.9686290263676868,0.6226040978189028,0.7767207610520426,0.5812888452731436
a,2,class_balanced,378,0.7960588304488945,0.897479639600459,0.7643149802763384,0.9675756502577421,0.6504629629629629,0.9032533839943007,0.7265963155070649,0.8542975538029676,0.9692781601630698,0.7404076738609112,0.7542945377340282,0.5983632357570035
a,2,class_balanced,393,0.790775319706809,0.895002969420971,0.7603699042536642,0.9683162104932946,0.6443768996960486,0.9045027690825909,0.7185681122363153,0.8472393478558706,0.9699053221803474,0.6692965154503616,0.7759306107697868,0.6188420895966662
a,2,class_balanced,408,0.7636657199738315,0.8877971118481357,0.7369003591631201,0.9651995096294539,0.6325088339222615,0.904515386827725,0.6988805722991323,0.8517505594105282,0.9717855111812295,0.43661971830985913,0.7724539989069047,0.6392773892773893
a,2,class_balanced,423,0.7765936497580047,0.8915934720804964,0.745963383389627,0.9676385012766463,0.6130311614730878,0.9023002247620869,0.7061634018155757,0.8519708557722768,0.969614090747477,0.6097846051093672,0.7614985163204748,0.60734149054505
a,2,class_balanced,438,0.7923967506268618,0.8965135322390387,0.7655278297902228,0.9653363014787725,0.6327557294577977,0.9029967334185485,0.7201714364717268,0.8525394841495285,0.971090766222612,0.7005667024046561,0.7533115761182568,0.632802025919857
a,2,class_balanced,453,0.800704794989657,0.9007196370854865,0.7761918853723017,0.9717183231461646,0.6201814058956916,0.9018707238888092,0.7245057503213926,0.8511151021892832,0.9733294147900518,0.7455112034426473,0.7599852071005917,0.6581260241322806
a,2,class_balanced,468,0.8095157536679136,0.9033801477100668,0.7881039770137567,0.9719894567056139,0.6334246575342466,0.9052110126702867,0.7322837406641186,0.8506287513978593,0.973598752408036,0.7861874559548978,0.7720149253731343,0.6603030303030303
a,2,class_balanced,483,0.8141826614706467,0.9050210399374733,0.7985547349985905,0.969630038652678,0.6347107438016529,0.9027081243731193,0.7374779937174221,0.8499619543913856,0.975563009103977,0.7914438502673797,0.7738619676945668,0.6922862712336396
a,2,class_balanced,498,0.8211669855999986,0.9108096868789188,0.805716694503958,0.9725599575730196,0.6301824212271974,0.9075277034772641,0.7529305367143205,0.8620531622364803,0.9771383159606712,0.7920567375886525,0.7832503228186681,0.7128037128037128
a,2,class_balanced,513,0.8204748448168521,0.9104690905890059,0.8047750374795335,0.9708183089988375,0.6265193370165746,0.9079253525808443,0.7614726561147093,0.8625175565840069,0.9752249134948097,0.8089635854341737,0.7808167853128513,0.6900151078148606
a,2,class_balanced,528,0.8215443731998145,0.9112101660193647,0.8068230891902322,0.9704855976814337,0.6258874931731294,0.9064407742179736,0.7636943558452365,0.8642571389157125,0.9756602222448019,0.8168974286521616,0.7764220011263375,0.6941543469415434
a,2,class_balanced,543,0.8244971515089912,0.9098078151574587,0.8093804100524175,0.9715604291574629,0.6474428726877041,0.9128394710649794,0.7572387604258494,0.8519600738680193,0.9756736078463907,0.8254769921436588,0.7860066989207294,0.6922754574661265
a,2,class_balanced,558,0.8295433913326378,0.9138443665858328,0.8102810060507524,0.9727931333175841,0.6528787031861375,0.9152816031911862,0.7721155816654143,0.8641190928905996,0.9754228938184296,0.8267839409845368,0.7926062846580406,0.6938892882818116
a,2,class_balanced,573,0.8296139383484519,0.9110099516377291,0.8106434794557057,0.973621103117506,0.6579693703913784,0.9172423650483587,0.7550803605085501,0.8527937541865891,0.9752386222160742,0.8201541535826434,0.8136936936936937,0.7007320223912732
a,2,class_balanced,588,0.8276571759241121,0.9106776268058039,0.81020037777724,0.9719684915630463,0.6476510067114094,0.9147922226458254,0.756515821708064,0.854847323812841,0.9750613774389456,0.8121696900442794,0.8122730573710966,0.7036355920215024
a,2,class_balanced,603,0.8262920350764106,0.9109786065678221,0.8090584452506693,0.9704643011853661,0.6390328151986183,0.914721340972584,0.7581470509022354,0.852941863998691,0.9770495441347807,0.819126227408567,0.7953020134228188,0.7098431584640346
a,2,class_balanced,618,0.831119180720781,0.913480929320755,0.8183286980528613,0.9708890947434811,0.6436781609195402,0.9158155960675766,0.7655705202707322,0.8594388703084356,0.9770347949237733,0.8213392609058072,0.8148951554591468,0.7114111728885358
a,2,class_balanced,633,0.8349139768765236,0.9150227666931334,0.8223221100548221,0.9717212551759327,0.6552511415525114,0.9148156956004756,0.7719705240174672,0.8605531159487994,0.9772173477990976,0.8360189573459715,0.8059811703895144,0.7206965840589418
a,2,class_balanced,648,0.8363520224098582,0.9166577048547847,0.8245134487110128,0.9731605465916443,0.6396344945745288,0.9142312276519666,0.7742807625649913,0.8652367649435504,0.9771692039371759,0.8399619926700149,0.8095847814157673,0.7339084273390842
a,2,class_balanced,663,0.8393681874494688,0.9164626381146557,0.8289164339185437,0.9736512410931015,0.648,0.9155756642279553,0.7707463911883423,0.8591135759891877,0.9778169504105395,0.8480978260869565,0.8214413768375762,0.7398706612115613
a,2,class_balanced,678,0.839132536942916,0.916808915890683,0.8250683011882942,0.9732639160729664,0.6405610753945061,0.9159389693887343,0.7686111111111111,0.8610138248847926,0.9782548245370113,0.8581550619975473,0.8155938349954669,0.7408002141041081
a,2,class_balanced,693,0.8383423658785453,0.9166407787959776,0.8243709277360048,0.9715795654726952,0.6364172068355922,0.9166826095274536,0.769580962234868,0.8606898464952839,0.9785911153592739,0.857377497946893,0.8117582618221654,0.7424042272126816
a,2,class_balanced,708,0.8425287097836919,0.9199830576080167,0.8280704705657239,0.9727816667318446,0.6524317912218268,0.9159163451002811,0.7832595403752899,0.8702670568867752,0.9790683852754355,0.8610997963340122,0.8091686374386029,0.7387651686891585
a,2,class_balanced,723,0.8458729238522177,0.9219831265592578,0.8315503683504338,0.9730935561513022,0.652794292508918,0.9188852710208772,0.7879558948261238,0.8754808020574915,0.9791732407699589,0.8625527857240158,0.8233190271816881,0.7396014444295841
a,2,class_balanced,738,0.8463112307256281,0.9209408584154506,0.8354800299541432,0.9734454438795463,0.6529411764705882,0.9176402711668831,0.7803964524221759,0.8706669092894186,0.9793897888732774,0.8634059460200028,0.8273558368495078,0.7515592515592515
a,2,class_balanced,753,0.8491741716609836,0.922398645686211,0.8380042207855692,0.9732745961820851,0.6623376623376623,0.9177910562837317,0.7847358821215265,0.8751128362520311,0.9795424958155106,0.86861213864913,0.8287910552061496,0.7523698221010259
a,2,class_balanced,768,0.8474552064339268,0.9222185945983231,0.8363508322830211,0.9734520199550034,0.6478025285972305,0.9179275115543664,0.7879130588443188,0.8752839618355293,0.9787368499312293,0.8643160927424887,0.8361581920903954,0.7455066423547799
a,2,class_balanced,783,0.8484900706263567,0.9237096057028382,0.8359610943715332,0.9741742212127739,0.6503368034292712,0.9176037223730128,0.7949075564138326,0.8804966139954853,0.9785700352057072,0.8672373963853784,0.8306521363085971,0.7424321503131524
a,2,class_balanced,798,0.8507246002332761,0.9249214392981023,0.8378303545378485,0.9737295434969854,0.6618531889290012,0.9171728859319256,0.7991619708134663,0.8848764533255673,0.9787202394786505,0.8654874537227478,0.8256178210929342,0.7499018453082057
a,2,class_balanced,813,0.8525173075663379,0.9248590044847179,0.8410881103227922,0.9731223901664412,0.6742378959952182,0.9170741153120008,0.7997094079186342,0.8855596797996512,0.9781051731985769,0.8657407407407407,0.8344756682659356,0.7446306966998428
a,2,class_balanced,828,0.8492841467617072,0.9242591265761054,0.8360546559581831,0.9730738260305988,0.6546329723225031,0.9172722460176139,0.7974354277340172,0.885838053982006,0.9778099641616994,0.8658269441401971,0.8288256848717501,0.7428422015949797
a,2,class_balanced,843,0.8498543170345328,0.923169710268126,0.8355645290148324,0.9730748836387203,0.6670739156994502,0.9188876572364933,0.7905274331100619,0.880897276126046,0.9782134874187295,0.861942826175315,0.8334780343809689,0.74459333952501
a,2,class_balanced,858,0.8525741969108638,0.9254705636231664,0.8398806578356212,0.9734648950389182,0.6682867557715675,0.9192708333333334,0.7962873224736273,0.8880569075252714,0.9786914013537228,0.8647552069245334,0.8310470567806911,0.7533073929961089
a,2,class_balanced,873,0.8533541879082379,0.9258695494996728,0.8404518690470697,0.9747351902706944,0.6642201834862386,0.9211770381090207,0.7963412357662871,0.8864660497219352,0.9788962850024172,0.8638026832904188,0.8369262865090403,0.7576227390180879
a,2,class_balanced,888,0.8527931266190804,0.9251158984301117,0.8408807514275796,0.9733855262899069,0.6658551430310408,0.9223319775324423,0.7920569501686024,0.8850721323011963,0.9791825147967419,0.865783487220661,0.8403650766316515,0.7511053315994799
a,2,class_balanced,903,0.8521000972005182,0.9248139442304788,0.8404277204085226,0.973727615457116,0.6666666666666666,0.9204155593138439,0.7943150710616117,0.8856213459932305,0.9782610714385209,0.8625300882588928,0.8372657876474671,0.7500976689673134
a,2,class_balanced,918,0.8519765526034334,0.9250338567676216,0.8396568571033227,0.973869031270844,0.6618181818181819,0.9215497301464919,0.795480989378073,0.8860047873158091,0.9781196867073613,0.8633748160042821,0.8389786347055758,0.7485931160842821
a,2,quota,18,0.2918284252515006,0.45217988637630424,0.38304867871282444,0.295504918441041,0.02993616552938587,0.2300640204865557,0.21659170414792603,0.6977207730305919,0.5891046989328342,0.32085637317453564,0.20441508778028855,0.04226208574034661
a,2,quota,33,0.41712049398019907,0.5391476926190966,0.43440396702434103,0.40043440085031656,0.06628242074927954,0.7213707028684038,0.4789243803609956,0.42418110534969017,0.6855541273921737,0.4745045646849254,0.4610127368748058,0.04182000669120107
a,2,quota,48,0.3926969404060931,0.621744373479376,0.4190245201304917,0.5695797621663858,0.018629090040601863,0.4943991853360489,0.5421637186343069,0.5594717483854151,0.815338591242861,0.26691304794168974,0.21872447843195486,0.04905284147557328
a,2,quota,63,0.40028322498114455,0.6351946897830739,0.4324732895703392,0.639635488660216,0.025477707006369428,0.45697010413167616,0.5237657723876026,0.5285223952571413,0.8356423230197466,0.2855213398163155,0.16213040924221656,0.14488348530901723
a,2,quota,78,0.4613451709692638,0.6931104457187963,0.49791918178260297,0.8938106669449953,0.07013924703455389,0.503227408142999,0.48638943217159897,0.5248818459827634,0.8506735770340557,0.2926623219888969,0.3614031205045922,0.16891891891891891
a,2,quota,93,0.47005210825076205,0.6852563074335999,0.4762155550087118,0.8433903034530869,0.15423901940755874,0.4919030962559917,0.4978460611537882,0.5069251299339795,0.8578251380151496,0.24393939393939393,0.4758952100449543,0.15850562205295612
a,2,quota,108,0.5071828442971138,0.7273928093210461,0.5026688692638579,0.8562888622231919,0.20367877972184836,0.585415179633595,0.5988455129731016,0.6089136327863118,0.8760357267296105,0.16552062868369352,0.507908611599297,0.16203866432337435
a,2,quota,123,0.5130483096389964,0.7372455166795671,0.5029049888032436,0.8828963688464992,0.2288261515601783,0.5675799086757991,0.601737676529424,0.6073170731707317,0.8906587195560579,0.16873933187027554,0.4801980198019802,0.18948153674002238
a,2,quota,138,0.49742910838730253,0.7310430571353892,0.49968433075861934,0.867670604526375,0.17899543378995433,0.5486828854613877,0.6023624384163353,0.5866918246410566,0.8971391585760518,0.1752759753939496,0.43260188087774293,0.1874417738028694
a,2,quota,153,0.5088148899342466,0.7359892100549056,0.5083769732317156,0.8391210646759537,0.22065727699530516,0.5900035305391638,0.6115140389418882,0.597803362680722,0.9068437145703783,0.17133550488599347,0.4515615041427661,0.1904940119760479
a,2,quota,168,0.5420737675956481,0.769302992023001,0.5277696674287865,0.845389945712142,0.26142857142857145,0.5813020363125689,0.6297299223259459,0.7615372172024126,0.9124076847819499,0.23159144893111638,0.4317916179662715,0.22348546369985384
a,2,quota,183,0.5612390699312917,0.7899865395812194,0.543454361422852,0.8706649114098884,0.2691771269177127,0.5801179269680355,0.6936699729486023,0.8070430605139054,0.9155702998821423,0.2697186178743257,0.4069084628670121,0.23828125
a,2,quota,198,0.5732507044485542,0.7940335884344393,0.5609752092907931,0.88355475686199,0.2868686868686869,0.597421653914684,0.6872707512566227,0.7957683176988499,0.9175601133426305,0.2602569415665147,0.43820634341961356,0.2923487751073958
a,2,quota,213,0.6095238809314254,0.8257256081512518,0.594238828246902,0.9339008817269687,0.2892057026476578,0.7575219540285042,0.6899541769474797,0.8023821207119597,0.9349226569608735,0.26460280373831774,0.4867828470726454,0.3264417845484222
a,2,quota,228,0.612785839470137,0.8267380611984647,0.5986917041335356,0.9258142218083922,0.30337078651685395,0.7669289058352237,0.6854745172954902,0.800120158979573,0.9403478118430751,0.2582378730024042,0.48811161328355274,0.3466666666666667
a,2,quota,243,0.6249705195595014,0.8314352447269249,0.6141468088150766,0.9258124344810902,0.27994616419919244,0.7748651462098988,0.6826999522976626,0.8065689456145319,0.9403598502146314,0.390998268897865,0.47115772488906815,0.35232618923157344
a,2,quota,258,0.6292490987562013,0.8299207112163977,0.6254699124715348,0.9322908334666453,0.27307206068268014,0.7249222874623773,0.6786436281801884,0.8051045166106756,0.9382077348865815,0.45477888730385163,0.48957923712151,0.3666427030913012
a,2,quota,273,0.6147886519928146,0.8209063872470657,0.594571585172901,0.9256572619429304,0.29043853342918763,0.7085429638854296,0.6433353621424224,0.8083921201894733,0.9352743479875713,0.35978147762747137,0.4833563127831397,0.3783194879477053
a,2,quota,288,0.6187559832145477,0.8231059649631314,0.6018435569614421,0.9257034588406031,0.34093637454981995,0.7567385119822556,0.624206629055007,0.8081923922027133,0.9391274388917096,0.3623246492985972,0.48428041398164423,0.3272939801285798
a,2,quota,303,0.6388342326645851,0.8319589026118228,0.6210450323344616,0.9470693135276019,0.3545347467608952,0.7200279622509612,0.6479421820227637,0.8240494413293497,0.9355703112935897,0.4535094535094535,0.502127659574468,0.36467702371218313
a,2,quota,318,0.6472602340483307,0.8362660717464945,0.6367773298352151,0.9476600375977046,0.39049064238745573,0.7193482688391039,0.6535537899935581,0.82392166793281,0.9424854840887609,0.45562267657992567,0.5064911318339733,0.3857684071816834
a,2,quota,333,0.6610757642467054,0.8441639007856215,0.6542199897582018,0.9571776629958094,0.423614240648941,0.7438183008510852,0.65012861315778,0.8247783189709005,0.9495375717286724,0.4479861625895725,0.501730734195664,0.45091027308192455
a,2,quota,348,0.6752486179084054,0.8468445934930245,0.67014266542391,0.9586741533738755,0.4720121028744327,0.7073569482288828,0.681714829054529,0.8356805467882719,0.9437659963436928,0.4897914379802415,0.5089105272827484,0.4793310192489744
a,2,quota,363,0.6919796711299954,0.8584788725582482,0.685047185291454,0.9584996786694969,0.4791666666666667,0.7400556881463802,0.7198399309506062,0.8446825131123759,0.949371006208014,0.5617627420431783,0.5058181818181818,0.46862063255505876
a,2,quota,378,0.680270463229383,0.8479834503245072,0.67976065667071,0.960035765657194,0.494028230184582,0.6878910747359464,0.6905510846031292,0.8376635174418605,0.9440957524448985,0.49165430267062316,0.5071132721051683,0.509401169221046
a,2,quota,393,0.6753897811435003,0.8379413803999055,0.6576583738267779,0.9552285596723945,0.6091612135633552,0.6841121495327103,0.6447374222849332,0.8283380988624442,0.9416015660732908,0.39834730829991494,0.5,0.5169817120024589
a,2,quota,408,0.6901543083635068,0.8535882544888781,0.6755988294872863,0.9556783446978603,0.6228020419739081,0.7992800985128351,0.6363596625431657,0.8325297465080186,0.960021277961718,0.43365617433414044,0.49155255201849546,0.4795088767214203
a,2,quota,423,0.6870896137369432,0.8525950970321433,0.6712261836458782,0.9572476205336246,0.6440677966101694,0.8124164014574974,0.6385817096717571,0.8246198406951485,0.9606775225088239,0.3631811136282342,0.4914220358368281,0.49159248269040556
a,2,quota,438,0.6877591628806186,0.8555987401869068,0.670732684728833,0.9598799711619025,0.6318131256952169,0.8198555115357725,0.648984447283782,0.8268446421950315,0.9627072584050972,0.3761288747864291,0.49060222477944,0.4730164100828963
a,2,quota,453,0.6941839124141218,0.8579002386899562,0.6774452137405756,0.9583561215719978,0.6435366536094013,0.8259286914317715,0.6562486434865651,0.8256736974495371,0.964156914697873,0.3874491869918699,0.4926923076923077,0.49361299479577353
a,2,quota,468,0.7101448351348485,0.8633352414847403,0.698858953639053,0.9567767286376165,0.6542872747132714,0.8226305427955376,0.6631002420073876,0.8358385158638136,0.9645846392094687,0.4616851388392325,0.4840568574721475,0.5483435766751611
a,2,quota,483,0.7002534766280802,0.858726191793076,0.6887556163559467,0.9504512441025038,0.6373028820010875,0.8217199662383945,0.6557528827539769,0.8360515754418922,0.9620327477870018,0.4518695306284805,0.4836175512550297,0.5034829094443545
a,2,quota,498,0.6940717443529992,0.856450734815132,0.683977428427622,0.9509306922941418,0.6096372495939361,0.8210811821922933,0.6469319064468801,0.8310369527661905,0.9622174133247388,0.4065096164788893,0.4973444613050076,0.5209562247749147
a,2,quota,513,0.6997325603569192,0.8587868591109707,0.6898075982840304,0.954863466346247,0.6339425587467363,0.8136499884712936,0.6556741863268469,0.8343354496909557,0.9623657403559324,0.43646990064289887,0.4960944941893694,0.5101972584419926
a,2,quota,528,0.7014209296006744,0.8612439413136684,0.6881237922040088,0.9596334531956849,0.6496544391281234,0.8211389691490353,0.6733845169545746,0.8241127687677284,0.9658656421433717,0.3760872228347421,0.4907621247113164,0.5521492295214923
a,2,quota,543,0.7041672505058224,0.8612795646304685,0.6906525411343707,0.956453480385423,0.6427440633245383,0.814393413810647,0.6914777169663799,0.8301500087214373,0.9600646458710205,0.41203996458833947,0.4903126798388644,0.5398692810457516
a,2,quota,558,0.6984870641981332,0.8598279064756759,0.6829442957880776,0.9544594274899456,0.6469957081545065,0.8235513844142504,0.6891976762443084,0.8298654143021764,0.9604992644438556,0.3859560495074514,0.4919478527607362,0.5039108004659677
a,2,quota,573,0.7036023726148906,0.86154521705662,0.6887413520839638,0.954679802955665,0.6536224219989424,0.8241135416178744,0.6916275851464596,0.8254226125137212,0.9628755659212512,0.3900255754475703,0.48267898383371827,0.5473752640988135
a,2,quota,588,0.7095505443400281,0.8619644003615732,0.6943312104241162,0.9501914196629435,0.6498388829215896,0.8455238897468296,0.6835860768445038,0.8250417289891829,0.9625289524036217,0.3614303959131545,0.582145536384096,0.525668016194332
a,2,quota,603,0.7138176052015343,0.8640551653699315,0.6991801617618596,0.948688892864953,0.6382749326145553,0.8474306821901155,0.6854378172588832,0.8301846147217854,0.9629446730681298,0.3792619078023241,0.5878653348131706,0.544269591479892
a,2,quota,618,0.7249074714097096,0.8669773118411883,0.7164512766137798,0.9523469569873282,0.6475675675675676,0.8433056455019006,0.6684651088983219,0.833915234012463,0.9644899904671115,0.45784465589732243,0.567197334320622,0.5890347490347491
a,2,quota,633,0.726853904881332,0.8671360769377765,0.7195693261644833,0.9504171632896306,0.6506024096385542,0.8451394122079879,0.6747221254018048,0.8361301293238466,0.9624964580495965,0.4748735244519393,0.5786764705882353,0.5686274509803921
a,2,quota,648,0.7190420301338168,0.8629707398115454,0.7097853729680342,0.9490414026109034,0.6386995280545359,0.8376953492750895,0.6609629924393156,0.8322856204139744,0.9612507753493633,0.44191449814126393,0.5643290999447819,0.5851990049751243
a,2,quota,663,0.7281142849072153,0.869315764499459,0.7226514965647135,0.9576191225035383,0.651356993736952,0.8375305393722985,0.6661099844924252,0.8355056775504794,0.9669918998527246,0.46961757163563383,0.5523670261378176,0.6159297488830688
a,2,quota,678,0.7274773562631927,0.8688939530336276,0.7237489524137791,0.9572599186464659,0.625,0.8403116785580172,0.6689015358228736,0.8323307935659225,0.9656910253925179,0.4631271747670895,0.5808903365906624,0.6137837430251848
a,2,quota,693,0.7384813712496677,0.8725493172261918,0.7365468089099799,0.9567931528631162,0.6418458311484007,0.8371296296296297,0.6798518575083043,0.8381324370969206,0.9654317561629897,0.5012493210211841,0.5820047645226315,0.6438935912938332
a,2,quota,708,0.7345082134007777,0.8711764702605007,0.7292248922632993,0.9592024240054735,0.6364617044228694,0.8377146540214538,0.6814575264167262,0.8267689723275294,0.9666805845511482,0.4809298126833672,0.5766233766233766,0.6447348655550549
a,2,quota,723,0.7525643329444635,0.8779736460401886,0.7500152601665406,0.9609850635240687,0.6389189189189189,0.8417346182357301,0.6971117712322393,0.827552171460801,0.9682325297415308,0.6190001108524554,0.5741254858411994,0.6454183266932271
a,2,quota,738,0.7605696271156899,0.8843246128491717,0.7562676076919632,0.9600986764821051,0.6272824919441461,0.8352821083890126,0.719307411000821,0.8506766849228262,0.9677311765196365,0.6619125555295768,0.5704906073317527,0.6523449319213314
a,2,quota,753,0.765483190269029,0.8852398461810352,0.7621123845596002,0.9626360694321859,0.6419354838709678,0.832925985704404,0.7160605717306748,0.8522312123181747,0.9669323227256683,0.668248694826768,0.5670596904937362,0.6813186813186813
a,2,quota,768,0.7645743801719947,0.8812057817986894,0.766316261341982,0.9613444715895658,0.6411075612353567,0.8348691485440471,0.7220323077954286,0.819410408831736,0.9672099178158517,0.6856737253046256,0.5512460183623759,0.6982758620689655
a,2,quota,783,0.7645665811399643,0.8810856327724805,0.7658617660227465,0.9607909179165098,0.6323607427055703,0.8276398225636804,0.7188297798937419,0.8282015478190897,0.9649510577833912,0.7019498607242339,0.5483448662801571,0.6980306345733042
a,2,quota,798,0.7730682914728448,0.8883647479901842,0.7673893671865256,0.959249766545469,0.6274509803921569,0.8415688841101397,0.7327734711455641,0.8489773557341125,0.9674443491176118,0.729070364663585,0.5574861367837338,0.6935933147632312
a,2,quota,813,0.7820952071465771,0.8920539134292349,0.7757136459870855,0.9628269667357615,0.6484210526315789,0.8504868844057215,0.7358156028368794,0.8487113638448134,0.969600503419365,0.7515657620041754,0.5725563909774436,0.6988723374634553
a,2,quota,828,0.7848239058808867,0.8952560760205411,0.7772710417169375,0.9630024691358025,0.6302521008403361,0.8503353501242906,0.7458783808052871,0.855909604519774,0.970764131903942,0.7620847961112611,0.5724879495736003,0.7127003699136868
a,2,quota,843,0.7833787633777524,0.8949947355899849,0.7739157218783197,0.9639072520966946,0.6361214704315397,0.8499297423887587,0.7441977618653521,0.8542418772563177,0.9716850189691867,0.7610691144708424,0.5567049087831484,0.712551724137931
a,2,quota,858,0.7831274637556611,0.891946813849717,0.7723981156485489,0.9563862305955687,0.6530398322851153,0.8478688524590164,0.7409919766593728,0.8545706991534913,0.9685409775817714,0.7638341264445955,0.5569334836527621,0.7059809949692566
a,2,quota,873,0.7784651111471064,0.8888733736147775,0.7658520680263385,0.9550377682746493,0.6553010122535962,0.8383928153795781,0.7389595875842676,0.8517617374065063,0.9662300469052624,0.7670524166099387,0.5323551542513167,0.701095461658842
a,2,quota,888,0.7765276716274309,0.8911359928729108,0.7629600024596589,0.9578936870449786,0.6433862433862434,0.8393334897911289,0.7472487160674982,0.8625374268221835,0.966118155830829,0.7588528342533998,0.532608695652174,0.6807697957984428
a,2,quota,903,0.7778276941932428,0.8910807355584731,0.7620440490635079,0.9580589808052995,0.6539480657127716,0.8435425044421584,0.7392591468043115,0.862911331556177,0.966409878262144,0.7707650273224044,0.526072734269771,0.6794815785641474
a,2,quota,918,0.7751143466339491,0.8904598167205798,0.7587231500700726,0.9561741841363737,0.6410666666666667,0.8399962462462462,0.743679326796649,0.863211592163416,0.9660235896498126,0.7701728126275684,0.5211589782691575,0.6745457231496528
a,2,prototype,18,0.2918284252515006,0.45217988637630424,0.38304867871282444,0.295504918441041,0.02993616552938587,0.2300640204865557,0.21659170414792603,0.6977207730305919,0.5891046989328342,0.32085637317453564,0.20441508778028855,0.04226208574034661
a,2,prototype,33,0.4506803706306173,0.6056367184942849,0.4958913290413231,0.5372939241894,0.05212185243880965,0.4415972667093743,0.46085484553533645,0.7433649516144486,0.7099814969944123,0.518274415817855,0.5679141585972258,0.024720423778693348
a,2,prototype,48,0.4291864100111566,0.653034081058856,0.5115278084367373,0.8317327058025398,0.049044515630177844,0.2578531234418406,0.48063539495930485,0.546563759151013,0.8154911715930153,0.3104293275828269,0.4518753720976384,0.1190523198420533
a,2,prototype,63,0.47801124814236673,0.6665498702399936,0.5661419917622414,0.8675712910713949,0.06554897264590949,0.4793735141938191,0.4777591036414566,0.5596840679138682,0.773372893125434,0.3201267828843106,0.5602380952380952,0.19842651256701246
a,2,prototype,78,0.5267300834246439,0.7297693180287608,0.587459416660373,0.875685411246748,0.07918723889099887,0.4949459742070408,0.47164760282307133,0.7596752961825362,0.8395393698486,0.3933253873659118,0.6987951807228916,0.1277692895339954
a,2,prototype,93,0.5339018569926108,0.755482568925144,0.56264636524321,0.8685002930299295,0.046460835897945,0.6283274179236912,0.47032819182163277,0.6508447898477657,0.9279082212229034,0.38184828416616495,0.6329368403417658,0.19796183868169992
a,2,prototype,108,0.5461898519872258,0.7766446061513957,0.5666137938971141,0.8659264565425024,0.10073710073710074,0.7970255858323957,0.5311442422025062,0.702083236672389,0.9241752238446652,0.35204240723417524,0.3790462070669632,0.26352820775233465
a,2,prototype,123,0.6106539857824423,0.8153277595454946,0.6266473341319364,0.9249847607436757,0.1994115724092841,0.8380725881501396,0.6605163249810174,0.6985445950988929,0.9419920274711617,0.31147674513317586,0.7180562838664569,0.20283097418817653
a,2,prototype,138,0.5819256300369035,0.7775359666386741,0.5935604680523031,0.9197481985905456,0.309812108559499,0.8461727063207963,0.6175556254147891,0.5217465364524188,0.9377498047503101,0.19113325667561007,0.6670498084291188,0.22636262513904337
a,2,prototype,153,0.6386086942185673,0.8293564750340553,0.6354610304389678,0.9327076041998091,0.4492223238792315,0.8408248598308468,0.6442985265855221,0.7696650110496028,0.9473588557616291,0.34075245734945203,0.6222491419341813,0.2003994673768309
a,2,prototype,168,0.6284759150364815,0.820680771583005,0.6334434843424522,0.933861339322655,0.36424474187380496,0.8400227186671715,0.5771107632814658,0.7444508167123346,0.9483014104604577,0.40098783499496937,0.637065637065637,0.21023797294983734
a,2,prototype,183,0.6757909751350529,0.8347764662565117,0.6763738411507507,0.9370676766669989,0.5155210643015521,0.8468315993827468,0.6085924101842487,0.7565159374125648,0.9507359978125143,0.4218690881573969,0.6708538448480733,0.37413115744938047
a,2,prototype,198,0.6736044744084646,0.8248313680687338,0.6811957075165944,0.9350339256223014,0.5811704834605598,0.8418779814210394,0.5655669531466593,0.7112294833484908,0.9552923124697458,0.35205608275626227,0.6611679313757836,0.4590451160753395
a,2,prototype,213,0.6885481799005995,0.8351447250148285,0.7014580911502798,0.9318584611623786,0.5976757055893747,0.837117572692794,0.5912534275224242,0.7491792514773473,0.9569850646354812,0.454103146286085,0.6488464598249801,0.42991452991452994
a,2,prototype,228,0.7090928064846242,0.8473947586961181,0.71029742953663,0.9417370325693607,0.5671140939597316,0.8609284818067754,0.5784927866362946,0.7797208538587849,0.9597297150019073,0.49794829708658184,0.6987951807228916,0.49736881671929034
a,2,prototype,243,0.7181870781223789,0.848661007802041,0.7212356403180152,0.93939641442398,0.5980861244019139,0.8640670190485689,0.6423930178015302,0.734357316087308,0.9630362736641395,0.4562567053545304,0.7013944542394615,0.5646963780799784
a,2,prototype,258,0.703053895628822,0.8408664633660593,0.711513157094461,0.9352662552031004,0.581122763726095,0.8542532418765333,0.6267242999436197,0.7108106224297762,0.9655779493480533,0.4201005025125628,0.6835729284445162,0.5500564971751413
a,2,prototype,273,0.7326286024595614,0.8609932005281206,0.7236531783899577,0.9410952226194346,0.596426370918053,0.8486494643126603,0.6098907841452939,0.8033056492064797,0.9688611854262625,0.5840978593272171,0.6651982378854625,0.5761326482951892
a,2,prototype,288,0.745692978622499,0.8671747961252749,0.7382163923523181,0.9482363351164381,0.6341749853200235,0.8547825221459142,0.6252886376303846,0.8075501805660535,0.9705746787367023,0.5957758873569962,0.672930503806901,0.6019230769230769
a,2,prototype,303,0.7342462169866422,0.8607793714812063,0.7319951219574269,0.957061788166197,0.6421364985163205,0.8392662369856222,0.594734642707898,0.7857473391948172,0.9726949829806127,0.5503885531022573,0.6218514359056634,0.6443344753203908
a,2,prototype,318,0.7562093493442555,0.8712469673281308,0.7588270665181689,0.9599952889447236,0.6507009345794392,0.8261928934010152,0.6690025026814445,0.7854894663082684,0.9726718208280031,0.6448747995559393,0.6422153483576374,0.6547410894418292
a,2,prototype,333,0.7666264614019674,0.8745813122192159,0.7720379441830325,0.9599874038064122,0.6588921282798834,0.8310585380649075,0.6621474851129171,0.7971473144640071,0.9720948829770417,0.6689982513115164,0.6663728514764213,0.6829392971246007
a,2,prototype,348,0.7687983860973879,0.87748451803296,0.7696088706698833,0.964474353456708,0.6503496503496503,0.8339697571406751,0.6615424993438567,0.8057165437302424,0.9727337935146112,0.6766653154979057,0.665893271461717,0.6878402903811253
a,2,prototype,363,0.7843438271904378,0.8862181326122782,0.7836839090097278,0.9636542239685658,0.6788021139166177,0.8377733800172528,0.7031088082901554,0.8276301900070373,0.9713860188029414,0.6970374510899944,0.6803302021064617,0.6993720565149136
a,2,prototype,378,0.7836160674647762,0.8857736997600545,0.790410547757445,0.9645217595952068,0.6678321678321678,0.8233995584988962,0.7074752531573558,0.8227706864232794,0.9717549866031557,0.7403800475059382,0.6454125793421812,0.7089975682248041
a,2,prototype,393,0.7827517814615518,0.8878258638099367,0.7877966430073621,0.9642450645629734,0.6678383128295254,0.8267850019944156,0.7282950967161493,0.8294827003268342,0.9708474576271187,0.7269118505545826,0.6369539551357734,0.6934065934065934
a,2,prototype,408,0.7873175993276214,0.8890296865406748,0.7869941052608449,0.9650357809583074,0.669833729216152,0.8403053435114504,0.7011853275668749,0.8354403302744444,0.9731228311734224,0.7407124681933842,0.6794312262424328,0.6807913568121229
a,2,prototype,423,0.7949421257065197,0.8960288889075859,0.7936015571559654,0.9653611224947798,0.6709905660377359,0.8369896404631323,0.7421154503017192,0.8521723850107631,0.9729920499294152,0.7374562427071178,0.6745829799264914,0.7018186944875229
a,2,prototype,438,0.7842346908938416,0.8906105650053103,0.7762786024038428,0.9623575638506876,0.6436923076923077,0.8394659056161451,0.7283177827644581,0.8457407289477594,0.9702557835976338,0.6938491511271918,0.6853885722229945,0.6890444222253964
a,2,prototype,453,0.7842827554884306,0.8913793743918641,0.7783803273253513,0.9610307858758729,0.6486161251504212,0.8418432149570696,0.741008911521324,0.8479789290341766,0.9694620472732319,0.677756909042125,0.682975113122172,0.6878727634194831
a,2,prototype,468,0.7977432607763507,0.8950240773841034,0.7967142540917189,0.9625068632833947,0.6763678696158324,0.8385677749360614,0.7357914707580632,0.85360435875943,0.9706746771247647,0.7622897379058547,0.6890756302521008,0.6908109643516546
a,2,prototype,483,0.8034738650573404,0.8981953857410868,0.798715520321718,0.9630241523090237,0.6493975903614457,0.8486755302953415,0.7382566986437314,0.8606473877881957,0.9696958460411781,0.7982255679526818,0.7108501118568232,0.6924919002676433
a,2,prototype,498,0.8036368170327215,0.8994242037956812,0.8049190249327375,0.9631564367406704,0.6254589963280294,0.8385579135770903,0.749687361329622,0.8645688529424155,0.9687970413871285,0.8135411069317571,0.6941000136258346,0.7148636304319457
a,2,prototype,513,0.8192846008418391,0.90323183410078,0.8247394614919406,0.9647295935505542,0.6591044776119404,0.8718880977629652,0.7463554496628034,0.8625668562247638,0.9683620344413296,0.8134701394369903,0.7777466367713004,0.7093381221139046
a,2,prototype,528,0.8255059500089114,0.9070091439091998,0.8364183017663646,0.9665254654713822,0.6658823529411765,0.8767444229397983,0.7605050228667475,0.863121902659655,0.9703755540004665,0.8205193482688391,0.7781981224604175,0.7276813584717193
a,2,prototype,543,0.823977941342551,0.9064606869569348,0.8365804793323895,0.9662536199050452,0.669051878354204,0.8670472663683588,0.773773088971303,0.854369812689918,0.9716881687329173,0.8185556412233359,0.7620868615132478,0.7329751343246282
a,2,prototype,558,0.8352023119080444,0.9100282021596758,0.8442251333691633,0.9659333702619293,0.6662817551963048,0.8990031215386165,0.7721729089990619,0.8555177883525946,0.9705934307044375,0.8355246197473576,0.820686606748195,0.7311072056239016
a,2,prototype,573,0.8374376769168027,0.91290390316865,0.8434900667479632,0.9676361337232277,0.6564525633470831,0.9031869510664994,0.776445800639349,0.8607098591549296,0.9724982108501482,0.8363730435907386,0.8287457223627437,0.7348908075165058
a,2,prototype,588,0.8436228499680782,0.916161789213339,0.8488833336302918,0.9707935883567705,0.6739380022962113,0.9052366565961733,0.7802033601807646,0.8638286382863829,0.9746343820266479,0.8467323651452282,0.8280878859857482,0.7491507708387771
a,2,prototype,603,0.8417892925712992,0.916435389602852,0.8449731404500346,0.9712094395280236,0.6616800920598389,0.9063380281690141,0.778160833395788,0.8690384403568675,0.9741691927175348,0.8393617021276596,0.8298347476552033,0.7463111571317629
a,2,prototype,618,0.8406257629082444,0.9167787827897584,0.8422856395868479,0.9701683065260511,0.6554419723391461,0.9061175045427013,0.7848673484511635,0.8716572797019824,0.9737356075965848,0.8375728669846317,0.830367734282325,0.7357032457496137
a,2,prototype,633,0.8400354638158711,0.9158638258064236,0.8407907648093507,0.9707025880689628,0.6558558558558558,0.9087609638068354,0.7726242170387734,0.8713550600343053,0.973718729940181,0.8369263324957016,0.8333582871687378,0.7370171399334868
a,2,prototype,648,0.8453876449009601,0.9188957973311651,0.8437019765018235,0.9715785556186708,0.6682808716707022,0.903320213946917,0.7797653394883631,0.8781268934475893,0.9753814663193152,0.8535767011139445,0.8279028436018957,0.7505559189012426
a,2,prototype,663,0.8453210164532596,0.9184772829447417,0.844654824006868,0.9719220774145646,0.6682663467306539,0.9058454692556634,0.7796559123592968,0.8742604198623833,0.9752367825511982,0.857795085269236,0.8283548818546589,0.746552172781681
a,2,prototype,678,0.8448679788777542,0.9183080741585239,0.844150340187985,0.9703660207477002,0.6638194020744357,0.9048172673507557,0.781255900011328,0.8755693763139454,0.9748043075605692,0.8626096199840553,0.8263899184581172,0.7441799973988815
a,2,prototype,693,0.8452164502202022,0.9170993368987256,0.8461841951245447,0.9705980555828342,0.6626287098728043,0.9056775629996964,0.7702521201888023,0.8721049083356893,0.9744972433221455,0.873850197109067,0.8288208314839474,0.7485184230868333
a,2,prototype,708,0.8465313810017842,0.9185705401600662,0.8464880602619644,0.9720475602828544,0.6714801444043321,0.9055058395267708,0.7728728806938042,0.8777333848863685,0.974892903706463,0.8703777866773461,0.8260547742413027,0.7478171545968156
a,2,prototype,723,0.8462794365864457,0.9182162217140015,0.8456073689621703,0.9715485440703242,0.6662636033857315,0.9043513540927072,0.7689407328855897,0.8762581916306164,0.9754142567555002,0.8748834110592938,0.821518054532056,0.7573367808661926
a,2,prototype,738,0.8449237668944014,0.9184285444681916,0.8398917410985091,0.9724174382867099,0.6625766871165644,0.9006762894922782,0.7711717394732692,0.8791657799531816,0.975321269829462,0.8645478106670305,0.822261588426336,0.7561752988047808
a,2,prototype,753,0.8501392037536298,0.922470682354638,0.8478061147341899,0.972809667673716,0.6715239829993929,0.9002886514407251,0.7945900253592562,0.8860475161987041,0.9759136985027435,0.8716621253405995,0.8188607409576805,0.75955642530985
a,2,prototype,768,0.8478210321293017,0.9207760727279304,0.8452876177865394,0.9707708022314764,0.656441717791411,0.9000853970964987,0.7886622021491979,0.886504775365112,0.9740523423675143,0.8774335069920483,0.8248738498070645,0.7515646953633925
a,2,prototype,783,0.8481345048995385,0.9216777948332285,0.8437559356219124,0.9711468583662326,0.6515337423312884,0.9066292247517802,0.7877036053279168,0.8860547862991384,0.9753195445038345,0.879287064542263,0.821830343569474,0.753705374403918
a,2,prototype,798,0.8496460838359007,0.9221116721537065,0.8444141938669723,0.9711966432030744,0.668693009118541,0.9048071632234506,0.7906019417475728,0.8869561482626809,0.9757041336458682,0.8749829211640935,0.8192588092345079,0.7546139849233169
a,2,prototype,813,0.8450492180252662,0.9212054120512174,0.8405781201126064,0.9727372291324415,0.6533333333333333,0.8971766119343212,0.7914285714285715,0.8868865855232033,0.9754765853567635,0.865432439900525,0.8084915532964568,0.754480052321779
a,2,prototype,828,0.8441670698063227,0.9201015089771923,0.8413374608765479,0.9726258077149011,0.6584766584766585,0.8967803505952082,0.7861627861627861,0.8853118712273642,0.9750065281456336,0.8709589041095891,0.8045123942407599,0.747668327584004
a,2,prototype,843,0.8441229382237238,0.9198792986328395,0.843159605537743,0.9729962766999805,0.6722388059701493,0.8958511440784511,0.7880913412828306,0.8863115017686783,0.9743283693432426,0.8663657502393654,0.7998813232458092,0.7410419313850064
a,2,prototype,858,0.8477438700709395,0.9216539485172133,0.8444335252767564,0.9731328085223044,0.6742378959952182,0.8975912664630177,0.7881634570220761,0.8871681889157451,0.9762068901268842,0.8731089000954069,0.7992777610592838,0.7608076624385193
a,2,prototype,873,0.8481844602797344,0.9220057519003998,0.8482969985235977,0.9736105948864414,0.6936416184971098,0.8997552569801708,0.798995751255311,0.8901646774437226,0.9742210769072762,0.8690914044408119,0.8006705272782688,0.7335092348284961
a,2,prototype,888,0.8474223005500617,0.9209180225335716,0.846099077023612,0.973415613674209,0.6847377725397761,0.8970013037809648,0.7868044141817327,0.8863163761871075,0.975533857563448,0.8706931495743818,0.7987978963185575,0.7535003211303789
a,2,prototype,903,0.8512691649494345,0.9237488712509668,0.8472658596825416,0.9733709273182958,0.6833631484794276,0.9010218393107594,0.7981096994112179,0.8887642388677943,0.9770127768788707,0.8733225979602791,0.8046151510551085,0.7618421052631579
a,2,prototype,918,0.8503105513623326,0.923351318840497,0.8471876756068515,0.9728374752756399,0.6761397276494967,0.9040573749937308,0.7942568757090881,0.889570026149955,0.9766069899877172,0.8758116883116883,0.8109415142813964,0.7525732899022801
a,3,random,18,0.3138536531029425,0.4831728246062181,0.3788347924716637,0.44801822323462415,0.014734455958549223,0.12052004547926244,0.37772803581421377,0.7099056062102386,0.5701054483693992,0.19456801685787872,0.27733294511573736,0.11177010088657903
a,3,random,33,0.42787727208580084,0.6672623260876941,0.439669589609603,0.8826607281878587,0.02787121576165305,0.25457119263890526,0.3138409760201935,0.5865121871242759,0.8545520047097279,0.25628428723491364,0.611346316680779,0.06325654041390082
a,3,random,48,0.48056841988248,0.7107291404641476,0.49317397287961234,0.9160439068935313,0.028971511347175277,0.26100684090510434,0.4304559473821114,0.605054457015967,0.8925407233510528,0.3222348546369985,0.6404632391647658,0.22834429824561403
a,3,random,63,0.5167380643071373,0.7411340951298788,0.5374329020627799,0.9252423671028323,0.13572854291417166,0.28873101740207263,0.455893400814519,0.7421068645119011,0.8950762966833012,0.35262472885032536,0.672002845962291,0.18323651452282158
a,3,random,78,0.5256517809701783,0.7542667717783242,0.5367957841229541,0.9313221957040573,0.2335216572504708,0.2997144943894828,0.5499822127356813,0.7672396082996644,0.8982360435695443,0.20845210063204858,0.6661974309343657,0.17620028521628903
a,3,random,93,0.5408133457216613,0.75748453152644,0.5518761164256106,0.927738564130562,0.24899598393574296,0.38460558175098764,0.5105181747873163,0.7478565179352581,0.9042116099001924,0.19565469966306495,0.7235015515270292,0.22423742786479803
a,3,random,108,0.5735082010209808,0.7707424699655305,0.6001042060705111,0.9357925605803364,0.2677106636838181,0.35843635148680253,0.525099124710107,0.7793512192914989,0.9042069741282339,0.47487223168654175,0.704192659219498,0.2119120244019907
a,3,random,123,0.5830556181157511,0.7786463701482951,0.5998679322352766,0.9404169468728985,0.25842696629213485,0.43915377328702243,0.5251948622241739,0.7764226712125025,0.9067023015177919,0.4649561257358658,0.6680289217227287,0.26819799417664186
a,3,random,138,0.5879567298744006,0.7835004675806594,0.6003972657809514,0.9429127844814419,0.27180831149382256,0.4470836632356822,0.5310382713788684,0.7807230016909648,0.9126612219395724,0.45933446136491823,0.6736420987844284,0.2724067544999072
a,3,random,153,0.6026669683704164,0.7930589797534807,0.5982515876142996,0.9417825270979355,0.2591687041564792,0.5791712237209867,0.5056192883531013,0.7811625806735831,0.9164900909884083,0.4812897152271123,0.6792054842678854,0.28011310084825636
a,3,random,168,0.6056838826219139,0.7929277183043267,0.6064334490218383,0.9358865357860566,0.2508620689655172,0.5936150805716023,0.4946343484565983,0.7822169996083039,0.9161811488008007,0.49803713527851456,0.6823238566131026,0.29739776951672864
a,3,random,183,0.6224820518997622,0.7990221552406376,0.6255743501785266,0.939370109699996,0.24663482414242294,0.5883792048929664,0.5010222389118371,0.7923065260239555,0.9152944111776448,0.5655095184770437,0.681046195652174,0.37277543811982067
a,3,random,198,0.6334294875773173,0.8063582981587148,0.637852945644502,0.9430015415536519,0.2455376578145407,0.5795958600295712,0.5264502938921544,0.8093664268895946,0.9165938786787643,0.575037788814511,0.7104861934609521,0.3947957470621153
a,3,random,213,0.6451902256944507,0.8126847119860835,0.6461540190760732,0.9531629821035505,0.24944518419884598,0.5892780205576414,0.5359504832965915,0.8093845426003182,0.9184366349849056,0.6018712162905889,0.708135593220339,0.4410473739972756
a,3,random,228,0.6524189009908185,0.8128144827680601,0.6552679361985253,0.9510548201274177,0.2778335005015045,0.5802254986990459,0.5433044911413267,0.7908182154757497,0.922906616747066,0.6218688738836855,0.7123377690159356,0.4714203233256351
a,3,random,243,0.659526057120088,0.8196465961428974,0.6580083593274365,0.953428424127857,0.26131591227251516,0.5940642932066391,0.5662243856481118,0.802192021043402,0.9242089506478985,0.6344593776486257,0.7116746253910753,0.4881665240946678
a,3,random,258,0.6625302575935748,0.8243027001327605,0.6571972514031545,0.9552421827099938,0.25445544554455446,0.6199382603958599,0.5709818385919897,0.8041210449176653,0.9288258474079552,0.6355614650066481,0.7177338250083808,0.4759124087591241
a,3,random,273,0.6620016516260576,0.8252279988930886,0.6638491281572354,0.952627740028408,0.24925816023738873,0.5985492746373187,0.5838848444738584,0.8124744420291414,0.929306154660162,0.6612960549697903,0.6970979443772672,0.4735202492211838
a,3,random,288,0.6836967750987053,0.8388389781704856,0.6758000907734585,0.9562480691998765,0.27387387387387385,0.6262801812426293,0.6402951912394858,0.8194687994525469,0.9347175407846838,0.6798004349494691,0.7342549923195084,0.48833189282627487
a,3,random,303,0.6976706758658028,0.848860936675767,0.6862413448234923,0.9583333333333334,0.277363184079602,0.6870834083948838,0.6522694844009101,0.820844344464586,0.9414165752611799,0.6881037112353838,0.7513691128148959,0.5022529288074497
a,3,random,318,0.708166114861448,0.8588642698474539,0.6884627439954516,0.9599350611700586,0.2650306748466258,0.7306008754476722,0.6777782084576922,0.8383288515773595,0.9429894631029098,0.6821226172076249,0.7461032213370281,0.5306060606060606
a,3,random,333,0.7095719439879041,0.8615161538626942,0.6906016397540454,0.9610857275613722,0.24444444444444444,0.7437941243452516,0.6894004402492259,0.8342725806095163,0.94517897162195,0.6785181164337087,0.753315649867374,0.5361374407582938
a,3,random,348,0.7166916512753656,0.8646385409043919,0.6985216579537732,0.961056054506039,0.2681491170699804,0.7800425579572181,0.6848898449669906,0.8279410790397739,0.9492624675946417,0.6646265127277785,0.7813654618473895,0.5328917657684781
a,3,random,363,0.7129973140728629,0.8656468732706618,0.6917537361299098,0.9595485572448029,0.2429042904290429,0.8000880184838817,0.688620258441017,0.8259027990044103,0.9510892569277462,0.6410220014194464,0.7764667851947632,0.531333859510655
a,3,random,378,0.7103484667424014,0.864434393942992,0.6888990109384752,0.9616183579568619,0.2223719676549865,0.771697690065037,0.6930278581214797,0.8296986993747413,0.9486525332375135,0.6470588235294118,0.7619509043927648,0.5570593663488157
a,3,random,393,0.7148396684461543,0.8647099454511772,0.6929440893415701,0.9640762748067886,0.24750499001996007,0.7529708938515414,0.6967181908170258,0.8357455328965983,0.946654238442648,0.6381390005743826,0.7880355699272433,0.5637123246792003
a,3,random,408,0.7202923238494852,0.8669189201276242,0.6981058071779617,0.962730864293638,0.2903000697836706,0.7792906370818625,0.7026005779062013,0.8313178568276105,0.9489091808735549,0.627661115133961,0.7827922077922078,0.5570284049526584
a,3,random,423,0.7244152017810753,0.8693265819713509,0.7021193643830279,0.964294738478882,0.27247579529737204,0.7705690874396678,0.7109536462946561,0.8381366845774679,0.9478244456628228,0.6656160458452722,0.7767754633426275,0.5730909090909091
a,3,random,438,0.7173383860791618,0.8648784255810993,0.6943677540734279,0.9632684824902724,0.2689189189189189,0.7505126452494874,0.7069041986989947,0.8329966479454791,0.9457489298443573,0.6685854079723701,0.7626064178127047,0.5565038257798706
a,3,random,453,0.7302026919028325,0.8752234262281018,0.7084445406222817,0.9637703767256844,0.2779255319148936,0.8186192355517111,0.7198291464562369,0.8345000897504936,0.9539890858251026,0.6432249521847874,0.7829252150893448,0.577040593627237
a,3,random,468,0.7288076854490264,0.8751177172943131,0.7057315495749074,0.9645288009023375,0.27984084880636606,0.8067844988472939,0.7193008889558535,0.8450654945439436,0.9522900075672949,0.6348072055977371,0.7862745098039216,0.5703769140164899
a,3,random,483,0.7400491364561185,0.8820904882927113,0.7154534411410738,0.9649010103369736,0.3361144219308701,0.8602172576347612,0.7166585062709503,0.8450759818432998,0.9598505730451182,0.6432940474414441,0.75988799439972,0.5744424352019288
a,3,random,498,0.7391961771746937,0.8830582050808728,0.7152997976549151,0.9638127142411966,0.3151515151515151,0.8668468560354939,0.7156156948475368,0.8477799881949151,0.9608053349808297,0.6342488368602731,0.7631532948785178,0.585351359381964
a,3,random,513,0.7425996744634957,0.8847939593036536,0.717507033500098,0.9650687332061217,0.30173564753004006,0.8676530612244898,0.7176250933532486,0.8493596796197685,0.9609250108995786,0.6694694114236011,0.7688266199649737,0.5827338129496403
a,3,random,528,0.7391819503845354,0.8826504322336844,0.7134555162755833,0.9654582563903198,0.3053040103492885,0.8664897417576809,0.7127968435941339,0.8432510885341074,0.9607080546670543,0.6465005931198102,0.7647058823529411,0.5874230826954825
a,3,random,543,0.7422858545338534,0.8839650523533484,0.7168868518392468,0.9659571168236982,0.3194805194805195,0.8612366474938373,0.7209353628943305,0.8471697274222953,0.9602222181877599,0.6651040140638734,0.7565052559021196,0.5839618285362475
a,3,random,558,0.7385748196025923,0.8836490753490859,0.713086440361145,0.966557326138856,0.30638852672750977,0.8624756435237412,0.7234058292646841,0.8463761720904578,0.9605652734637531,0.6451806325888173,0.7584665635207152,0.5777574091047968
a,3,random,573,0.7410547572043484,0.8848802963974584,0.7154440397933183,0.965507870882587,0.3053127101546738,0.8602725636410389,0.7284714548802946,0.8489978122030453,0.9608619812486373,0.6655800859386576,0.7543169772610703,0.5801713586291309
a,3,random,588,0.7398857389221553,0.8841743435376632,0.7120242108888326,0.9655762240752619,0.31830601092896177,0.8620229790726303,0.7295630009973773,0.8482164496441712,0.960281475570387,0.6558111741858381,0.7547886108714409,0.5644057249533292
a,3,random,603,0.743593905045199,0.8862286915038258,0.7164441950276361,0.9658898758041632,0.3157152924594785,0.861331829599631,0.7332228971102521,0.8534118324074279,0.9605255993756693,0.6723379290114403,0.7538779731127198,0.5760319165260089
a,3,random,618,0.7572945674261047,0.8884435155332806,0.7306367420067184,0.9656687402799378,0.3946869070208729,0.86777239091605,0.7290141261740996,0.8547568944512127,0.9615363661127758,0.7038737446197991,0.7662929222144359,0.5720490150457577
a,3,random,633,0.7588785129838223,0.8884873447022388,0.7308093696903482,0.9642328948392621,0.39741935483870966,0.868952847519902,0.731691127664282,0.8535237421522681,0.9612279188047772,0.7074592074592074,0.7728312510997712,0.5725682724762197
a,3,random,648,0.7614646758795504,0.8894782760446792,0.7329948938913216,0.9679530887767626,0.3954802259887006,0.8709939148073023,0.7277189068600112,0.8522774713805453,0.9614353849647967,0.7178041543026706,0.7732486324333863,0.5862703034017775
a,3,random,663,0.7648022438040262,0.8915722831734142,0.7378759130161073,0.9687122540424703,0.39668367346938777,0.8733787534695937,0.7304495585682095,0.8544152744630071,0.9629413853058177,0.7381986678250796,0.7711654268508679,0.5872752002418015
a,3,random,678,0.7751437042735004,0.8937512975620319,0.7516667746222558,0.968460400280352,0.41866330390920553,0.882085699535364,0.7283891252080636,0.8543839149893075,0.9635645222964729,0.7309085639762354,0.8290172642762285,0.6008205439902751
a,3,random,693,0.7764832032734983,0.8957694737176152,0.7537818755836316,0.9684567816943994,0.39821314613911934,0.8841595382871277,0.7369482410934349,0.8586279498201597,0.9635343618513323,0.7449229439723463,0.8325581395348837,0.6009277270686817
a,3,random,708,0.7784379188992374,0.8957893662495455,0.7533639140582865,0.9689169689169689,0.41142115509409477,0.8844034807682406,0.7377268670038679,0.8582235612341389,0.9627508205365991,0.7482678983833718,0.8323333333333334,0.6018971848225214
a,3,random,723,0.7804707827523496,0.8967351720473782,0.753368241338809,0.9693893487427768,0.4092769440654843,0.8847393461912314,0.7407543833799911,0.8566890923127826,0.9635081654005367,0.7455155315735744,0.8310072305364049,0.6233570025683638
a,3,random,738,0.7771826606969954,0.895265012962218,0.749629830879523,0.9687743950039032,0.40768702814001373,0.8856368009005782,0.7370247323735696,0.8558467297951993,0.9628781059924174,0.7364126475302346,0.8323835065370433,0.608
a,3,random,753,0.7827988785959623,0.8991362854600291,0.7556070908470104,0.9685070136365412,0.4107512060647829,0.8850227703013867,0.7581971628658646,0.8634282122654215,0.9629622901983579,0.7488165256060824,0.8319299427416639,0.61557478368356
a,3,random,768,0.7774277858926909,0.8974010522543061,0.7513694005816087,0.96783151143008,0.38264580369843526,0.8839085154176026,0.7546136101499423,0.8606698778985101,0.9624251456195989,0.7476047476047476,0.8303406611847626,0.606810200030539
a,3,random,783,0.7807214555668763,0.8992893559290727,0.7532525762104932,0.9682456037629057,0.4,0.8853243711172217,0.7572562235025546,0.8641684098090703,0.964120949616459,0.7388366627497063,0.8278301886792453,0.6207106908647247
a,3,random,798,0.7804064405947623,0.8998821156363274,0.7528320952012592,0.9694478001636725,0.39745403111739747,0.884484076433121,0.7595199713415727,0.865703081232493,0.964374135294546,0.7416254005243228,0.8273779567186713,0.6136715125270646
a,3,random,813,0.7830635981902673,0.9006671183489109,0.7575291591335197,0.9682384654451693,0.4168421052631579,0.8860592532467533,0.7626882220394149,0.866436203645506,0.9651987404736914,0.7408906882591093,0.8259233926128591,0.615295312726745
a,3,random,828,0.7781764371571548,0.8997988600640803,0.7532152238093466,0.9658251894792503,0.3884180790960452,0.8859964547986832,0.7623494190605175,0.8651891649876875,0.9660955025391839,0.7454492072812684,0.8238918363854184,0.6003730807863396
a,3,random,843,0.7835894089295716,0.9021369762628813,0.758903849013246,0.9680907121528524,0.4261631827376939,0.8852675398517617,0.7694657573174197,0.8686357117246325,0.967327557023523,0.734966592427617,0.8220670866678018,0.6103205404628432
a,3,random,858,0.7830968564056023,0.901381602933131,0.7585755481378899,0.9645076808818356,0.4280845262440354,0.8850791066795544,0.770660354026075,0.8697374046488603,0.9667205937462868,0.7399408284023669,0.8261606235174517,0.5969805895039539
a,3,random,873,0.7855166446313665,0.9025846377413577,0.7625645795213531,0.9665840859879445,0.4364326375711575,0.886487035063683,0.7731660911845536,0.8709961003538985,0.9667944623887125,0.7433917433917434,0.8269655289522839,0.5988321167883212
a,3,random,888,0.7888778470310485,0.9039164807771495,0.7663560628870946,0.9669050130895167,0.4440203562340967,0.8858113934966774,0.7766013951347331,0.8730390943260337,0.9670488548081586,0.750220913107511,0.8251105818305546,0.6111430212521539
a,3,random,903,0.7880899632814097,0.903360360689634,0.7652477409657016,0.9669063061655075,0.4407853071564281,0.8851426830506753,0.773374920252357,0.871606157160167,0.9671371816700537,0.7518953471086666,0.8249702330328287,0.6109915339360023
a,3,random,918,0.7858745177169089,0.9031101742880123,0.7613775881755012,0.9652204530339189,0.43617703656189866,0.8840426068958555,0.7772622631485745,0.8735487637825335,0.9669077641938169,0.747674590284955,0.8149046793760832,0.6071325021745434
a,3,uncertainty,18,0.3138536531029425,0.4831728246062181,0.3788347924716637,0.44801822323462415,0.014734455958549223,0.12052004547926244,0.37772803581421377,0.7099056062102386,0.5701054483693992,0.19456801685787872,0.27733294511573736,0.11177010088657903
a,3,uncertainty,33,0.3896432434927192,0.528527813240986,0.5034300449510298,0.7735024238227147,0.06403940886699508,0.3470488519032208,0.35233242485286564,0.6222877606909627,0.5129628376091518,0.218106252258764,0.4,0.2165092314297982
a,3,uncertainty,48,0.46963522490582377,0.6807493719710183,0.5593621855202172,0.8785837618351896,0.11141120864280891,0.36523410682411095,0.3094786301617421,0.7335714132968373,0.8000170542966168,0.2669965182334616,0.4849110136703637,0.2765133171912833
a,3,uncertainty,63,0.49927438629460164,0.7273976969174986,0.5461046667110767,0.8383581997152232,0.17210682492581603,0.4409734012450481,0.4497904137051212,0.6994726813488722,0.9020926826963956,0.22936602870813397,0.43476114059992593,0.3265481037068781
a,3,uncertainty,78,0.4942023216752172,0.7131392894269243,0.5579243973995291,0.8030920472209385,0.16441755855436638,0.5513167338375752,0.4149763722282806,0.6156783200095454,0.9048070024393744,0.2028088550345156,0.44099064948193073,0.34973335627042834
a,3,uncertainty,93,0.5219346943766635,0.7414417307178285,0.5518046160875245,0.8114078881677483,0.099644128113879,0.570172353148083,0.5460781389800179,0.7082294264339152,0.8932195262299799,0.34080717488789236,0.43390357698289267,0.29395003644556356
a,3,uncertainty,108,0.5639297490506044,0.7787053951091855,0.6143985151132134,0.8995028680688336,0.25621084467487576,0.5313707451701932,0.5058917264226108,0.7256566505568397,0.9436151477194602,0.27218934911242604,0.41422943774620985,0.5267009719839909
a,3,uncertainty,123,0.5674290945195692,0.7841007167543037,0.5929527609641634,0.9031420208951174,0.320149486141389,0.5476205249115841,0.5299381204647643,0.7699546813229197,0.9351969270919483,0.17794806300553426,0.4264054117098204,0.49650661513304595
a,3,uncertainty,138,0.5882736171585653,0.8050736773955391,0.5949095562539886,0.9354461668167622,0.4233441408059287,0.6606922818416041,0.5582298792331729,0.7681832370844389,0.9498808894821241,0.12302977232924693,0.39558232931726905,0.480073857516541
a,3,uncertainty,153,0.5945676583159769,0.8100921741380379,0.602760064372921,0.947688469634365,0.40962671905697445,0.6613934702120499,0.5217147135904155,0.7734021230792072,0.9585220102442283,0.14197671764437342,0.3911100074497144,0.5456746939324634
a,3,uncertainty,168,0.5756263406820129,0.7977004135759227,0.5902806739397909,0.9213570981863665,0.4423963133640553,0.6862465753424658,0.5434773114381797,0.7688145597638957,0.9450725759263104,0.06066633515663849,0.39903602232369356,0.4135702746365105
a,3,uncertainty,183,0.5942791070197546,0.8155307560525571,0.5929340304158409,0.9465720669515111,0.4289245982694685,0.7049636869983072,0.5421707873049272,0.7733923103096291,0.9659026156645774,0.048216976393771975,0.41435519915866964,0.5240137221269296
a,3,uncertainty,198,0.607791161227931,0.814885482822309,0.6199118524642422,0.9371865874534286,0.4981060606060606,0.7013949433304272,0.5455596052982488,0.7729100288271886,0.9631611142051109,0.06629020378099681,0.43084455324357407,0.5546673543063435
a,3,uncertainty,213,0.6321680186105237,0.8262714878483436,0.6337067416835619,0.9427242098507942,0.4915254237288136,0.7017658245042108,0.5751847396459873,0.7731062830299471,0.9684332304980168,0.23335297583971715,0.4154068621006967,0.58801261829653
a,3,uncertainty,228,0.6280195326594716,0.8248318655103357,0.6293963971978874,0.9050695097731787,0.5641661500309981,0.6877808219178082,0.6360162908846622,0.8082518159806296,0.9645292816265335,0.19146963375057952,0.4105222236620448,0.4843700663088096
a,3,uncertainty,243,0.6339037759301388,0.825541378638942,0.6378576950924537,0.9028101324267036,0.5559246954595792,0.6811986093482699,0.651214390427513,0.8133563015783992,0.9586489755458754,0.23378954453668388,0.39888282340992764,0.5093085106382979
a,3,uncertainty,258,0.6480462981478942,0.8350489981166187,0.647590102740057,0.9266674756299802,0.5685393258426966,0.683086845324141,0.6315446889874293,0.8107300157442653,0.969833184418264,0.32481827622014536,0.39056486654252015,0.526632004621606
a,3,uncertainty,273,0.6632256633855994,0.8402137394773761,0.6607309045997916,0.941122391877848,0.593029490616622,0.6879636806555198,0.6246665298584034,0.807736882068497,0.9704993550764694,0.37898089171974525,0.3903105590062112,0.5747211895910781
a,3,uncertainty,288,0.6658320280317709,0.8353060147445018,0.6665030133620369,0.9232175131490771,0.5811789038262668,0.6850791886635177,0.6274198931909212,0.8010676588344724,0.9645732541380165,0.5201320132013202,0.390413510492984,0.4994063167893612
a,3,uncertainty,303,0.660013230587378,0.8383656007588499,0.6542789394452471,0.9308523506168858,0.565410199556541,0.6881089459698848,0.6294279116378372,0.8151150780503966,0.9668451362440433,0.4458146487294469,0.3908131595282433,0.5077316449531231
a,3,uncertainty,318,0.6604290948759324,0.8390358172707204,0.6538729792611048,0.9419120290839359,0.5825562260010971,0.6910977427010321,0.6144116861138327,0.8056376973002035,0.9707392480538839,0.38334985133795835,0.3939620758483034,0.5601952974431453
a,3,uncertainty,333,0.6733058602260684,0.8449886016754038,0.6729219678188373,0.9344219438132202,0.575192096597146,0.7126324897252866,0.62592256894989,0.8150565794359645,0.9728225582042482,0.4444023489297215,0.4104701132960021,0.568832043083137
a,3,uncertainty,348,0.6896095605087135,0.8528337821268329,0.6828925132026689,0.9511463636004893,0.5952380952380952,0.7189436809485313,0.6342877217635693,0.8197060085000195,0.9730590773961121,0.4808603718556325,0.4253942579862515,0.6078504672897196
a,3,uncertainty,363,0.6999703373062307,0.859689287541083,0.6991385337950052,0.9537868810567491,0.606253312135665,0.7032943098284781,0.6668864076469861,0.8343047795152149,0.974131353172166,0.47480691430673044,0.4123926060921635,0.6738764720019226
a,3,uncertainty,378,0.7134738060834718,0.866036285840596,0.7094785338885569,0.9553851516207738,0.60671834625323,0.7002405949256343,0.6888975762314308,0.8468404882504359,0.9730670438893646,0.5308291991495393,0.4175359830978476,0.7017498713329903
a,3,uncertainty,393,0.715935612324238,0.8663134964290686,0.7122538347100075,0.9546442204169522,0.6230529595015576,0.6996511939898041,0.6880722939741692,0.85062760646712,0.9722062131662608,0.54510556621881,0.41530197825232545,0.6947584789311408
a,3,uncertainty,408,0.7350426677233908,0.8752484638639747,0.7320844854695094,0.9583292860611947,0.6268969126111983,0.7265770314077695,0.6989676857967805,0.8528245167216401,0.9758260220272541,0.6361739688653507,0.4224976675996268,0.7172909184197024
a,3,uncertainty,423,0.7486316069748012,0.8812984963042352,0.7508461077868672,0.9604691487910846,0.6339969372128637,0.7364563416188655,0.7216590935570314,0.8568017566674484,0.9754273404642227,0.707628376372811,0.43357984113941384,0.7116656269494698
a,3,uncertainty,438,0.7485671682391879,0.8786684861279243,0.753804997431413,0.961138734522765,0.6200514138817481,0.7342215616540156,0.706074878262952,0.8469504205587726,0.9742933950640331,0.7345485616633438,0.43902439024390244,0.7208011583011583
a,3,uncertainty,453,0.757298732720742,0.8813826145086043,0.76241712051044,0.9656536663886895,0.6342229199372057,0.7231957390146472,0.7208743508255174,0.8493244839658912,0.9722027301391267,0.7780612244897959,0.4423289183222958,0.7298245614035088
a,3,uncertainty,468,0.7696011979053091,0.8882363336093398,0.7702884201079252,0.9639368457848639,0.6419098143236074,0.7913974151857835,0.7295924214064708,0.8505035192203574,0.9735389336976252,0.7682232346241458,0.4872044055717525,0.7201041913331755
a,3,uncertainty,483,0.7937002658990375,0.8983052876577567,0.7907565299846538,0.9625942919356093,0.6257731958762887,0.8824188129899216,0.7238220401221445,0.8507173322993409,0.9762173340853544,0.7713068181818182,0.6298832057994361,0.7205693618014234
a,3,uncertainty,498,0.7662532421686992,0.8937975518514427,0.7644105510248662,0.96684350132626,0.6129193790686029,0.8627346321501645,0.7255606096879739,0.8512591648071406,0.977553352944483,0.7827181208053692,0.3853258081067214,0.7313646106215765
a,3,uncertainty,513,0.7823459865334157,0.8994631050335148,0.7775857014030971,0.9646821000252688,0.6321664129883308,0.8712648842956638,0.7404303328229511,0.8610481256224968,0.9778377517265937,0.8031863754978712,0.4623237724842003,0.728174123337364
a,3,uncertainty,528,0.7864717957692258,0.9024897242315114,0.7793096252099949,0.9676602869881817,0.6088709677419355,0.8749041367798981,0.7441954208319896,0.8657315475938991,0.9784748998614906,0.8006733062140553,0.5015362798392815,0.7361993160723009
a,3,uncertainty,543,0.7853852170021073,0.9013980225618505,0.7759549728141015,0.9695054141059409,0.6407563025210085,0.8710053859964093,0.7426264886899528,0.8628446871098131,0.9784245326250619,0.8056885384398761,0.46486749331388283,0.7327481102170202
a,3,uncertainty,558,0.7930263324650086,0.9024007339890099,0.7820142849160363,0.9690185966557274,0.6488508818813469,0.8740200054068668,0.736264179887772,0.8633502452579945,0.9779726621664578,0.8338671494220861,0.5007072135785007,0.7331860579283259
a,3,uncertainty,573,0.7927335619784314,0.9051122851253165,0.7832133557988226,0.9684874361033314,0.6479028697571744,0.8706051614063484,0.7575551918240249,0.8732735026414614,0.9775716836663145,0.8478884788847888,0.46112860256720756,0.7301891309552311
a,3,uncertainty,588,0.8031542048638087,0.9064431287901044,0.7898934776435849,0.9690503690073018,0.6511891279728199,0.8816701078228951,0.7466849935316947,0.8688341515834721,0.9781618635209796,0.8456503954185983,0.5562182460790811,0.730928588837436
a,3,uncertainty,603,0.813777954921604,0.9106119988912493,0.80231934951456,0.9680089441578565,0.6771300448430493,0.8868882733148661,0.7706651062999805,0.872899723181906,0.9781372283496923,0.8367038107029853,0.6046412603789653,0.7289272030651341
a,3,uncertainty,618,0.814352408462225,0.9101389475640129,0.8038041334515469,0.9677991137370753,0.6666666666666666,0.8859338333410022,0.7633376772104411,0.8727723406983204,0.9778408878591981,0.8528027960747412,0.6183574879227053,0.7236608726498759
a,3,uncertainty,633,0.822211760248227,0.9133775386213087,0.8139928592443284,0.9688289806234204,0.6904500548847421,0.8909428704133767,0.7726707108414994,0.8749137038315499,0.9794201760780575,0.8447087444249223,0.6449498053677525,0.7330207957687223
a,3,uncertainty,648,0.8190566885254953,0.91410524740982,0.8113225891128679,0.9687469306775099,0.6681391496410822,0.8863016863016863,0.7826557427732261,0.8802890023362464,0.9786203737461555,0.8505091649694501,0.6261875258157786,0.7300606204683229
a,3,uncertainty,663,0.8056700206080233,0.9105166780942064,0.7984284332507289,0.9683945864189043,0.6696132596685083,0.8736703933372562,0.7793767793767794,0.8802141808446325,0.978458950516331,0.8547894247376112,0.5149456521739131,0.7315669583982736
a,3,uncertainty,678,0.8074012320479645,0.9096360815779706,0.8027821157140488,0.9671788810086682,0.6878771256171147,0.8738260514495713,0.774928101485246,0.8785569761935511,0.9781537742463192,0.8547098126555744,0.5282258064516129,0.723154559324023
a,3,uncertainty,693,0.8050372344832812,0.9105875738307277,0.7995179410053922,0.9682417949776808,0.6743674367436744,0.873383377046215,0.7814022370318406,0.8801871263969505,0.9789774638412378,0.8479539809125376,0.510222626079055,0.7305990673203396
a,3,uncertainty,708,0.8096310499592346,0.911501043216106,0.8037379232126054,0.9692728094835552,0.683585313174946,0.8771115057141556,0.7749453171604693,0.8816845348911857,0.9791009095493342,0.8583498349834984,0.5330062444246209,0.7296229802513465
a,3,uncertainty,723,0.8087895367323656,0.9111418816558176,0.7966653116655086,0.969711255156158,0.6612244897959184,0.8778416872089838,0.7702316724849254,0.8782486237357573,0.9795781220832556,0.8641087130295764,0.5459340659340659,0.7322272011626498
a,3,uncertainty,738,0.806072169580395,0.9098872078114255,0.7940511429175285,0.9713883677298312,0.6666666666666666,0.8749199963426899,0.7642825905458593,0.8758058318746531,0.9795746905397584,0.8630245447347585,0.520292747837658,0.7386940899516788
a,3,uncertainty,753,0.8082712264262412,0.9112202803276648,0.7963821540707047,0.9707350494274248,0.68053148469093,0.8734992010956403,0.7738590841253633,0.8783118808689859,0.980021089368532,0.866824894514768,0.5143620574482298,0.7362962962962963
a,3,uncertainty,768,0.8112604445993424,0.9110007532705345,0.7991373682870766,0.9695463263788312,0.6655052264808362,0.8800919540229885,0.7675650229492762,0.8749167615406096,0.9796722536066109,0.8661271062757065,0.5675037561708521,0.7304155939683707
a,3,uncertainty,783,0.807521351836267,0.9105346910463983,0.7932510333695588,0.9720297464524817,0.6662742789876398,0.8776459854014599,0.7661969613477131,0.8762548965044844,0.9793691134698759,0.8629862317871942,0.5321754620351815,0.7347594905403735
a,3,uncertainty,798,0.8107438127955825,0.9121926571508865,0.7951482386065525,0.9730457169605242,0.6690140845070423,0.8786185415903262,0.7678748660129422,0.8778187869349092,0.9804722470904208,0.8615710690157636,0.536660777385159,0.7516182256631552
a,3,uncertainty,813,0.8147960576499715,0.9144391847637149,0.7995903194970843,0.9736292479163007,0.6619718309859155,0.8793087515017096,0.7744441361816813,0.8817397248568744,0.9808222752348292,0.86828881248347,0.5620360551431601,0.750923684545802
a,3,uncertainty,828,0.81046543074535,0.914915798860841,0.7943268263488361,0.9730521382542472,0.657599053814311,0.8751254218735748,0.7891687268232386,0.8845629744987347,0.9807108112641407,0.8724850099933378,0.5120576966418752,0.7494270435446906
a,3,uncertainty,843,0.8148560254927133,0.9153772351615374,0.7998645027000723,0.973328904433459,0.6647597254004577,0.8779614325068871,0.7837342586455612,0.8830497523153134,0.9810990484348522,0.8715351812366737,0.5423951048951049,0.7558408215661104
a,3,uncertainty,858,0.8152698662477339,0.9153760106359388,0.7992248005193,0.9737685691946834,0.6890951276102089,0.8744731537474802,0.7871219512195122,0.8842508830877919,0.9809891592611548,0.8714342576621998,0.5238409140848165,0.7524547803617571
a,3,uncertainty,873,0.8130958272782371,0.9178105899181439,0.7928586564760609,0.9754706663541911,0.6411657559198543,0.8770745942002554,0.7983929596326765,0.8892120054688687,0.9812520924004018,0.8732394366197183,0.5231522707034728,0.7589026642046953
a,3,uncertainty,888,0.8176218708476839,0.9178215461665745,0.7984226536612055,0.9747214661941219,0.6706658668266346,0.8777194982896237,0.7950272190262925,0.8879813302217037,0.981394181148707,0.8803750837240455,0.5322079075966237,0.7585042846014022
a,3,uncertainty,903,0.822498568014691,0.9189884452405899,0.8026146983260852,0.9744352078239609,0.6578153289076645,0.8832133522857536,0.7949897552866587,0.8879723601813863,0.9807772786876099,0.8838079957213532,0.5772481040086674,0.7622277292291639
a,3,uncertainty,918,0.8216049929887145,0.9189494896792223,0.8008242192801234,0.9748109354542435,0.65565749235474,0.882605517997442,0.7957635278259195,0.888215823291435,0.9806676094075618,0.8842302042996395,0.5684901531728666,0.7640036730945822
a,3,margin,18,0.3138536531029425,0.4831728246062181,0.3788347924716637,0.44801822323462415,0.014734455958549223,0.12052004547926244,0.37772803581421377,0.7099056062102386,0.5701054483693992,0.19456801685787872,0.27733294511573736,0.11177010088657903
a,3,margin,33,0.31590934563398665,0.5420681517452042,0.3450567862709776,0.280973804281931,0.0118946474086661,0.09137200441548268,0.42295573434488665,0.7323040271223714,0.7886705933509902,0.14919586444572086,0.21613060428849903,0.14968683104733213
a,3,margin,48,0.4368781597424938,0.6804135616642771,0.45320161128211567,0.818154232953314,0.0953941976725127,0.15382365842959497,0.5181872182815612,0.7624207188160677,0.822190537006097,0.15955983493810177,0.5040485829959515,0.09812445658924357
a,3,margin,63,0.50209137730972,0.7470281480663443,0.4910890311117078,0.8910085510595019,0.12222560048647005,0.5329062317996506,0.55472334682861,0.7370445149504855,0.8816963112240428,0.2475390156062425,0.4596482775234883,0.09203054630898766
a,3,margin,78,0.5410485095834938,0.7836510052552346,0.5588520862084739,0.9170076873063832,0.15951313260730302,0.7409329009728112,0.4892703862660944,0.7722000806054364,0.9194922590462999,0.2851490744665819,0.4522478192798032,0.13362324570073136
a,3,margin,93,0.5813757430434842,0.804826849789544,0.5896300991294734,0.9413626139006444,0.28984668787966444,0.8066217404043363,0.5167901981545908,0.7539189070846835,0.9411259916559399,0.2775599811823742,0.5514369012911287,0.15371866583799462
a,3,margin,108,0.619627675786131,0.8124983146397979,0.622654720251248,0.9462962962962963,0.3233240223463687,0.788293162813576,0.5380738887151149,0.7424444193657601,0.9378769826494899,0.2585883822610868,0.543377063055438,0.49837486457204766
a,3,margin,123,0.6309352217085675,0.8322482507633343,0.6090910434032719,0.949425829793928,0.31307929969104015,0.8337311058074781,0.5824486419412657,0.7786310666607135,0.9536790699369511,0.243547548934696,0.5092215568862275,0.514652875724808
a,3,margin,138,0.6670249182138585,0.84967887007584,0.64392044976739,0.948341297465243,0.31871345029239767,0.8475466741720612,0.6139439723009128,0.8189505773286284,0.9554260024123689,0.4289052069425901,0.552943914358855,0.5184531686516689
a,3,margin,153,0.6834037535928674,0.8588138635433109,0.6578081979396232,0.9550115909001611,0.279445727482679,0.8473069466118125,0.6393669956766457,0.8206664013906051,0.9597784397860923,0.4644847791910819,0.6289496157130657,0.5556232855836635
a,3,margin,168,0.7214539589787825,0.8699589887383926,0.705996921748989,0.9595538597006164,0.43148450244698205,0.8541626976566965,0.6416470588235295,0.8362900649558087,0.9639025817839276,0.606748373430171,0.633112015420861,0.5661844765904496
a,3,margin,183,0.7409554463086888,0.8776968952902376,0.7276210862716175,0.9563993258649747,0.45298013245033114,0.8711342647407057,0.6852004496065942,0.8462376367042831,0.9603298499513306,0.6880720180045011,0.6680914725368668,0.5401538669186124
a,3,margin,198,0.7494617775522152,0.8806692126494828,0.7333649855015931,0.9576651572973721,0.45194561650257853,0.8707308985836768,0.6838689740420272,0.8413580514913385,0.9640628283732787,0.7621885157096425,0.665374677002584,0.5479612789674392
a,3,margin,213,0.7559647345741947,0.8838506363419959,0.7424788005001189,0.964049976426214,0.45879518072289155,0.8691254353738251,0.6804857787096008,0.8460579485856762,0.9656134426018886,0.7446047927975639,0.6916531604538088,0.5832968954962834
a,3,margin,228,0.7744633206330696,0.8901363898616295,0.7635753272731581,0.9651130776794493,0.4693176239567992,0.87731124807396,0.6896903976111897,0.846064165119392,0.9679774867569159,0.7802820614208514,0.7237946515713449,0.6506191735077222
a,3,margin,243,0.7736772489786136,0.8921005472705632,0.757401364473462,0.963825560123532,0.4758771929824561,0.8798850574712643,0.6998565051020408,0.8564967894703159,0.9684214399381859,0.7782912980324839,0.7117257499026101,0.6287156477846326
a,3,margin,258,0.7796535817102064,0.8966474355145363,0.7651316398029059,0.9635070903877127,0.45798082346305696,0.885619500937545,0.7201709604653924,0.863475746867973,0.9689390585804929,0.7898868928809049,0.7343632253202713,0.6329389364885081
a,3,margin,273,0.7825676563912362,0.8960215130858119,0.7628525856597427,0.9604764910066267,0.5104333868378812,0.8872472415589335,0.7301256038647344,0.8621085708094052,0.9676005720781841,0.7884302009777295,0.7235820895522388,0.6131047508353915
a,3,margin,288,0.7898917955851091,0.8960528731325389,0.7762987116030579,0.9618386816999133,0.5389453313981616,0.8934618890008155,0.7134362903547627,0.8579000235087945,0.9684530736033865,0.7972936400541272,0.7593440122044242,0.6183532184415967
a,3,margin,303,0.8007023953076876,0.9031334957629136,0.7914573901327314,0.9631790585823543,0.5476749647721936,0.8956787429070275,0.7482750600821769,0.8685803553993361,0.9693854133198696,0.8013689253935661,0.7718058396875581,0.640373197625106
a,3,margin,318,0.8031365867318239,0.9035559933860227,0.7950626807842407,0.9626731479834806,0.5563347358578775,0.9033398633475083,0.7500748278958396,0.8621416994160617,0.9706441393875396,0.7982135606983354,0.7752467729688687,0.6495605330309044
a,3,margin,333,0.8039954506362501,0.9049476448493161,0.7968818593054814,0.9622172213668128,0.5526193787668058,0.9010426723305658,0.7568148148148148,0.868287042184616,0.9706958360143395,0.7845855281397283,0.7823343848580442,0.6573621772505234
a,3,margin,348,0.8046000291159885,0.9057307836912211,0.7973281632989054,0.9589689532409157,0.5572815533980583,0.8997988313056806,0.7602079252674401,0.8755697456787405,0.9712311523159336,0.7871866295264623,0.7985467756584923,0.6326086956521739
a,3,margin,363,0.8139535221335037,0.9084400624138272,0.8023533595385908,0.9662337662337662,0.5961538461538461,0.9045715111517896,0.7670647206250921,0.8698984138299768,0.9714942317415085,0.8044677330391616,0.8068854222700377,0.6388120541563547
a,3,margin,378,0.8169539107183813,0.9100845735347838,0.8066333296416097,0.967805184110427,0.5982819605861546,0.9026472280836371,0.7749013360367862,0.868177393430376,0.9726003442214062,0.8172187206651469,0.8029916089018606,0.6479614204296361
a,3,margin,393,0.8188521390958302,0.9114963283286213,0.8081983264588096,0.9688866234046307,0.5910723447922012,0.9076974661110313,0.7742938772557955,0.8669710256294354,0.9741996736936223,0.8200135226504395,0.8030440297155281,0.6634906886097878
a,3,margin,408,0.8242719050805906,0.9150459963167237,0.8144461411982057,0.9692010233775364,0.6021180030257186,0.9096047904191616,0.7849162011173184,0.8766606822262119,0.9748558246828143,0.8249400479616307,0.8068638189120116,0.6692867540029112
a,3,margin,423,0.825380160775588,0.9153049914608725,0.8140387231151869,0.9687878906402785,0.6115618661257607,0.9057794349634304,0.784990535575103,0.8778795695099173,0.975400378455716,0.8295254833040422,0.7981566820276498,0.6763396063783939
a,3,margin,438,0.8259885854985779,0.9153992964787796,0.8170753285788802,0.9687120648470846,0.6050251256281407,0.9069944730322089,0.7882897663057348,0.8767073885407745,0.9746061646997987,0.8325949791918378,0.8036764705882353,0.6772908366533864
a,3,margin,453,0.8328095932704858,0.9187833019680813,0.8284864390796464,0.9687322119064911,0.6178781925343811,0.9079249617151608,0.7966101694915254,0.8838305609805374,0.975495635449031,0.8391645603299188,0.8013257227030013,0.7043243243243243
a,3,margin,468,0.831929010024955,0.9186456353324464,0.8276726222221689,0.9678987183004742,0.6135922330097088,0.9090122982321291,0.7992805227222671,0.8867788677886779,0.9742077977285118,0.8358407668752497,0.8079663804129362,0.6927835051546392
a,3,margin,483,0.8346632937086882,0.9203979421985485,0.8303171628013404,0.968093446221386,0.618838457784285,0.9105503484739246,0.8041403611804434,0.888359229195242,0.975537599615406,0.8406337371854613,0.80483339436104,0.700983069361005
a,3,margin,498,0.8388345391097598,0.9207984079956884,0.8360252024686649,0.9682003768844221,0.6432970156324017,0.9104211793020457,0.8064069894430288,0.8867945900636597,0.9753447401189872,0.8443559096945551,0.8100528136951375,0.7046372371535998
a,3,margin,513,0.8442270219134822,0.9234340030842367,0.837130897646734,0.9687377113645301,0.6599899849774662,0.912831308008803,0.814241373014424,0.8913690476190477,0.9759701864270758,0.8535542490646713,0.8070239619535394,0.7143253747917824
a,3,margin,528,0.8426352232906087,0.9222469287999189,0.8350700523169843,0.9664651556623279,0.6622851365015167,0.9118608227604768,0.8117999334590218,0.8932680921420113,0.9749741811743877,0.8399731723675385,0.8131469039404394,0.7099436116077569
a,3,margin,543,0.8440414395876238,0.9221419832683824,0.8325183163234677,0.9633014817892259,0.6597617814603832,0.9120815698345518,0.8142708022666268,0.8946046284151791,0.9738395849593683,0.8515301349726045,0.8076009501187649,0.7193820224719101
a,3,margin,558,0.841820505331946,0.9211542834864045,0.8330989123779345,0.9652747600047407,0.6639511201629328,0.9125915992145218,0.8089055191768008,0.8935463881019831,0.9733845912732435,0.8426587569098019,0.8049183336391998,0.7111534795042898
a,3,margin,573,0.8418956009021255,0.9210640459631081,0.8339404901873217,0.964592507750943,0.6527984150569589,0.913994519494255,0.8056338028169014,0.8917124136709758,0.973991922500161,0.8467525496511004,0.8100163309744148,0.7175679462034183
a,3,margin,588,0.842958069753492,0.9220660149729655,0.8365177583505206,0.9645718354993769,0.6414342629482072,0.9151284399248156,0.8102260096331975,0.892881083255128,0.9739637460568549,0.8488387524883875,0.8148680193930687,0.7247104785823916
a,3,margin,603,0.8443425045294769,0.9236670859407555,0.8395209126198006,0.9640341853287964,0.6418884982420894,0.9139774588189963,0.8169745530083834,0.8969143675460384,0.9749435977715365,0.852128356254093,0.8127820906300777,0.7254394331652814
a,3,margin,618,0.8454143194166501,0.9246120313389007,0.837732287420427,0.9663414056018647,0.6386386386386387,0.9147645189251662,0.8160401742855032,0.8962739174219537,0.975850743797091,0.8564554931836408,0.8085724664002906,0.7357915164957028
a,3,margin,633,0.8513918196750621,0.9268444603020327,0.8399140346033808,0.9677012015863308,0.6608695652173913,0.9173477777240412,0.8225616921269095,0.897820194009454,0.9765322187134611,0.8620229516946891,0.8196310227476267,0.7380397532556545
a,3,margin,648,0.8524020712597453,0.9271460976918156,0.8409641341808223,0.9677139590806954,0.6696181516325401,0.9168859008087303,0.8249201512537171,0.8978542691104158,0.9768324474699928,0.8599541717212562,0.8251772436451669,0.7326623466151937
a,3,margin,663,0.8512418355435079,0.926468165908864,0.8431971735130026,0.9691428571428572,0.660530590146183,0.9175824175824175,0.822011974277478,0.8961911542226573,0.9758464803026109,0.8570655116404982,0.8314261315115286,0.7313794030653401
a,3,margin,678,0.8544531080597322,0.9281537705464756,0.8451980642494511,0.9702608079933913,0.6666666666666666,0.9191201685200607,0.8222090525224091,0.8969459705941233,0.9776126283954487,0.8637587506731287,0.8312841530054644,0.7422197741668962
a,3,margin,693,0.8535155122364292,0.9280240397057077,0.8427615881937183,0.9706892828395861,0.6618625277161863,0.9191593352883676,0.819954043436365,0.8971717799582649,0.9778138877860975,0.8610509209100758,0.8315448816215295,0.7423929505713892
a,3,margin,708,0.8555846458374552,0.9289740837784004,0.8438541307091181,0.969655253790635,0.6734006734006734,0.9191597708465945,0.8275785664167805,0.9006324603598789,0.977268956363033,0.8635082539256476,0.8296270954498802,0.7394307819839735
a,3,margin,723,0.8535418904936045,0.9282339057833409,0.8441651113954727,0.9706871129460336,0.6629650194336479,0.9164571935531569,0.8257171263394336,0.8982725527831094,0.9771233091442219,0.8665949435180205,0.8265546218487395,0.7375051348760783
a,3,margin,738,0.8506247437974009,0.9275490177218582,0.8401511693940137,0.9702958626380103,0.6438202247191012,0.9160064951040693,0.8209944751381215,0.8967868443335264,0.97784378113124,0.8684460100257417,0.8245144005358339,0.7369146005509641
a,3,margin,753,0.8560367231024243,0.929743302773984,0.8438368683732984,0.9709523996698243,0.6594409583571021,0.922254377789768,0.8267165218666374,0.8994397196365991,0.9780914164475808,0.8651502843216897,0.8390824129141886,0.743202416918429
a,3,margin,768,0.8552332663096214,0.9296026469304068,0.8428978372580725,0.9704000314058022,0.6556064073226545,0.9218458517427589,0.8285714285714286,0.9003371965789062,0.9776556404983447,0.8674731182795699,0.8405895307470778,0.73462019164005
a,3,margin,783,0.854436531008806,0.9288376592863228,0.8403754205709001,0.9718229769211161,0.6600234466588512,0.9237893492290261,0.8255720447401126,0.8976642205119026,0.9770992366412213,0.8589519062373704,0.8425330172705723,0.7324725808690823
a,3,margin,798,0.8561542344399627,0.9298399125376158,0.8415636029464916,0.9719409779452163,0.6662700773349197,0.9231679652825723,0.8288057406458227,0.8998192327434221,0.9776195789493097,0.8599568267674043,0.8426890756302521,0.7351186346607465
a,3,margin,813,0.8560341020137662,0.9299924543572256,0.8415085679623259,0.9719828009345611,0.6595744680851063,0.9260440692938117,0.8271486536333457,0.8991058321099693,0.9779642264429282,0.8637829124126813,0.8439189189189189,0.734785036292574
a,3,margin,828,0.8563514759785826,0.9305459438386197,0.8411452012613507,0.972702474635477,0.6572604350382129,0.9245329279654784,0.8293885964589391,0.9005762085919597,0.9779933067200163,0.863759479956663,0.8420874279905117,0.738862426449986
a,3,margin,843,0.8560374807572383,0.9310433562536725,0.8422187087805564,0.9732419196865818,0.6486803519061584,0.925030765444253,0.82953543075566,0.9011484000445981,0.9785596988763215,0.8602409638554217,0.8426207362377575,0.7452790600083928
a,3,margin,858,0.8573331524956678,0.9311874810349697,0.8428616270178831,0.9733066792097836,0.6538229981938591,0.9245394542409615,0.8289483435855629,0.9020373740512229,0.9782317821517224,0.8676685729485304,0.8451178451178452,0.7423253229615224
a,3,margin,873,0.8593502045964944,0.9321469553391127,0.8452162911401272,0.9728319504109535,0.6602641056422569,0.9250444400553032,0.8333765224151335,0.9042853021459799,0.9783092068236966,0.8673277941570624,0.846940486169321,0.7457720335487419
a,3,margin,888,0.8571193640513668,0.9318802877238361,0.8436536283956388,0.97277378128859,0.6439440048691418,0.923676166058574,0.8353869991883716,0.9054129154162499,0.9774911295091662,0.8721162821709562,0.843166918809884,0.7401060791513668
a,3,margin,903,0.8573076831860464,0.9325639604833763,0.8438970740355628,0.9725231590516564,0.6452380952380953,0.922970365606293,0.8387879679341032,0.9063730397063731,0.9785117866863496,0.8692598595353863,0.8450892112723029,0.7370156636438582
a,3,margin,918,0.8552750950464625,0.9317599883658467,0.8425922969458921,0.9725968323663164,0.636144578313253,0.9213939213939214,0.8345728345728346,0.9058967240421988,0.9783066243261207,0.8713792187084772,0.8411276948590382,0.7360574268360022
a,3,class_balanced,18,0.3138536531029425,0.4831728246062181,0.3788347924716637,0.44801822323462415,0.014734455958549223,0.12052004547926244,0.37772803581421377,0.7099056062102386,0.5701054483693992,0.19456801685787872,0.27733294511573736,0.11177010088657903
a,3,class_balanced,33,0.35099112751720196,0.4446903671693354,0.4750264577136237,0.6085562568880873,0.07572284256451971,0.41002963300661044,0.2855032620737762,0.6967856613834987,0.35946260446419126,0.17425083240843509,0.3542464667811386,0.19436258808456117
a,3,class_balanced,48,0.4776158975255791,0.6528137999671385,0.5442685353705865,0.7889410789528217,0.11229508196721312,0.6331706953704048,0.40475290758701765,0.7475618145765044,0.6982786233732339,0.18004722550177096,0.5046194456665201,0.22887620473472442
a,3,class_balanced,63,0.5137672806611174,0.7067265675440789,0.5585910469611565,0.7934089794774812,0.17225747960108795,0.6433883974007673,0.4196575494774294,0.7714653955524642,0.8109353268428373,0.22095857026807472,0.5620520558279894,0.22978177150192555
a,3,class_balanced,78,0.5554707906821256,0.7650153625134029,0.5842730793056912,0.875526833380163,0.1952449567723343,0.6194126431060228,0.41809603598042244,0.7688982161594963,0.9119844166650907,0.2302568981921979,0.5535476507513791,0.42626946513202435
a,3,class_balanced,93,0.5823401528054434,0.7948597574101388,0.5921041446393674,0.9291534162542574,0.20584269662921348,0.6848023990575132,0.5756012497275304,0.7292402528740805,0.9272218269843763,0.16838166510757718,0.5793861983324463,0.44143167028199565
a,3,class_balanced,108,0.6154444353795655,0.8208115694601875,0.6269927431077965,0.9302002850498837,0.31702062172976303,0.7997063861022755,0.6143272727272727,0.7508073666753949,0.9504972832728572,0.11193643116254966,0.5511752729964834,0.5133289986996099
a,3,class_balanced,123,0.601107863292086,0.811967304519688,0.6181315053810761,0.9043419139171656,0.301994301994302,0.7955580865603644,0.5991602309364925,0.764382510866786,0.9454425300920463,0.1765466297322253,0.569187675070028,0.35335689045936397
a,3,class_balanced,138,0.6230011999304383,0.8305298903674818,0.6226753007489,0.919031007751938,0.26522522522522524,0.8329492025444823,0.6139286580926959,0.7981252493019545,0.9529978626870149,0.16456795484151107,0.5831693989071038,0.47701624002202037
a,3,class_balanced,153,0.6225999795243115,0.8330009051306835,0.6175073657730015,0.9329126914744004,0.39596700274977087,0.8332962187680933,0.614423076923077,0.7990712198246527,0.9576950924802768,0.14701508391756957,0.4078058543907931,0.5152135751901696
a,3,class_balanced,168,0.665308764663016,0.8487570244526772,0.6454335749364358,0.9451486343745285,0.5069175428887659,0.8454239091876552,0.627349095003031,0.8023450586264657,0.9671997220474585,0.2991492652745553,0.40924261874197687,0.585003035822708
a,3,class_balanced,183,0.6738662444264527,0.8470971424882299,0.6547854052920701,0.9413580835127976,0.5224815025611839,0.8599982074034238,0.6120061047990504,0.794287935514229,0.9659837179018764,0.26227208976157085,0.5444954128440367,0.5619131455399061
a,3,class_balanced,198,0.6656811522196465,0.8397020368495783,0.6592252490919248,0.9262882981211507,0.582016348773842,0.8521501826664906,0.6137056255662631,0.7862703467799009,0.9630763739515137,0.2579198205775161,0.4473085670962851,0.5623948064438566
a,3,class_balanced,213,0.69845279137982,0.8574087744393414,0.6830720606918501,0.9554098612069627,0.6005194805194806,0.8572437538624526,0.6042947518488817,0.8104580318236488,0.9700515705578997,0.3957563092750362,0.45575332163449483,0.6365880416895228
a,3,class_balanced,228,0.7110151603649211,0.8595612951255281,0.6972149246485606,0.9484904333947674,0.6032553407934893,0.8679144622771529,0.6023121895467932,0.8117206240954778,0.9705965614207258,0.4082164982067167,0.5377558221594919,0.6488745113896751
a,3,class_balanced,243,0.7097992892712015,0.863031738406563,0.6913875811339647,0.9486163009047628,0.5799667957941339,0.870344766067526,0.6357665138183171,0.8200484066155708,0.9698830464602188,0.34419908867858395,0.5592635212888377,0.6601051638128623
a,3,class_balanced,258,0.7054651819253451,0.8597740792967528,0.6955911688019843,0.9441849869005582,0.6095433555669574,0.8594968498039388,0.6394399066511085,0.8163323665182401,0.9677633576199149,0.3772978761377833,0.46321525885558584,0.6719126792740195
a,3,class_balanced,273,0.7423787666181921,0.8712151332553334,0.7372230808457796,0.9522860537308857,0.6192425793244627,0.8639200998751561,0.6396179366890664,0.8159236716565225,0.9717077604817634,0.5732862190812721,0.5381433823529411,0.7072811963716598
a,3,class_balanced,288,0.751095001003682,0.8747598720395978,0.7434106580530616,0.9453144278040354,0.6119938493080471,0.8598180845371857,0.665702479338843,0.8258499438225625,0.9692577661844913,0.6720067453625632,0.5150115473441108,0.6949001653312985
a,3,class_balanced,303,0.7525284292031365,0.8807598820810361,0.7412755689271067,0.9533013113754193,0.6225923997917752,0.8653725735754539,0.6887204779662376,0.8325671629201636,0.9731793542304973,0.6745042492917847,0.4694721478958891,0.6930461857810067
a,3,class_balanced,318,0.7533777488874668,0.8795558449937851,0.7370150248081546,0.953186926803117,0.6313513513513513,0.8613590491141512,0.6756519191327278,0.833678512108598,0.9725836780744641,0.6821591410501544,0.4686293436293436,0.7017998187232941
a,3,class_balanced,333,0.754275579751146,0.8803561046586812,0.7413002346771113,0.9560768080947453,0.6347243688820196,0.8582926388135287,0.6790611592496004,0.8307407787937943,0.9739205510562223,0.6736902871987299,0.4709206498704968,0.7110529758011772
a,3,class_balanced,348,0.7624587393096416,0.8843480239007934,0.739550575510584,0.9605951412298036,0.6441441441441441,0.8640295548747522,0.6826558949760162,0.8365575143504994,0.9745081042790966,0.6993502658003544,0.4864608076009501,0.713827226531158
a,3,class_balanced,363,0.7661540975553099,0.88677617061668,0.7435355138344746,0.9620753020291668,0.6412128017967434,0.8679909706546275,0.6971777269260107,0.8373608471354874,0.9744842512005499,0.6896038129282097,0.5081157374735357,0.7173654278534586
a,3,class_balanced,378,0.7738144846530597,0.8908038962853804,0.7510877275354829,0.9632151263446612,0.6506963788300836,0.8707921241266673,0.7061314160175753,0.8430073364964572,0.9764804469273743,0.6950869236583522,0.5290590405904059,0.7298615688859591
a,3,class_balanced,393,0.7754408565828713,0.8917343971284493,0.7503269370829249,0.9640203592113731,0.6569014084507042,0.8746915272826981,0.7086651423164866,0.8450003137222094,0.9768358797437161,0.6638378123526638,0.5641140803952391,0.724901185770751
a,3,class_balanced,408,0.7874998098131966,0.8980383028869308,0.7635160784210294,0.9653379210572618,0.6655092592592593,0.8798163030998852,0.7344267344267345,0.8532543126256746,0.9776751203792529,0.6685606060606061,0.6062925170068028,0.7366255144032922
a,3,class_balanced,423,0.7872167422205901,0.897579318871152,0.7639812665397505,0.9634402687464393,0.6658892128279883,0.8827743554642938,0.7381361432443783,0.8513812154696132,0.9769651356663158,0.6734370041256744,0.6041349292709467,0.7287924151696606
a,3,class_balanced,438,0.7822438663056374,0.896852788991395,0.7614241590385132,0.9643905803527442,0.6662850601030338,0.8775297686421877,0.7447667182137064,0.8519576469577543,0.9762644394426979,0.666976168368926,0.5578661844484629,0.7341582302212224
a,3,class_balanced,453,0.783985855618628,0.8982197868766654,0.7643420446469344,0.9643665269661373,0.6589192330040674,0.8789306751246035,0.7483023822922529,0.8561093766820971,0.9760487977764928,0.6854663774403471,0.5608988764044944,0.7268304548771588
a,3,class_balanced,468,0.7876916797312575,0.8989783674373792,0.765418727591728,0.9614499881018482,0.6588785046728972,0.8816832134074142,0.7478431966096565,0.8578772625040163,0.9764658954926206,0.6840390879478827,0.588467441350581,0.7325205274944016
a,3,class_balanced,483,0.7918930056486259,0.9023724754703543,0.7671061728206121,0.966711419996841,0.6658851113716295,0.8826163658569683,0.757068972026124,0.8617214745715569,0.9773290858262671,0.6959810874704492,0.573549257759784,0.7461742759580119
a,3,class_balanced,498,0.7966749408171501,0.9051485862930377,0.7726595512603674,0.9689736531655525,0.672027570361861,0.8836998823422935,0.7660042475728155,0.8662066608275832,0.9777897704539745,0.7021243115656963,0.5923468259234682,0.7409015451411058
a,3,class_balanced,513,0.7968091572997971,0.9041220425828427,0.770638997009629,0.9694268266342019,0.677475390851187,0.886034584486906,0.7543461266425939,0.8636021424422982,0.9783023167136333,0.6903454956409428,0.6085237258347979,0.743225806451613
a,3,class_balanced,528,0.7950562872518261,0.9029807871712567,0.7686862496489919,0.9706665622307512,0.6926205694363742,0.8841488162344983,0.747297091518197,0.860810064176123,0.9788780292372052,0.689367169932541,0.5813008130081301,0.750417469492614
a,3,class_balanced,543,0.8050410536114408,0.9057912763978565,0.7789256889117291,0.9726718273516303,0.704093567251462,0.8891915202687367,0.7476075175833045,0.8614313313377068,0.9792128861462742,0.7211538461538461,0.6164323374340949,0.7535746489759114
a,3,class_balanced,558,0.8017239740514003,0.9029654987810091,0.775274543471137,0.9727084067504601,0.6997663551401869,0.8894531604244128,0.7314913632949919,0.856309416381608,0.9783480502079592,0.7335148215366001,0.605121293800539,0.7488028989258444
a,3,class_balanced,573,0.8025243236353086,0.9042767105616953,0.7748618833155563,0.9712010044336329,0.7022274325908558,0.8864982145278669,0.7428817608584969,0.8606724992094446,0.9781992810500014,0.7492830188679245,0.5792,0.7525557011795544
a,3,class_balanced,588,0.8028222842797257,0.9041853807933742,0.7759414595429384,0.9711331322705731,0.7052692530399537,0.8882870683818551,0.7413733142702578,0.8594677063909137,0.9786556998771819,0.7351584127960628,0.5894401456531634,0.75661582583757
a,3,class_balanced,603,0.8208858492485382,0.9118911509460124,0.7967288987452023,0.9715907978463044,0.6936884771279676,0.9017330383480826,0.7638255849285931,0.8686115752045581,0.9789211896534059,0.7584526347852574,0.69724009130525,0.7539092540374263
a,3,class_balanced,618,0.8188054488885042,0.9112847909335653,0.7935540584043129,0.9714789767715378,0.7,0.8994903347261123,0.7668889642439999,0.8671482006965046,0.9789750083802004,0.7498849869651893,0.6796564005866331,0.7557261676263596
a,3,class_balanced,633,0.8259858727648036,0.9145064082478721,0.8020084975279107,0.9735265322106912,0.6966161026837806,0.9063081503535542,0.7662872915642606,0.870953189112548,0.9804797260834776,0.7490500075999392,0.7241103558576569,0.7665414994173249
a,3,class_balanced,648,0.8339883994022592,0.9152707484423441,0.8148573197468345,0.9729644950693042,0.6966161026837806,0.9123869929474132,0.759624839270857,0.8676737160120845,0.9799518099189699,0.779890903729913,0.7714178825289937,0.7653688524590164
a,3,class_balanced,663,0.8393615112717266,0.9175762300207188,0.8238840024654256,0.9707257652560022,0.70213996529786,0.9133402863373471,0.7681452381860483,0.8732910682710139,0.980077084923753,0.8135495909286637,0.7768931679318645,0.7560914343129866
a,3,class_balanced,678,0.8423666035156809,0.9197375070537552,0.8249400154050597,0.9721655150753769,0.704192992533027,0.9130086284124664,0.7760185290655731,0.8774109752137678,0.9801182859693498,0.83188858888731,0.7629573170731707,0.7635385994110869
a,3,class_balanced,693,0.8441750491903274,0.9216177158706093,0.8270976777833015,0.9732148113263084,0.697566628041715,0.915132634758803,0.7847094571782272,0.8791045753060023,0.9806168384240486,0.8371238875547393,0.7666411629686305,0.7634654471544715
a,3,class_balanced,708,0.8354568919300518,0.9185655051515541,0.8138245158274185,0.972651184722386,0.6795547744581136,0.9109649736486172,0.7765485060585535,0.8771351058057515,0.9797389567560035,0.8267898383371824,0.7333600641539695,0.7623686234298898
a,3,class_balanced,723,0.8442220512117313,0.9206107687512208,0.8254680348219254,0.9737924550475967,0.6766826923076923,0.9187353517960491,0.7700019131432945,0.8769277160334281,0.9802412684250636,0.8394150220076672,0.7968721585742863,0.7653298835705046
a,3,class_balanced,738,0.8481062079819464,0.9225384646189576,0.8340924128969741,0.9739590477123543,0.665868263473054,0.9222024182282383,0.7749942717482624,0.879921985047134,0.9798966004612065,0.861271676300578,0.8119127814217337,0.7629288274449565
a,3,class_balanced,753,0.849855985511645,0.9227920952158883,0.8353372364963129,0.9727554665724493,0.6779252110977081,0.9229579507008216,0.779492172870946,0.8812513673156859,0.979287412691336,0.8510756419153366,0.8211595726046593,0.7627990738358631
a,3,class_balanced,768,0.8478256338244747,0.9212881153729245,0.8321385786967015,0.9735940650263276,0.693853427895981,0.921193425555502,0.7718709480588819,0.8777494490298604,0.9799231892278937,0.8397463002114165,0.8092198581560284,0.7632800412583806
a,3,class_balanced,783,0.849520698672981,0.9227759031688235,0.8337397963845136,0.9740539271318436,0.6897360703812316,0.9213211470574012,0.7781315940916939,0.8800929812100471,0.9803527946616108,0.8393135725429017,0.8135533707865169,0.7691308301935819
a,3,class_balanced,798,0.8473246970125998,0.9221072087793505,0.8309357112993796,0.9731857800411321,0.6812796208530806,0.9212954064962522,0.7773406165246953,0.87949881183841,0.9801592833179997,0.8418245614035088,0.8059381148274012,0.7654000778109195
a,3,class_balanced,813,0.8464759629977308,0.9212042227284251,0.8311011342979971,0.9729655604748658,0.6798798798798799,0.9229289869705274,0.7741984791165119,0.8778715120051914,0.979413843121211,0.8376731301939058,0.8122332859174964,0.7611189892999871
a,3,class_balanced,828,0.8448259645377731,0.9199614258508734,0.8266535999398399,0.9732846887136637,0.6823956442831216,0.9205558217537134,0.7655180415361411,0.8748338407443935,0.9801014436207569,0.837281009110021,0.8008681497558329,0.768595041322314
a,3,class_balanced,843,0.8462536605890507,0.920861234680701,0.8296598475561627,0.9737203373210433,0.6870870870870871,0.9198539304247549,0.7727910770514814,0.8764751822283929,0.979740838790581,0.838276440962507,0.8037083259047959,0.7646297255308131
a,3,class_balanced,858,0.8481141599692401,0.9219848515577188,0.8326737442326162,0.9726737338044759,0.6842420611144397,0.9200096084554408,0.7773934856143818,0.8787786657400973,0.9800607372047884,0.8499310344827586,0.8043594782919421,0.7655786350148368
a,3,class_balanced,873,0.8510924007522217,0.9235558581149448,0.836057860216468,0.9737435535423652,0.6823104693140795,0.9231215549753409,0.778660352860307,0.8817325392528425,0.980286555300716,0.8525764673463764,0.8190709046454768,0.7683292095324912
a,3,class_balanced,888,0.8532692449687569,0.9235850391099952,0.8372605884525721,0.9735924460290718,0.7060226595110316,0.9227941176470589,0.7806801379990143,0.8816301676706609,0.9799073790498464,0.8576960309777347,0.8164556962025317,0.7606445696318617
a,3,class_balanced,903,0.8514528257952917,0.9245034490066102,0.8343185897556753,0.9744844049622353,0.6820388349514563,0.9232105796611806,0.7851984884199499,0.8826720328973271,0.980542578781659,0.8549150654413812,0.8147755390597384,0.7652379079826976
a,3,class_balanced,918,0.854460334877885,0.9253699551135048,0.8386837711069424,0.97449349124009,0.6867469879518072,0.9264641977693013,0.7880972523632619,0.8827729513451378,0.9802690249702735,0.8580186707537969,0.8252512784341386,0.768029159073158
a,3,quota,18,0.3138536531029425,0.4831728246062181,0.3788347924716637,0.44801822323462415,0.014734455958549223,0.12052004547926244,0.37772803581421377,0.7099056062102386,0.5701054483693992,0.19456801685787872,0.27733294511573736,0.11177010088657903
a,3,quota,33,0.34448704778070427,0.4880543421860044,0.42953218491059825,0.3573761417104899,0.08654861029670459,0.4401590825009249,0.28550829127613553,0.6857256106624386,0.5895492620662146,0.23983642049554968,0.13642894955758905,0.27925106146029094
a,3,quota,48,0.4115474512491055,0.5706317860910578,0.5172955808139431,0.5280836727510434,0.19129878438899553,0.6322346437853223,0.32815326426574576,0.6897518149586358,0.6666344188746327,0.29484029484029484,0.14778966961377385,0.22514049776350498
a,3,quota,63,0.4297279948888162,0.5751436886335007,0.5245094051617711,0.729322996559015,0.24612202688728024,0.5954848114731492,0.3962311288768336,0.6125583064226767,0.6013043753561704,0.28452789312150206,0.1756922657209112,0.22630814958180687
a,3,quota,78,0.47216634383419387,0.6398634916570304,0.5423233075983699,0.8153269471053728,0.2546201232032854,0.6358158790015166,0.4038448428659077,0.587440637239135,0.7163336534632593,0.30143908601559927,0.24135876042908225,0.2933171651845864
a,3,quota,93,0.5016526556426201,0.6828159446809092,0.5671260495532464,0.8539044347913931,0.23339540657976413,0.6834905660377358,0.5653459491425192,0.6602503853528328,0.7305507246376811,0.2627096321011502,0.24309144012581443,0.28213536201469047
a,3,quota,108,0.543660713792152,0.7259336304817907,0.5896289377500467,0.8819414924450284,0.2716138328530259,0.6970440170388538,0.5801846153846154,0.6756476683937824,0.8011719385817373,0.27559437166424067,0.3250734985300294,0.38467498923805427
a,3,quota,123,0.5570496282167134,0.7390243793408158,0.5798277069297539,0.8996264895950673,0.2456597222222222,0.6959635965281874,0.6129706183046628,0.6768751082626018,0.8116824752297265,0.30602024507192327,0.3204077110569466,0.4442406876790831
a,3,quota,138,0.5998921157759051,0.7483421574878463,0.6347342248076678,0.9014051567889926,0.2963636363636364,0.6751311844077961,0.6265642151481888,0.6795352194987796,0.8143064509243052,0.3260893069521029,0.6085474939656397,0.47108637793370434
a,3,quota,153,0.5766804891131948,0.7270286495609635,0.6123509221826504,0.8298749754532958,0.32819492789656884,0.5642872831100373,0.6505408397921812,0.6854296219733297,0.8107955731885571,0.3325085424767291,0.5314178302900108,0.45707480783804266
a,3,quota,168,0.5884468519398806,0.733844753331469,0.6120020982454499,0.8320339245091327,0.3357894736842105,0.5465743533109629,0.6514136434500485,0.6829560631485223,0.8245879823932849,0.3021134080147823,0.5639076576576577,0.5566451612903226
a,3,quota,183,0.6569128063819027,0.8259664835679851,0.6662950349548953,0.9107405689860274,0.29936305732484075,0.7370419426048566,0.6418710685185967,0.785084075173096,0.9350264388368824,0.4032390886631897,0.6243596099818212,0.5754894073478144
a,3,quota,198,0.6531726872970638,0.8274046255852454,0.6508030955125752,0.9136219892997076,0.2760768033212247,0.7470111309605607,0.6442411642411643,0.7769719126520824,0.9394299174605587,0.425525826298469,0.5867649415157827,0.5689104999240236
a,3,quota,213,0.6580408992615431,0.8299311768786078,0.6591245766858388,0.9402681212307455,0.2632696390658174,0.7922192749778957,0.6190166598943518,0.7683868265145319,0.9339191733861233,0.3656387665198238,0.6346764755057682,0.6049731562588302
a,3,quota,228,0.6721820418270448,0.8431291909721813,0.6678687805023138,0.9360440971042399,0.297029702970297,0.8151340089023582,0.6141914191419142,0.7930835497300194,0.9535917783023787,0.3812091967073517,0.655597398151318,0.6037572254335261
a,3,quota,243,0.6879043303226802,0.8515091852605231,0.6860740124370341,0.9413965087281796,0.3293577981651376,0.8373485108679652,0.6099606366592504,0.8139530282345027,0.9561417643769136,0.4033186589908568,0.681602616516762,0.6180594503645541
a,3,quota,258,0.6914593854789869,0.8585166569638564,0.6907918534389609,0.945873085673862,0.2962226640159046,0.845117678985543,0.6426986605308571,0.823372583870251,0.9583171753667464,0.41665256388559824,0.6978049183033503,0.5970751386787695
a,3,quota,273,0.7016723564308922,0.8532485320811929,0.7051345239225663,0.9355374396135265,0.44370860927152317,0.8405163853028799,0.624264035160461,0.821234927571417,0.9544101847362065,0.4263157894736842,0.6733191558972681,0.5957446808510638
a,3,quota,288,0.729277541793532,0.8673488646511679,0.7236246099582112,0.9552141348185136,0.5462598425196851,0.8523456790123457,0.6399607586657946,0.826482445655477,0.9653635052357492,0.4474053295932679,0.7049071618037135,0.6255590188372409
a,3,quota,303,0.7309537831117762,0.8670310084570225,0.7340059728315701,0.9555679565878346,0.5465230166503428,0.8520197044334975,0.6298854447439353,0.8230433784714253,0.9665298950379004,0.4792709536644847,0.7053219448094612,0.6204217536071032
a,3,quota,318,0.7170877350560247,0.8606579938704715,0.7274450304307344,0.9509824676199458,0.5526057030481809,0.8600756347920043,0.674134043103767,0.7792843778152503,0.966889654072413,0.34914446610353045,0.7042440318302388,0.6164292371188923
a,3,quota,333,0.7341811404886149,0.871493590447635,0.7368171232706796,0.9471113485461344,0.5643756050338818,0.8661679135494597,0.6749038784575758,0.8268804819704084,0.9687256475978556,0.44010105039223507,0.6932012299282542,0.6261631089217297
a,3,quota,348,0.740916682544297,0.8719391240516666,0.751970177771989,0.9492177531751173,0.5882936507936508,0.8688316754437293,0.6818234187180767,0.8163265306122449,0.9680663816947448,0.47201677889391763,0.7046263345195729,0.6190476190476191
a,3,quota,363,0.7436914634096807,0.8749002543820671,0.748512594721003,0.9559429850394628,0.5774144098109351,0.8604616677376303,0.669223166633722,0.8304027226318775,0.9686984256494892,0.5141560148130451,0.6763886613141078,0.6405351170568562
a,3,quota,378,0.7485567083249388,0.8755597106536703,0.747713573146966,0.9536801782433647,0.5897574123989219,0.868117423689207,0.668765441938312,0.8311082307193778,0.9680704754116641,0.5213014119091467,0.6963713080168776,0.6398384925975774
a,3,quota,393,0.7491898824318831,0.8758577867914991,0.7547319010171244,0.9549296332218286,0.574083129584352,0.8635537879903766,0.6707179652285898,0.8319169027384324,0.9667409867611549,0.5511692230324365,0.6874172185430464,0.6421800947867299
a,3,quota,408,0.7435653645287931,0.8738707326214801,0.7543042063967654,0.9550499664257218,0.5679360601786554,0.8605479181089902,0.6702758648142988,0.8275607478664958,0.9666805690717828,0.5308868501529052,0.6800065606035756,0.6331437435367114
a,3,quota,423,0.7437366119114035,0.8737583361826915,0.7579809796409164,0.954138635867516,0.5722145804676754,0.8675650328249174,0.6755427611850786,0.8261002712398285,0.9659212913257562,0.5134695773339526,0.7051772931579824,0.6135000637999234
a,3,quota,438,0.7524631366634073,0.8793604001399133,0.7586930474151852,0.9587294089862431,0.5768500948766604,0.868762278978389,0.6793730104363944,0.8338315305047204,0.9698052759747775,0.5370508054522924,0.704647676161919,0.6431181485992692
a,3,quota,453,0.7437925083595963,0.8727963378030553,0.7470857349038451,0.9513379563940126,0.5615856536101935,0.8691099476439791,0.6696836203444133,0.8280986736942152,0.9642618049760187,0.52747791952895,0.7132773109243697,0.6092996881202155
a,3,quota,468,0.7421994930108889,0.8694079733821392,0.7493146376274382,0.946679514976311,0.5766423357664233,0.8670882972986224,0.6622511271595579,0.8259116333521225,0.9614088428147551,0.5176208730060591,0.7074607329842932,0.6147320797398558
a,3,quota,483,0.7445921879115021,0.871249132541029,0.755277971951386,0.9532527621554785,0.5756623259991019,0.8687232386142468,0.6653137559189846,0.8149452096994235,0.9650331661246164,0.5305980528511822,0.7063545150501672,0.6214466647903181
a,3,quota,498,0.7457478428045535,0.8717294802795668,0.7588599569309755,0.9521866938628591,0.5623696287025448,0.8691625231549186,0.6584836954298106,0.8190672330201227,0.9651617882145417,0.5527245206861756,0.7106750914532757,0.6218994107167329
a,3,quota,513,0.7531689889634463,0.8748063139619354,0.7579194033605376,0.9439354187689203,0.5736170212765958,0.883434420015163,0.684102239455567,0.8245899858803084,0.9635634939516498,0.5566343042071198,0.7024777756761869,0.6461662414395059
a,3,quota,528,0.744832173546515,0.8714089623928977,0.7495313961293432,0.9409043880469844,0.5605536332179931,0.8759715483536672,0.6725818735719726,0.8236773041042719,0.9637525871384874,0.5629530201342282,0.6801742094300322,0.622920997920998
a,3,quota,543,0.7461353220222006,0.8748436432589559,0.7498929245606232,0.9524515599014166,0.5572938689217759,0.8768640818065616,0.6724635420728379,0.8279327900015295,0.9654205093415962,0.5491124260355029,0.6804744869139522,0.6332046332046332
a,3,quota,558,0.7473213136721706,0.8738004058097203,0.7517221536537009,0.9586557682031389,0.56731583403895,0.8760659465605458,0.6596310255901607,0.8199564270152505,0.965559746113513,0.5300113250283126,0.698790765848296,0.6499049846513668
a,3,quota,573,0.7513274595642113,0.8755532717578446,0.7498474098150713,0.9570756682740965,0.5543951261966927,0.8795806573479411,0.6560560883229913,0.8247228523734109,0.9658731908015575,0.5913665254237288,0.6875945537065052,0.6452824736309782
a,3,quota,588,0.7503758485388464,0.8744819464433875,0.7527499508076007,0.9555265138014336,0.5616950560864147,0.8763217522658611,0.6497913769123783,0.8251715062346292,0.9659175582069232,0.5882038250635282,0.6718336483931947,0.6589213998852553
a,3,quota,603,0.7538372490987091,0.8775233838994276,0.7582090670004269,0.9567370547918069,0.5688375927452597,0.8748097412480974,0.6645834147103629,0.8311314584695879,0.9668048648201433,0.5967309753483387,0.6724137931034483,0.6524863466513366
a,3,quota,618,0.7548781619581776,0.8752450916019832,0.7633984984171619,0.9554031891560789,0.5741507870753936,0.8730916030534351,0.6598177043102117,0.821223415917562,0.9657593083509601,0.5989534415671541,0.6851161965584531,0.660387811634349
a,3,quota,633,0.7588539865006856,0.8794155626954718,0.7628678636892176,0.9612821326562996,0.5798319327731093,0.8821571238348869,0.6589381852477699,0.8287055142745404,0.9687976906245978,0.5926123483131084,0.7008920444201712,0.6564689063616869
a,3,quota,648,0.754087828612792,0.8770184519567309,0.7606878338612882,0.9564712710388856,0.5699056990569906,0.8713253012048193,0.6618908919152956,0.8309460577299839,0.9667196957229324,0.588841882601798,0.6846127127474818,0.6560769454969396
a,3,quota,663,0.7596417757074511,0.8786295279948128,0.768096990310053,0.9527078565980168,0.5752319483662768,0.8737575030012005,0.6877842245570017,0.8276901568438988,0.9651389231739762,0.5967126890203813,0.6969432314410481,0.66080944836526
a,3,quota,678,0.7536835721355825,0.8744135294883681,0.7614659066525462,0.9482118349882942,0.5742092457420924,0.8681822523641226,0.6765597323361543,0.826549289636538,0.9627648894810813,0.5955660501115047,0.6858453935757148,0.6452634609847394
a,3,quota,693,0.7584557624594881,0.875978070841025,0.7634597836060409,0.9498013432023072,0.5902192242833052,0.8676617864466594,0.679732914375491,0.8272656182118342,0.9631544335245332,0.6102146952927057,0.6854838709677419,0.6525679758308157
a,3,quota,708,0.7542519005774249,0.8742327329391623,0.7597663236544288,0.9470338125126544,0.5726072607260726,0.8637603483753649,0.6767866416330444,0.8293742072790593,0.9616450342715473,0.6130912047702941,0.6777969018932875,0.6461716937354989
a,3,quota,723,0.7583756951757857,0.8773040447172794,0.764790991312164,0.949008841697283,0.5871101871101871,0.8619054461847967,0.6889779244245424,0.8376306014727285,0.9619948158154138,0.6143353837924579,0.6790777113578138,0.6453403447268478
a,3,quota,738,0.7521788272621135,0.8729082706818109,0.7572476074734075,0.9476514952382878,0.5767326732673267,0.8600922886637172,0.6740808168757668,0.8288741090578219,0.9603987461729115,0.6109187749667111,0.6667826692187228,0.644077871897756
a,3,quota,753,0.7506721111692657,0.8747763626585715,0.756752790847756,0.9571916448256691,0.5735598839618732,0.8554501228264535,0.6678620152017151,0.8227324213644681,0.9660579686194581,0.6142372881355932,0.6532883642495784,0.6456692913385826
a,3,quota,768,0.758556574128698,0.8791297586367435,0.764936366400641,0.9605110565110565,0.5795783381562629,0.8599808061420345,0.6764410834169303,0.8254045022863172,0.9682460699213062,0.6509221175534032,0.6570644718792867,0.6488607212916855
a,3,quota,783,0.7622635138007182,0.8795068323562544,0.767802122168225,0.9608183900782052,0.5933135844265763,0.8588086677679526,0.6697833878759545,0.825737965238955,0.9688974748171657,0.6583037905644942,0.6643449419568822,0.6603634214802777
a,3,quota,798,0.773610719072273,0.884952178421631,0.7796201945350485,0.960792438682689,0.6044934294192454,0.8538573508005822,0.6876933585117924,0.8391839183918391,0.9686282815075368,0.7295767053114047,0.6553430079155673,0.6629279811097993
a,3,quota,813,0.7686334343942612,0.8833606435041983,0.770114277717375,0.9642194958381001,0.6043533930857875,0.8507282140610636,0.6797066014669927,0.8349403945563878,0.9694548266529192,0.7145691609977324,0.6398001665278934,0.6599286563614745
a,3,quota,828,0.7776218664475962,0.8857942132626001,0.7853373466916859,0.9658080917564984,0.6002490660024906,0.8561733481991372,0.6683467741935484,0.8338398977089316,0.9712429998800638,0.7714324287835831,0.6522101751459549,0.6792940163581576
a,3,quota,843,0.7786601773417919,0.8866605685864412,0.7844395301079379,0.9644884124231436,0.6138782460621541,0.8484701546816661,0.6807179318294089,0.839309821127236,0.9704864156273367,0.768617752129706,0.6370688232381582,0.6849040389573188
a,3,quota,858,0.7803340190449605,0.8879964248168132,0.7810107566150273,0.9655254023351215,0.6394927536231884,0.846295756869599,0.6935188575613328,0.8435074958239063,0.9700814117516895,0.7603692986082403,0.6322198453184137,0.6719953495131522
a,3,quota,873,0.7804031241498599,0.8881680532656995,0.7797133948439803,0.9649538242955245,0.6383561643835617,0.8441849148418491,0.6971585849591192,0.8443117576065553,0.9698209153216891,0.7661402050429482,0.6261896947817526,0.6725120561157387
a,3,quota,888,0.7782267856795718,0.8861837591833698,0.7787897004516867,0.9631448658282998,0.6440055121727147,0.8448844884488449,0.6858429214607303,0.8413907974182803,0.9701795501097968,0.7471698113207547,0.6221708243846027,0.6852522999721216
a,3,quota,903,0.7811373374565146,0.8873830681315016,0.7788197807836812,0.9635045173561578,0.6496756255792401,0.8484906934130582,0.6926474837963918,0.8432974610803469,0.9692737172813459,0.7530375812376378,0.6317887394120578,0.6785202179523946
a,3,quota,918,0.7762260029690811,0.8843813111394503,0.7747064670585514,0.96304520222046,0.6416510318949343,0.839081011079668,0.6804465005729807,0.8395759425789951,0.9689135914173076,0.751085586216557,0.6164087202529539,0.6858264404878732
a,3,prototype,18,0.3138536531029425,0.4831728246062181,0.3788347924716637,0.44801822323462415,0.014734455958549223,0.12052004547926244,0.37772803581421377,0.7099056062102386,0.5701054483693992,0.19456801685787872,0.27733294511573736,0.11177010088657903
a,3,prototype,33,0.3896432434927192,0.528527813240986,0.5034300449510298,0.7735024238227147,0.06403940886699508,0.3470488519032208,0.35233242485286564,0.6222877606909627,0.5129628376091518,0.218106252258764,0.4,0.2165092314297982
a,3,prototype,48,0.46963522490582377,0.6807493719710183,0.5593621855202172,0.8785837618351896,0.11141120864280891,0.36523410682411095,0.3094786301617421,0.7335714132968373,0.8000170542966168,0.2669965182334616,0.4849110136703637,0.2765133171912833
a,3,prototype,63,0.49927438629460164,0.7273976969174986,0.5461046667110767,0.8383581997152232,0.17210682492581603,0.4409734012450481,0.4497904137051212,0.6994726813488722,0.9020926826963956,0.22936602870813397,0.43476114059992593,0.3265481037068781
a,3,prototype,78,0.4942023216752172,0.7131392894269243,0.5579243973995291,0.8030920472209385,0.16441755855436638,0.5513167338375752,0.4149763722282806,0.6156783200095454,0.9048070024393744,0.2028088550345156,0.44099064948193073,0.34973335627042834
a,3,prototype,93,0.5219346943766635,0.7414417307178285,0.5518046160875245,0.8114078881677483,0.099644128113879,0.570172353148083,0.5460781389800179,0.7082294264339152,0.8932195262299799,0.34080717488789236,0.43390357698289267,0.29395003644556356
a,3,prototype,108,0.5639297490506044,0.7787053951091855,0.6143985151132134,0.8995028680688336,0.25621084467487576,0.5313707451701932,0.5058917264226108,0.7256566505568397,0.9436151477194602,0.27218934911242604,0.41422943774620985,0.5267009719839909
a,3,prototype,123,0.5674290945195692,0.7841007167543037,0.5929527609641634,0.9031420208951174,0.320149486141389,0.5476205249115841,0.5299381204647643,0.7699546813229197,0.9351969270919483,0.17794806300553426,0.4264054117098204,0.49650661513304595
a,3,prototype,138,0.5882736171585653,0.8050736773955391,0.5949095562539886,0.9354461668167622,0.4233441408059287,0.6606922818416041,0.5582298792331729,0.7681832370844389,0.9498808894821241,0.12302977232924693,0.39558232931726905,0.480073857516541
a,3,prototype,153,0.5945676583159769,0.8100921741380379,0.602760064372921,0.947688469634365,0.40962671905697445,0.6613934702120499,0.5217147135904155,0.7734021230792072,0.9585220102442283,0.14197671764437342,0.3911100074497144,0.5456746939324634
a,3,prototype,168,0.5756263406820129,0.7977004135759227,0.5902806739397909,0.9213570981863665,0.4423963133640553,0.6862465753424658,0.5434773114381797,0.7688145597638957,0.9450725759263104,0.06066633515663849,0.39903602232369356,0.4135702746365105
a,3,prototype,183,0.5942791070197546,0.8155307560525571,0.5929340304158409,0.9465720669515111,0.4289245982694685,0.7049636869983072,0.5421707873049272,0.7733923103096291,0.9659026156645774,0.048216976393771975,0.41435519915866964,0.5240137221269296
a,3,prototype,198,0.607791161227931,0.814885482822309,0.6199118524642422,0.9371865874534286,0.4981060606060606,0.7013949433304272,0.5455596052982488,0.7729100288271886,0.9631611142051109,0.06629020378099681,0.43084455324357407,0.5546673543063435
a,3,prototype,213,0.6321680186105237,0.8262714878483436,0.6337067416835619,0.9427242098507942,0.4915254237288136,0.7017658245042108,0.5751847396459873,0.7731062830299471,0.9684332304980168,0.23335297583971715,0.4154068621006967,0.58801261829653
a,3,prototype,228,0.6280195326594716,0.8248318655103357,0.6293963971978874,0.9050695097731787,0.5641661500309981,0.6877808219178082,0.6360162908846622,0.8082518159806296,0.9645292816265335,0.19146963375057952,0.4105222236620448,0.4843700663088096
a,3,prototype,243,0.6339037759301388,0.825541378638942,0.6378576950924537,0.9028101324267036,0.5559246954595792,0.6811986093482699,0.651214390427513,0.8133563015783992,0.9586489755458754,0.23378954453668388,0.39888282340992764,0.5093085106382979
a,3,prototype,258,0.6480462981478942,0.8350489981166187,0.647590102740057,0.9266674756299802,0.5685393258426966,0.683086845324141,0.6315446889874293,0.8107300157442653,0.969833184418264,0.32481827622014536,0.39056486654252015,0.526632004621606
a,3,prototype,273,0.6632256633855994,0.8402137394773761,0.6607309045997916,0.941122391877848,0.593029490616622,0.6879636806555198,0.6246665298584034,0.807736882068497,0.9704993550764694,0.37898089171974525,0.3903105590062112,0.5747211895910781
a,3,prototype,288,0.6658320280317709,0.8353060147445018,0.6665030133620369,0.9232175131490771,0.5811789038262668,0.6850791886635177,0.6274198931909212,0.8010676588344724,0.9645732541380165,0.5201320132013202,0.390413510492984,0.4994063167893612
a,3,prototype,303,0.660013230587378,0.8383656007588499,0.6542789394452471,0.9308523506168858,0.565410199556541,0.6881089459698848,0.6294279116378372,0.8151150780503966,0.9668451362440433,0.4458146487294469,0.3908131595282433,0.5077316449531231
a,3,prototype,318,0.6604290948759324,0.8390358172707204,0.6538729792611048,0.9419120290839359,0.5825562260010971,0.6910977427010321,0.6144116861138327,0.8056376973002035,0.9707392480538839,0.38334985133795835,0.3939620758483034,0.5601952974431453
a,3,prototype,333,0.6733058602260684,0.8449886016754038,0.6729219678188373,0.9344219438132202,0.575192096597146,0.7126324897252866,0.62592256894989,0.8150565794359645,0.9728225582042482,0.4444023489297215,0.4104701132960021,0.568832043083137
a,3,prototype,348,0.6896095605087135,0.8528337821268329,0.6828925132026689,0.9511463636004893,0.5952380952380952,0.7189436809485313,0.6342877217635693,0.8197060085000195,0.9730590773961121,0.4808603718556325,0.4253942579862515,0.6078504672897196
a,3,prototype,363,0.6999703373062307,0.859689287541083,0.6991385337950052,0.9537868810567491,0.606253312135665,0.7032943098284781,0.6668864076469861,0.8343047795152149,0.974131353172166,0.47480691430673044,0.4123926060921635,0.6738764720019226
a,3,prototype,378,0.7134738060834718,0.866036285840596,0.7094785338885569,0.9553851516207738,0.60671834625323,0.7002405949256343,0.6888975762314308,0.8468404882504359,0.9730670438893646,0.5308291991495393,0.4175359830978476,0.7017498713329903
a,3,prototype,393,0.715935612324238,0.8663134964290686,0.7122538347100075,0.9546442204169522,0.6230529595015576,0.6996511939898041,0.6880722939741692,0.85062760646712,0.9722062131662608,0.54510556621881,0.41530197825232545,0.6947584789311408
a,3,prototype,408,0.7350426677233908,0.8752484638639747,0.7320844854695094,0.9583292860611947,0.6268969126111983,0.7265770314077695,0.6989676857967805,0.8528245167216401,0.9758260220272541,0.6361739688653507,0.4224976675996268,0.7172909184197024
a,3,prototype,423,0.7486316069748012,0.8812984963042352,0.7508461077868672,0.9604691487910846,0.6339969372128637,0.7364563416188655,0.7216590935570314,0.8568017566674484,0.9754273404642227,0.707628376372811,0.43357984113941384,0.7116656269494698
a,3,prototype,438,0.7485671682391879,0.8786684861279243,0.753804997431413,0.961138734522765,0.6200514138817481,0.7342215616540156,0.706074878262952,0.8469504205587726,0.9742933950640331,0.7345485616633438,0.43902439024390244,0.7208011583011583
a,3,prototype,453,0.757298732720742,0.8813826145086043,0.76241712051044,0.9656536663886895,0.6342229199372057,0.7231957390146472,0.7208743508255174,0.8493244839658912,0.9722027301391267,0.7780612244897959,0.4423289183222958,0.7298245614035088
a,3,prototype,468,0.7696011979053091,0.8882363336093398,0.7702884201079252,0.9639368457848639,0.6419098143236074,0.7913974151857835,0.7295924214064708,0.8505035192203574,0.9735389336976252,0.7682232346241458,0.4872044055717525,0.7201041913331755
a,3,prototype,483,0.7937002658990375,0.8983052876577567,0.7907565299846538,0.9625942919356093,0.6257731958762887,0.8824188129899216,0.7238220401221445,0.8507173322993409,0.9762173340853544,0.7713068181818182,0.6298832057994361,0.7205693618014234
a,3,prototype,498,0.7662532421686992,0.8937975518514427,0.7644105510248662,0.96684350132626,0.6129193790686029,0.8627346321501645,0.7255606096879739,0.8512591648071406,0.977553352944483,0.7827181208053692,0.3853258081067214,0.7313646106215765
a,3,prototype,513,0.7823459865334157,0.8994631050335148,0.7775857014030971,0.9646821000252688,0.6321664129883308,0.8712648842956638,0.7404303328229511,0.8610481256224968,0.9778377517265937,0.8031863754978712,0.4623237724842003,0.728174123337364
a,3,prototype,528,0.7864717957692258,0.9024897242315114,0.7793096252099949,0.9676602869881817,0.6088709677419355,0.8749041367798981,0.7441954208319896,0.8657315475938991,0.9784748998614906,0.8006733062140553,0.5015362798392815,0.7361993160723009
a,3,prototype,543,0.7853852170021073,0.9013980225618505,0.7759549728141015,0.9695054141059409,0.6407563025210085,0.8710053859964093,0.7426264886899528,0.8628446871098131,0.9784245326250619,0.8056885384398761,0.46486749331388283,0.7327481102170202
a,3,prototype,558,0.7930263324650086,0.9024007339890099,0.7820142849160363,0.9690185966557274,0.6488508818813469,0.8740200054068668,0.736264179887772,0.8633502452579945,0.9779726621664578,0.8338671494220861,0.5007072135785007,0.7331860579283259
a,3,prototype,573,0.7927335619784314,0.9051122851253165,0.7832133557988226,0.9684874361033314,0.6479028697571744,0.8706051614063484,0.7575551918240249,0.8732735026414614,0.9775716836663145,0.8478884788847888,0.46112860256720756,0.7301891309552311
a,3,prototype,588,0.8031542048638087,0.9064431287901044,0.7898934776435849,0.9690503690073018,0.6511891279728199,0.8816701078228951,0.7466849935316947,0.8688341515834721,0.9781618635209796,0.8456503954185983,0.5562182460790811,0.730928588837436
a,3,prototype,603,0.813777954921604,0.9106119988912493,0.80231934951456,0.9680089441578565,0.6771300448430493,0.8868882733148661,0.7706651062999805,0.872899723181906,0.9781372283496923,0.8367038107029853,0.6046412603789653,0.7289272030651341
a,3,prototype,618,0.814352408462225,0.9101389475640129,0.8038041334515469,0.9677991137370753,0.6666666666666666,0.8859338333410022,0.7633376772104411,0.8727723406983204,0.9778408878591981,0.8528027960747412,0.6183574879227053,0.7236608726498759
a,3,prototype,633,0.822211760248227,0.9133775386213087,0.8139928592443284,0.9688289806234204,0.6904500548847421,0.8909428704133767,0.7726707108414994,0.8749137038315499,0.9794201760780575,0.8447087444249223,0.6449498053677525,0.7330207957687223
a,3,prototype,648,0.8190566885254953,0.91410524740982,0.8113225891128679,0.9687469306775099,0.6681391496410822,0.8863016863016863,0.7826557427732261,0.8802890023362464,0.9786203737461555,0.8505091649694501,0.6261875258157786,0.7300606204683229
a,3,prototype,663,0.8056700206080233,0.9105166780942064,0.7984284332507289,0.9683945864189043,0.6696132596685083,0.8736703933372562,0.7793767793767794,0.8802141808446325,0.978458950516331,0.8547894247376112,0.5149456521739131,0.7315669583982736
a,3,prototype,678,0.8074012320479645,0.9096360815779706,0.8027821157140488,0.9671788810086682,0.6878771256171147,0.8738260514495713,0.774928101485246,0.8785569761935511,0.9781537742463192,0.8547098126555744,0.5282258064516129,0.723154559324023
a,3,prototype,693,0.8050372344832812,0.9105875738307277,0.7995179410053922,0.9682417949776808,0.6743674367436744,0.873383377046215,0.7814022370318406,0.8801871263969505,0.9789774638412378,0.8479539809125376,0.510222626079055,0.7305990673203396
a,3,prototype,708,0.8096310499592346,0.911501043216106,0.8037379232126054,0.9692728094835552,0.683585313174946,0.8771115057141556,0.7749453171604693,0.8816845348911857,0.9791009095493342,0.8583498349834984,0.5330062444246209,0.7296229802513465
a,3,prototype,723,0.8087895367323656,0.9111418816558176,0.7966653116655086,0.969711255156158,0.6612244897959184,0.8778416872089838,0.7702316724849254,0.8782486237357573,0.9795781220832556,0.8641087130295764,0.5459340659340659,0.7322272011626498
a,3,prototype,738,0.806072169580395,0.9098872078114255,0.7940511429175285,0.9713883677298312,0.6666666666666666,0.8749199963426899,0.7642825905458593,0.8758058318746531,0.9795746905397584,0.8630245447347585,0.520292747837658,0.7386940899516788
a,3,prototype,753,0.8082712264262412,0.9112202803276648,0.7963821540707047,0.9707350494274248,0.68053148469093,0.8734992010956403,0.7738590841253633,0.8783118808689859,0.980021089368532,0.866824894514768,0.5143620574482298,0.7362962962962963
a,3,prototype,768,0.8112604445993424,0.9110007532705345,0.7991373682870766,0.9695463263788312,0.6655052264808362,0.8800919540229885,0.7675650229492762,0.8749167615406096,0.9796722536066109,0.8661271062757065,0.5675037561708521,0.7304155939683707
a,3,prototype,783,0.807521351836267,0.9105346910463983,0.7932510333695588,0.9720297464524817,0.6662742789876398,0.8776459854014599,0.7661969613477131,0.8762548965044844,0.9793691134698759,0.8629862317871942,0.5321754620351815,0.7347594905403735
a,3,prototype,798,0.8107438127955825,0.9121926571508865,0.7951482386065525,0.9730457169605242,0.6690140845070423,0.8786185415903262,0.7678748660129422,0.8778187869349092,0.9804722470904208,0.8615710690157636,0.536660777385159,0.7516182256631552
a,3,prototype,813,0.8147960576499715,0.9144391847637149,0.7995903194970843,0.9736292479163007,0.6619718309859155,0.8793087515017096,0.7744441361816813,0.8817397248568744,0.9808222752348292,0.86828881248347,0.5620360551431601,0.750923684545802
a,3,prototype,828,0.81046543074535,0.914915798860841,0.7943268263488361,0.9730521382542472,0.657599053814311,0.8751254218735748,0.7891687268232386,0.8845629744987347,0.9807108112641407,0.8724850099933378,0.5120576966418752,0.7494270435446906
a,3,prototype,843,0.8148560254927133,0.9153772351615374,0.7998645027000723,0.973328904433459,0.6647597254004577,0.8779614325068871,0.7837342586455612,0.8830497523153134,0.9810990484348522,0.8715351812366737,0.5423951048951049,0.7558408215661104
a,3,prototype,858,0.8152698662477339,0.9153760106359388,0.7992248005193,0.9737685691946834,0.6890951276102089,0.8744731537474802,0.7871219512195122,0.8842508830877919,0.9809891592611548,0.8714342576621998,0.5238409140848165,0.7524547803617571
a,3,prototype,873,0.8130958272782371,0.9178105899181439,0.7928586564760609,0.9754706663541911,0.6411657559198543,0.8770745942002554,0.7983929596326765,0.8892120054688687,0.9812520924004018,0.8732394366197183,0.5231522707034728,0.7589026642046953
a,3,prototype,888,0.8176218708476839,0.9178215461665745,0.7984226536612055,0.9747214661941219,0.6706658668266346,0.8777194982896237,0.7950272190262925,0.8879813302217037,0.981394181148707,0.8803750837240455,0.5322079075966237,0.7585042846014022
a,3,prototype,903,0.822498568014691,0.9189884452405899,0.8026146983260852,0.9744352078239609,0.6578153289076645,0.8832133522857536,0.7949897552866587,0.8879723601813863,0.9807772786876099,0.8838079957213532,0.5772481040086674,0.7622277292291639
a,3,prototype,918,0.8216049929887145,0.9189494896792223,0.8008242192801234,0.9748109354542435,0.65565749235474,0.882605517997442,0.7957635278259195,0.888215823291435,0.9806676094075618,0.8842302042996395,0.5684901531728666,0.7640036730945822
a,4,random,18,0.3188918370901872,0.4391347875546158,0.4477951269116221,0.7496547821165818,0.07431200625054259,0.1629587861390199,0.2083313983188594,0.40647860445771045,0.4594212358572672,0.22543197988551864,0.4297137732605934,0.15372396752559125
a,4,random,33,0.46100652755635746,0.6727170526489293,0.5194710840418459,0.7258379295714892,0.14928324270884824,0.17873531928132536,0.4320605435156519,0.7240446175169956,0.8562568571091788,0.45510079413561394,0.5166044945864798,0.11113494958163485
a,4,random,48,0.4719984589011642,0.6689395499158887,0.5466688615309627,0.7243846855059253,0.13930348258706468,0.4028468004172035,0.24065058641292322,0.7486076203880567,0.840432913696618,0.440284139945562,0.5907392026578073,0.12073669849931787
a,4,random,63,0.5091290518216587,0.7288990876749617,0.5754247304202463,0.8585246351713797,0.13674033149171272,0.46352137162040646,0.2048606994665086,0.7835508782850584,0.9068068732773599,0.5568681555574717,0.5639681419497933,0.10732037957523724
a,4,random,78,0.5770808454924484,0.771841206493344,0.6052232851949882,0.8671036823135131,0.15254237288135594,0.7129758588672238,0.33545377438507207,0.796678565885457,0.9135698248765155,0.6215581643543223,0.672979797979798,0.12086556788877677
a,4,random,93,0.6050297108811374,0.7988262487445185,0.6267478191637037,0.9244567623226899,0.17530487804878048,0.7166325635779012,0.4643489072736837,0.8130728412928123,0.9121808409393722,0.633751425313569,0.6751374465485644,0.13038173261286387
a,4,random,108,0.6012998294567132,0.8030025193200488,0.6098079850388161,0.9246055168614489,0.15757575757575756,0.7309494158809228,0.4790899042004422,0.8078500637817683,0.9218701084963462,0.6568736141906873,0.6589223924864063,0.07396169163663949
a,4,random,123,0.6033695395367672,0.8026953612200838,0.6190499270895948,0.9412912733500617,0.2096890817064353,0.7017052090633029,0.45392035617116006,0.7984266687436716,0.9273694706468891,0.7057277982133473,0.6476100106748903,0.044585987261146494
a,4,random,138,0.6094007948226958,0.8086714209537117,0.6217081087544708,0.9429448586579482,0.20689655172413793,0.7182973033207043,0.4949006463969356,0.8050615998270882,0.9260889199791027,0.6953504510756419,0.6584451698706323,0.036621652552071414
a,4,random,153,0.63807920820702,0.8240344289695903,0.6389932222831437,0.9428401663695781,0.21052631578947367,0.7803014444211849,0.5251353812239421,0.8232164833856048,0.9293459003614202,0.7272977057288089,0.7291202672605791,0.07492920932258768
a,4,random,168,0.6533971106217947,0.8279956143702709,0.655229622019974,0.9388650603838475,0.25116279069767444,0.780727734292363,0.5197202253740043,0.8257193887676126,0.933845550484883,0.7517194875252866,0.7264254385964912,0.15238831947398956
a,4,random,183,0.6588523021937158,0.8321733538609576,0.6627426356043833,0.9447283223466084,0.25059952038369304,0.7843940292073072,0.5322331596216947,0.8269927354960075,0.9356872185814274,0.7588975113727588,0.736498435586995,0.15963978714695046
a,4,random,198,0.6544730618907326,0.8318911918124561,0.6610149387825482,0.9517999961269583,0.25585585585585585,0.7926645091693635,0.5208464481138928,0.8281002028968039,0.9358663481082623,0.7428043306047003,0.7320632346980138,0.13025663144274316
a,4,random,213,0.674326709734515,0.8421594410067695,0.6782109613391027,0.9508654274804722,0.25241614553723707,0.829624224735498,0.5438782390906464,0.8331925845498049,0.940721464465183,0.7410246582343171,0.8068935041979673,0.17032413931950877
a,4,random,228,0.6781870854433687,0.8452008486671198,0.6801063342861838,0.9498793785583325,0.2624113475177305,0.8288042049934297,0.5652544782485073,0.8356421269130724,0.942439970546506,0.7357739242132306,0.8137788900338584,0.1696994479656512
a,4,random,243,0.6928007923264311,0.8501198688260312,0.6896420164023286,0.9568491167101072,0.25287356321839083,0.8385149091679466,0.5442045124431103,0.8323930700596167,0.9464924420799109,0.7408740359897172,0.8114801864801865,0.3115252947888931
a,4,random,258,0.7024009416530681,0.8553976619219279,0.6938503413954593,0.9562436176566925,0.25249169435215946,0.8525984251968504,0.5604619243693502,0.8332329680035329,0.9494149382459875,0.7449628844114529,0.8221486608486308,0.35005336179295626
a,4,random,273,0.7123161363735018,0.8616197621153064,0.6996127974708108,0.9580392610590459,0.23245924875974486,0.8591497614928972,0.5906644394951744,0.8381981107267836,0.9491017964071856,0.7589593841252986,0.8277777777777777,0.3964954475176087
a,4,random,288,0.7241118348643256,0.8671161643697137,0.7092764099405264,0.9601460534493474,0.21105527638190955,0.8649577993122851,0.5988450780474601,0.8374221896741121,0.9520303213959421,0.743904119024659,0.8369172814314865,0.5117283950617284
a,4,random,303,0.7212266215345775,0.8658245427096427,0.7059029766697102,0.9612988631054353,0.24267211997273347,0.8709860316478532,0.6035113056821771,0.8384500684273954,0.9495397142805672,0.7562148056585634,0.831772784019975,0.43659390101649725
a,4,random,318,0.7208549280397606,0.866148874241742,0.7087116740950714,0.9632126573399322,0.25,0.8819925680425831,0.5896152063050533,0.8360852170027824,0.9526986710062382,0.7298108284409655,0.8413530252501191,0.4429261789701716
a,4,random,333,0.7216525579416995,0.8655176609042393,0.7116677475930782,0.9628342089330704,0.25218476903870163,0.8802007528230866,0.5831876388035723,0.837193336698637,0.9517685469065126,0.7384655945162141,0.8377179080824089,0.4513202656730925
a,4,random,348,0.737605952032315,0.8706780774958893,0.732372515372305,0.9609699904328641,0.24561403508771928,0.8828746642339466,0.5698041089345437,0.8355395106297633,0.9584508263293819,0.7394936048029235,0.8390087929656275,0.6066980348740659
a,4,random,363,0.749207984621974,0.8818977218411379,0.7417980369990401,0.9614807013437872,0.24313725490196078,0.8848276211208425,0.6437225163779952,0.8506932320016433,0.9601630027593516,0.7479484173505275,0.8377298161470823,0.6131692995945757
a,4,random,378,0.7542638587123587,0.8861485102949496,0.741787583241844,0.9632680146771802,0.23924142961342085,0.8861363520990914,0.6702893862940441,0.8513876825081689,0.9615844912799992,0.7622034360512681,0.8393085787451985,0.6149553571428571
a,4,random,393,0.7602250779810601,0.8853377517159925,0.7491799452492907,0.9633879781420766,0.33007175472928896,0.8837960625946492,0.6655090080312568,0.8529034394271761,0.9610876785273155,0.7396329027872196,0.8380348652931854,0.6076020122973729
a,4,random,408,0.7578876517838623,0.8835380780215104,0.7457497748487635,0.9609274366680979,0.3450834879406308,0.883998805137907,0.6621816434406536,0.854350032099737,0.9596935650488632,0.7333333333333333,0.8323265306122449,0.5890940317732932
a,4,random,423,0.7592601757145249,0.8826348215350331,0.7475775037927823,0.9609253499222395,0.3587282543491302,0.8819807701888108,0.6583786583786584,0.8491062479117942,0.96,0.7393517278328422,0.8327633935841068,0.5921071792631426
a,4,random,438,0.7533729207061128,0.8827417311928437,0.7433805845128929,0.9597415990504543,0.29879211697393515,0.876187706030638,0.6667811158798284,0.8539193646658403,0.958799094001889,0.7330207635632954,0.8358741485566007,0.5972403776325345
a,4,random,453,0.759389202843976,0.8872983024270441,0.7489618507310918,0.9619030933053009,0.2948207171314741,0.8774526510540922,0.6903634153497925,0.8599044078597982,0.9587672337929012,0.7597020776166209,0.8298322748737991,0.6017569546120058
a,4,random,468,0.7572233952106323,0.8882746242599556,0.743193975257044,0.9680488415538393,0.28771929824561404,0.87890625,0.6968997361477572,0.8569959508965872,0.959437791480745,0.7525853154084798,0.8324658425504229,0.5819515306122449
a,4,random,483,0.7660705149687186,0.8910984355953322,0.7500242104889935,0.9661603537781196,0.31170662905500707,0.8840223902582736,0.7115283454052523,0.8587005710591531,0.9592068611640522,0.770372333377501,0.8404631714377614,0.5924739791833467
a,4,random,498,0.7704413656611551,0.8930956248286387,0.7548983710781662,0.9661832031700842,0.3280055594162613,0.8811963716597205,0.7230140935297886,0.8611629016173091,0.959722617158477,0.7701698513800425,0.8386473429951691,0.6058703500235442
a,4,random,513,0.7644218062362489,0.8933706416657486,0.7491789859645748,0.9657346017103873,0.26443768996960487,0.8826728065448489,0.726332537788385,0.8622938741901233,0.9599044907705023,0.7691489361702127,0.838221076377699,0.6110502426044765
a,4,random,528,0.7643117050677722,0.8925729457062231,0.7493069045414117,0.9664150362039747,0.2727272727272727,0.8818874560375146,0.7210803059273423,0.8598807588075881,0.9600227654515913,0.7660702451954937,0.8388763319341298,0.6118451733250427
a,4,random,543,0.7665207210642618,0.8932277659656968,0.7511513197426485,0.9669580621558131,0.2894930198383541,0.8865009408735268,0.7212529738302934,0.8598496371300682,0.9603958581508293,0.76657824933687,0.838813151563753,0.6088445966988477
a,4,random,558,0.7657201287882169,0.893598727869858,0.7494714068532231,0.9674852992044275,0.2754399387911247,0.8850046906631116,0.7256966434452184,0.860230954918122,0.9600667234916184,0.7690880169671261,0.837620578778135,0.6108483128350678
a,4,random,573,0.7713692151110263,0.8945154084721223,0.7541572236984831,0.967318253389147,0.3132704858593183,0.8901405642508224,0.7238541956513098,0.8584883140556846,0.961272830527415,0.7700292786797978,0.8374859347371805,0.6204630788485607
a,4,random,588,0.7763814462158092,0.8964674758935315,0.7595227300307629,0.967559455091203,0.3238231098430813,0.8909364046069104,0.7261666533258625,0.8620510601471224,0.9618433820971493,0.7713527851458886,0.8386578905121207,0.6450422751729439
a,4,random,603,0.7776744907716435,0.8975404915238672,0.763888680571383,0.9682619065938294,0.30194319880418535,0.889242394114138,0.7277747101049145,0.8595645889000832,0.9631382476221922,0.7938970120788302,0.8383252818035427,0.6569230769230769
a,4,random,618,0.7792407977881245,0.8994477275934372,0.7665201493712971,0.9683343278985158,0.30074074074074075,0.891426861503167,0.7391949980461118,0.8645371778762427,0.9627931711074028,0.7907680665909951,0.8383773341918866,0.6569945021380574
a,4,random,633,0.7793908302846613,0.9002663853140723,0.7679967689342176,0.9682377641235048,0.29056047197640117,0.8889998003593531,0.7398456381071178,0.8648827076273051,0.9644576763332966,0.7850944359367024,0.8380032206119162,0.6744357574863549
a,4,random,648,0.7798345255503659,0.9012908133112727,0.7676367487800607,0.9675148577693151,0.29118773946360155,0.8900748129675811,0.7533581240039463,0.8660226233238884,0.9640490132092989,0.7779056386651323,0.8390526824552924,0.669345238095238
a,4,random,663,0.7816847521867033,0.9022244454435459,0.7684899095913136,0.9698733640446406,0.2980332829046899,0.8936821322803554,0.7522174426129659,0.8664496566485329,0.9643936818311296,0.775676018788879,0.8436781609195402,0.6711590296495957
a,4,random,678,0.7824489015290929,0.9018988250031111,0.7688092053031715,0.9685716489279654,0.3070110701107011,0.8930420632181074,0.751508209240168,0.8661532983174575,0.9643572360322622,0.7826419910657307,0.8420879301827762,0.6666666666666666
a,4,random,693,0.7819899470244664,0.9027079686985643,0.7690060122662997,0.9693168660748746,0.2914798206278027,0.8926653859415792,0.7569079569079569,0.8686651912458364,0.9637491385251551,0.7861093247588424,0.8435396486619603,0.6654761904761904
a,4,random,708,0.7794164987711486,0.9026126492051869,0.7678265816469693,0.968374336710082,0.2670807453416149,0.8924063116370808,0.7587475596936477,0.8674293405114402,0.9643786731906518,0.7847036328871893,0.8429017930580688,0.668726095910562
a,4,random,723,0.7845448352368801,0.905308799616674,0.7720032772459411,0.9707988342693918,0.28424908424908424,0.8937181327657047,0.7632477029814363,0.8735735063772656,0.9649066352845992,0.7920740451049407,0.8457403485909757,0.6725952275085223
a,4,random,738,0.7824142087373351,0.90478995832715,0.7687208590275787,0.9699656860855149,0.2896854425749817,0.8955400800118536,0.761872784928185,0.8726368604963713,0.9658261965430646,0.7883632551434936,0.8363636363636363,0.6614739364889155
a,4,random,753,0.7838753784002355,0.9054343008829504,0.7681235655751144,0.9701794629604642,0.28793774319066145,0.8946611807861994,0.7633925226642692,0.8732363021320159,0.9660176763264142,0.7879830598200106,0.8378334151530028,0.6736370425690814
a,4,random,768,0.7856118891241808,0.9060013520034182,0.770209083536494,0.9695097225172341,0.3004694835680751,0.8951333135097631,0.7657039438956338,0.875413401993208,0.9660416915706522,0.7893135828594101,0.8365714285714285,0.6723504336322211
a,4,random,783,0.785301194958992,0.9073988334356389,0.77025210348569,0.9702201622247972,0.27709861450692747,0.8926752839796318,0.7698308517421145,0.877120525801581,0.967335803424948,0.7906852248394004,0.8377049180327869,0.6850393700787402
a,4,random,798,0.7869952842845407,0.9079762740620673,0.7713116429224771,0.9693692301749778,0.2936951316839585,0.8964974419519874,0.7715026490812761,0.8783592644978784,0.967796672691726,0.7907039226222461,0.8382449246889325,0.6767883211678832
a,4,random,813,0.7915273761209893,0.9085172496366342,0.7753069089984659,0.9703613479496549,0.3236151603498542,0.8933019515543787,0.7709652046893142,0.8787912355717039,0.967785940106735,0.8040816326530612,0.8373770491803278,0.6774668630338734
a,4,random,828,0.7884930638312881,0.9081424735883454,0.7724684682917335,0.9700079385056247,0.2893553223388306,0.8924973099872836,0.7683811098170342,0.8769020420764786,0.9683707720113607,0.8086350974930362,0.837948549893495,0.6843394323584497
a,4,random,843,0.7926589456495453,0.9092580588542991,0.7781673776116198,0.9702445441882062,0.3118355776045358,0.8928133431444689,0.7707560735639143,0.8785446527012127,0.9686237618283438,0.8165150074697813,0.8377581120943953,0.6868394382510496
a,4,random,858,0.7923906383247471,0.9088972433780843,0.7765735930524387,0.971247119871435,0.3146704464918498,0.8920398982984549,0.7680199780544099,0.8791286325351678,0.9679785479308153,0.8148760330578513,0.8375843343755143,0.6859707543072245
a,4,random,873,0.7954733556813739,0.9094692844793962,0.7805332043703892,0.97045841722162,0.3342857142857143,0.8932457602195863,0.7678771995507301,0.878440062042987,0.9689960402802263,0.8118811881188119,0.8361842105263158,0.6978916088863732
a,4,random,888,0.7926731518270187,0.9096776904272912,0.7750413683588451,0.9709558039952724,0.3223924142961342,0.8921631014733956,0.772768532526475,0.8808424570197423,0.9688585139404434,0.8059991667823914,0.8355848434925864,0.6844935329167272
a,4,random,903,0.7955966662071443,0.9108432399929303,0.7766001434303168,0.970092336282158,0.34331628926223523,0.8917228574220659,0.7783365860981835,0.8825599296239278,0.9699110799542486,0.8068500842223469,0.8348745046235139,0.6827063283756197
a,4,random,918,0.7995122138584532,0.9117945185779354,0.7810441288868792,0.9714672598897379,0.3544857768052516,0.8922624877571009,0.7793713532843968,0.8814878322231748,0.9700046146746655,0.8143912982847581,0.8361358391031981,0.6960034627037945
a,4,uncertainty,18,0.3188918370901872,0.4391347875546158,0.4477951269116221,0.7496547821165818,0.07431200625054259,0.1629587861390199,0.2083313983188594,0.40647860445771045,0.4594212358572672,0.22543197988551864,0.4297137732605934,0.15372396752559125
a,4,uncertainty,33,0.4127599950628826,0.584132125910658,0.5459316249374455,0.8656325841511027,0.11937059142702117,0.24684554024655547,0.3281693034723649,0.4404651903775689,0.6989094248651131,0.2792083818393481,0.5127989928661352,0.2234399463207336
a,4,uncertainty,48,0.534372781186715,0.715676086881896,0.6128164195134073,0.8687269989963199,0.2508084800574919,0.32759807295251203,0.4791158536585366,0.7067304359880779,0.8446228158859512,0.48438420742486743,0.5182023004861852,0.32916586523049307
a,4,uncertainty,63,0.5359574059082483,0.7021827177557983,0.5908110638152243,0.7918587302647694,0.384240814519699,0.32297201975076417,0.5366196283762212,0.6579756172523307,0.854823939928477,0.41054441260744984,0.5363636363636364,0.32821785411088616
a,4,uncertainty,78,0.5217052171557679,0.7104234322924333,0.5517596463758437,0.8717531567173836,0.3546961325966851,0.3165851994998295,0.5085902127395646,0.6246359254581539,0.8666482224374049,0.42673585371880407,0.3961227786752827,0.32957947255880254
a,4,uncertainty,93,0.5229486844541696,0.7270433252321707,0.598218842600856,0.901538694762374,0.29809358752166376,0.3276650210276102,0.5284776492653954,0.6333196440793977,0.8870571135601151,0.34625,0.4217643271088216,0.36237212276214836
a,4,uncertainty,108,0.5797084521114119,0.7601242309338815,0.6462518914127116,0.9115138592750534,0.51822573561704,0.36228412958527667,0.5767731878409976,0.7139205321023503,0.9042156023955822,0.39433609404221215,0.4653087898921686,0.3707981382520255
a,4,uncertainty,123,0.5738943093545846,0.7611101084324695,0.641045049849562,0.890018817311927,0.4904330312185297,0.3565858499929108,0.5786955604024485,0.7111088876103759,0.9184064373923171,0.48127978216473793,0.3754723881506766,0.36304802994733837
a,4,uncertainty,138,0.6230296203562956,0.7889892389194315,0.6853471270774197,0.9162499234553285,0.4916142557651992,0.520439331903555,0.6128992928554011,0.6536620065114498,0.944658654883529,0.5225207809781558,0.48904609767229573,0.45617623918174666
a,4,uncertainty,153,0.6206879488130533,0.7955370050666343,0.6630778085404987,0.9184814947042723,0.4793577981651376,0.5261506276150628,0.620497240994482,0.6695499835760429,0.9526628313509314,0.4924069855732726,0.3887947588388117,0.5382898184994662
a,4,uncertainty,168,0.6176339572504198,0.7908600105115945,0.6749955464863839,0.9149543720920945,0.47811816192560175,0.5229630608603714,0.6317795979151154,0.637293155991,0.9535007617463152,0.4884091975598311,0.40036862584476757,0.5313186813186813
a,4,uncertainty,183,0.6677987128016302,0.8274233197641685,0.7131378663474234,0.913737752762143,0.42555685814771393,0.583496796129201,0.6742115390887446,0.7785495152779482,0.9516569772773121,0.6122697889986584,0.5448158185285557,0.5258933690043952
a,4,uncertainty,198,0.7141068933180381,0.8544302057045664,0.7254262484038172,0.9421719602181585,0.45957988542329725,0.7910866515592965,0.6647230320699709,0.7723100956844366,0.9620379805465493,0.5981599433828734,0.613952195664258,0.6229402953135031
a,4,uncertainty,213,0.7140117023296485,0.846487324483067,0.7309328745549314,0.949088448371945,0.5348066298342542,0.8072933039924552,0.6389744853938124,0.728571791807572,0.9607098062897756,0.571056741280583,0.6189785258270458,0.6166255881693928
a,4,uncertainty,228,0.7400301590927462,0.8629595282205665,0.7535356368592433,0.9487220447284345,0.5487735310895607,0.8187905419543837,0.6732218107521389,0.774766014343017,0.9641570722536089,0.65,0.641726618705036,0.6401137980085349
a,4,uncertainty,243,0.7506931604445138,0.8731549069882968,0.7406774552137309,0.9362595190981592,0.5621500559910414,0.8428701180744778,0.6955949552184244,0.8351546664316559,0.9613534552397738,0.660614934114202,0.6417221937467965,0.6205185460860936
a,4,uncertainty,258,0.7773862314312662,0.8837920221144356,0.7611706971923549,0.950711187329769,0.6164604626143088,0.8824516383734702,0.7057783018867925,0.8406692630708644,0.9622110241386538,0.6523443625529246,0.7720074919121404,0.6138423510024719
a,4,uncertainty,273,0.7866395743895989,0.8873389388537698,0.787330394207585,0.9561109477604626,0.6534239414532148,0.8836749814769079,0.7064346067740305,0.8351536590758346,0.9669421487603306,0.6722972972972973,0.7657813038978958,0.6399372830104155
a,4,uncertainty,288,0.7956234968531224,0.8935745928721365,0.790617426497588,0.9605923841900631,0.6620689655172414,0.882942143818209,0.711051153972363,0.8397790055248618,0.9737028214099606,0.6818321549339071,0.7545981772990886,0.6940446650124069
a,4,uncertainty,303,0.7968989844487271,0.8942389906720628,0.8002676474224608,0.9612574107265959,0.656479909451047,0.8609291854277528,0.7258844489692033,0.8413839285714285,0.9728674604723795,0.7388340058438848,0.7317363487576254,0.6827181618186262
a,4,uncertainty,318,0.794081753058757,0.8931791354912043,0.7951015641800073,0.9614593225704336,0.6339754816112084,0.8603145235892692,0.7272013420423314,0.8385646191204245,0.971367580862221,0.7492885600455321,0.7323132858657779,0.672251061821614
a,4,uncertainty,333,0.7885452767375356,0.8923169295194684,0.7887541210148901,0.9584181332056347,0.633177570093458,0.8454076367389061,0.7351651563870213,0.8491151816206147,0.9699739626613484,0.7501419647927314,0.7007783222830787,0.6547295628550259
a,4,uncertainty,348,0.7918596009832604,0.8939634944996008,0.7924609644745705,0.959258667518773,0.6354285714285715,0.8484056455828541,0.7350805866124582,0.8462464873544762,0.9728073887365922,0.7467003650659927,0.7087336870787323,0.6740750094708928
a,4,uncertainty,363,0.7952793656845712,0.8949180765396271,0.795401168309067,0.9617555855927487,0.6337078651685393,0.8564320514149476,0.7325334698953837,0.8441341155999732,0.972221711216174,0.758970145165708,0.7136462093862815,0.6841131377213852
a,4,uncertainty,378,0.7794864011804772,0.8889166373577096,0.7736840755133888,0.9624317756264691,0.6472491909385113,0.8472978634268957,0.7077405623389716,0.8465364656230486,0.97222986481777,0.6417284746855852,0.702603800140746,0.6875596130262979
a,4,uncertainty,393,0.7978263027284813,0.8959102816349425,0.7963226166802252,0.9631518145241604,0.6369899311075782,0.8517568204430015,0.7218469757679832,0.8543273905996759,0.9719257710785931,0.7736530405893399,0.7192509575826358,0.6875340228633642
a,4,uncertainty,408,0.7940330853738209,0.895206837985306,0.7964363407768531,0.9647713717693837,0.6498422712933754,0.8589209484133107,0.7159992479789434,0.8537687454978062,0.973102564338998,0.7189952904238619,0.7194244604316546,0.6914728682170542
a,4,uncertainty,423,0.8050217295209776,0.9013618585786958,0.8061364872860883,0.9678351576572118,0.6505771248688352,0.8759005580923389,0.7425361040083552,0.8559160090825296,0.9733319804071693,0.7333894028595458,0.7482868889904066,0.6974223397224059
a,4,uncertainty,438,0.8098615584700392,0.9048708698819029,0.8137214546501614,0.9680804892483724,0.6509887760555852,0.8681268188083934,0.7579813860358189,0.8678550840317503,0.9728589274973396,0.7702150830383883,0.7365766834767131,0.6960707780379911
a,4,uncertainty,453,0.8079945023913043,0.9029147117968712,0.8113566091117184,0.9700697977049568,0.6537842190016103,0.8586295723853684,0.759634293600138,0.8546413842361127,0.9736265159434233,0.7525568181818182,0.727751756440281,0.7212561640280301
a,4,uncertainty,468,0.8026158790637155,0.898147599343082,0.8040841377386172,0.9706606766369136,0.6526655896607432,0.874647815173403,0.7387916719887597,0.8281783635576507,0.9760143673106654,0.700137762130721,0.7436727486756916,0.738773916438891
a,4,uncertainty,483,0.7986121637388782,0.8930441569974188,0.8009850940977601,0.9710510747387103,0.6666666666666666,0.8645367083397644,0.7308265078183172,0.8098349381017882,0.9745706890313482,0.7155041120925982,0.721335481036755,0.733183295823956
a,4,uncertainty,498,0.8124761015080213,0.9051618162998061,0.8117364999616785,0.9717270930755836,0.6586894586894587,0.8758190008190008,0.7609739937054829,0.8501965555971546,0.9757949691504508,0.7348611321900137,0.749035894393355,0.735186815951692
a,4,uncertainty,513,0.8160256738275755,0.9058308625937118,0.8243778797469715,0.9717860983478346,0.6644370122630993,0.8619259873535814,0.7678652867917909,0.8563784784945008,0.9730723639384351,0.8201657458563536,0.7198622273249139,0.7087378640776699
a,4,uncertainty,528,0.8257045536063126,0.9126403866949954,0.8299366690620275,0.9712332780001953,0.6662883087400681,0.867404167738616,0.7781277468502783,0.8743477585096698,0.9764595015721657,0.8144947735191638,0.737024721700159,0.7459607258264976
a,4,uncertainty,543,0.8317185771152925,0.9168438380781944,0.834333435083216,0.9718131278650152,0.664071190211346,0.8737288568654504,0.7900066523763767,0.8828693363996196,0.9772947580344493,0.826044703595724,0.7444822989186787,0.755156269770973
a,4,uncertainty,558,0.8304508815349819,0.91660676588151,0.831953325514858,0.9718370376157182,0.6513761467889908,0.8766005203285211,0.7927947285489185,0.8818844643858665,0.9763801563462005,0.815815673446167,0.753850710900474,0.7535184954539793
a,4,uncertainty,573,0.8247840754442968,0.9132371460009192,0.8317043835388369,0.9720663838770842,0.6570936243538197,0.8629577974068908,0.794786896794646,0.8802681341576647,0.9729623531172816,0.8182208852599914,0.7412963487121427,0.723404255319149
a,4,uncertainty,588,0.8196315983272041,0.9123021786896008,0.8270546787670059,0.9709418445271196,0.6409036860879905,0.8542655883120271,0.7982857557928379,0.8869352869352869,0.9712005844174089,0.8235630540463255,0.7259156876295785,0.7046728971962617
a,4,uncertainty,603,0.82982977709724,0.9170515669052592,0.8294964352442066,0.9715826916311613,0.6228123114061557,0.8951422099169394,0.7980078263963003,0.884682664274501,0.9727229312782673,0.8182476466328747,0.7918593894542091,0.7134103228847514
a,4,uncertainty,618,0.8341321406885532,0.9183248354712974,0.8325933381595401,0.9711741270213264,0.6116504854368932,0.9046979865771813,0.7951524914875701,0.8844287897919851,0.9725447599071092,0.8449482227819759,0.808985184005098,0.7136072191878413
a,4,uncertainty,633,0.8348928767435544,0.9175844278738594,0.8307575503148354,0.971600570724938,0.623875224955009,0.9069145053768674,0.7938304482911673,0.8841562789058715,0.9706968634582576,0.8390627192367055,0.8153251554360612,0.7085741243071116
a,4,uncertainty,648,0.8367086831774,0.9197703143345733,0.8274340458871864,0.9720388956144804,0.613664596273292,0.9079700572435051,0.7927591881513988,0.8827882655322166,0.9750660455737796,0.8423996643826038,0.8047217537942665,0.7389696820310574
a,4,uncertainty,663,0.8422471340446502,0.9220572836534849,0.8334149841569819,0.971629680320657,0.6383763837638377,0.9124292394782181,0.8020311933260791,0.8841697120955522,0.9763193946115206,0.8408710217755444,0.8127184950890628,0.741679085941381
a,4,uncertainty,678,0.8406731394627422,0.9216351017396133,0.8320508265563521,0.9722520972252098,0.6337245213094502,0.9087962280831,0.8030653026803065,0.8858587202341359,0.9752004475107217,0.8465154867256637,0.8048289738430584,0.735816477553034
a,4,uncertainty,693,0.8434842220011931,0.9219066840288026,0.8365511078077836,0.9728379644083671,0.6496660595021251,0.9121441938343346,0.801181617619564,0.8873569255684678,0.9742875568973092,0.8436231275374493,0.8166445623342176,0.7336159903089037
a,4,uncertainty,708,0.8434266547068542,0.9226749981428096,0.8340684399878366,0.9730013820489362,0.6398514851485149,0.9117675925017176,0.801695107646903,0.8907314313072621,0.9743939592172401,0.8539140022050716,0.8100201748486886,0.7354647574373534
a,4,uncertainty,723,0.8484872631805085,0.9227471569834654,0.8420789122271386,0.9727026869272526,0.6827503015681544,0.9143477402802447,0.7998202987533226,0.8871289735208301,0.9751472650771389,0.8486345546864279,0.8151218703365942,0.7407316774746115
a,4,uncertainty,738,0.8503640371258816,0.9231814416991803,0.8426583607121193,0.9717549365509445,0.6994011976047905,0.9128786013297218,0.8011155256723717,0.8908516257522622,0.9749336423791544,0.8531371460299834,0.8124895642010352,0.7367140946126718
a,4,uncertainty,753,0.846505110265106,0.9210738815810126,0.8418364096871838,0.9720187061574435,0.7023529411764706,0.9112147239263804,0.7983457149421767,0.8899538131274801,0.9727765655581881,0.8525711159737418,0.8032454361054767,0.7160669754185963
a,4,uncertainty,768,0.8524273912585908,0.9254350352091125,0.8462086752852837,0.9721761849981477,0.6872451951077461,0.9121475054229935,0.8096805565945986,0.8922332233223322,0.9766093320281546,0.8600654664484452,0.8082832331329325,0.753405824271966
a,4,uncertainty,783,0.8533456558317162,0.9248087425564617,0.8437519294189736,0.9722536585365854,0.6983173076923077,0.911854703385648,0.8067673894573529,0.8881026094648385,0.9769455669565541,0.8685400959561344,0.8061002178649237,0.7512293531711007
a,4,uncertainty,798,0.8538978432778672,0.9262038953161752,0.845383423923628,0.9722552594123496,0.6904337492572786,0.9135546334716459,0.8142356036246712,0.8908215145838908,0.9773095322301435,0.8592834763656177,0.8104575163398693,0.7567293042153377
a,4,uncertainty,813,0.8481421811887997,0.9226026843551102,0.8387584576095859,0.9720260621903164,0.6723095525997581,0.9132357276211064,0.8001862397478601,0.8783283689863706,0.9777074510168939,0.8606836442870761,0.8010843781768892,0.757718206072926
a,4,uncertainty,828,0.851944757777743,0.9231178060158733,0.8458785754257963,0.9711776758708167,0.685282140779523,0.9153983000593002,0.8010727695333453,0.878254972875226,0.9775030948369742,0.8645619789531228,0.8181666943936117,0.7560851926977687
a,4,uncertainty,843,0.8495820247942558,0.9215722721330339,0.843509106772511,0.9714709730331375,0.6859504132231405,0.9156840495337708,0.7914195768357859,0.8763549758497118,0.9773676360924684,0.8598003009164273,0.8163536646169187,0.7518366330469431
a,4,uncertainty,858,0.8445647138625245,0.9207927979585693,0.8379524604077299,0.9708745455256265,0.6605279312461633,0.9146509341199607,0.7982007916516732,0.878434189261986,0.9752339328738724,0.8711673312250791,0.8031628532974427,0.7288299155609168
a,4,uncertainty,873,0.8460269672166176,0.922771461711604,0.8348969186737265,0.9710006061909697,0.6501240694789082,0.9132675600058902,0.7975504847998833,0.8810280810191876,0.978308227977731,0.8658738938053098,0.7987804878048781,0.7583092938668005
a,4,uncertainty,888,0.8485192528494225,0.9225638335718074,0.8401416435426701,0.9719326383319968,0.6646266829865362,0.9163543105148945,0.7986445514535402,0.8763528138528138,0.9777872982462676,0.8646107039137049,0.8127808287568647,0.753583447588184
a,4,uncertainty,903,0.8489124191817244,0.9232521550118474,0.8426808851493052,0.9724695247226407,0.663036902601331,0.9160614594140606,0.8022943440063893,0.8814407650712786,0.9765803379215865,0.8670868731159221,0.8158677685950413,0.7453737971872687
a,4,uncertainty,918,0.8506332121629989,0.9239832516848304,0.8429999058673584,0.973328904433459,0.6707021791767555,0.9151273336288853,0.7995110024449877,0.8829533404029692,0.9775097631674604,0.8685932388222465,0.8109011870924595,0.7570719602977668
a,4,margin,18,0.3188918370901872,0.4391347875546158,0.4477951269116221,0.7496547821165818,0.07431200625054259,0.1629587861390199,0.2083313983188594,0.40647860445771045,0.4594212358572672,0.22543197988551864,0.4297137732605934,0.15372396752559125
a,4,margin,33,0.4345243004433348,0.6024868146879071,0.5218758771230604,0.7827630141973062,0.08996539792387544,0.3006841915736406,0.4819816963625219,0.1000660501981506,0.8559719870709558,0.45554140127388537,0.5702819303702217,0.27346303501945524
a,4,margin,48,0.46800364325844956,0.6714408440822812,0.523481990287614,0.9411510763132591,0.11983471074380166,0.2654801169954571,0.4794866310160428,0.24061810154525387,0.9090605984829541,0.28610215509927034,0.5932007157141354,0.3770986834158715
a,4,margin,63,0.5155093499573732,0.7431620380116981,0.522824597193544,0.9320535488759788,0.08390541571319603,0.4926479989771129,0.5184588605128472,0.6199225096862893,0.8994655363066716,0.2826496048174633,0.590402075226978,0.22007859949982136
a,4,margin,78,0.5379011195225586,0.7751201530799037,0.5505984088367923,0.9455024507429722,0.1081441922563418,0.478252464720665,0.5597381342062193,0.7313370083154256,0.9197710098465766,0.2559490350384111,0.5648730491497788,0.2775427314266373
a,4,margin,93,0.5934453729839818,0.8148141251283167,0.5924714783960596,0.9515831927558994,0.07483629560336763,0.7278695947475662,0.6198097020745593,0.7726693951796271,0.9274097580325268,0.36580368783758616,0.6220754197632811,0.2789513108614232
a,4,margin,108,0.6007954783865632,0.8239014613325939,0.59791220073428,0.9527989922053381,0.037549407114624504,0.8044692737430168,0.6360143682648758,0.7682664592579036,0.9333773752832907,0.40150375939849625,0.642226148409894,0.23095352180162912
a,4,margin,123,0.6081419369557917,0.83343948199646,0.6050323898026886,0.9466559226430298,0.06876790830945559,0.7792433371329317,0.6448968530876326,0.8069317929349034,0.9459362047215715,0.40414696253182975,0.6187128177393185,0.2579856335014519
a,4,margin,138,0.6101651415391327,0.8381687317345102,0.6068771453087721,0.9467510294265341,0.02753195673549656,0.7900833603983978,0.6488208186500407,0.819868315686449,0.948093823101726,0.44213126323218066,0.6126731011330256,0.25553260548834467
a,4,margin,153,0.6363204468554016,0.8456445202425189,0.6343147992313045,0.9583053392878315,0.026,0.7916756991112075,0.6523387260542882,0.8051282051282052,0.9499204512583165,0.6279744631456762,0.612758813654169,0.3027823240589198
a,4,margin,168,0.6430867207432588,0.8499972228454841,0.63577406096714,0.9579666489476897,0.041791044776119404,0.7903780068728522,0.6752638544812841,0.8106340953980975,0.9517759427816664,0.6738503566550311,0.6130386121992165,0.27308192457737324
a,4,margin,183,0.6424609251968724,0.8487925043167456,0.6356158033815776,0.9592810122590564,0.03386454183266932,0.7981626587408809,0.6742878917786034,0.7940953104233909,0.9531163024546156,0.6829419035846724,0.6147368421052631,0.27166186359269934
a,4,margin,198,0.6437234166364425,0.8475133426412914,0.6395133695684195,0.9553368060369586,0.028169014084507043,0.8063551989932358,0.6714267660811323,0.7834867691714464,0.9536996271171212,0.6975493126120741,0.6246074793034542,0.2728797763280522
a,4,margin,213,0.6640977620330263,0.8608812858032512,0.6552816495531755,0.9590982034521899,0.10978956999085086,0.813515201999167,0.7041170966448336,0.8262054313689267,0.956312349501204,0.7106491941557463,0.6259301659988552,0.2712626451854627
a,4,margin,228,0.6903164255656816,0.8669553733907079,0.6804653290979592,0.9577839508587973,0.16814874696847212,0.8156927695253868,0.7055275693087968,0.8333674560385814,0.9559391011833289,0.7207890743550834,0.6366782006920415,0.4189209611606468
a,4,margin,243,0.693220051947078,0.8718934028286988,0.6850341034560338,0.9609652235628106,0.14995787700084245,0.8159266866803603,0.7210761081683859,0.8452506566688368,0.9580229826446431,0.7235968617984309,0.661536347395905,0.4026477236034873
a,4,margin,258,0.7241424057801393,0.8745453406127142,0.7093480104183727,0.9607704123833156,0.40625,0.8084971799061725,0.7158741925235624,0.8403211019431587,0.9625175130551866,0.7053979871912168,0.6575305656321376,0.4601226993865031
a,4,margin,273,0.7302922584472851,0.8793309692104206,0.7211239246244496,0.962322616298577,0.39078855547801816,0.7902204758786291,0.7381278226358287,0.8483577598978871,0.9647146668609257,0.7296357866102463,0.6520228344502358,0.49643980791521775
a,4,margin,288,0.7458619642911923,0.8852179030143322,0.7362154350628833,0.9661276997521538,0.4228956228956229,0.8035877329609539,0.7430835439579206,0.8512808835249914,0.966830635631647,0.7231121281464531,0.6662389323752085,0.5696004993757803
a,4,margin,303,0.7568143816453482,0.8914580000309031,0.7485200051223041,0.9656013853904282,0.4171864171864172,0.8138049487413451,0.7579860746649872,0.860543221007551,0.9687852576156449,0.7625310536314482,0.675243664717349,0.5896474118529632
a,4,margin,318,0.7569737817332904,0.8919803246705632,0.7501364970986728,0.9666817368741769,0.41545893719806765,0.8094726667382666,0.7655050632455224,0.8664583194804619,0.9663938867917596,0.7825836216839677,0.6743708269131998,0.5658389766741911
a,4,margin,333,0.7717551653357654,0.8966438459352055,0.7637463049889992,0.9670649268982864,0.48532289628180036,0.8183581124757595,0.7714521156533266,0.8699179743223966,0.9695481245933488,0.7816258513258948,0.6905311778290993,0.5919753086419753
a,4,margin,348,0.777262218894358,0.898661526573479,0.767234110729841,0.9681145753521542,0.49936305732484076,0.8274095421069484,0.7748346763993784,0.8708304552240469,0.9693949396951381,0.8065333708814418,0.6878980891719745,0.5909812638932994
a,4,margin,363,0.7877223750877003,0.901866328869566,0.7818631138585161,0.968062930186824,0.5349276274386406,0.8261797992739697,0.7849081174938504,0.8735544598834604,0.9701214760485904,0.8234013605442176,0.684189565909996,0.6241560390097525
a,4,margin,378,0.7898829381500655,0.9036979412858982,0.7820820583807669,0.9678913487203643,0.536741214057508,0.826170622193714,0.794126115750072,0.878314010964321,0.9702355323066776,0.8346499591391991,0.683972310969116,0.6168453292496171
a,4,margin,393,0.7920002409600846,0.9030883025854781,0.7885552254446875,0.9676282929502485,0.5853939045428407,0.8194534108026684,0.7924501271444433,0.8771114769626305,0.9713950202748574,0.8298640022203719,0.6704841228526809,0.61422181089002
a,4,margin,408,0.7979586039611961,0.9054850917718393,0.7971878049271178,0.9677950487092538,0.5818610129564193,0.8192175408426483,0.7947058395753036,0.8789868667917449,0.9724687773630121,0.8356807511737089,0.6682267290691628,0.6626848691695109
a,4,margin,423,0.7956446701992201,0.9063732929133319,0.7976606679221693,0.9674635705740454,0.5497005988023952,0.8175519630484989,0.8013137474284476,0.882012905538627,0.972549527385731,0.8411886662059433,0.66640625,0.6626148028092923
a,4,margin,438,0.798417418285151,0.9077291769489275,0.7989747658836226,0.9671203368256144,0.5528647371529829,0.8192991913746631,0.8021804619136422,0.8818210445814026,0.974450331370341,0.8441001521648914,0.6708382218745926,0.6730822873082287
a,4,margin,453,0.8020624633692635,0.9087104871789674,0.8031264380306666,0.9687065776855784,0.5653958944281525,0.8186976492839773,0.8003290885677493,0.8808112676056338,0.9754570637119113,0.8373311276537083,0.6689197972182503,0.7029137041684093
a,4,margin,468,0.8033250116272161,0.9105855642566647,0.802588184995047,0.9693299472553233,0.5602446483180428,0.818426724137931,0.8071129557408137,0.885398120393951,0.9761726581483227,0.842495876855415,0.6696092431520186,0.7011349306431274
a,4,margin,483,0.8030935755489034,0.9097016464086373,0.8070031553691162,0.9691337537338202,0.5598141695702671,0.8200935836067337,0.8062794127976399,0.8812884628583194,0.9754278841705986,0.8488529014844804,0.6704012506513809,0.6965507610668901
a,4,margin,498,0.8108277056867674,0.9122867056657072,0.8146984199545765,0.9711861756196731,0.5984162895927602,0.8184066229437695,0.8069502185268095,0.8858828869723104,0.9768951866513744,0.8560834935457292,0.6687524442706296,0.7148760330578512
a,4,margin,513,0.8160082132733247,0.9135045406732768,0.8220348683187153,0.9715883537670362,0.6314655172413793,0.8196703651836691,0.8105617579301789,0.8875971642845746,0.9768971410096531,0.8629441624365483,0.6704781704781705,0.7128712871287128
a,4,margin,528,0.8151219129171916,0.9140649426208363,0.8226008502753293,0.9708999882661243,0.6106290672451193,0.821539783098894,0.8111075691566606,0.8886508659981769,0.9773707894298254,0.8684822772683728,0.6677970523020739,0.7196198234894773
a,4,margin,543,0.8163046758326549,0.9138057593001359,0.826571041512089,0.9718919554188784,0.6224110462028678,0.8214860083628176,0.8072429058712534,0.8875734317675392,0.9772312368525915,0.8691437802907916,0.6658811207122284,0.7238805970149254
a,4,margin,558,0.8176705788009756,0.9159500057682867,0.8285037734863431,0.9720889237097248,0.6112572330352446,0.820416285698919,0.818254662004662,0.8941482911932456,0.9769648449806342,0.8689057421451788,0.6653630556641899,0.7316361707769823
a,4,margin,573,0.8216510598479249,0.9167161911568688,0.8360697065884468,0.9719369757780042,0.6225439503619442,0.8205156156319834,0.8180266550459382,0.8935902052574721,0.9774854072083758,0.8694942903752039,0.6761529665862025,0.7451134723861996
a,4,margin,588,0.8242317029551848,0.9178413992248782,0.8376153210465404,0.9737933192521318,0.6365038560411311,0.8269694210892733,0.8190947460340562,0.8937401839802558,0.9776803137021688,0.8671885729982145,0.6763058486387912,0.7468090648606408
a,4,margin,603,0.833180579174026,0.9212775811985552,0.8481785783688204,0.9735275689223057,0.638233818364275,0.8501007102724478,0.8206304142097983,0.8960794000089819,0.9778925466300067,0.8662734878617474,0.723404255319149,0.7524830109775222
a,4,margin,618,0.8340737597040947,0.9218129279239375,0.8497718789932622,0.9727792574024753,0.6367668802365697,0.8563270054465655,0.8208100968594071,0.898096154276382,0.9776131182855604,0.866193336974331,0.7343435698001878,0.7437344180553733
a,4,margin,633,0.8340957810935913,0.9217145685477834,0.8461666372902684,0.9732597290736825,0.6335212711430036,0.8581024349286314,0.8185467535815564,0.8967364614491719,0.9776122867781565,0.8721560130010835,0.7321013004791239,0.744825779407912
a,4,margin,648,0.8315824076851519,0.9206360509973861,0.8444479743742282,0.9730301842414739,0.6362204724409449,0.8511265529585176,0.8208126278865828,0.8959379483500718,0.9771776906350474,0.8656756756756757,0.7216411906677394,0.7426193263103135
a,4,margin,663,0.8443474900043122,0.926112391679843,0.8520788913236536,0.9729019607843137,0.633693972179289,0.8885472713297463,0.8230188541628679,0.8976498026551848,0.9786097248761665,0.8668671405139421,0.7851420247632921,0.7526966587740068
a,4,margin,678,0.8425659731526962,0.9258296635963252,0.8503545263064375,0.9732244513368145,0.6348525469168901,0.879954641513324,0.826064723500621,0.8994125297098524,0.9784845476559383,0.8727910427627141,0.7661947661947662,0.7521145087833442
a,4,margin,693,0.8515803253874757,0.9288555761440823,0.8542080558272462,0.972639600887789,0.6161137440758294,0.9119839879909932,0.8239852264909295,0.8964493715005284,0.9783858998144712,0.8746732700509011,0.8336980306345733,0.7562937970412665
a,4,margin,708,0.8519893853858649,0.9290457733765344,0.8539965550687487,0.9736888644357549,0.6237360298030867,0.9140307784851371,0.8233082706766918,0.8962823275862069,0.9785602910602911,0.8648047797693483,0.8348724370010956,0.7586206896551724
a,4,margin,723,0.8521921988500487,0.9290792209033377,0.853810270348592,0.9740361611169942,0.6306306306306306,0.9134394075853097,0.8232686578010319,0.8969686114718131,0.9784977197365855,0.8643313872671671,0.8299984244524973,0.7585587895884087
a,4,margin,738,0.8534234261767599,0.9291911308069642,0.8534216141309988,0.9740211360116071,0.6385477843032568,0.9126310534198702,0.823836450630709,0.8959146150051572,0.9787443380114353,0.8690095846645367,0.8275206087507927,0.760585264793474
a,4,margin,753,0.8529507928524294,0.9290209933407718,0.8541615077485144,0.9734718322304475,0.6354550236717517,0.9123876123876123,0.8248238797298278,0.8967173020396257,0.9781957467330717,0.8741557546519642,0.8272134795739946,0.7541365046535677
a,4,margin,768,0.8562049347066994,0.9307256199878678,0.8537614247016099,0.9741245708680726,0.6406080347448425,0.9150581076362911,0.8286695404398334,0.8992659690769952,0.9787052574003171,0.8766592920353983,0.8331206126356094,0.7596330275229358
a,4,margin,783,0.8530652949535384,0.9291935672429247,0.8477878059478379,0.9734026891746,0.6317548746518106,0.9127329037414457,0.826703412263843,0.8964172010223757,0.9781235257661391,0.8767615363360044,0.8288317084864951,0.7528598031391327
a,4,margin,798,0.8550664073694929,0.9305107696546454,0.8515888899419815,0.9744143578062717,0.6434108527131783,0.9117895259369571,0.8309161139858611,0.8997987027510624,0.9786070481804868,0.8773909453694785,0.8279293739967897,0.7513407455853499
a,4,margin,813,0.8562272704641013,0.9307057508362285,0.8533399775354451,0.9745058048321306,0.6459833795013851,0.9131909798443425,0.8299952400131815,0.8989665003563792,0.9788832317836574,0.8773925104022191,0.8345640219952867,0.7525637654483303
a,4,margin,828,0.8563819132214046,0.9305156442978579,0.8534566140953742,0.9745812576001255,0.6419889502762431,0.9160922984716812,0.8290060703576392,0.8979555396839568,0.9783176738755768,0.8769315673289183,0.841640378548896,0.7509234828496042
a,4,margin,843,0.8551762007981768,0.9296472928899528,0.8515048645089807,0.9748743718592965,0.6474820143884892,0.9150698602794411,0.8253643569419585,0.8959378973432376,0.9784501927067892,0.8702672605790646,0.8360291785601015,0.7531106745252129
a,4,margin,858,0.8536214297970912,0.9288454600760123,0.8481435524891364,0.9741276161707303,0.6395939086294417,0.9141232794733692,0.8240720563666739,0.895034541349013,0.9778415933302455,0.8734830520295718,0.8325662593239168,0.7517505615008587
a,4,margin,873,0.8571345323463507,0.9309151736787152,0.851960326937558,0.9751625793308784,0.6500566251415628,0.9158953319657778,0.8293700153654789,0.8995506917567507,0.9783761729906161,0.8709903347807816,0.8361973829418257,0.758611656843484
a,4,margin,888,0.8567407299043446,0.9306537631297547,0.8498025187532163,0.9746887560043133,0.6453859547301218,0.9126836852399819,0.8273816064168773,0.8988669184625638,0.9788794340688339,0.8755412767146249,0.8329961089494163,0.7642428285523682
a,4,margin,903,0.855843773141769,0.929784730652349,0.8497764322457683,0.9752143780101022,0.6504347826086957,0.9107599699021821,0.8244096499872258,0.8953547955887268,0.9791601001205155,0.8803002919505074,0.8256594349929764,0.7613005551149881
a,4,margin,918,0.8575880992492009,0.9305737828006759,0.8551447584419268,0.9742264003133568,0.6587837837837838,0.9122137404580153,0.8271641350833211,0.8983746147193826,0.9792322332080026,0.8810084499238121,0.8280254777070064,0.759264058046126
a,4,class_balanced,18,0.3188918370901872,0.4391347875546158,0.4477951269116221,0.7496547821165818,0.07431200625054259,0.1629587861390199,0.2083313983188594,0.40647860445771045,0.4594212358572672,0.22543197988551864,0.4297137732605934,0.15372396752559125
a,4,class_balanced,33,0.43352402859637373,0.6100080379942878,0.545044166907124,0.7849558536865039,0.190521327014218,0.27295967034224883,0.29886416416839084,0.33149697340678774,0.8386140914901035,0.2518453810875737,0.5801719197707736,0.35228687640076367
a,4,class_balanced,48,0.464151929009734,0.6526939357362727,0.5681777201531526,0.8938086303939963,0.22257265149808517,0.406903015934278,0.42470794183844807,0.3047168093243489,0.8546097201767305,0.27193497403477085,0.5130205345875875,0.28509308329936134
a,4,class_balanced,63,0.5417472724896866,0.7446715170425574,0.5945554370594818,0.8910858819055897,0.1651376146788991,0.3972055888223553,0.52144557762695,0.7148296257273533,0.881904326296845,0.3928032751562163,0.4043906442347148,0.5069229179582558
a,4,class_balanced,78,0.5526125109273262,0.7686238851847887,0.5934786766382973,0.9503600723995841,0.10462471569370735,0.5687197678168333,0.531021663889245,0.689287919324964,0.8994852650036766,0.39451366349073397,0.6000213378854156,0.23547819284177587
a,4,class_balanced,93,0.5903159998951124,0.7970350440818739,0.6094472909382588,0.9438022509569424,0.12703862660944207,0.7970326733213331,0.5165199729180772,0.635058101293576,0.9508313539192399,0.3149435273675065,0.7074151074151074,0.32020238525478856
a,4,class_balanced,108,0.6230511035985511,0.8205039534376113,0.650666901299947,0.9403754498589632,0.16431095406360424,0.8221791310727949,0.5730829188627422,0.7158015343230049,0.9526268543453917,0.3820171640028344,0.7286573146292585,0.3284086112283664
a,4,class_balanced,123,0.6594091311084547,0.8325800067057272,0.6818120239176246,0.947168852491058,0.35502958579881655,0.8448415101958409,0.6036663233779609,0.7924109166742225,0.9316993341108311,0.48125606421451883,0.7351012261191902,0.24350836699365264
a,4,class_balanced,138,0.6844675495880604,0.8353836981160119,0.6905614032346344,0.950785839022067,0.5251256281407035,0.8808368996671422,0.6143989209239589,0.8110892818161973,0.9163769685226344,0.5186304128902316,0.7222923049198053,0.2206716903898037
a,4,class_balanced,153,0.6873488390911161,0.8247745477690083,0.7048425839933697,0.9515807121187929,0.5604463732176069,0.877121123464014,0.6135966445298846,0.8003478482193989,0.891824550775334,0.5028895660397183,0.7392521825070005,0.2490805509482945
a,4,class_balanced,168,0.6829345490287998,0.817981527203342,0.7162726118809516,0.9521040368032183,0.4860724233983287,0.8836691303027235,0.6004093898349375,0.7925195111176557,0.8773973776241396,0.4790096878363832,0.7913094886195684,0.28391989572224197
a,4,class_balanced,183,0.7028999727975198,0.8344125601098821,0.7357293327412228,0.9537590314391721,0.5279889426399447,0.8856779445433732,0.6336673346693387,0.7749493846538821,0.9099625818521984,0.5210502072777522,0.7958974358974359,0.3231468922045799
a,4,class_balanced,198,0.7045839828842142,0.818245239790648,0.7429442199879319,0.9548656199582891,0.5416116248348745,0.8942612942612943,0.660065551147145,0.7451115598679998,0.8697563248192185,0.5788643533123028,0.8313713013044861,0.2653482164523174
a,4,class_balanced,213,0.7233415729019905,0.8448264187173371,0.7546739271958345,0.9606721767401778,0.5528239202657808,0.873352492319889,0.6629605406583824,0.7814757842725959,0.9157163814180929,0.6177954277127831,0.7708746756220425,0.3744027571081695
a,4,class_balanced,228,0.7290495975012273,0.8482369915831313,0.7503086952265883,0.962301197722364,0.4986842105263158,0.9015518434318474,0.6465883059821999,0.7963591414765704,0.9126705159537696,0.6645257483656383,0.8305223514000327,0.3482430626523072
a,4,class_balanced,243,0.7618332560015262,0.8757075615464156,0.7620724682434751,0.9615111881500158,0.47306501547987617,0.8978836243558312,0.6419697984080934,0.7937189638974634,0.9669842267212463,0.6912980068060282,0.83516139141335,0.5949070887818307
a,4,class_balanced,258,0.7643887467355125,0.8747052028820292,0.7730255977217526,0.9553380359831972,0.526797385620915,0.9078521713557495,0.6527530732440018,0.8203280965193993,0.9551565714929958,0.6919149946574854,0.8414494179373668,0.5279089738085015
a,4,class_balanced,273,0.7646880021255499,0.8723122680995842,0.7720281027233427,0.957260948584159,0.5691382765531062,0.9050023820867079,0.6697648988518315,0.8233371109755034,0.9451350110915627,0.7053831231813773,0.8073131385552966,0.4998571292504048
a,4,class_balanced,288,0.7692175542929515,0.8753134421149353,0.7764198304068612,0.9613227389577004,0.5521885521885522,0.9128762380998173,0.6659512494251112,0.8206043716798745,0.9485617824498135,0.717312661498708,0.823076923076923,0.5210634712600637
a,4,class_balanced,303,0.774465010887153,0.8845644246839192,0.7703176259052041,0.9624063070410501,0.5249122807017544,0.910311569192946,0.6699685534591195,0.8221105527638191,0.9666472281269399,0.711947056774643,0.7864788732394367,0.6154026766846677
a,4,class_balanced,318,0.762873187604023,0.875272280984096,0.771226058107309,0.9643785294175118,0.5227272727272727,0.9099407314605117,0.6769090355947672,0.8155927376290495,0.9497393752615759,0.6969239698200812,0.8205304857044436,0.5091165508209933
a,4,class_balanced,333,0.7412981017162967,0.8558813899474942,0.7596026823422575,0.9647607294666118,0.5,0.9041664700608691,0.6772675521821632,0.8213387459736133,0.9078244994344452,0.7234510570695344,0.7900291120815138,0.3828447491779193
a,4,class_balanced,348,0.7522825698703411,0.8640313883837664,0.7687471885749563,0.9659093136774421,0.5347368421052632,0.9096198788572518,0.6839240169020518,0.8264971738987003,0.9203527669050492,0.7110453648915187,0.7975635972769617,0.42089417431883186
a,4,class_balanced,363,0.7599338873571326,0.8734730286060084,0.770315479863697,0.9702004836570716,0.49818445896877267,0.9111089847861449,0.6835891826651077,0.8241963481356156,0.9380125328794677,0.717292089249493,0.8094565984474241,0.4873643074250977
a,4,class_balanced,378,0.7457952256856488,0.8554526994471947,0.770421856385987,0.9703334311137186,0.4881656804733728,0.9054969879518072,0.6939485277069325,0.8332501573111724,0.8930677645487927,0.7354271356783919,0.8179072659442175,0.3745600804424334
a,4,class_balanced,393,0.7857964811502717,0.8881927184622197,0.7895683359422807,0.970772401609579,0.5595075239398085,0.9154611428846061,0.6920529801324503,0.8391221333104498,0.956205281211695,0.7527845346306491,0.8097337330276847,0.5765285996055227
a,4,class_balanced,408,0.790657014077423,0.8909809291778038,0.7953733482762488,0.9681023252141645,0.531751570132589,0.9165063485956138,0.698548786722775,0.8421007521052519,0.9579538885782786,0.7735922330097087,0.8302854212955051,0.5970718010429201
a,4,class_balanced,423,0.7930061901645291,0.8939461372076138,0.7895188889642116,0.9650180462459842,0.5354539430086149,0.9166348357524828,0.7004922671421373,0.8425269778361729,0.9651215121512151,0.7678215850258862,0.8105695411533654,0.6334170031649023
a,4,class_balanced,438,0.8077231779627292,0.9026570391426031,0.8004358393502552,0.9693937842202702,0.5454545454545454,0.9180391209852693,0.7073342185425291,0.8450172631940126,0.9753443577587816,0.7639701969132517,0.8216680997420465,0.7232870148538572
a,4,class_balanced,453,0.8078951713203828,0.9032825731245212,0.8017231907812241,0.9676197988562414,0.5305574210879785,0.9213711629708531,0.707203656998739,0.8471543333191652,0.9759380784115766,0.7675557974959173,0.8353958298016613,0.718260462941314
a,4,class_balanced,468,0.8098396948889613,0.903564060845516,0.8045909491399217,0.9688682219419924,0.5306122448979592,0.9239464068209501,0.7042836502791987,0.8455982905982906,0.9758592318336512,0.7790445168295331,0.8465909090909091,0.7137537817081685
a,4,class_balanced,483,0.8139409844540086,0.9046202235578291,0.8114573241368885,0.9685387929330856,0.5310206804536357,0.921380256837565,0.7072129073078139,0.8463457806402082,0.9755806472666921,0.8054895750857746,0.8471007450599287,0.7227994745013735
a,4,class_balanced,498,0.8160316462298327,0.9078696063985711,0.810444999042457,0.9706855791962175,0.525879917184265,0.921778611261906,0.7272312257475462,0.8488344356500054,0.976781887636262,0.7906098219104155,0.8442806792694649,0.7382026582124132
a,4,class_balanced,513,0.8152387904427961,0.9078643366572151,0.8159885435208433,0.9717811664832573,0.5292929292929293,0.9168601491873735,0.730526885461363,0.8541959478452656,0.9747391080537227,0.8161928468492073,0.8287081339712918,0.7148519468407554
a,4,class_balanced,528,0.8062032021825157,0.9017457753536732,0.8124583135265835,0.9723475191213964,0.5468852459016393,0.9141976536090675,0.7208667736757625,0.8551245717186244,0.966685222051345,0.8080404685835996,0.8200031550717779,0.6516782099094299
a,4,class_balanced,543,0.8151826203483901,0.9067652493865777,0.8116836347310391,0.9735602759267582,0.5563816604708798,0.9205222961320523,0.7193952655659439,0.8531296934825376,0.974861485474693,0.7879878217547744,0.837397061198127,0.7134080231297434
a,4,class_balanced,558,0.8028420171736632,0.898933467403699,0.8078544661572195,0.9729550032266265,0.5495675316034597,0.9203138106281147,0.7270942151356871,0.8531037414965986,0.9601762348785536,0.7969009407858328,0.8384392131570461,0.6070274636510501
a,4,class_balanced,573,0.8221235782760754,0.9104226952913217,0.8147753526284496,0.9732714562650532,0.5514511873350924,0.9173475957014807,0.7236042012161416,0.8535648334854499,0.9792661097852029,0.8135546714226918,0.830905636478784,0.7561465127947817
a,4,class_balanced,588,0.8198338657944269,0.9080019495988371,0.8132396642077119,0.9718910212339665,0.556282722513089,0.9174829326209558,0.7154187817258884,0.8484461744623828,0.9785769434702933,0.8059144798188358,0.8308282699072593,0.7536634663971703
a,4,class_balanced,603,0.820420641879613,0.9074055067786461,0.8114227301676582,0.9732620320855615,0.5767984445884641,0.9143312260441038,0.7071339676422177,0.8470454353873388,0.9795026725540321,0.8070844686648502,0.8200692041522492,0.7585583257977006
a,4,class_balanced,618,0.8200735852544447,0.9084586451549228,0.8136684920275304,0.9731670001176886,0.567741935483871,0.9119641076769691,0.7169435480658141,0.8505114250015883,0.9791189771648707,0.8141425088052019,0.815024359578815,0.7520484053951847
a,4,class_balanced,633,0.8214986905922246,0.9076161689079945,0.814456422719308,0.9721207837593748,0.5847953216374269,0.9108594802214796,0.7129194229696342,0.848051150678551,0.9791044776119403,0.8118999323867478,0.8145136065060995,0.7592240395587676
a,4,class_balanced,648,0.8270042056732921,0.9116999268436499,0.8244594794816194,0.9708848565867851,0.6026570048309179,0.9107267819654103,0.7320172087973945,0.8605891315388522,0.9795709623127493,0.8205882352941176,0.8091051805337519,0.7568984891996504
a,4,class_balanced,663,0.8272107667694132,0.9109697173343503,0.8249287585845414,0.9721339142038542,0.6190476190476191,0.9109743281789521,0.7315329626687848,0.8577323095901482,0.9789469768825904,0.8097826086956522,0.8104287733626512,0.7543174082944661
a,4,class_balanced,678,0.830725061301654,0.9129298912363898,0.829135219023109,0.9737955346650999,0.6109785202863962,0.9149862396797598,0.7356919875130072,0.8613766933073287,0.9782217707741196,0.8241314301104229,0.8205933134515775,0.7567500619271736
a,4,class_balanced,693,0.8292735035803172,0.9120534499118896,0.8247867983693126,0.9740419788345298,0.6136363636363636,0.9130827974276527,0.7345662118309418,0.8560567230480096,0.9791786944780706,0.8149075232930052,0.8153725490196079,0.7626186906546727
a,4,class_balanced,708,0.828272676525882,0.911208322816902,0.8252653437268757,0.9759228908140171,0.6001154068090018,0.9155586774371582,0.7221503859566631,0.8514995404117056,0.9799351665548849,0.8171001660210293,0.8223205817262093,0.7698512730022687
a,4,class_balanced,723,0.8273143508788848,0.9127288607069377,0.8216385040703486,0.9761593283217808,0.5879602571595558,0.9138381201044387,0.7371836971218853,0.8569713857035688,0.9790708500139652,0.8110034207525656,0.817534420003165,0.766107678729038
a,4,class_balanced,738,0.8271561293072687,0.9117315583551053,0.8229237058654724,0.9763212951919129,0.5927230046948356,0.9151387636509368,0.725178493945012,0.8563789152024446,0.9791350212936473,0.8142091908655201,0.8185132350610239,0.7668072438600844
a,4,class_balanced,753,0.8288205337530195,0.9117761171799904,0.8239897821419161,0.9763604012279296,0.5942790426152949,0.9172593408794951,0.7242120064054993,0.8535602328705777,0.9793079043432914,0.8143340857787811,0.8277945619335347,0.7722772277227723
a,4,class_balanced,768,0.8319386115674718,0.9148600510254761,0.8248379403559842,0.9760394644115574,0.6012994683992912,0.9166833166833167,0.7433216302854526,0.860382890651949,0.9798537864836208,0.8104856037816932,0.8254980079681274,0.7738833354422371
a,4,class_balanced,783,0.8356381268792946,0.9166694261068493,0.8276951960615879,0.9757845075661179,0.6095017381228274,0.9218275123312242,0.7502988700782847,0.8649169378318206,0.9793826896429867,0.8092485549132948,0.8393030009680542,0.7704793304590414
a,4,class_balanced,798,0.8412655635590667,0.918470104785408,0.8353308481096,0.9759184873126285,0.62778730703259,0.9245189446538385,0.756805876339404,0.8652223884804718,0.979751735432602,0.8275370581527937,0.8441917140536149,0.7696565605736571
a,4,class_balanced,813,0.8420356311656964,0.921531494766966,0.8364683406234082,0.9761657625193396,0.6199304750869061,0.9238855556106511,0.7766291794464009,0.8761503733287029,0.9790491088887647,0.8228313082791749,0.8382591750568367,0.7654197422744902
a,4,class_balanced,828,0.8425720010633021,0.9201212012052109,0.8391622229768928,0.9763434121886261,0.622673434856176,0.925790151590211,0.7646192027299519,0.87271634357356,0.9784755870294447,0.8364859184531316,0.8468673718470301,0.7591765873015873
a,4,class_balanced,843,0.8370211910807633,0.9170124610303456,0.8360536866176278,0.9762441001938857,0.630228667038483,0.9231304347826087,0.7594082930941979,0.8709010212435903,0.9762311693891084,0.8188571428571428,0.8438356164383561,0.7343542746894972
a,4,class_balanced,858,0.8402074278685899,0.9180257975136895,0.8400418521236391,0.9756403472671331,0.6297142857142857,0.9252005780634873,0.7571864964361243,0.8708698439837572,0.9772909780193101,0.8372285990872632,0.8461662112200611,0.7425695110258869
a,4,class_balanced,873,0.8434755593209442,0.9184961061219704,0.841878987968252,0.9761783489401716,0.6486175115207373,0.9254146389909623,0.7599298382381602,0.869608053116299,0.9770634490745065,0.8432969763909982,0.8466158091218958,0.744555408494766
a,4,class_balanced,888,0.8470676406038383,0.9203108480399433,0.8485720398808989,0.9756633263389093,0.6520517144463182,0.9240802509085478,0.7663609756097561,0.8730199724517906,0.9775870913584853,0.8612157073695536,0.8446884081369067,0.7489413188142771
a,4,class_balanced,903,0.8482322106773661,0.9210384761030853,0.8478135301643867,0.9754901960784313,0.6473214285714286,0.9262152345887855,0.7624906932089816,0.8734291228822646,0.9790523737227909,0.8562890518880739,0.85,0.7638017951555391
a,4,class_balanced,918,0.8508261219147886,0.9223700376158017,0.849830178359157,0.9760924946110131,0.6569506726457399,0.927040334211966,0.7695314026654161,0.8749061420633729,0.9791457005479146,0.857181867831786,0.8501945525291829,0.7663919301267068
a,4,quota,18,0.3188918370901872,0.4391347875546158,0.4477951269116221,0.7496547821165818,0.07431200625054259,0.1629587861390199,0.2083313983188594,0.40647860445771045,0.4594212358572672,0.22543197988551864,0.4297137732605934,0.15372396752559125
a,4,quota,33,0.33531961634420865,0.486300698916793,0.4542556013402308,0.7004669451953797,0.07731755424063116,0.26951451689671585,0.27604512276045123,0.22181062748729757,0.6399434966858633,0.241503326739795,0.47453523562472977,0.11673972146701438
a,4,quota,48,0.3866528076384231,0.5539667260370856,0.454967890923259,0.6393804175001282,0.05067808708065667,0.34715955422669204,0.5085726282395204,0.3355323180574075,0.7161965957183899,0.3538423523597727,0.42984126984126986,0.09867204572197008
a,4,quota,63,0.43162477188500314,0.6471879532813578,0.4790761197680765,0.7902479263095183,0.030113504748668057,0.31039349630215096,0.5308388157894737,0.40599694299001593,0.8490798227189874,0.35202684800847833,0.45047998126902367,0.16544560882871187
a,4,quota,78,0.4531069454588949,0.6630946940257657,0.49419226927030224,0.791701244813278,0.033364226135310475,0.39516845283912605,0.5026498882274634,0.5181671737963128,0.8314717783288892,0.333010989010989,0.45700768775872264,0.21542106821996249
a,4,quota,93,0.5144543374655377,0.7136822117925175,0.5356244064573485,0.8573597016219967,0.04638144742103159,0.7162381525894119,0.5086853063652588,0.6621637523240216,0.8069229650458137,0.300453337501954,0.5715647339158062,0.16031964040454488
a,4,quota,108,0.5722195074098346,0.7707693015402833,0.5790772699267124,0.8544389561568387,0.14859437751004015,0.7567072239474621,0.5642798890882401,0.68502701760502,0.9067106612565211,0.3740404745289602,0.5962085308056873,0.2639684357897416
a,4,quota,123,0.5537314398115845,0.74019354680563,0.5577839255173993,0.8449772089761571,0.2144,0.7019716635291786,0.5605049594229036,0.5645094927408453,0.8946786898100296,0.3793103448275862,0.5699810006333123,0.2532495983642471
a,4,quota,138,0.5774883059576643,0.7639104688484094,0.5786107773610085,0.8756031591474629,0.22239382239382238,0.76393696719194,0.5727947238252267,0.6027397260273972,0.906697761523648,0.3720780613339052,0.6038264115725618,0.2773241206030151
a,4,quota,153,0.5955372063606307,0.7942169810062323,0.5865292942737872,0.9107564530575686,0.21913327882256745,0.7591725639629832,0.6128668840794544,0.6780165992764418,0.9270549520540674,0.3292576419213974,0.6047678795483061,0.3188086045228902
a,4,quota,168,0.6338347593391269,0.8025015774256696,0.6238594172092782,0.8957972315593878,0.47638603696098564,0.7721532534246576,0.6262442872347086,0.6981670907108365,0.9329318513926405,0.32303049224685193,0.6023983803145927,0.37740421020748144
a,4,quota,183,0.634118177163249,0.7980516464839361,0.634528536711739,0.8903774098340067,0.4838709677419355,0.7549986379733042,0.6257604621151601,0.6758160237388724,0.9342935894016182,0.3509803921568627,0.629951690821256,0.36101442068622575
a,4,quota,198,0.6473065185032001,0.8105450532989454,0.6485355337028427,0.8977112713057733,0.5016501650165016,0.8127948571724817,0.6525409247804245,0.7066062509654498,0.9337293351463537,0.3073766988631507,0.6584425597532768,0.35490660352538805
a,4,quota,213,0.6530801837595589,0.8146340640875837,0.6554663262101236,0.8940045535036681,0.4866275277234181,0.829240957717779,0.6541540160088325,0.708694306930693,0.9387228552999355,0.3023962200472494,0.6680373240550371,0.39584389254941715
a,4,quota,228,0.6554570695274122,0.8182110400420618,0.658824628354078,0.89947156254569,0.5437616387337058,0.8207495108613856,0.6725289942876925,0.726757012291207,0.9377270228126944,0.28508147445024523,0.6222870100421121,0.3907493997219765
a,4,quota,243,0.6505114686691258,0.8169876102556859,0.6609130901679375,0.8924410728799783,0.5262507720815318,0.820549194447259,0.6718619537990537,0.731180540993919,0.9385718455812596,0.27846905024413293,0.632320701534607,0.3629580864603906
a,4,quota,258,0.6438756981813747,0.8116924477945425,0.6481318117544254,0.8814590950398377,0.5702230259192285,0.8387655033169887,0.6751789897390215,0.6928140884975418,0.9451669245875528,0.2662352321468884,0.5413018652455273,0.38373655913978494
a,4,quota,273,0.6501781528798057,0.8212605884862737,0.651455214954531,0.8845079956003046,0.5719489981785064,0.8359230220955096,0.6824944167668785,0.7437402087039643,0.9458196639825033,0.28480323533986623,0.5216886134779241,0.38067722177279556
a,4,quota,288,0.6543029333132977,0.8198589621858082,0.6638280580583693,0.9055756517400524,0.5754428833231521,0.856533827618165,0.6771556166265889,0.7204928664072633,0.9373230217897893,0.2591683404002083,0.5379760609357997,0.4190581309786608
a,4,quota,303,0.6606054338689548,0.8287692778735126,0.6579026371932957,0.9043594120831078,0.5549206349206349,0.8577195700136131,0.669294231604262,0.7491102733767432,0.9482702112163146,0.30590862246650635,0.5632618747372846,0.3926040744021258
a,4,quota,318,0.6554945631518487,0.8189465580400593,0.654158338485685,0.9001382314748879,0.5807668133249528,0.8550434201736807,0.6635733890994642,0.7023907666941468,0.9469942233225417,0.2685332484887051,0.5797275641025641,0.4022834116856951
a,4,quota,333,0.6672322754752972,0.8300826132217707,0.6672578812643819,0.9058314529985302,0.5661577608142494,0.8530920352269428,0.6718760303330036,0.7636467118538832,0.9427182685253118,0.31593900937588787,0.5967401725790987,0.38908903757076685
a,4,quota,348,0.6315440310583887,0.8211491683571817,0.6259238294670818,0.9074955506808493,0.5030020013342228,0.8424516659810778,0.6550079491255962,0.7456662489557226,0.9455042361300902,0.33390531947108104,0.3704637096774194,0.3803995981694386
a,4,quota,363,0.6478871473689805,0.8277435611883047,0.6399712687594437,0.9242832539762942,0.5252659574468085,0.852979036410445,0.6582147811219716,0.7465876296700725,0.9453908321178597,0.31219895802614767,0.446441583677435,0.41962229387379085
a,4,quota,378,0.6467566326932894,0.826987204432003,0.640649363998869,0.9268065833636621,0.5301837270341208,0.8497189717128905,0.6708431219002872,0.7293879615579161,0.9471505627443978,0.28416542799685235,0.4316477135252843,0.45090562440419446
a,4,quota,393,0.6420703644789038,0.8330707073434909,0.6309184593688703,0.9257878547128685,0.4815588030619346,0.8465312485671054,0.6810149677332162,0.7822945352568151,0.943327805820289,0.2972972972972973,0.4065040650406504,0.41431670281995664
a,4,quota,408,0.6456097160162124,0.8272394104016627,0.6422565185936117,0.9252043762964168,0.5574783683559951,0.8404947320201558,0.6760947690669507,0.7526535696675577,0.9415213757957129,0.32016136426148345,0.3781637717121588,0.41871511696948105
a,4,quota,423,0.6530702999987041,0.8345839412724579,0.6422572111160059,0.9266017510841993,0.5560371517027863,0.8436942500343076,0.6708087049973133,0.7789065060119483,0.9470051495166681,0.3391113767682805,0.3812625250501002,0.4342052848227327
a,4,quota,438,0.6553482352274387,0.8320154637383274,0.6481567157539049,0.9316497838046325,0.5806053119209389,0.8399403335894771,0.689332689755038,0.7313348568355962,0.9505205265971424,0.4010964912280702,0.3205501190161333,0.45310400429991937
a,4,quota,453,0.662439970935482,0.8382469467463249,0.6559918959450094,0.9293737685604598,0.5783718104495748,0.838904678125141,0.7111556906873961,0.7690834756507788,0.9456477319166327,0.44686587283756457,0.32549634273772204,0.4170603674540682
a,4,quota,468,0.6626002077719093,0.8380494416573698,0.6564755255015592,0.9307767305817355,0.5630712979890311,0.8407971440191604,0.712478293227487,0.7515611414117461,0.9498730964467005,0.4438687392055268,0.3515463917525773,0.4194290353132188
a,4,quota,483,0.6638138048371345,0.8400769165393001,0.6494440661552352,0.9279341671079969,0.5498412698412698,0.8409132089146585,0.7020699852143913,0.770684240333625,0.9501466275659824,0.47623701893708004,0.34874709377421853,0.4077506318449874
a,4,quota,498,0.6719132648552927,0.8497304823054379,0.6573751448705679,0.9223639889762172,0.5370611183355006,0.8411966738973247,0.7184736484078909,0.8217397653701991,0.9504190832893947,0.51688654353562,0.32772225144660705,0.41135631043887927
a,4,quota,513,0.6893853773468825,0.8585567712845944,0.6734446723045736,0.9211942619763849,0.5583437892095358,0.8410482708933718,0.7301145051136557,0.850405821438567,0.9512357077235144,0.621054095397024,0.31063257065948857,0.42043937371040174
a,4,quota,528,0.7004516865395952,0.8630219429052305,0.6795805338023384,0.9299030423253648,0.5724953329184816,0.8439620081411127,0.7269771380186283,0.8460569882945483,0.9551837764726173,0.6451794510907811,0.33481791983232906,0.4494895217624933
a,4,quota,543,0.6951041867342649,0.8601046314394368,0.6752307135328389,0.9247600455506751,0.5858461538461538,0.8402580412324626,0.7255531275607757,0.8484511994818054,0.9532423703596182,0.635260528194147,0.30740543420351624,0.4351607801792304
a,4,quota,558,0.6989031816344553,0.8619854205198698,0.6752881454682917,0.9269680040629761,0.5930521091811415,0.8376322304749043,0.7335216572504708,0.850139146567718,0.9529654573104497,0.6641701617735171,0.28686977622000537,0.4448100918689154
a,4,quota,573,0.6970620334289476,0.8607774119709733,0.6737471487322089,0.9262556145365455,0.5993730407523511,0.8418850963464021,0.7310381745792767,0.8499418198743309,0.9517323818665894,0.6546600630346691,0.29373297002724796,0.42493913984311604
a,4,quota,588,0.6958092164156353,0.8576599458717008,0.6678793129532734,0.9173921134798702,0.5934343434343434,0.8394124737711505,0.7270563432962699,0.852863154043176,0.9473362900184943,0.6770622173709653,0.2781130005485464,0.4296130117779024
a,4,quota,603,0.7011262763817113,0.8604542306934749,0.6711739381996504,0.9250762006755087,0.615,0.8419689119170984,0.7285412837791846,0.8546781685467817,0.9479727369618371,0.6710973724884081,0.2800875273522976,0.44571428571428573
a,4,quota,618,0.7202795847934148,0.8720169036959384,0.6915404096261678,0.940377054138522,0.6201743462017435,0.841013617098025,0.7419028340080972,0.8620007362414872,0.9554806315369696,0.6749264364255846,0.3090519550080343,0.5375886524822695
a,4,quota,633,0.7187953064254481,0.8711966292286871,0.6904783794364402,0.941060110613217,0.616635397123202,0.8418071476736345,0.7369479303889621,0.8625862654146397,0.9545664897236967,0.6793494937097269,0.31655061596143547,0.5196543072205185
a,4,quota,648,0.7212295022497117,0.8738392711212852,0.6945304318727443,0.9432715551974215,0.6067558954748248,0.8419395465994962,0.7495379560544869,0.8640703345009959,0.9552946735239064,0.6993132278292028,0.30502974580854514,0.5258525852585259
a,4,quota,663,0.7194892906756554,0.8714619473833913,0.6924625176412892,0.9410933747704479,0.6013986013986014,0.8424451719962327,0.7369114942927523,0.8590908061337743,0.9549053293701654,0.7146948003014318,0.3048913043478261,0.519972733469666
a,4,quota,678,0.7240219170646667,0.8739989792882799,0.6977959913720952,0.9407783417935702,0.598014888337469,0.8457101658255227,0.7429420505200595,0.8633869992610672,0.9559596106745819,0.7264264264264264,0.330323951141795,0.5126548196015078
a,4,quota,693,0.7278326183711709,0.8763816658520487,0.699329504594366,0.9438447103452451,0.6130841121495327,0.8440515190952744,0.749139203148057,0.8633781629583062,0.9578576743679559,0.7358834244080146,0.3027672273467173,0.5404875315214346
a,4,quota,708,0.7317612029099355,0.876643032273453,0.7021768519875846,0.9419629292008508,0.6212765957446809,0.8459424142747713,0.7482805076933986,0.8638910592700079,0.9576549001141036,0.7389192471159685,0.34315514993481094,0.524768022840828
a,4,quota,723,0.7271896611499062,0.8763534364112759,0.6980343536988375,0.9447092084006462,0.6186699206833435,0.8480866554204031,0.7501402918069585,0.8625758597437626,0.9575572076681367,0.7356915135873691,0.29372570794003333,0.533550585098504
a,4,quota,738,0.7348926665837188,0.8796206414845343,0.7054765476366609,0.9428854674570579,0.6212765957446809,0.8515916770407256,0.7545303613691758,0.866179503272662,0.9600057949493395,0.7370154168537644,0.31911447084233263,0.561434711723729
a,4,quota,753,0.7332538785305648,0.8791543484699432,0.7063408209823859,0.9425789867832494,0.5903245560318432,0.8491059940547495,0.7576078514439031,0.8670410717910548,0.9574531658864753,0.7574626865671642,0.3111231982594506,0.5665873959571938
a,4,quota,768,0.7384549370033322,0.8808403521356817,0.7098534440664912,0.9455867501514845,0.5982905982905983,0.8506646512248255,0.7610806992760021,0.8681701089167081,0.9569410891850565,0.7636724284499858,0.3441029682164434,0.5575851393188854
a,4,quota,783,0.7369206883722301,0.8815180153589695,0.7054101182501654,0.9534683756923754,0.6082725060827251,0.8500244259892525,0.7507481521543177,0.8659697508896798,0.9594694979435798,0.7588303416328894,0.31792679668714935,0.5675763482781027
a,4,quota,798,0.7394331196080488,0.8811581941337225,0.7090579195323454,0.9505550759841809,0.6335554209569958,0.8493090007087172,0.7484653715606269,0.8649261697206903,0.9600296948133663,0.759647347882642,0.29737931034482756,0.5910306845003934
a,4,quota,813,0.741052453087153,0.8840984446022286,0.7092665906689002,0.954781260559321,0.6248506571087217,0.852205427384425,0.7510970877307511,0.8686980364408279,0.9625612093792302,0.7647145596695678,0.3083264633140973,0.5822373761974347
a,4,quota,828,0.7455613783009789,0.8862447699783612,0.715903143059582,0.9576486465031356,0.6336515513126492,0.8538222007806675,0.7514158940875149,0.8679656084068339,0.964144515094649,0.7720480515675359,0.28352707683583783,0.6258288601199874
a,4,quota,843,0.7443127855432976,0.8848041016820155,0.7189982786784864,0.9558169103623649,0.6498533724340176,0.8533205088969528,0.7475855057730012,0.8653700990186937,0.9638002862430148,0.7993109388458226,0.24346310284718187,0.6202943454686289
a,4,quota,858,0.7549957769631084,0.8880407661257382,0.7310363383420451,0.9566306747002327,0.665158371040724,0.8572689947463689,0.7469326828557906,0.8656623561302937,0.9661788173072539,0.8008534850640113,0.2860347728547392,0.650241837968561
a,4,quota,873,0.7496023261949203,0.8861377420506142,0.7265189295106445,0.9540869012630074,0.6514806378132119,0.8566909761883842,0.7438253454866216,0.8661775754629425,0.9652451830883024,0.7968705547652916,0.27203173703598754,0.6400120246505336
a,4,quota,888,0.7458012166168283,0.8814777365659889,0.725582798703526,0.9416236983115964,0.6532258064516129,0.8562258177981006,0.7507265329845975,0.8672180718605479,0.9589502325031167,0.7801114444920703,0.27473148671565856,0.6293978584341539
a,4,quota,903,0.7537632530859222,0.8874167502994851,0.7325351568648606,0.9507038011284914,0.6556064073226545,0.8563543172558812,0.7527893239991249,0.8694280254210924,0.9648682902811084,0.7874840719241115,0.28274894810659185,0.6638860923342442
a,4,quota,918,0.7589791319105051,0.8895024187159633,0.7367385849088395,0.9528921647171927,0.661705781339439,0.857908611599297,0.7566661809704212,0.8703366090088488,0.9656179816312743,0.7939968851762708,0.31153846153846154,0.660149511213341
a,4,prototype,18,0.3188918370901872,0.4391347875546158,0.4477951269116221,0.7496547821165818,0.07431200625054259,0.1629587861390199,0.2083313983188594,0.40647860445771045,0.4594212358572672,0.22543197988551864,0.4297137732605934,0.15372396752559125
a,4,prototype,33,0.4127599950628826,0.584132125910658,0.5459316249374455,0.8656325841511027,0.11937059142702117,0.24684554024655547,0.3281693034723649,0.4404651903775689,0.6989094248651131,0.2792083818393481,0.5127989928661352,0.2234399463207336
a,4,prototype,48,0.534372781186715,0.715676086881896,0.6128164195134073,0.8687269989963199,0.2508084800574919,0.32759807295251203,0.4791158536585366,0.7067304359880779,0.8446228158859512,0.48438420742486743,0.5182023004861852,0.32916586523049307
a,4,prototype,63,0.5359574059082483,0.7021827177557983,0.5908110638152243,0.7918587302647694,0.384240814519699,0.32297201975076417,0.5366196283762212,0.6579756172523307,0.854823939928477,0.41054441260744984,0.5363636363636364,0.32821785411088616
a,4,prototype,78,0.5217052171557679,0.7104234322924333,0.5517596463758437,0.8717531567173836,0.3546961325966851,0.3165851994998295,0.5085902127395646,0.6246359254581539,0.8666482224374049,0.42673585371880407,0.3961227786752827,0.32957947255880254
a,4,prototype,93,0.5229486844541696,0.7270433252321707,0.598218842600856,0.901538694762374,0.29809358752166376,0.3276650210276102,0.5284776492653954,0.6333196440793977,0.8870571135601151,0.34625,0.4217643271088216,0.36237212276214836
a,4,prototype,108,0.5797084521114119,0.7601242309338815,0.6462518914127116,0.9115138592750534,0.51822573561704,0.36228412958527667,0.5767731878409976,0.7139205321023503,0.9042156023955822,0.39433609404221215,0.4653087898921686,0.3707981382520255
a,4,prototype,123,0.5738943093545846,0.7611101084324695,0.641045049849562,0.890018817311927,0.4904330312185297,0.3565858499929108,0.5786955604024485,0.7111088876103759,0.9184064373923171,0.48127978216473793,0.3754723881506766,0.36304802994733837
a,4,prototype,138,0.6230296203562956,0.7889892389194315,0.6853471270774197,0.9162499234553285,0.4916142557651992,0.520439331903555,0.6128992928554011,0.6536620065114498,0.944658654883529,0.5225207809781558,0.48904609767229573,0.45617623918174666
a,4,prototype,153,0.6206879488130533,0.7955370050666343,0.6630778085404987,0.9184814947042723,0.4793577981651376,0.5261506276150628,0.620497240994482,0.6695499835760429,0.9526628313509314,0.4924069855732726,0.3887947588388117,0.5382898184994662
a,4,prototype,168,0.6176339572504198,0.7908600105115945,0.6749955464863839,0.9149543720920945,0.47811816192560175,0.5229630608603714,0.6317795979151154,0.637293155991,0.9535007617463152,0.4884091975598311,0.40036862584476757,0.5313186813186813
a,4,prototype,183,0.6677987128016302,0.8274233197641685,0.7131378663474234,0.913737752762143,0.42555685814771393,0.583496796129201,0.6742115390887446,0.7785495152779482,0.9516569772773121,0.6122697889986584,0.5448158185285557,0.5258933690043952
a,4,prototype,198,0.7141068933180381,0.8544302057045664,0.7254262484038172,0.9421719602181585,0.45957988542329725,0.7910866515592965,0.6647230320699709,0.7723100956844366,0.9620379805465493,0.5981599433828734,0.613952195664258,0.6229402953135031
a,4,prototype,213,0.7140117023296485,0.846487324483067,0.7309328745549314,0.949088448371945,0.5348066298342542,0.8072933039924552,0.6389744853938124,0.728571791807572,0.9607098062897756,0.571056741280583,0.6189785258270458,0.6166255881693928
a,4,prototype,228,0.7400301590927462,0.8629595282205665,0.7535356368592433,0.9487220447284345,0.5487735310895607,0.8187905419543837,0.6732218107521389,0.774766014343017,0.9641570722536089,0.65,0.641726618705036,0.6401137980085349
a,4,prototype,243,0.7506931604445138,0.8731549069882968,0.7406774552137309,0.9362595190981592,0.5621500559910414,0.8428701180744778,0.6955949552184244,0.8351546664316559,0.9613534552397738,0.660614934114202,0.6417221937467965,0.6205185460860936
a,4,prototype,258,0.7773862314312662,0.8837920221144356,0.7611706971923549,0.950711187329769,0.6164604626143088,0.8824516383734702,0.7057783018867925,0.8406692630708644,0.9622110241386538,0.6523443625529246,0.7720074919121404,0.6138423510024719
a,4,prototype,273,0.7866395743895989,0.8873389388537698,0.787330394207585,0.9561109477604626,0.6534239414532148,0.8836749814769079,0.7064346067740305,0.8351536590758346,0.9669421487603306,0.6722972972972973,0.7657813038978958,0.6399372830104155
a,4,prototype,288,0.7956234968531224,0.8935745928721365,0.790617426497588,0.9605923841900631,0.6620689655172414,0.882942143818209,0.711051153972363,0.8397790055248618,0.9737028214099606,0.6818321549339071,0.7545981772990886,0.6940446650124069
a,4,prototype,303,0.7968989844487271,0.8942389906720628,0.8002676474224608,0.9612574107265959,0.656479909451047,0.8609291854277528,0.7258844489692033,0.8413839285714285,0.9728674604723795,0.7388340058438848,0.7317363487576254,0.6827181618186262
a,4,prototype,318,0.794081753058757,0.8931791354912043,0.7951015641800073,0.9614593225704336,0.6339754816112084,0.8603145235892692,0.7272013420423314,0.8385646191204245,0.971367580862221,0.7492885600455321,0.7323132858657779,0.672251061821614
a,4,prototype,333,0.7885452767375356,0.8923169295194684,0.7887541210148901,0.9584181332056347,0.633177570093458,0.8454076367389061,0.7351651563870213,0.8491151816206147,0.9699739626613484,0.7501419647927314,0.7007783222830787,0.6547295628550259
a,4,prototype,348,0.7918596009832604,0.8939634944996008,0.7924609644745705,0.959258667518773,0.6354285714285715,0.8484056455828541,0.7350805866124582,0.8462464873544762,0.9728073887365922,0.7467003650659927,0.7087336870787323,0.6740750094708928
a,4,prototype,363,0.7952793656845712,0.8949180765396271,0.795401168309067,0.9617555855927487,0.6337078651685393,0.8564320514149476,0.7325334698953837,0.8441341155999732,0.972221711216174,0.758970145165708,0.7136462093862815,0.6841131377213852
a,4,prototype,378,0.7794864011804772,0.8889166373577096,0.7736840755133888,0.9624317756264691,0.6472491909385113,0.8472978634268957,0.7077405623389716,0.8465364656230486,0.97222986481777,0.6417284746855852,0.702603800140746,0.6875596130262979
a,4,prototype,393,0.7978263027284813,0.8959102816349425,0.7963226166802252,0.9631518145241604,0.6369899311075782,0.8517568204430015,0.7218469757679832,0.8543273905996759,0.9719257710785931,0.7736530405893399,0.7192509575826358,0.6875340228633642
a,4,prototype,408,0.7940330853738209,0.895206837985306,0.7964363407768531,0.9647713717693837,0.6498422712933754,0.8589209484133107,0.7159992479789434,0.8537687454978062,0.973102564338998,0.7189952904238619,0.7194244604316546,0.6914728682170542
a,4,prototype,423,0.8050217295209776,0.9013618585786958,0.8061364872860883,0.9678351576572118,0.6505771248688352,0.8759005580923389,0.7425361040083552,0.8559160090825296,0.9733319804071693,0.7333894028595458,0.7482868889904066,0.6974223397224059
a,4,prototype,438,0.8098615584700392,0.9048708698819029,0.8137214546501614,0.9680804892483724,0.6509887760555852,0.8681268188083934,0.7579813860358189,0.8678550840317503,0.9728589274973396,0.7702150830383883,0.7365766834767131,0.6960707780379911
a,4,prototype,453,0.8079945023913043,0.9029147117968712,0.8113566091117184,0.9700697977049568,0.6537842190016103,0.8586295723853684,0.759634293600138,0.8546413842361127,0.9736265159434233,0.7525568181818182,0.727751756440281,0.7212561640280301
a,4,prototype,468,0.8026158790637155,0.898147599343082,0.8040841377386172,0.9706606766369136,0.6526655896607432,0.874647815173403,0.7387916719887597,0.8281783635576507,0.9760143673106654,0.700137762130721,0.7436727486756916,0.738773916438891
a,4,prototype,483,0.7986121637388782,0.8930441569974188,0.8009850940977601,0.9710510747387103,0.6666666666666666,0.8645367083397644,0.7308265078183172,0.8098349381017882,0.9745706890313482,0.7155041120925982,0.721335481036755,0.733183295823956
a,4,prototype,498,0.8124761015080213,0.9051618162998061,0.8117364999616785,0.9717270930755836,0.6586894586894587,0.8758190008190008,0.7609739937054829,0.8501965555971546,0.9757949691504508,0.7348611321900137,0.749035894393355,0.735186815951692
a,4,prototype,513,0.8160256738275755,0.9058308625937118,0.8243778797469715,0.9717860983478346,0.6644370122630993,0.8619259873535814,0.7678652867917909,0.8563784784945008,0.9730723639384351,0.8201657458563536,0.7198622273249139,0.7087378640776699
a,4,prototype,528,0.8257045536063126,0.9126403866949954,0.8299366690620275,0.9712332780001953,0.6662883087400681,0.867404167738616,0.7781277468502783,0.8743477585096698,0.9764595015721657,0.8144947735191638,0.737024721700159,0.7459607258264976
a,4,prototype,543,0.8317185771152925,0.9168438380781944,0.834333435083216,0.9718131278650152,0.664071190211346,0.8737288568654504,0.7900066523763767,0.8828693363996196,0.9772947580344493,0.826044703595724,0.7444822989186787,0.755156269770973
a,4,prototype,558,0.8304508815349819,0.91660676588151,0.831953325514858,0.9718370376157182,0.6513761467889908,0.8766005203285211,0.7927947285489185,0.8818844643858665,0.9763801563462005,0.815815673446167,0.753850710900474,0.7535184954539793
a,4,prototype,573,0.8247840754442968,0.9132371460009192,0.8317043835388369,0.9720663838770842,0.6570936243538197,0.8629577974068908,0.794786896794646,0.8802681341576647,0.9729623531172816,0.8182208852599914,0.7412963487121427,0.723404255319149
a,4,prototype,588,0.8196315983272041,0.9123021786896008,0.8270546787670059,0.9709418445271196,0.6409036860879905,0.8542655883120271,0.7982857557928379,0.8869352869352869,0.9712005844174089,0.8235630540463255,0.7259156876295785,0.7046728971962617
a,4,prototype,603,0.82982977709724,0.9170515669052592,0.8294964352442066,0.9715826916311613,0.6228123114061557,0.8951422099169394,0.7980078263963003,0.884682664274501,0.9727229312782673,0.8182476466328747,0.7918593894542091,0.7134103228847514
a,4,prototype,618,0.8341321406885532,0.9183248354712974,0.8325933381595401,0.9711741270213264,0.6116504854368932,0.9046979865771813,0.7951524914875701,0.8844287897919851,0.9725447599071092,0.8449482227819759,0.808985184005098,0.7136072191878413
a,4,prototype,633,0.8348928767435544,0.9175844278738594,0.8307575503148354,0.971600570724938,0.623875224955009,0.9069145053768674,0.7938304482911673,0.8841562789058715,0.9706968634582576,0.8390627192367055,0.8153251554360612,0.7085741243071116
a,4,prototype,648,0.8367086831774,0.9197703143345733,0.8274340458871864,0.9720388956144804,0.613664596273292,0.9079700572435051,0.7927591881513988,0.8827882655322166,0.9750660455737796,0.8423996643826038,0.8047217537942665,0.7389696820310574
a,4,prototype,663,0.8422471340446502,0.9220572836534849,0.8334149841569819,0.971629680320657,0.6383763837638377,0.9124292394782181,0.8020311933260791,0.8841697120955522,0.9763193946115206,0.8408710217755444,0.8127184950890628,0.741679085941381
a,4,prototype,678,0.8406731394627422,0.9216351017396133,0.8320508265563521,0.9722520972252098,0.6337245213094502,0.9087962280831,0.8030653026803065,0.8858587202341359,0.9752004475107217,0.8465154867256637,0.8048289738430584,0.735816477553034
a,4,prototype,693,0.8434842220011931,0.9219066840288026,0.8365511078077836,0.9728379644083671,0.6496660595021251,0.9121441938343346,0.801181617619564,0.8873569255684678,0.9742875568973092,0.8436231275374493,0.8166445623342176,0.7336159903089037
a,4,prototype,708,0.8434266547068542,0.9226749981428096,0.8340684399878366,0.9730013820489362,0.6398514851485149,0.9117675925017176,0.801695107646903,0.8907314313072621,0.9743939592172401,0.8539140022050716,0.8100201748486886,0.7354647574373534
a,4,prototype,723,0.8484872631805085,0.9227471569834654,0.8420789122271386,0.9727026869272526,0.6827503015681544,0.9143477402802447,0.7998202987533226,0.8871289735208301,0.9751472650771389,0.8486345546864279,0.8151218703365942,0.7407316774746115
a,4,prototype,738,0.8503640371258816,0.9231814416991803,0.8426583607121193,0.9717549365509445,0.6994011976047905,0.9128786013297218,0.8011155256723717,0.8908516257522622,0.9749336423791544,0.8531371460299834,0.8124895642010352,0.7367140946126718
a,4,prototype,753,0.846505110265106,0.9210738815810126,0.8418364096871838,0.9720187061574435,0.7023529411764706,0.9112147239263804,0.7983457149421767,0.8899538131274801,0.9727765655581881,0.8525711159737418,0.8032454361054767,0.7160669754185963
a,4,prototype,768,0.8524273912585908,0.9254350352091125,0.8462086752852837,0.9721761849981477,0.6872451951077461,0.9121475054229935,0.8096805565945986,0.8922332233223322,0.9766093320281546,0.8600654664484452,0.8082832331329325,0.753405824271966
a,4,prototype,783,0.8533456558317162,0.9248087425564617,0.8437519294189736,0.9722536585365854,0.6983173076923077,0.911854703385648,0.8067673894573529,0.8881026094648385,0.9769455669565541,0.8685400959561344,0.8061002178649237,0.7512293531711007
a,4,prototype,798,0.8538978432778672,0.9262038953161752,0.845383423923628,0.9722552594123496,0.6904337492572786,0.9135546334716459,0.8142356036246712,0.8908215145838908,0.9773095322301435,0.8592834763656177,0.8104575163398693,0.7567293042153377
a,4,prototype,813,0.8481421811887997,0.9226026843551102,0.8387584576095859,0.9720260621903164,0.6723095525997581,0.9132357276211064,0.8001862397478601,0.8783283689863706,0.9777074510168939,0.8606836442870761,0.8010843781768892,0.757718206072926
a,4,prototype,828,0.851944757777743,0.9231178060158733,0.8458785754257963,0.9711776758708167,0.685282140779523,0.9153983000593002,0.8010727695333453,0.878254972875226,0.9775030948369742,0.8645619789531228,0.8181666943936117,0.7560851926977687
a,4,prototype,843,0.8495820247942558,0.9215722721330339,0.843509106772511,0.9714709730331375,0.6859504132231405,0.9156840495337708,0.7914195768357859,0.8763549758497118,0.9773676360924684,0.8598003009164273,0.8163536646169187,0.7518366330469431
a,4,prototype,858,0.8445647138625245,0.9207927979585693,0.8379524604077299,0.9708745455256265,0.6605279312461633,0.9146509341199607,0.7982007916516732,0.878434189261986,0.9752339328738724,0.8711673312250791,0.8031628532974427,0.7288299155609168
a,4,prototype,873,0.8460269672166176,0.922771461711604,0.8348969186737265,0.9710006061909697,0.6501240694789082,0.9132675600058902,0.7975504847998833,0.8810280810191876,0.978308227977731,0.8658738938053098,0.7987804878048781,0.7583092938668005
a,4,prototype,888,0.8485192528494225,0.9225638335718074,0.8401416435426701,0.9719326383319968,0.6646266829865362,0.9163543105148945,0.7986445514535402,0.8763528138528138,0.9777872982462676,0.8646107039137049,0.8127808287568647,0.753583447588184
a,4,prototype,903,0.8489124191817244,0.9232521550118474,0.8426808851493052,0.9724695247226407,0.663036902601331,0.9160614594140606,0.8022943440063893,0.8814407650712786,0.9765803379215865,0.8670868731159221,0.8158677685950413,0.7453737971872687
a,4,prototype,918,0.8506332121629989,0.9239832516848304,0.8429999058673584,0.973328904433459,0.6707021791767555,0.9151273336288853,0.7995110024449877,0.8829533404029692,0.9775097631674604,0.8685932388222465,0.8109011870924595,0.7570719602977668
