track,seed,strategy,n_labels,macro_f1,weighted_f1,balanced_acc,f1_agn,f1_cep,f1_cv,f1_ea,f1_ew,f1_lpv,f1_rr,f1_sn,f1_yso
a,0,random,18,0.22757210250290594,0.3455833553963725,0.29855871879488893,0.09219378911184888,0.005563282336578581,0.36033285735388254,0.11715032024904283,0.6427489177489177,0.44931777786686977,0.20103727714748784,0.0930621342992477,0.08674256641227741
a,0,random,33,0.4069409678326133,0.6509527665706897,0.41274324326159884,0.5896117191118044,0.016398420892802915,0.5341317365269461,0.24686451157039394,0.7576418363770882,0.8593416749608986,0.2572877059569075,0.22540288379983037,0.17578822129684712
a,0,random,48,0.46273524092609314,0.6774585547548123,0.4922665683982754,0.6978702871054767,0.028037383177570093,0.36255719055273894,0.31216718577313374,0.7494129486749413,0.8609884746612697,0.44769159023783617,0.3223905723905724,0.3835015357612988
a,0,random,63,0.5387801827263432,0.761982326148488,0.5538543457448859,0.8460125105803176,0.017228464419475654,0.5474742750233863,0.46880844520177883,0.782259630948527,0.9107599916792533,0.37895146386538275,0.48431618569636137,0.41321067712260595
a,0,random,78,0.6009210733700501,0.7929044006180538,0.6128633571484259,0.9321435499515034,0.03817177297840281,0.6610587033587695,0.49394865283123685,0.7460527476404692,0.9138235991320363,0.5327528601802166,0.7007165726482696,0.3896212016095463
a,0,random,93,0.618102244965992,0.8166231412518304,0.616654491068556,0.9255870572528077,0.03181568842567197,0.7448269001193792,0.5485490388147423,0.8035831794349275,0.9253998578693321,0.5856768757827622,0.6301005883469349,0.3673810186473699
a,0,random,108,0.6442135855618951,0.832919751966242,0.6416354385506698,0.9435779816513762,0.0343558282208589,0.8099422806926316,0.5696502667457024,0.7802507621427098,0.9416733856189987,0.583315553659057,0.7048824593128391,0.4302737520128824
a,0,random,123,0.6371131450110721,0.8417497852007053,0.6240401559757419,0.9377272464939113,0.03821656050955414,0.7951371445795238,0.6718303504286359,0.8231845730027548,0.9363338998227436,0.6126386878919441,0.5542312276519666,0.3647186147186147
a,0,random,138,0.6421281161069065,0.8450296116051508,0.6359634733280938,0.9358762399622107,0.05284319356691557,0.7969087168163798,0.6558346807587648,0.8400737335376551,0.9398181113504647,0.6272214997832684,0.5234403839055002,0.4071364852809991
a,0,random,153,0.683862060133013,0.85805039617907,0.6773998910256472,0.9459246897239646,0.0594059405940594,0.837082262210797,0.6817863848900998,0.8287440324003892,0.9416854880404909,0.6510607168983175,0.7999359282396283,0.4091330981993688
a,0,random,168,0.6713475794358676,0.8541259377197576,0.6564818787851757,0.9389008898313482,0.04607329842931937,0.8283534334235786,0.6872348343877931,0.8405025262870408,0.935932300425806,0.6796610169491526,0.7135012308274948,0.37196868436127556
a,0,random,183,0.698913004306098,0.8657835060405197,0.6953831498501909,0.9430798066489099,0.03696498054474708,0.8383251527596914,0.6776981778539168,0.844003323378169,0.9465743440233236,0.6716196136701337,0.7400183992640295,0.5919332406119611
a,0,random,198,0.7027113047584442,0.8704719415801558,0.6960110863213164,0.9479399048427536,0.036597428288822946,0.8386903274181454,0.6976387022461125,0.8538916499876312,0.9468816284171909,0.6625738445499826,0.7330707184393171,0.6071175386360415
a,0,random,213,0.7028453176814429,0.8696397005313119,0.6939603658965201,0.9476010973178867,0.05159165751920966,0.8458748866727108,0.6932771499712699,0.8521548149974227,0.9462219196732471,0.6586527017376815,0.7403810235338065,0.5898526077097506
a,0,random,228,0.6892239109145558,0.8616080251302881,0.6905441960868051,0.9393238717907829,0.03645569620253165,0.8368048533872599,0.6740500286423525,0.8377052868391451,0.946598296859262,0.6552788186026008,0.739842095128057,0.5369562507790103
a,0,random,243,0.6902012353494855,0.8641058962208625,0.6884639251644055,0.9386114055967836,0.037614185921547555,0.8332568690421573,0.6881182402524922,0.8478511809625289,0.9467181045620803,0.6575555555555556,0.7204946353882524,0.5415909408639732
a,0,random,258,0.6872149909665236,0.8583153185563216,0.6865865754457952,0.9379759739351177,0.04355108877721943,0.828108852910782,0.6750201172548569,0.834996300365479,0.9418983700862895,0.6560017652250661,0.7424673109721432,0.5249151391717584
a,0,random,273,0.6971448432830795,0.8665651341411058,0.6894394652821234,0.9511747647511393,0.04967320261437908,0.8372024970737417,0.6817497364854691,0.8392809349629762,0.9481404164148767,0.6670524244879065,0.7390017754981258,0.5610278372591007
a,0,random,288,0.7142273503036912,0.8688197789836939,0.718663740445558,0.9448048071948745,0.11489957963568426,0.8254162211700016,0.6783760437661964,0.8622866597004528,0.9440910002369798,0.7149361465852304,0.802732707087959,0.5405029873558427
a,0,random,303,0.720418798545989,0.8723056862672902,0.7256721288984083,0.9446494464944649,0.12624584717607973,0.8505876341338784,0.6828721316727404,0.8585728335701016,0.9474368958724633,0.6979027219991075,0.8095318573601488,0.5659698186349162
a,0,random,318,0.7307837860780245,0.8788828511945594,0.7378496727002521,0.9607593961799138,0.14266242616992275,0.8357668012840427,0.6825307950727884,0.8571176223807105,0.9552679403326537,0.7037119359857746,0.8346761198839833,0.6045610374124311
a,0,random,333,0.7208389659795629,0.8738425840729499,0.7242826416837397,0.9612638790001347,0.14408929477422627,0.8406026179303532,0.6683790183408918,0.8536913343473757,0.95105801731722,0.7029724933451642,0.8060066352365985,0.5594874035241008
a,0,random,348,0.7292800365191254,0.8792274196054367,0.7268273116402847,0.9602571258107354,0.1590559261159569,0.8580723476571983,0.6937462775461585,0.8561592772880762,0.9526484081746142,0.7080223880597015,0.7848463187991422,0.5907122592205465
a,0,random,363,0.7337163864616847,0.8815176535525865,0.7256227397878444,0.9611361673543806,0.16507177033492823,0.8751672720321162,0.6944883805815792,0.8553838149537167,0.9535733784921758,0.7276555919513337,0.775187969924812,0.5957831325301205
a,0,random,378,0.7293054445138555,0.878655141810654,0.7205352203080402,0.9600214855739717,0.15026208503203262,0.8651251489868892,0.6856369642217535,0.850157040656081,0.9534091329950742,0.7211895910780669,0.7760474601408973,0.6019000919399325
a,0,random,393,0.7348373733355419,0.8806223773422842,0.7276790470648576,0.9604811659019933,0.15710306406685237,0.8835171185053209,0.6797618565469199,0.8455481526347668,0.9558071821417017,0.7346541874316276,0.783020586627801,0.6136430461628932
a,0,random,408,0.7368712216519699,0.885078716244251,0.7255745704348929,0.9551249071056994,0.17254476397178514,0.8781302170283807,0.7191293757120968,0.8619906537974407,0.9563281510890134,0.746202841744243,0.7687991021324355,0.5735909822866344
a,0,random,423,0.7413144380050015,0.8874423456055514,0.733796232577591,0.9602756772279123,0.1672514619883041,0.874841258642585,0.7162760469556034,0.8638340436635644,0.957689600237116,0.7685314685314686,0.7768471989577517,0.5862831858407079
a,0,random,438,0.7499879958990827,0.8928953635838711,0.741071680190379,0.96270207852194,0.17433414043583534,0.8691267260474104,0.7410612437556543,0.8693348513377414,0.9596972423452588,0.7781334646638759,0.772642564293701,0.6228596516903263
a,0,random,453,0.7522404132774144,0.8939644728061719,0.7398506400631413,0.9610454597944493,0.16869009584664538,0.8830799829521239,0.746588693957115,0.8674925170959779,0.959263444545303,0.7904176274660517,0.7747949291573453,0.6187909686817189
a,0,random,468,0.751728224126226,0.8947886613236209,0.7455414822766596,0.9608001228595562,0.1627751834556371,0.8777127759954708,0.7499415022229156,0.8727208511765485,0.9597644567458622,0.788649476039091,0.774948894257573,0.61824075438338
a,0,random,483,0.7566167226018242,0.8976117233185947,0.7484454443565274,0.9606299212598425,0.16209150326797386,0.88756777323314,0.7617992127488822,0.871826625386997,0.9608186046511628,0.8112538226299694,0.7742175856929955,0.6193454545454545
a,0,random,498,0.7537768568740983,0.8955533046170664,0.7464987202073234,0.961293181511666,0.16452442159383032,0.876275028333963,0.753599438136486,0.8714524207011686,0.960164171897634,0.7945007235890015,0.77023988005997,0.6319424460431655
a,0,random,513,0.7554662361575394,0.8982085635646034,0.7465101818016913,0.9608188928078516,0.13739376770538245,0.8860061772392492,0.7584914499882877,0.8737783413866235,0.9618590130729278,0.7949465500485908,0.7702072055254807,0.6556947276434605
a,0,random,528,0.7532953665206084,0.8977450890309173,0.7467685272131401,0.961726165315298,0.12634601579325197,0.8862457776297635,0.7569714908864309,0.8752493478594445,0.9608796274781348,0.7862118664424693,0.774865216583008,0.6511627906976745
a,0,random,543,0.753626847189371,0.8970380156534414,0.7452915710198561,0.9611428351694834,0.14683888511216858,0.8798119858989424,0.757327720611163,0.872935920459025,0.9616035717607665,0.78609239653513,0.767503805175038,0.6493845039826213
a,0,random,558,0.7619731551398388,0.9001286303421167,0.7504267259771306,0.9626993440163131,0.19804560260586318,0.88720307240055,0.7684907257754175,0.8769301733037538,0.9619334113234175,0.7888328618866068,0.7684430115683671,0.6451801933782596
a,0,random,573,0.7546448008358313,0.8967626790899345,0.7446410120611967,0.9568210383834478,0.17298735861610112,0.8884046987495263,0.7564112618618147,0.8751765958834141,0.9618327690952094,0.7933802642954181,0.7709433962264151,0.6158458244111349
a,0,random,588,0.7582220866783328,0.8985356182054428,0.7464843050242432,0.9630735657267558,0.16044260027662519,0.8875620940007642,0.7543798041281361,0.8700855072779096,0.9632196508700378,0.799560546875,0.7731376975169301,0.6525373134328358
a,0,random,603,0.7540815581668204,0.897287259797321,0.7408747606663619,0.9618419795547912,0.1391304347826087,0.8897363779377413,0.7565991525094273,0.8708113067412294,0.9609359067059717,0.804093206756257,0.7720226843100189,0.6315629742033384
a,0,random,618,0.751088430820439,0.8972161834584784,0.741710998533029,0.9633243413878207,0.12014652014652015,0.8886983037926434,0.7582166000543247,0.8729114590185502,0.9600913470910964,0.796556741028128,0.7710166635461524,0.6288339013187139
a,0,random,633,0.7518230037056193,0.8975197900038157,0.7384807564767369,0.9604132121142813,0.14697406340057637,0.8884577161516256,0.7575148752028437,0.871324497498464,0.963622520983436,0.8014545454545454,0.7522793404461687,0.6243662620986327
a,0,random,648,0.749976565352552,0.897153779725462,0.7376480248479638,0.9611489386050237,0.13617021276595745,0.8882491741387447,0.7620779019842958,0.8712405808563457,0.9622233563773025,0.8035091936065377,0.7601461819580688,0.6050235478806908
a,0,random,663,0.7719013027602672,0.899633335111035,0.7552091872091479,0.9619837236847133,0.3094521372667068,0.8940762574878768,0.7617676806971135,0.8711527516308393,0.9627797997758824,0.8149150873738616,0.7581674076937946,0.6128168792316171
a,0,random,678,0.7693985433281318,0.9000823679704826,0.7523864537804881,0.9639739239830735,0.28875,0.8926355671323704,0.7702532370803254,0.8714680827525169,0.9619394478578777,0.8093432799315152,0.7528221097703387,0.6134012414451695
a,0,random,693,0.7731870293505316,0.9010119408798155,0.758404673061936,0.9637189073706699,0.2976688583383144,0.8947645734540404,0.765002502020863,0.871916947695563,0.9635374679157517,0.8066855106304535,0.7744600938967137,0.6209284028324155
a,0,random,708,0.7681293506156117,0.8998713628425987,0.7543558140542793,0.9624211949793345,0.2779126213592233,0.8921147817699542,0.764833462432223,0.8733962720890825,0.963118096226555,0.7887425149700599,0.771870286576169,0.6187549251379039
a,0,random,723,0.7713682066861037,0.9007670473860876,0.7574847739374617,0.9640541005873012,0.29429797670141017,0.8913262129412328,0.7700765002114327,0.874220236251825,0.9622725337381292,0.7974439353749698,0.7698412698412699,0.6187810945273632
a,0,random,738,0.7744556874015068,0.9030427643308665,0.7600925449963087,0.9636096200500487,0.29418886198547217,0.8953854972771568,0.7752228641389601,0.878068214514951,0.9636474862820703,0.7997086671522214,0.7713959680486877,0.6288740071639931
a,0,random,753,0.7711698988066423,0.9022100408945937,0.7568697462324661,0.965366722187123,0.2628120893561104,0.8963676232243303,0.7713606381346833,0.8760786563969014,0.9624444918278992,0.801121130879844,0.7715582450832073,0.6334194921696822
a,0,random,768,0.7743720270496318,0.9032965664405394,0.7573377561035884,0.9638264585797688,0.2750877192982456,0.8956286487256159,0.7795500399710685,0.8771890982354373,0.9626814482490128,0.819007858546169,0.7745098039215687,0.6218671679197995
a,0,random,783,0.7797989504274054,0.9057004818533261,0.7625350929777238,0.964233800015301,0.29004329004329005,0.8936499492189389,0.7810863499101717,0.8784882056251789,0.9655517002081888,0.8262015309323629,0.7661727502710517,0.6527629776221647
a,0,random,798,0.7787114473063723,0.9060404488479157,0.7618534526498506,0.9651454027493643,0.2764786795048143,0.8956831073935199,0.7812642802741813,0.8778839997350584,0.966140915990966,0.8215496672108502,0.774745269286754,0.6495117036118431
a,0,random,813,0.7785867836677425,0.9057224695196912,0.7626852689466672,0.9647180707173417,0.2863070539419087,0.8933595813127191,0.7842664456333358,0.8788443616029823,0.9653927675604631,0.8250950570342205,0.7722021660649819,0.6370955491417287
a,0,random,828,0.7794595576007721,0.9061118809067674,0.7619493609054058,0.9651584665886012,0.27890679747722497,0.8940694126620901,0.7811463219311292,0.8802403145293104,0.9653431938987751,0.8335870116692035,0.775795475446018,0.6408890242045974
a,0,random,843,0.7792819679385438,0.9059919715109505,0.761649377716869,0.9655608820709491,0.27716994894237784,0.8938946566339652,0.7779193205944799,0.8798857519499066,0.9656084411441043,0.8320764203117145,0.7725684868542011,0.6488538029451951
a,0,random,858,0.7826401408651171,0.9057806204443091,0.7656840809977898,0.9653253506802525,0.31163434903047094,0.8912929012493418,0.7751351351351351,0.8795106765466743,0.965814102030048,0.8243037974683545,0.771599347944213,0.6591456077015644
a,0,random,873,0.7801216183200436,0.9064199929775224,0.7614915922215285,0.9662398584996347,0.28736462093862813,0.892235609103079,0.7803901950975488,0.8814391200508337,0.9655949949635434,0.827435336507528,0.7700398984403337,0.6503549312792629
a,0,random,888,0.7749804922373914,0.905233308252651,0.7579567935603113,0.966335265440866,0.2732166890982503,0.8914247195339208,0.7765775567298725,0.8824988036716405,0.9652491786590163,0.8283591815456797,0.7562658917544497,0.6348971437028267
a,0,random,903,0.7794690546627896,0.9054975990638332,0.7631191660308138,0.9665594979111719,0.30193905817174516,0.8921412355697242,0.77834008097166,0.880577856101647,0.9648225402140432,0.8311116862948104,0.7638913864412875,0.6358381502890174
a,0,random,918,0.779381905713453,0.9037069995355046,0.760724794222656,0.9662079040442872,0.3240677966101695,0.8883626522327469,0.7717024118155393,0.8794160836140623,0.9635785464697073,0.8356378815549178,0.760931899641577,0.624531975438071
a,0,uncertainty,18,0.22757210250290594,0.3455833553963725,0.29855871879488893,0.09219378911184888,0.005563282336578581,0.36033285735388254,0.11715032024904283,0.6427489177489177,0.44931777786686977,0.20103727714748784,0.0930621342992477,0.08674256641227741
a,0,uncertainty,33,0.35320795775638403,0.5289028838417064,0.4295878511569194,0.8373263858327319,0.02046479361775928,0.31485668887123386,0.345403531935963,0.4803745881264813,0.563135162601626,0.2406302026231372,0.2504769386151947,0.1262033275833287
a,0,uncertainty,48,0.3927063868268572,0.5953357653490848,0.4479791564942419,0.8405005518041189,0.009324009324009324,0.4144083713442447,0.4880005119781556,0.16827802456232036,0.7904502617801047,0.24644549763033174,0.3586919104991394,0.21825834251929052
a,0,uncertainty,63,0.44337730966053557,0.6381107715835503,0.510124505367735,0.8460295431645786,0.06431317721076546,0.5390308777610732,0.48483622220723455,0.3746027452836568,0.7837559310389248,0.19660113295568143,0.39638693414557297,0.3048392231773321
a,0,uncertainty,78,0.5187461320217395,0.695407503526165,0.5626061482196919,0.8971503626292044,0.060988433228180865,0.7090491970430792,0.48470464135021096,0.3878724516466283,0.8454420766034105,0.2754037840332257,0.6980645161290323,0.3100397255326833
a,0,uncertainty,93,0.545278069399733,0.7378934312545464,0.5750287318716428,0.9153281626306108,0.16751503933364184,0.6982967062489925,0.5068163181631816,0.6132221902845645,0.8553045525584039,0.2951577255374724,0.6226712977581307,0.23319063208259885
a,0,uncertainty,108,0.5856830026479556,0.8004547989427682,0.5974167019225803,0.9201762514419712,0.16237238697131745,0.7702596791890903,0.5912666607296583,0.7269515521496298,0.9286952239343114,0.3544590312358533,0.6076705438541339,0.20929569432563444
a,0,uncertainty,123,0.6093461979286641,0.8188374562898063,0.6269146489062595,0.9374009360956235,0.1304992585269402,0.7830132052821128,0.6097463016266149,0.7639619085408194,0.9337078005482814,0.4703692820060731,0.5567641060503059,0.2986529826812059
a,0,uncertainty,138,0.6417370296936479,0.843232078647762,0.6422172899426258,0.9403968565081854,0.19119608714984437,0.7560180805213917,0.6608483037321289,0.811573354370171,0.957005639677893,0.5268347654599239,0.5899102445063448,0.34184993531694696
a,0,uncertainty,153,0.6486144124842933,0.8457584806564941,0.6449623565256948,0.9377307133002722,0.20114942528735633,0.811162889218386,0.6606679356290016,0.8244840359851826,0.9514574012018646,0.4107570454964082,0.7138077858880778,0.32631248035209054
a,0,uncertainty,168,0.690791281825087,0.8641543868017582,0.681185713992637,0.9441486348702843,0.27314814814814814,0.8273916388817646,0.6877653975973578,0.8387601957585644,0.9617040267021207,0.5639355502228317,0.7268673355629878,0.39340060868172355
a,0,uncertainty,183,0.6990579775039362,0.8644927158641416,0.7052683139340915,0.9500161729170234,0.2915346310547759,0.8058459569020695,0.6907045980813761,0.83564305141821,0.9585675148981839,0.5548956388936026,0.713957495692131,0.4903567376780537
a,0,uncertainty,198,0.7045164859305352,0.8683575759802057,0.7010605387605655,0.9529843788648515,0.3214871514488792,0.836036780659159,0.6787366290835501,0.8324133931831361,0.9661100977503391,0.41694063043898666,0.7418743623378516,0.5940649496080627
a,0,uncertainty,213,0.7453662267892449,0.8840828427166207,0.7391506477324699,0.9573762910436258,0.3343108504398827,0.8507676560900717,0.7037050968591311,0.8369191049913941,0.9712927579457545,0.6553308823529411,0.7379807692307693,0.6606126321496341
a,0,uncertainty,228,0.7418441227313017,0.8835482317864203,0.7428728619285591,0.9554737453981786,0.27122381477398017,0.8419904425514232,0.7021450308023455,0.832646544842614,0.9730961811523803,0.6489215236346948,0.7697725605282465,0.681327260897853
a,0,uncertainty,243,0.7478960733761889,0.8835475160900246,0.7464729807235718,0.9525580674531683,0.34340836012861736,0.8589934714439932,0.7033991630570443,0.8338594594594595,0.971400200470262,0.6325685149776928,0.768624014022787,0.6662534093726754
a,0,uncertainty,258,0.7414616116174648,0.8824434661863598,0.7386921805576484,0.9613984543808763,0.37642330877428,0.8614015112307215,0.6915805348144334,0.8359234907352062,0.9719970110218569,0.5231040564373898,0.7591801878736123,0.6921459492888065
a,0,uncertainty,273,0.7546698546725891,0.8850206054834002,0.759202906220622,0.9609844996178794,0.3650034176349966,0.8690802149883379,0.6954345517973608,0.83870274452492,0.9669794078225905,0.6418381138309055,0.7744206512173658,0.6795850906189445
a,0,uncertainty,288,0.748045053457477,0.8826503143056887,0.7547602288601349,0.9539717450316035,0.3681726230613621,0.8713054187192119,0.6956191921107528,0.8422518912200244,0.9664296407185629,0.6513706793802145,0.7637094458799886,0.6195748449955713
a,0,uncertainty,303,0.7721996463254338,0.8832074949889063,0.7803395158140867,0.9489290281329923,0.5940366972477065,0.8663892741562644,0.6956623225053492,0.8431932486574034,0.9665854701649342,0.6477174849267873,0.7556183745583039,0.6316649165791622
a,0,uncertainty,318,0.7795882171992344,0.8887661584791667,0.7791286694776511,0.9589419660481643,0.5806451612903226,0.8687577383408998,0.7015540514992249,0.8452355391420106,0.969285561517217,0.6819484240687679,0.7504889633975971,0.6594365494889055
a,0,uncertainty,333,0.7922401556872807,0.8919203750348123,0.7974690429139771,0.9588572103181631,0.6280353200883002,0.8662466062189437,0.7107009381435436,0.8454348766767633,0.970364996093314,0.7484161621849923,0.750140056022409,0.6519652354390971
a,0,uncertainty,348,0.7856242690553604,0.8891032697464626,0.798139690779675,0.9583646653738077,0.6303664921465969,0.8731354759341842,0.7033200531208499,0.842613847532848,0.9693283484924576,0.693504366812227,0.7588966700014291,0.641088502083844
a,0,uncertainty,363,0.7948933123526997,0.8944171052269969,0.801531318362701,0.9659874638948381,0.6366962885520125,0.8800491475963753,0.7066502841345416,0.8485638552122713,0.9710418984056359,0.7127746135069162,0.76998556998557,0.6622906898861353
a,0,uncertainty,378,0.7985188123607956,0.8963570045454716,0.8045615612266178,0.9669574721392743,0.6304347826086957,0.8778248227312146,0.7168067863364387,0.8487841115165287,0.9711884419073827,0.7510384934921075,0.767435158501441,0.6561992420140769
a,0,uncertainty,393,0.8046331502343722,0.8979275861395211,0.8109847742285997,0.966549330396649,0.6543878656554712,0.8777346145982416,0.7164482602801627,0.847578285364895,0.973358272149484,0.7544843049327354,0.766527437707043,0.6846299810246679
a,0,uncertainty,408,0.8063493366615755,0.8996578015369245,0.8122102766037371,0.9674686746279193,0.6254742547425475,0.8794051741698921,0.7122882800954871,0.8478654874986352,0.9754572688536182,0.7705031013094418,0.7695204983340577,0.7091612903225807
a,0,uncertainty,423,0.8068157425782236,0.8998801035544399,0.8137085713598448,0.9673844702923609,0.6460409019402202,0.8819717303668929,0.715209869113886,0.8484980980280705,0.975848375786997,0.7537418808246258,0.7718940936863544,0.7007522631646054
a,0,uncertainty,438,0.8070640674483953,0.9007083760809768,0.8195388651815042,0.967714010270132,0.6416065911431514,0.8799794661190965,0.7141251405020607,0.8488978482843245,0.9777520732082723,0.7555240793201133,0.7644521138912856,0.7135252842971207
a,0,uncertainty,453,0.8171406360947886,0.9055915674653752,0.8312014510112244,0.9696339189321818,0.6475531389026199,0.879955046996322,0.7281965083852237,0.8563155832281099,0.9782134263490702,0.8042813455657493,0.7665223665223665,0.7235943899714534
a,0,uncertainty,468,0.8129266175876008,0.9043507380460575,0.8267264895813736,0.9687592043513265,0.643315244203256,0.8819099339105487,0.7290673172895642,0.8551483420593369,0.9778163364304638,0.774,0.7648586266589729,0.7214645533849368
a,0,uncertainty,483,0.8114464819597345,0.9039801546566084,0.8240197298716947,0.9686160380697684,0.6663239074550128,0.8822418457454954,0.737913858775271,0.8581735586879551,0.9763087967926903,0.7385474860335196,0.7674048342741352,0.7074880118037624
a,0,uncertainty,498,0.8238431825404204,0.9101583019760328,0.837520979615098,0.9719490978751686,0.6663174436877947,0.8825691820688246,0.7547827376538633,0.8630653546645246,0.9780565433688946,0.7949088046188164,0.7678751986133179,0.7350642803125788
a,0,uncertainty,513,0.820395246786073,0.9084751119553734,0.8315208069391647,0.9719669924504009,0.6550816219062665,0.880842794313184,0.7405860975798345,0.8651419387068048,0.9774516119996639,0.8001596593932943,0.765791750793193,0.7265347539320142
a,0,uncertainty,528,0.8281898034112639,0.9127872432285042,0.8357106336825557,0.9705260685767966,0.66738894907909,0.8837019255324583,0.7609476499808941,0.8733904176743578,0.9778022141871995,0.8163872363439697,0.7676738470435159,0.7358899222830934
a,0,uncertainty,543,0.8321326085839051,0.913165640709399,0.8461079408078968,0.9715571205007825,0.691437802907916,0.8831368528959508,0.766523151295415,0.8697804991268596,0.977255956884393,0.8341097308488613,0.7649597238204833,0.7304326389744854
a,0,uncertainty,558,0.8308033509890365,0.9123883283792159,0.8363377883804736,0.9720766523269456,0.6815642458100558,0.8803440684040755,0.7549497171590195,0.8714494121685403,0.9773216632644501,0.8373154362416108,0.7638769053781996,0.7383320581484315
a,0,uncertainty,573,0.8304963024262134,0.9131312039692421,0.8344416865536006,0.9711288144218913,0.6677667766776678,0.8821393874316101,0.7595431789737171,0.8752817914421281,0.9766870709062832,0.8418186768309284,0.7665324899367453,0.7335685352149484
a,0,uncertainty,588,0.8326355185841154,0.9135798791694942,0.8374696626367256,0.9736939607261949,0.6786885245901639,0.8882376717865804,0.7544351073762838,0.8733714580556392,0.9771105048768639,0.8278428669882839,0.7781190580664034,0.7422205147906262
a,0,uncertainty,603,0.8358819164101023,0.9162680114689477,0.8354541770096052,0.9726925177498634,0.6793981481481481,0.8858910640024343,0.7687777267859874,0.8770804438280166,0.9787047651000457,0.8391531481990652,0.7736398021530404,0.7475996317243193
a,0,uncertainty,618,0.8321598009834886,0.9160866292790785,0.8333103735985242,0.9721972392757987,0.6605818596691386,0.8875546962450391,0.7692366470543287,0.8798410264163985,0.978603939710491,0.8245936395759718,0.7740810693011768,0.7427480916030534
a,0,uncertainty,633,0.8329936762293854,0.9144488537223728,0.8356503775826721,0.9725093984962406,0.6693046919163369,0.8874381598408732,0.7608938117764701,0.8738624384156968,0.9779203940188241,0.822997598530866,0.7815758980301275,0.750440695039033
a,0,uncertainty,648,0.837194300302294,0.9163364440046233,0.841354390727441,0.9727041315841003,0.6805165637282425,0.8862421743777676,0.7696808715402087,0.8752430750615791,0.9786988095571031,0.8312542837559973,0.784495227075499,0.7559135660401484
a,0,uncertainty,663,0.8325992082477868,0.9158804017711757,0.8326137222731287,0.9731116463975873,0.6597701149425287,0.8914554374488961,0.7681830355434824,0.8767170477543814,0.9782865872402262,0.8137733142037302,0.7819048995519584,0.7501907911472908
a,0,uncertainty,678,0.8336175348601835,0.9151085965209084,0.8380343570523858,0.9734759442093716,0.6603032004491859,0.8874795417348609,0.7591155481027961,0.8736909871244635,0.9787471931573603,0.8375857338820302,0.7798125450612834,0.7523471200202995
a,0,uncertainty,693,0.8362294092635705,0.9169159437244289,0.8428182008918107,0.9729623747622689,0.6781115879828327,0.8910485933503837,0.7689568414940972,0.8772534407374701,0.9794112166946153,0.8286786160900376,0.7802404751557294,0.7494015371046995
a,0,uncertainty,708,0.8374069619618827,0.916905748985259,0.8428880606514685,0.9724028206085129,0.6648321408915795,0.8938825200365222,0.7672240284873819,0.8766203005899832,0.9785250913429274,0.8382373255974582,0.7937811674977999,0.7511572626047792
a,0,uncertainty,723,0.8371961545948503,0.9170827424964838,0.8427381216627712,0.9724468168616061,0.6573816155988857,0.8915370632195516,0.769135707113617,0.8784176847004073,0.9779562111946221,0.8440570084405701,0.7929011440305075,0.7509321401938852
a,0,uncertainty,738,0.8394366638950077,0.9187244009873559,0.8411229689681454,0.9732788431310908,0.6573816155988857,0.9025419471516126,0.7694034761738862,0.8803741525787351,0.9787055589208331,0.823579304495335,0.8107945122870496,0.7588705647176411
a,0,uncertainty,753,0.8411909016696045,0.9192424664505634,0.8422769102093297,0.9726870514207059,0.6692520775623269,0.9035180431828477,0.7676664972038637,0.8811263513224801,0.9797528658627364,0.8297812675266405,0.8079130172153428,0.7590209437294979
a,0,uncertainty,768,0.845156891808545,0.9206337796921489,0.8496222053128129,0.9733652375161809,0.6824894514767933,0.9007894604515513,0.7723174206643507,0.8829554707924399,0.9800428584738656,0.843447792571829,0.8075471698113208,0.7634571645185747
a,0,uncertainty,783,0.8474756445587089,0.9212786540811579,0.8493199506442165,0.9748548564255453,0.6955567745474492,0.9073215006050827,0.771455443216553,0.8814667606897878,0.9802467986030268,0.8414889167712254,0.8109746854630893,0.7639150647066214
a,0,uncertainty,798,0.8514134602648811,0.9233435498537717,0.8544179514554971,0.9756585136406397,0.7049269085002707,0.9062233160882013,0.7813071031452898,0.8834746674701907,0.9808297781172569,0.8531909066009312,0.8121656732385756,0.7649442755825735
a,0,uncertainty,813,0.8513338957353962,0.9231925441622243,0.8551565703469517,0.9761890763713328,0.6949061662198391,0.9070961248112733,0.774019801980198,0.8829505677452403,0.9811763391610344,0.8605220228384992,0.8098698153194066,0.7752751471717431
a,0,uncertainty,828,0.8489784541301385,0.9225929976841059,0.8501296609372021,0.9756422045272239,0.679494227597581,0.9056452421538153,0.7736072698538127,0.8837705267647686,0.980586503707568,0.8605000683153436,0.8156136087484812,0.7659464355026524
a,0,uncertainty,843,0.8503853820316095,0.92265188287397,0.8482478870613703,0.975641276679068,0.699606962380685,0.9070650544618767,0.7758273835351662,0.8834146653312592,0.9804479931507487,0.852085620197585,0.8167763661411297,0.7626031164069661
a,0,uncertainty,858,0.8528777106624753,0.9243575559775045,0.8528546459871893,0.9752963071799393,0.6943521594684385,0.9072484025559105,0.7826396863738961,0.8862216726714562,0.980784269913976,0.8643516006511123,0.8136062798214561,0.7713990173260926
a,0,uncertainty,873,0.8511858613842701,0.9248403592126423,0.853289141338029,0.9761089478936349,0.6845564074479737,0.9081367453018793,0.7864192656928544,0.8885557649477471,0.9806544153945027,0.8548150126886603,0.8149745801879525,0.7664516129032258
a,0,uncertainty,888,0.8528370806055252,0.925273505654792,0.8539241416307913,0.9757319555346798,0.6864169927333706,0.9107107107107107,0.7859249066247297,0.8879031393978356,0.9811057074179663,0.8556106716718058,0.8214616096207216,0.7706680317379063
a,0,uncertainty,903,0.8558369060862403,0.9263687258723405,0.8563565840790204,0.9760247183979975,0.6927374301675978,0.9062096373571783,0.7946595877576514,0.891144030444411,0.9798918112292483,0.8676549865229111,0.8200992555831266,0.7741106973160395
a,0,uncertainty,918,0.8519982932040179,0.9242424025023861,0.8517883205563086,0.9751946476779216,0.6825749167591565,0.913234706117553,0.7771789036611171,0.8854760486684251,0.9811394526159002,0.8626925653047556,0.8186804576085253,0.7718129404228059
a,0,margin,18,0.22757210250290594,0.3455833553963725,0.29855871879488893,0.09219378911184888,0.005563282336578581,0.36033285735388254,0.11715032024904283,0.6427489177489177,0.44931777786686977,0.20103727714748784,0.0930621342992477,0.08674256641227741
a,0,margin,33,0.462170711545806,0.7092773282459192,0.4876297753912879,0.8640146024587964,0.03218562874251497,0.4279197650440542,0.4164199581197198,0.7422709653020705,0.85223760114981,0.232450150232177,0.4792358803986711,0.1128018524644393
a,0,margin,48,0.5139189672674092,0.7438611304442475,0.5277761331927242,0.9028254249701269,0.11426365566492955,0.4714864236871805,0.471112258730876,0.7074684029107622,0.8953694762495976,0.29914672912832524,0.48092617194913645,0.2826721621157479
a,0,margin,63,0.5739662594011928,0.7956182645272488,0.5874217104986432,0.9002901609074123,0.2034712950600801,0.8093306288032455,0.5055241174885475,0.7476751110907508,0.9328888929255865,0.5795944779982743,0.27210526315789474,0.21481638717894289
a,0,margin,78,0.5832839940167518,0.8051198856265009,0.5765436473515962,0.9224179328095887,0.10936431989063568,0.7893975453824257,0.5038466044440973,0.7802033427995404,0.9323200353304872,0.5211575875486382,0.4704184704184704,0.22043010752688172
a,0,margin,93,0.5987291845684807,0.8172251788158745,0.586895568350623,0.9339676936653494,0.19963570127504554,0.8056926541760506,0.5176593773911643,0.7735746757309088,0.9518514805464671,0.5807284198451391,0.43471810089020774,0.1907345575959933
a,0,margin,108,0.6631657258842782,0.8342040714895986,0.6587968473079938,0.93350863285706,0.2273105745212323,0.8430781595338558,0.5092963259496486,0.7946222739049718,0.9503833436285019,0.719820605456584,0.7171314741035857,0.27334014300306436
a,0,margin,123,0.6874350544506016,0.8521591213912816,0.6721627789358171,0.9537648095564477,0.2336448598130841,0.8262315207939025,0.576330076004343,0.8144970354331506,0.9549433503569517,0.7184606481481481,0.6636096845194424,0.4454335054299448
a,0,margin,138,0.6888431112623967,0.8488558976428411,0.6866591223091397,0.9462473859499652,0.26536964980544747,0.7796281773308115,0.6107426764460451,0.8209197025713455,0.9457119067443797,0.7362936648904678,0.6073319755600814,0.4873428620630274
a,0,margin,153,0.6897866514093531,0.8604679459470389,0.6829049191495771,0.951937686315992,0.23065585851142226,0.8040095465393795,0.652093973442288,0.8360448957776591,0.9550346100599908,0.7286406528946697,0.5863636363636363,0.4632990027791401
a,0,margin,168,0.7210054290608856,0.8709876427226265,0.7231287147153029,0.9498373101952278,0.3536148890479599,0.8225984365258261,0.668522519528004,0.8375540457072267,0.9644864989614585,0.7722310805838342,0.6065924657534246,0.5136116152450091
a,0,margin,183,0.7343652238871947,0.8786990579397309,0.7372777808245778,0.954951789827068,0.24741379310344827,0.842635974740273,0.6819633551857455,0.848788920041318,0.9620540660314647,0.7713970858332313,0.782578638091946,0.5175033921302578
a,0,margin,198,0.734765748021635,0.8744300073320981,0.7510116241970839,0.9416205433103205,0.3391097519537887,0.8608577332056645,0.6781019156128709,0.8487362777635946,0.9597862714799025,0.7504718761796905,0.7962529274004684,0.43795443528841493
a,0,margin,213,0.7487393551718031,0.8798118813123174,0.7525155939268144,0.9569907234893801,0.3344996501049685,0.8543599733429026,0.653715183794639,0.8469389867704602,0.9645257757414469,0.774407341320418,0.8010544815465729,0.55216208043544
a,0,margin,228,0.7615024424073642,0.891294236772193,0.7565813806969723,0.9572030163549113,0.2942969090117545,0.874749498997996,0.7144023514043109,0.8570758938083266,0.9666523176685015,0.8117752007136485,0.8217942044074267,0.5555725892994021
a,0,margin,243,0.7679242103205687,0.8939249851138373,0.7699654765423475,0.9589739597524425,0.3401898734177215,0.8694008887072884,0.7196607491788966,0.8648020126424388,0.9681450242105166,0.7907213866938567,0.8224891558224892,0.5769348424594677
a,0,margin,258,0.7694966166366763,0.8955637126825932,0.7674675832179912,0.9540752199555255,0.33946642134314625,0.8780976220275344,0.7332497674982815,0.867354772669112,0.9689341189073379,0.7997489014438167,0.8271604938271605,0.5573822320581726
a,0,margin,273,0.7745062203711153,0.901881154804736,0.7630848279060555,0.9533887629125725,0.3153300600109111,0.8863217646765922,0.7609092675344861,0.8764979739632727,0.9715512712996839,0.8127563848087865,0.8156312625250501,0.5781692356086819
a,0,margin,288,0.7832677255422458,0.9045817587870894,0.7694103425272735,0.957385702088023,0.35281727224855186,0.889877975595119,0.7709564953766864,0.8752457941883329,0.9714542882859715,0.8064038746132114,0.8235691372615229,0.6016989902227922
a,0,margin,303,0.7934691585416571,0.9063206329850284,0.787413180843417,0.9600107922681108,0.40645773979107314,0.884872219711804,0.7626545817651126,0.873364353277847,0.9742950298798341,0.8140118968935889,0.8312080536912752,0.6343477595962685
a,0,margin,318,0.7879463973661157,0.9065128442661601,0.7811701724878246,0.9625069949636262,0.33668341708542715,0.8851106639839034,0.7660776852654184,0.8709791916234083,0.9737555559654009,0.810852914448916,0.8341708542713567,0.6513802986875848
a,0,margin,333,0.7921908220497469,0.9086691926243012,0.78929444358635,0.96152205112292,0.3784880771182141,0.8932302129369225,0.7783386874713171,0.8780239481197849,0.9732782927593387,0.8017057569296375,0.8239180706970598,0.6412123012925272
a,0,margin,348,0.7953877005081527,0.9112475855603759,0.7910657716694328,0.9641483783258885,0.36363636363636365,0.9001053635040891,0.782842028596619,0.8823619935366148,0.9728563127749648,0.8152625613902531,0.8281351526965562,0.6491411501120239
a,0,margin,363,0.7940934606766687,0.9110814655802164,0.7863224427181223,0.966673147968112,0.33972602739726027,0.9014702217792175,0.7771415395257677,0.8770905923344948,0.9738786669622405,0.806930693069307,0.8361939676720547,0.6677362893815636
a,0,margin,378,0.8039189027358509,0.9130626816158227,0.7954334097036317,0.9651251095316912,0.39800995024875624,0.904892251032698,0.780433531555726,0.8800313814370083,0.9742316108243854,0.8147277712495103,0.827780540361346,0.6900379783815367
a,0,margin,393,0.8141384489062954,0.9125982371996063,0.8148912861611752,0.965004476624236,0.48458574181117536,0.9079071616718851,0.7706590257879656,0.8762127875881274,0.9740400166350908,0.8229821473472466,0.8353750629300218,0.6904796197609103
a,0,margin,408,0.8175274842046095,0.9153363485732932,0.8121341855928994,0.9659813521632271,0.49440488301119023,0.9127869502702167,0.7809914218477189,0.8827434116220091,0.9742895056950127,0.8355152300712897,0.8376439179042215,0.6733906852566004
a,0,margin,423,0.8177901390011554,0.9160164604355393,0.8150505519289339,0.9651851851851851,0.5091671031953903,0.9143389199255121,0.7865000932314004,0.883851805533844,0.9754541672444876,0.8184247359714977,0.8378511582060129,0.6693380825170674
a,0,margin,438,0.8178802882621381,0.9172562338443392,0.8152307921648866,0.9649293526916041,0.5071868583162218,0.9098885931184068,0.7967694455976149,0.889331650837927,0.9750520327459414,0.8244530244530245,0.8247863247863247,0.668525311812179
a,0,margin,453,0.8159989093340461,0.9176947670170056,0.8098593358982302,0.9663834503140007,0.4844517184942717,0.9077600276967209,0.7975217407531818,0.8870498968340248,0.9763955844660553,0.8300559968745931,0.8151923709306149,0.6791793976429507
a,0,margin,468,0.8249818043334528,0.9185163144253508,0.8178418183341258,0.9672855537036319,0.5760926803580833,0.9112198013932118,0.8021457639659637,0.8852049910873441,0.9766912913634809,0.8242456326098465,0.8204541741545499,0.6614963503649635
a,0,margin,483,0.8273065247967045,0.9199415877648235,0.8270845407657694,0.967571965441091,0.5891238670694864,0.9111762077354649,0.8024254293461887,0.8896833503575077,0.9780487578877142,0.7979009343402023,0.8254019814844892,0.6844262295081968
a,0,margin,498,0.8325609700667651,0.9200937010001327,0.8298615327459091,0.9679584157647698,0.6141414141414141,0.911490912673004,0.8043502222875408,0.8832453235478386,0.9778935850596243,0.8226324237560193,0.8183450301942223,0.6929914031764535
a,0,margin,513,0.8355122609728183,0.9219281445493255,0.8378769946393011,0.9669860728556465,0.6176031824962706,0.9086342860013059,0.8092572416125033,0.8909971472168778,0.9781953422802608,0.82861283098406,0.8247550925206033,0.6945691527878349
a,0,margin,528,0.838301481634524,0.9215651240999138,0.8411949684858802,0.9683319418286314,0.6447105788423154,0.9078841512469831,0.8108619685497962,0.8862557098276875,0.9776782409121196,0.8366252452583388,0.8216165995664292,0.690748898678414
a,0,margin,543,0.842938743909023,0.9227815966591312,0.8461730282768503,0.9683895189371098,0.6583541147132169,0.9117260882739118,0.8121397825928358,0.8877969616372898,0.9775525115844579,0.8406564319745897,0.837066584841976,0.6927667006258187
a,0,margin,558,0.8405250671345245,0.9227574274698795,0.8387701535007328,0.9689598131750511,0.6568884232582504,0.9095760749169268,0.8147608996287939,0.8883954604584399,0.9781834001314365,0.8144821015380428,0.8278840222085133,0.7055954088952654
a,0,margin,573,0.847558561538237,0.9257141892234872,0.8477033177370767,0.9715098604723673,0.6748270356572645,0.9084517651785265,0.8233904311872415,0.8938941171223407,0.9777831352113199,0.8277422790202343,0.82846094354215,0.7219674864526886
a,0,margin,588,0.8453132242591508,0.9254792688766638,0.8469465424908442,0.9705081316629056,0.6619718309859155,0.9099808255121606,0.8193722105418465,0.8932827493862977,0.9792021631231943,0.8293405114401077,0.827437046191874,0.7167235494880546
a,0,margin,603,0.8486675566424756,0.9267082500803802,0.849584560371781,0.9701870615744349,0.6656151419558359,0.9142742016722071,0.8215385757227149,0.8952758359677635,0.9789639514410157,0.8332892998678996,0.8309074016723443,0.7279565399080652
a,0,margin,618,0.8461896275499114,0.9261399337571606,0.8440083925214883,0.9695963757786413,0.6606574761399788,0.9109099094592567,0.824360105913504,0.895853811098204,0.9784665518709844,0.8344919786096257,0.8164567054696221,0.7249137336093858
a,0,margin,633,0.8463033516972269,0.9252830372614078,0.8421482471838909,0.9693795798729848,0.6692098092643052,0.9128818327974276,0.8192619461820335,0.8927875243664717,0.9787170985607646,0.8286417053839847,0.8274988119752891,0.7183518568717809
a,0,margin,648,0.8436860039609417,0.9253422338831506,0.8417203725365318,0.9679126565654586,0.6382978723404256,0.9122059915820747,0.8198827351831796,0.8951871421307452,0.978446078113267,0.836456102783726,0.816832490621432,0.7279529663281668
a,0,margin,663,0.8467737855140709,0.9266412140893732,0.843807559868293,0.9685694702829727,0.6663084363245567,0.9114549859099224,0.8264862252295795,0.8979456153181304,0.9788548216571142,0.8373340485449913,0.8114848236259229,0.7225256427334488
a,0,margin,678,0.8501077060402794,0.9277716610248478,0.8480634534936675,0.9702001018130556,0.6633717737506865,0.9149536876516915,0.8243793997776955,0.8957944340713079,0.9796827990937117,0.8479152878888153,0.8189286887939533,0.7357431815215972
a,0,margin,693,0.8527562280992668,0.9284473165462283,0.8528285226614752,0.9703183392357511,0.6596100278551532,0.9175777544805551,0.8219881647995831,0.8967952561796255,0.9795266228216847,0.8509690937663699,0.8347687400318979,0.74325205372278
a,0,margin,708,0.8537823872208868,0.9283471048431584,0.8541854706778318,0.9697171641937318,0.6765350877192983,0.9176082391760824,0.8242627846211272,0.8974319272711185,0.9791241038594406,0.846061575369852,0.8372757580568344,0.7360248447204969
a,0,margin,723,0.8549076517117166,0.9286457477267519,0.8520824536297759,0.9708149133445483,0.6743169398907104,0.9200872496529844,0.8226454396667162,0.8958743501825019,0.979166860168114,0.8485175202156334,0.8387728459530026,0.7439727463312369
a,0,margin,738,0.8576650986243711,0.9301529338298885,0.8574142713646808,0.9708153331899838,0.6833422032996275,0.920991441151734,0.8264357950516849,0.8991697376015628,0.9798594151894738,0.8535817370768827,0.8399407797335088,0.7448494453248812
a,0,margin,753,0.8551443463569826,0.9293955858055178,0.8541794223916903,0.9697337035154264,0.6702470461868958,0.9196287519747235,0.8268820823516212,0.8999977831474872,0.9790099377728244,0.8471786833855799,0.8391167192429022,0.7445044096353823
a,0,margin,768,0.85456470906985,0.9295716984251428,0.8516189448900044,0.9697941308725488,0.6774553571428571,0.9196344776488021,0.8311552924531814,0.9020026702269693,0.9785843583197957,0.8508043591074209,0.8343313373253493,0.7273203985317253
a,0,margin,783,0.85597246616735,0.9307569372497703,0.8527073260338647,0.9708661879512415,0.6688,0.921111056292861,0.8310861423220974,0.9035361933266822,0.9792152939868846,0.8579299488390397,0.836656056290836,0.7345513164965073
a,0,margin,798,0.854470074763716,0.9300848127374911,0.8506526291636808,0.9712053135378004,0.6659400544959128,0.919009568905988,0.8295186364487732,0.9021748779405238,0.9791095128642396,0.8569580962234868,0.8330262937531402,0.7332883187035787
a,0,margin,813,0.8533677312917465,0.9296955301479176,0.8484357970164104,0.9716452742123687,0.6677471636952999,0.9191125944831648,0.8293828264758497,0.9003491449285032,0.9792879357563942,0.8498568826437679,0.8274809160305343,0.735446843399836
a,0,margin,828,0.8577516235188852,0.9310921150926343,0.853212324266278,0.9716655956067067,0.6802646085997794,0.9196530359355638,0.8311649580615098,0.9021331379991565,0.9799512000519544,0.8543714772578319,0.8391105297580118,0.7414500683994528
a,0,margin,843,0.8568512449720904,0.9311004029232314,0.8534613059815644,0.9713251887012684,0.6750136091453457,0.919031553879738,0.8337860465116279,0.9045724320359215,0.9790579804318363,0.8530069746019213,0.8367014341590613,0.7391659852820932
a,0,margin,858,0.8587046998007886,0.9317903884367351,0.8557289864194526,0.9730087633885103,0.6750136091453457,0.9213239283776451,0.8322490019222238,0.9022013069563084,0.9798258574707517,0.8594366938668071,0.836963696369637,0.7483194407098682
a,0,margin,873,0.8609769234877985,0.9328147588043355,0.8576491757647955,0.9732514287935928,0.6861788617886179,0.9210265556876734,0.835067194846544,0.9043850458122478,0.9803069148738528,0.861514112371406,0.8384437850313221,0.7486184121849306
a,0,margin,888,0.8595073601119113,0.9324193100899779,0.8560611070309769,0.9731692164323988,0.6745945945945946,0.9202690671678703,0.8342218463914115,0.9031839147373606,0.9803123635383858,0.8604191379992092,0.8383055876050767,0.7510905125408942
a,0,margin,903,0.8611216111551205,0.9332777769076966,0.8568983973516002,0.9740501903504001,0.6806629834254143,0.9195425063128188,0.8363075567305573,0.9049881235154394,0.9804996330326369,0.8624983615152707,0.8363516628251564,0.755193482688391
a,0,margin,918,0.8631849119370334,0.9339040330083098,0.8606615462429468,0.9739802957579526,0.6870483602001112,0.9184948278446854,0.8383242312062457,0.9055893101360895,0.9806941915344308,0.8706068184809793,0.8358638325075914,0.7580623397652139
a,0,class_balanced,18,0.22757210250290594,0.3455833553963725,0.29855871879488893,0.09219378911184888,0.005563282336578581,0.36033285735388254,0.11715032024904283,0.6427489177489177,0.44931777786686977,0.20103727714748784,0.0930621342992477,0.08674256641227741
a,0,class_balanced,33,0.4329657518566329,0.6474408165839075,0.4769945250310019,0.8580829288687717,0.06666666666666667,0.5979711692471971,0.43829714481107884,0.5670521099264154,0.7375163547414528,0.4170320404721754,0.1111703545721141,0.10290299740382346
a,0,class_balanced,48,0.43152467721640725,0.613229427111393,0.4659152761438171,0.8809547973288409,0.04395604395604396,0.5805394268589623,0.36282071462301274,0.6531300735867754,0.6198780487804878,0.4850976361767729,0.13686342592592593,0.12048192771084337
a,0,class_balanced,63,0.4267954431107634,0.6369608421969245,0.5022449787269643,0.8294723696534498,0.029464285714285714,0.48900783788950486,0.4555820582930944,0.43030320648856074,0.7851718141193563,0.31127574083375187,0.17359284587059443,0.3372888291342725
a,0,class_balanced,78,0.44455119372066293,0.6683425463356909,0.5059275923662416,0.7952477790859467,0.08683274021352314,0.5608860530909529,0.4670489939190191,0.41601448806674857,0.8703500767100361,0.30600485942381117,0.14204355108877723,0.3565322018871509
a,0,class_balanced,93,0.5113052795412605,0.7463187250230026,0.551177575865382,0.8887006287887346,0.06639635073492144,0.483794777588243,0.48776272123893805,0.7131637557144531,0.8948962577818996,0.48207609412799646,0.19163621599675193,0.3933207138994051
a,0,class_balanced,108,0.5377329327380962,0.7736711537916093,0.5639542900788866,0.9172166482279784,0.09515859766277128,0.7085797281875713,0.5325032488138052,0.6371438728353055,0.9309655851307492,0.31696918016810816,0.2139963167587477,0.4870632168578288
a,0,class_balanced,123,0.5133365965452793,0.7603151623546893,0.5403330856327381,0.9250741839762612,0.11276268580215275,0.7819460726846424,0.5227290367648961,0.49192517027035065,0.9523008714263874,0.2058974358974359,0.11959654178674352,0.5077973702986444
a,0,class_balanced,138,0.5552335875079275,0.7728964456023277,0.5806492508174758,0.9334688055647824,0.23276983094928477,0.792970846002504,0.5201007065702916,0.4947751980004216,0.9599186892404408,0.410031079198371,0.15710144927536232,0.4959656827698907
a,0,class_balanced,153,0.565609740691338,0.7702574251196115,0.5823952252505911,0.9163625246020676,0.18294959551960174,0.8047623565126648,0.5336255853342632,0.4711390416339356,0.9563948287713153,0.4355683603981142,0.25657142857142856,0.5331139448786507
a,0,class_balanced,168,0.5684602723505976,0.787946641234442,0.5882761202819945,0.9244705594319991,0.18698060941828254,0.8101512070032717,0.5604901308494122,0.5534961602863907,0.9608066621321029,0.45913196739369905,0.11108115394985171,0.5495340006903694
a,0,class_balanced,183,0.6077825721493805,0.8177499419109168,0.6190527817447451,0.9098989560186156,0.23536815607300188,0.8152202937249666,0.6045605879766317,0.7047710696920584,0.961185988733471,0.5362025918440138,0.17540842648323302,0.5274270787984328
a,0,class_balanced,198,0.5814051089981881,0.7900625935275468,0.6011955569503274,0.9231148957176355,0.23770491803278687,0.8050704954080973,0.5821316002343031,0.5541017047938219,0.9586851268294028,0.46657214527211255,0.18767990788716177,0.5175851868083707
a,0,class_balanced,213,0.631772392704233,0.8282272492954776,0.6298084854142716,0.9508086652580027,0.25016633399866933,0.8142559833506764,0.6162300889893157,0.6723764151700881,0.9665751895436997,0.5986352357320099,0.2061441286247488,0.6107594936708861
a,0,class_balanced,228,0.6597008095782066,0.8479816321819316,0.6510413673093033,0.9610710850232631,0.23863636363636365,0.8298847505895964,0.6284507290169272,0.7250135062128579,0.9747442425591512,0.6196496572734197,0.3110173958882446,0.6488395560040363
a,0,class_balanced,243,0.6778311173029802,0.8465203730700613,0.662789523444357,0.9566531269009635,0.24735449735449735,0.850909090909091,0.6040178441263084,0.694623326178064,0.9768025194860694,0.6242557192102789,0.46091462041000225,0.6849493111515467
a,0,class_balanced,258,0.7086356208278044,0.8637413215353161,0.697792356195677,0.9613662678502509,0.23482849604221637,0.8491085664589071,0.6515558970418748,0.7392464239436978,0.9768223043332214,0.6854119425547996,0.5868135773947041,0.692567111830568
a,0,class_balanced,273,0.7162470350607069,0.8699309917772918,0.7051141025078143,0.9629586533240245,0.30141643059490086,0.8557759301407404,0.6621783930716227,0.7746325924853399,0.9749391727493917,0.6833358743710931,0.5423870027077692,0.6885992661014805
a,0,class_balanced,288,0.7266091153703335,0.8802133993351967,0.7150541300170784,0.9590650098205084,0.24308681672025723,0.8682331804642807,0.677003114625047,0.8099795726319172,0.9779158619531447,0.7240833932422718,0.5963650888755742,0.68375
a,0,class_balanced,303,0.7381326249387905,0.8869233891567974,0.734308885439807,0.9609670501072334,0.2797558494404883,0.8673048048048048,0.7154269602577873,0.8264166941448019,0.9756721433905899,0.7478308026030369,0.577224342237397,0.6925949774629749
a,0,class_balanced,318,0.720703679082732,0.8814605470702219,0.7231456418839035,0.968626232818203,0.24364123159303883,0.8370924943138741,0.7197675903460605,0.8088791316014148,0.974521397715453,0.743839696723531,0.4607711490504508,0.7291941875825627
a,0,class_balanced,333,0.7612598217248002,0.8957840864302322,0.7580217794143692,0.9677494199535963,0.29197807673143994,0.8861727229825389,0.7337819298360228,0.8263812220995536,0.9770234448909246,0.7784818659835513,0.6485109717868338,0.7412587412587412
a,0,class_balanced,348,0.7896597157402101,0.8995616393973355,0.7991499630943368,0.9695572134483093,0.3690866510538642,0.9159198863914598,0.7303395818083447,0.8112332955273929,0.9767672793359938,0.7775144813059505,0.8051507963402237,0.7513682564503519
a,0,class_balanced,363,0.7990798522223811,0.8971616495116124,0.8008884954983977,0.9694776162734434,0.49092849519743864,0.9139001613455239,0.7207011219193834,0.7908569126976135,0.9801620981355916,0.784431922421701,0.7964693665628245,0.7447909754479097
a,0,class_balanced,378,0.7894038635308349,0.8921423283498209,0.7913885966745124,0.9694789369850296,0.4720168954593453,0.9081075813681544,0.7133792935147337,0.7762291315668556,0.9792215065807897,0.7779821334734629,0.7807543179414875,0.7274649748876553
a,0,class_balanced,393,0.7935224776676423,0.8934961966725146,0.7944216146866496,0.9705157320600167,0.5474452554744526,0.9058857252054271,0.7192622950819673,0.7894313034725717,0.9775917169716112,0.7743821419080521,0.7462128296240883,0.7109752992105933
a,0,class_balanced,408,0.8030647851204136,0.9016505257725295,0.79772787992364,0.9715907986077352,0.5447639717851329,0.9032165284502182,0.731653317705281,0.8197014348519253,0.979546597619358,0.7976753615353426,0.7431192660550459,0.7363157894736843
a,0,class_balanced,423,0.805213126301015,0.9022668029721316,0.7992019873364922,0.9720060084664754,0.543141592920354,0.9063944530046225,0.731325261886891,0.8199768830668465,0.9794586150140879,0.7849986460871919,0.7651296829971181,0.7444869932655487
a,0,class_balanced,438,0.8102050852006262,0.9037359512780115,0.8064128668042821,0.9730779689988734,0.5606557377049181,0.9106300170274872,0.740719087985969,0.8233643050716222,0.9772435240879719,0.8008163265306123,0.783859649122807,0.7214791502753737
a,0,class_balanced,453,0.8190903776680237,0.9083832659898657,0.8137826770961644,0.9737011404620334,0.5707940033314826,0.9168088113455821,0.7459635806784514,0.8333452151802476,0.9791842762797351,0.7978319783197833,0.8093438680865682,0.7448405253283302
a,0,class_balanced,468,0.8212535855737233,0.9104862043606599,0.8190787196085572,0.9720211689625652,0.5731056563500534,0.9188923802042419,0.7574824238366253,0.8431493229807784,0.9783989362196743,0.794721806556931,0.8221732497033396,0.7313373253493014
a,0,class_balanced,483,0.8249413478124265,0.9113688358914418,0.8227116251779846,0.9716346622477824,0.5746388443017657,0.9197210268585844,0.7571954264686556,0.8400315963329105,0.9797797872142897,0.8085808580858086,0.8301319525638884,0.7427579762381524
a,0,class_balanced,498,0.8187098288401019,0.9046732789181237,0.8245928983721577,0.9722330703741311,0.5724240915878547,0.9175044352454169,0.7377304019542528,0.8134440529285661,0.9792355016148098,0.7994524298425736,0.8313072439633639,0.745057232049948
a,0,class_balanced,513,0.8177826317109979,0.9044200555010904,0.8194531843883143,0.9711624995108972,0.5795275590551181,0.9167532274818222,0.7378031200948201,0.8164201688875873,0.9790122768893594,0.7926494788809655,0.8293893761376799,0.7373259784607302
a,0,class_balanced,528,0.8215204062413313,0.902028495738151,0.8286967496063742,0.9732413361740389,0.6122026887280249,0.9165426218120473,0.7337604610526961,0.7958588139765028,0.9791992260177123,0.8048582995951417,0.8308097432521395,0.7472104655636783
a,0,class_balanced,543,0.8234267702715639,0.9031928858103472,0.8265608001458705,0.9737884731736831,0.611170784103115,0.9185989146521953,0.729656672362902,0.799449173760641,0.9800322091172281,0.8121014787681454,0.8302638128422101,0.7557794136639545
a,0,class_balanced,558,0.8202513179213964,0.8981323077876531,0.8252756416303295,0.9737607054370939,0.6335470085470085,0.9177165354330709,0.7198965475760857,0.7763134139736414,0.9801106207050673,0.7988221121670459,0.8289188738963852,0.7531760435571688
a,0,class_balanced,573,0.8255232440831574,0.9052568580497995,0.8255893361312379,0.9743689851055107,0.6316353887399464,0.9216867469879518,0.7343558088999464,0.8083008823384433,0.980605192413235,0.7972747497219133,0.8308000668114247,0.7506813757300455
a,0,class_balanced,588,0.8288503642983228,0.9051830327974294,0.8276007154437462,0.973841642228739,0.658669574700109,0.917971442639094,0.7348843074207175,0.8098522167487685,0.9796973190049455,0.8086230876216968,0.8310258548790659,0.7450878334417697
a,0,class_balanced,603,0.8296244036401972,0.905419740039051,0.8352507642404693,0.9726555618626319,0.6485639686684073,0.9144117647058824,0.7410936859045155,0.8104371097234612,0.97880065916264,0.8244315888604871,0.83399209486166,0.742233199012089
a,0,class_balanced,618,0.836880833065269,0.9103358952517753,0.8394295522386179,0.9725997842502697,0.6576763485477178,0.9205095289819295,0.7492384470801737,0.8262615511151967,0.9797517476999063,0.8427586206896551,0.8399147960019663,0.7432166732206056
a,0,class_balanced,633,0.8348281712570483,0.9109908626383596,0.8334883647319185,0.9728754388373507,0.6349726775956284,0.918362343711694,0.750065720294427,0.8337348248145586,0.9788867919265919,0.8426778242677824,0.8374610464162703,0.7444168734491315
a,0,class_balanced,648,0.8364153800356599,0.90974559938316,0.837545613971782,0.9736415326598801,0.6582010582010582,0.919986280562497,0.7435922616124914,0.826163111548336,0.9792756726561772,0.8416839199447895,0.8401119710192656,0.7450826121164438
a,0,class_balanced,663,0.8431859458373485,0.9138935206300904,0.8434863824395017,0.9737758816392031,0.6797247220751721,0.9202731247236823,0.7536399117597149,0.8411830670030839,0.9795994341448887,0.8489308525409608,0.8382425538917229,0.7533039647577092
a,0,class_balanced,678,0.8423059458096915,0.9130386837084824,0.8466267475121126,0.9725134487768484,0.6801414855987873,0.921377007317193,0.74981935794653,0.8420098540485266,0.9787483266398929,0.8516075845012366,0.8377221856484529,0.7468142618097567
a,0,class_balanced,693,0.8415529916641353,0.9142177079827004,0.843497050129469,0.9717068190296676,0.664966853646099,0.9237875288683602,0.747823625168094,0.848085387825849,0.9798329787925797,0.8557309540150995,0.8360438101559907,0.7459989674754776
a,0,class_balanced,708,0.845580403099839,0.9154037232386905,0.84745786602088,0.9725624116815826,0.6855378281008749,0.9244606084435052,0.7513956610840223,0.8491359605010514,0.9800020434512033,0.8538775510204082,0.8398871743819479,0.7533643892339544
a,0,class_balanced,723,0.8444561509310633,0.914861452441395,0.8459082046179577,0.9716834679400264,0.6823529411764706,0.9226708378140581,0.7504001707395155,0.8499169113797264,0.9795816039443995,0.8602620087336245,0.8371085942704863,0.7461288223812622
a,0,class_balanced,738,0.8447721518851905,0.9163258680422223,0.8415876740746345,0.9718916579791105,0.6800634584875727,0.9249756097560976,0.7586255358021221,0.85338320144131,0.9799161005308683,0.8470191226096738,0.8357106897130391,0.7513639906469213
a,0,class_balanced,753,0.8496883954565218,0.9172677215181367,0.8484452357555097,0.9730844793713163,0.7070393374741201,0.9248127614045326,0.7593143504745715,0.8532962777347487,0.9799572768644934,0.858873743632108,0.8305954825462012,0.7602218496066039
a,0,class_balanced,768,0.8477672366951601,0.9178696688146153,0.8453440986695159,0.9718824963624209,0.6875653082549634,0.9228612856452393,0.7655597252708348,0.8586568420095063,0.9793436831830435,0.8586518415566365,0.8286409454292666,0.7567430025445293
a,0,class_balanced,783,0.8362525812342437,0.916167346212306,0.8251180913755928,0.9724399394975151,0.6840390879478827,0.9051574452109438,0.7717262012039073,0.8678518651202365,0.9782837356070408,0.8485617597292724,0.7452991452991453,0.7529140514922505
a,0,class_balanced,798,0.8495575923732656,0.9213354704136114,0.843134591893372,0.9727095899561861,0.6828240252897787,0.9201130972348684,0.7772123164793322,0.8736189227041327,0.9793364999395804,0.8603773584905661,0.8175878509623874,0.7622386703025581
a,0,class_balanced,813,0.8483967219431493,0.9198974550192872,0.846306163281014,0.9730707237488697,0.6925868325557284,0.9224667472793229,0.7715975472588077,0.8716496454533291,0.9784483561516252,0.8412335808109651,0.8343916251930668,0.7501254390366282
a,0,class_balanced,828,0.8519670370022765,0.9213022029960971,0.8510431694078929,0.9719261608778739,0.6871686108165429,0.9215334658072021,0.7805437157491314,0.871141000180538,0.978623653513423,0.865320796460177,0.8392010832769127,0.7522448463386873
a,0,class_balanced,843,0.8534829337716378,0.9203579241717813,0.8532110093548636,0.973089766254174,0.7104166666666667,0.9218576330159958,0.7745146839223495,0.865613454520728,0.9790337453312594,0.8617524339360223,0.8409822184589331,0.7540858018386108
a,0,class_balanced,858,0.8535880369646104,0.9191561034243296,0.8563440614909633,0.9740588732007148,0.706728299948639,0.921790696544014,0.7715428098717771,0.8564148889352141,0.9791476606281767,0.8614273812829769,0.849215524360033,0.7619661979099471
a,0,class_balanced,873,0.8543193771439069,0.9204027454150843,0.855745843709751,0.9739762349013061,0.7064828994384891,0.9220398593200468,0.771180407233376,0.864461723301521,0.979194942827926,0.8614054656999443,0.8491216549006732,0.761011206671879
a,0,class_balanced,888,0.8549818068861907,0.9203505378472785,0.8545413431979717,0.9744182855350597,0.7125,0.9246669278996865,0.769882682542462,0.8599945059976193,0.9802857222526885,0.858779159100433,0.8484349258649094,0.7658740527828586
a,0,class_balanced,903,0.8552414203334905,0.9199494115539054,0.8553745002242961,0.9742179983113084,0.717948717948718,0.9273101824602707,0.7701583561453966,0.8569782182782067,0.9801136363636364,0.8569422995928682,0.8488969978437552,0.7646063760572543
a,0,class_balanced,918,0.8541793105950819,0.9210264583955418,0.8533194396893878,0.9739044999017489,0.6988199076449462,0.9284775305516335,0.7729131841946154,0.8626398617301919,0.97992444984825,0.8640856672158155,0.8409906063193852,0.7658580879491503
a,0,quota,18,0.22757210250290594,0.3455833553963725,0.29855871879488893,0.09219378911184888,0.005563282336578581,0.36033285735388254,0.11715032024904283,0.6427489177489177,0.44931777786686977,0.20103727714748784,0.0930621342992477,0.08674256641227741
a,0,quota,33,0.31778054636825603,0.41232678486119373,0.4273653634840628,0.5337436087268352,0.22605063951970764,0.3165107735598343,0.4448420111026336,0.23740505348008062,0.48025579536370905,0.2655220361525905,0.25605863577254995,0.09963636363636363
a,0,quota,48,0.36537249988028403,0.46548362867866144,0.43568116864046386,0.7853634258758359,0.11015911872705018,0.38664262431513974,0.4213891703253405,0.597109136719268,0.34111026525159344,0.31832852046882965,0.24687729610580456,0.0813729411336945
a,0,quota,63,0.3630045206821977,0.5377882032301131,0.42019147212321106,0.785288796717116,0.045705279747832936,0.4094540411805493,0.3959375407768257,0.49909204403586427,0.5735622646326674,0.197993524072403,0.13562523611635813,0.2243819588601623
a,0,quota,78,0.45690696417305865,0.6241910835438935,0.5340256074882904,0.809760374050263,0.029197080291970802,0.462248322147651,0.47124342358526883,0.5928797641148847,0.6830254914040614,0.3029189833200953,0.38587720668645525,0.3750120319568775
a,0,quota,93,0.5039856088642393,0.6994981529230306,0.5480992089073573,0.8088212524054945,0.035034272658035034,0.3338889874091151,0.5740979777490933,0.7299187831557203,0.80354041207734,0.4071055059981544,0.3558961260110685,0.4875671623141322
a,0,quota,108,0.5079448437353986,0.689853770320957,0.5712269924082696,0.8032626000479794,0.09408602150537634,0.3841778504777129,0.5637726528619432,0.6594245138042499,0.802491532355316,0.42019849785407726,0.4157809403711043,0.4283089843408276
a,0,quota,123,0.48315390304120587,0.6692390333722648,0.5727320633237485,0.8182252322653468,0.05331179321486268,0.3905764584052468,0.5863492677891748,0.5244492858871944,0.7994975195349927,0.2535178418720361,0.5001292323597829,0.42232849604221634
a,0,quota,138,0.49761895169794546,0.6734307461634577,0.589597063922693,0.7356087148193694,0.14261744966442952,0.3812854589259346,0.6182143313322264,0.6382669229570367,0.7946602669866507,0.3518897996357013,0.45482940893801055,0.3611982120221496
a,0,quota,153,0.5480247846208476,0.7385259511693395,0.6244050489067926,0.6913936260130265,0.20976253298153033,0.45170698232973067,0.6521676404818582,0.7201481976998482,0.9162906980085634,0.4874865653308767,0.47024563180552037,0.3330211869366733
a,0,quota,168,0.5702535191387712,0.7479141632428321,0.6172103157834758,0.6757903723978606,0.1995395241749808,0.38661847152552375,0.6706146926536731,0.8117782648979684,0.903727453370835,0.6665935512173722,0.43917525773195876,0.37844408427876824
a,0,quota,183,0.5927991313258529,0.7758535648853825,0.6518713133914296,0.7825560830308108,0.22746521476104054,0.4972003459735057,0.6287089646464646,0.8161064174006831,0.9133129017072257,0.6239282930631332,0.48927277793257173,0.3566411834172416
a,0,quota,198,0.6167051716116716,0.8041223505044688,0.6607649273979729,0.8329083344517515,0.251414204902577,0.5635536526625635,0.6408767038413878,0.8212181607131124,0.940092518987463,0.6355989997726756,0.44523527085804665,0.41944869831546705
a,0,quota,213,0.6202402532013598,0.8065561185490658,0.6512429133686163,0.8232334677967638,0.29015544041450775,0.5659754261570589,0.6531236172010138,0.8233135640226992,0.9463280509781337,0.6828769458016134,0.3980035833120041,0.39915218312844425
a,0,quota,228,0.6424135657758965,0.8186418422831491,0.6831987455572849,0.8480900469733227,0.312677657760091,0.7050617582949866,0.6359909982317955,0.8134406564248924,0.945614539918872,0.6098794243485025,0.5002148689299527,0.41075214110065295
a,0,quota,243,0.6138878083548599,0.8095383805115606,0.6367346488930381,0.8411666851502717,0.2719900187149095,0.575647171620326,0.6592531369749793,0.8013866501799554,0.9557847310060843,0.5584415584415584,0.41027667984189725,0.4510436432637571
a,0,quota,258,0.6638056402746435,0.836460931141919,0.68863787230002,0.9053969052711033,0.3542713567839196,0.7365792759051186,0.6408282657224232,0.8054554221293596,0.9536851624572056,0.6301769395294575,0.4291729829880411,0.5186844516851644
a,0,quota,273,0.680051644754676,0.8501829816054209,0.703376196066062,0.9254132399641724,0.3511627906976744,0.7415934565283248,0.6628698111765156,0.8122332213241304,0.9640943741353216,0.6759952272480746,0.45162278015921614,0.5354799015586547
a,0,quota,288,0.7015165739412077,0.8573475213589133,0.7114210505068144,0.9372601268717561,0.3594132029339853,0.7586277732128184,0.6772577033798912,0.811175471654221,0.9610824408560383,0.6994068801897984,0.532557070629692,0.576868495742668
a,0,quota,303,0.6855191490474994,0.8499213954710235,0.7072496628619589,0.9330773998760322,0.3301707779886148,0.7522179313224089,0.6660600545950864,0.8031969428651319,0.9573898494143893,0.668815817751988,0.5075659316904453,0.5511776359233986
a,0,quota,318,0.6894888215597011,0.8545204512358129,0.7049716207956225,0.9480356894461777,0.36574585635359114,0.7110615474483565,0.6778891211880903,0.8080258778303877,0.9630291090530813,0.6791625561766963,0.4566223682245782,0.5958272683163512
a,0,quota,333,0.6860257680444141,0.850119136753506,0.7134254927648589,0.9402054438626644,0.3710718897976754,0.7302836698185535,0.6692120286535035,0.8072472238457042,0.9562852182954112,0.668423364075538,0.43996613039796784,0.5915369436527077
a,0,quota,348,0.7304342982989355,0.8734610314969172,0.7519533581526194,0.9564434351937043,0.4541015625,0.814898753510371,0.6850462524583,0.8197376988187145,0.9711399711399712,0.6698176907494936,0.5678931943992185,0.6348301259206462
a,0,quota,363,0.7079877442566079,0.8641840839431852,0.7246897698145673,0.9509541081848288,0.46797781139687344,0.761357647306841,0.6824138982017678,0.8195516675779114,0.9706791569086651,0.6252699784017278,0.5056210584041678,0.5880643719266875
a,0,quota,378,0.7133993044598204,0.8682738178562376,0.7283281433890445,0.9606554179264606,0.43106796116504853,0.7840521253490537,0.6842685834252571,0.8141754162206482,0.9708932690684721,0.6183277591973244,0.5270425776754891,0.6301106301106301
a,0,quota,393,0.7076223984446058,0.8672582816132179,0.7294186128240062,0.9632510885341073,0.3688212927756654,0.7724607329842932,0.6787399846339589,0.8213947617544967,0.9671843475812885,0.638761317412413,0.5165998855180309,0.6413881748071979
a,0,quota,408,0.719822423353458,0.869557814954786,0.7363200807927857,0.963128709018387,0.4606007836308228,0.7740394600207684,0.685877357833925,0.8176331551047571,0.9701293830864429,0.6595411144363689,0.517427033153868,0.6300248138957817
a,0,quota,423,0.7264048019971237,0.8707468978800025,0.7410709583117886,0.9627354707458774,0.4873000940733772,0.7754391355558969,0.685845563022905,0.8178694158075601,0.970453201137932,0.6628386336866903,0.5251558648687835,0.6500058390750905
a,0,quota,438,0.7197259057983978,0.8677823821284428,0.7342839526934961,0.963185080574955,0.48454545454545456,0.7767422595008802,0.6762183501225156,0.8070655323489186,0.9722665864978111,0.6040828490537923,0.5238299699441821,0.6695970695970695
a,0,quota,453,0.752913746434725,0.8793801934027811,0.7427647044990846,0.9618066959024786,0.5577523413111343,0.8763227821546781,0.6769410712442808,0.8082089043430831,0.9745761120603864,0.6032941176470589,0.6304675716440422,0.6868541216053833
a,0,quota,468,0.7595265337936832,0.883324594737254,0.7481952254731274,0.9644429787976955,0.560376372190277,0.8796071094480823,0.6818717504332755,0.812514220705347,0.9773041431613554,0.5994236311239193,0.6536163198021843,0.7065822784810126
a,0,quota,483,0.7491450987753097,0.8778106721795504,0.7360010024813737,0.9631456310679611,0.5613660618996799,0.8807054415863298,0.6735311932162326,0.7959438810945965,0.9765540976554098,0.5881812614819351,0.6023820430600092,0.7004962779156327
a,0,quota,498,0.743052988915967,0.8786420842414125,0.7400570287919152,0.9574434611602753,0.5508919202518363,0.873764396481364,0.6849657760327994,0.8146809143537057,0.9754817425208068,0.6203316510454218,0.5393852065321806,0.6705318318653138
a,0,quota,513,0.7533568864108363,0.882683816308256,0.7507198732506964,0.9633923361213772,0.5498247371056585,0.88043627698089,0.6872917017337149,0.81512802443035,0.9762567606835203,0.6182947487295314,0.5882084095063985,0.7013789824060865
a,0,quota,528,0.7535253506107009,0.8835232873967291,0.7499098383512602,0.967321790672282,0.549684924866699,0.8765257142857142,0.6850738108255877,0.8168300729520004,0.9766976865866875,0.618404209927464,0.5686960578493119,0.7224938875305623
a,0,quota,543,0.7616686790741801,0.8859968179313095,0.7558193759715945,0.9657155150495785,0.5534653465346535,0.8855095909406056,0.684552231115386,0.8210725058138196,0.9774720967561312,0.6079905646469114,0.6365202411714039,0.722720019639131
a,0,quota,558,0.7656979720622688,0.8865900666293015,0.7609889464538961,0.9658538490072431,0.5343065693430656,0.8900811794345432,0.6851608113124767,0.8173957510111106,0.9766950736338491,0.614133648728563,0.6844185562721031,0.7232363098174642
a,0,quota,573,0.7531129227468433,0.8849694838003934,0.7510551371605402,0.9641507586882037,0.5475024485798237,0.8737198244330651,0.6943685829847547,0.8280614132445431,0.9763394274402883,0.6243269363523402,0.5547711227510818,0.7147757902474884
a,0,quota,588,0.7503075642553818,0.8840542203247381,0.7451196208099277,0.9669868653205254,0.5419664268585132,0.8665222001936466,0.6887231733361342,0.8280380254266407,0.975875197325657,0.6290277388624265,0.5328305235137534,0.7227979274611399
a,0,quota,603,0.769098527424429,0.8882605204582835,0.7666023623143536,0.9664799016067002,0.5372016846045858,0.8882189457817137,0.6906424823656138,0.8240503701653636,0.9756660646794884,0.628288114584768,0.6913183279742765,0.7200208550573514
a,0,quota,618,0.7619963562289782,0.8853182730775411,0.7574337778961894,0.9672373540856031,0.5668093200190204,0.8791331963385017,0.6822524055997499,0.8208491702975804,0.976397423145213,0.621873732594295,0.6121405750798722,0.7312740289009678
a,0,quota,633,0.7649853583725054,0.8853574508229236,0.7671516915488278,0.9676588269737484,0.55767397521449,0.8874740614978306,0.6812032689966963,0.8139959717082768,0.9766506535582616,0.5937698664971393,0.6801990049751244,0.7262425959309812
a,0,quota,648,0.7757688736620444,0.8921451469650725,0.7715037334041118,0.9688231621663805,0.5573925366084082,0.8876869532499294,0.6958515591928884,0.8346800810324813,0.9767130047765807,0.6591005816427862,0.6755934266585514,0.7260785576303928
a,0,quota,663,0.7743285662479503,0.8920346529762507,0.7648765799072633,0.9674687797393619,0.5634733364794714,0.8854576080853453,0.699116589266385,0.8377284714012913,0.9764566789860267,0.6676660170888922,0.6544843520268852,0.7171052631578947
a,0,quota,678,0.7599878621228772,0.8873807233376371,0.7459974191706661,0.9694928453226905,0.5283797729618163,0.8713727678571429,0.689650436096422,0.8277123585229221,0.9764979531075549,0.6746295736316904,0.5715543813298106,0.7306006702758443
a,0,quota,693,0.7718795716581386,0.891832183116296,0.758707997300779,0.9693588968422695,0.5597911227154047,0.8858593456186536,0.7013014347353281,0.8377682011993525,0.9761061126055097,0.6371432588218754,0.6575285565939771,0.7220592157908776
a,0,quota,708,0.7682300252851006,0.8886263698228936,0.7546235571779423,0.9687451103113753,0.5402173913043479,0.8808940022632968,0.6953631152267562,0.8235839866400705,0.9757745642206093,0.666571018651363,0.646973765750878,0.7159472731972086
a,0,quota,723,0.7840615849740347,0.8930506648864548,0.7752259078209609,0.9693157770985187,0.5444035733053074,0.8868692606267159,0.6993817619783617,0.8223345588235295,0.9765105026047943,0.7549137585238668,0.6811244979919678,0.7217005738132499
a,0,quota,738,0.7862561335281654,0.8910015906845391,0.7780336103843909,0.9675494218575158,0.5563051375194603,0.889783927217589,0.6922996259918207,0.8114560681071578,0.9760953226761397,0.766579634464752,0.6945674044265594,0.7216686594924937
a,0,quota,753,0.7880751354770217,0.8968078281467029,0.7780129163495375,0.967599209068306,0.5622661678246926,0.8809842972041363,0.713946117274168,0.8416495682171766,0.9764304773198933,0.7549059412640411,0.6712882726747544,0.7236061684460261
a,0,quota,768,0.7877695613073947,0.8930414267892931,0.7827609183732114,0.9664505990964447,0.5661348430262481,0.8899470899470899,0.6938084953203744,0.8236947700120152,0.9771477249578696,0.7512272787581266,0.7072669531104053,0.714248297537978
a,0,quota,783,0.7930658409419761,0.8964623101930181,0.7883111081027211,0.9659501019927821,0.5815831987075929,0.8841704495533753,0.7087474063557934,0.8370941978447209,0.9769604891379869,0.7547119723918237,0.7135837135837135,0.7147910389099961
a,0,quota,798,0.7992819994423339,0.8982559546980914,0.7937344127049422,0.9702037865614193,0.558364712210866,0.8984887506681568,0.704498467241748,0.8283704786262331,0.9775091317004432,0.7578809679529104,0.7614777618364419,0.736743938182787
a,0,quota,813,0.8040573918682744,0.9009790614283689,0.8025577942935014,0.9708174238291903,0.5678884873515746,0.8982642474307911,0.7132014887250967,0.8370284991072842,0.9772284755317373,0.770852075568693,0.7691511387163561,0.7320846905537459
a,0,quota,828,0.798006537553019,0.8973690850832826,0.7951776969132464,0.9721197931909082,0.5763626551538047,0.8888342834676627,0.701954515730582,0.8279628370722865,0.9775696601604155,0.7654731457800511,0.7355400696864112,0.7362418777350485
a,0,quota,843,0.7966324795747448,0.8980165628118602,0.7919266472059375,0.9707695910084296,0.5570175438596491,0.8879322995646431,0.7065648406520781,0.8330331412103746,0.9769411851934234,0.7859783301465901,0.7267595695889928,0.7246958149485225
a,0,quota,858,0.8056979048347925,0.900024941922216,0.806914318515668,0.9713715437449856,0.5931842385516507,0.8956735496558506,0.7086764006294142,0.830861877702565,0.9780133089552377,0.7756482525366404,0.7601049868766404,0.7377469848601488
a,0,quota,873,0.8056821407068089,0.9001322307872902,0.8050376324939099,0.9714975469200218,0.6180074587107086,0.8897939156035328,0.7156659010536294,0.8330191036503646,0.9777720005199532,0.7797752808988764,0.735091134312511,0.730516924691682
a,0,quota,888,0.7953813297890444,0.8971467402713391,0.7890251360427928,0.9712335446123842,0.6223404255319149,0.8768679875865362,0.7149671819518668,0.8308472485551773,0.977931149639607,0.7869693471848147,0.6442326395642871,0.7330424434748116
a,0,quota,903,0.7941819555019785,0.895662987030932,0.7867037747489758,0.9705550146056475,0.621505376344086,0.8827172256097561,0.7065383386014135,0.8256758311284942,0.9780140264944895,0.7646833991591285,0.6572769953051644,0.7406713922696269
a,0,quota,918,0.7901038820815915,0.8970765075930729,0.7827815287954218,0.9719571681209553,0.5970751386787695,0.8798063229849046,0.7051929978759247,0.839156125727381,0.9780628870094785,0.771447455386649,0.638095238095238,0.7301416048550236
a,0,prototype,18,0.22757210250290594,0.3455833553963725,0.29855871879488893,0.09219378911184888,0.005563282336578581,0.36033285735388254,0.11715032024904283,0.6427489177489177,0.44931777786686977,0.20103727714748784,0.0930621342992477,0.08674256641227741
a,0,prototype,33,0.35320795775638403,0.5289028838417064,0.4295878511569194,0.8373263858327319,0.02046479361775928,0.31485668887123386,0.345403531935963,0.4803745881264813,0.563135162601626,0.2406302026231372,0.2504769386151947,0.1262033275833287
a,0,prototype,48,0.3927063868268572,0.5953357653490848,0.4479791564942419,0.8405005518041189,0.009324009324009324,0.4144083713442447,0.4880005119781556,0.16827802456232036,0.7904502617801047,0.24644549763033174,0.3586919104991394,0.21825834251929052
a,0,prototype,63,0.44337730966053557,0.6381107715835503,0.510124505367735,0.8460295431645786,0.06431317721076546,0.5390308777610732,0.48483622220723455,0.3746027452836568,0.7837559310389248,0.19660113295568143,0.39638693414557297,0.3048392231773321
a,0,prototype,78,0.5187461320217395,0.695407503526165,0.5626061482196919,0.8971503626292044,0.060988433228180865,0.7090491970430792,0.48470464135021096,0.3878724516466283,0.8454420766034105,0.2754037840332257,0.6980645161290323,0.3100397255326833
a,0,prototype,93,0.545278069399733,0.7378934312545464,0.5750287318716428,0.9153281626306108,0.16751503933364184,0.6982967062489925,0.5068163181631816,0.6132221902845645,0.8553045525584039,0.2951577255374724,0.6226712977581307,0.23319063208259885
a,0,prototype,108,0.5856830026479556,0.8004547989427682,0.5974167019225803,0.9201762514419712,0.16237238697131745,0.7702596791890903,0.5912666607296583,0.7269515521496298,0.9286952239343114,0.3544590312358533,0.6076705438541339,0.20929569432563444
a,0,prototype,123,0.6093461979286641,0.8188374562898063,0.6269146489062595,0.9374009360956235,0.1304992585269402,0.7830132052821128,0.6097463016266149,0.7639619085408194,0.9337078005482814,0.4703692820060731,0.5567641060503059,0.2986529826812059
a,0,prototype,138,0.6417370296936479,0.843232078647762,0.6422172899426258,0.9403968565081854,0.19119608714984437,0.7560180805213917,0.6608483037321289,0.811573354370171,0.957005639677893,0.5268347654599239,0.5899102445063448,0.34184993531694696
a,0,prototype,153,0.6486144124842933,0.8457584806564941,0.6449623565256948,0.9377307133002722,0.20114942528735633,0.811162889218386,0.6606679356290016,0.8244840359851826,0.9514574012018646,0.4107570454964082,0.7138077858880778,0.32631248035209054
a,0,prototype,168,0.690791281825087,0.8641543868017582,0.681185713992637,0.9441486348702843,0.27314814814814814,0.8273916388817646,0.6877653975973578,0.8387601957585644,0.9617040267021207,0.5639355502228317,0.7268673355629878,0.39340060868172355
a,0,prototype,183,0.6990579775039362,0.8644927158641416,0.7052683139340915,0.9500161729170234,0.2915346310547759,0.8058459569020695,0.6907045980813761,0.83564305141821,0.9585675148981839,0.5548956388936026,0.713957495692131,0.4903567376780537
a,0,prototype,198,0.7045164859305352,0.8683575759802057,0.7010605387605655,0.9529843788648515,0.3214871514488792,0.836036780659159,0.6787366290835501,0.8324133931831361,0.9661100977503391,0.41694063043898666,0.7418743623378516,0.5940649496080627
a,0,prototype,213,0.7453662267892449,0.8840828427166207,0.7391506477324699,0.9573762910436258,0.3343108504398827,0.8507676560900717,0.7037050968591311,0.8369191049913941,0.9712927579457545,0.6553308823529411,0.7379807692307693,0.6606126321496341
a,0,prototype,228,0.7418441227313017,0.8835482317864203,0.7428728619285591,0.9554737453981786,0.27122381477398017,0.8419904425514232,0.7021450308023455,0.832646544842614,0.9730961811523803,0.6489215236346948,0.7697725605282465,0.681327260897853
a,0,prototype,243,0.7478960733761889,0.8835475160900246,0.7464729807235718,0.9525580674531683,0.34340836012861736,0.8589934714439932,0.7033991630570443,0.8338594594594595,0.971400200470262,0.6325685149776928,0.768624014022787,0.6662534093726754
a,0,prototype,258,0.7414616116174648,0.8824434661863598,0.7386921805576484,0.9613984543808763,0.37642330877428,0.8614015112307215,0.6915805348144334,0.8359234907352062,0.9719970110218569,0.5231040564373898,0.7591801878736123,0.6921459492888065
a,0,prototype,273,0.7546698546725891,0.8850206054834002,0.759202906220622,0.9609844996178794,0.3650034176349966,0.8690802149883379,0.6954345517973608,0.83870274452492,0.9669794078225905,0.6418381138309055,0.7744206512173658,0.6795850906189445
a,0,prototype,288,0.748045053457477,0.8826503143056887,0.7547602288601349,0.9539717450316035,0.3681726230613621,0.8713054187192119,0.6956191921107528,0.8422518912200244,0.9664296407185629,0.6513706793802145,0.7637094458799886,0.6195748449955713
a,0,prototype,303,0.7721996463254338,0.8832074949889063,0.7803395158140867,0.9489290281329923,0.5940366972477065,0.8663892741562644,0.6956623225053492,0.8431932486574034,0.9665854701649342,0.6477174849267873,0.7556183745583039,0.6316649165791622
a,0,prototype,318,0.7795882171992344,0.8887661584791667,0.7791286694776511,0.9589419660481643,0.5806451612903226,0.8687577383408998,0.7015540514992249,0.8452355391420106,0.969285561517217,0.6819484240687679,0.7504889633975971,0.6594365494889055
a,0,prototype,333,0.7922401556872807,0.8919203750348123,0.7974690429139771,0.9588572103181631,0.6280353200883002,0.8662466062189437,0.7107009381435436,0.8454348766767633,0.970364996093314,0.7484161621849923,0.750140056022409,0.6519652354390971
a,0,prototype,348,0.7856242690553604,0.8891032697464626,0.798139690779675,0.9583646653738077,0.6303664921465969,0.8731354759341842,0.7033200531208499,0.842613847532848,0.9693283484924576,0.693504366812227,0.7588966700014291,0.641088502083844
a,0,prototype,363,0.7948933123526997,0.8944171052269969,0.801531318362701,0.9659874638948381,0.6366962885520125,0.8800491475963753,0.7066502841345416,0.8485638552122713,0.9710418984056359,0.7127746135069162,0.76998556998557,0.6622906898861353
a,0,prototype,378,0.7985188123607956,0.8963570045454716,0.8045615612266178,0.9669574721392743,0.6304347826086957,0.8778248227312146,0.7168067863364387,0.8487841115165287,0.9711884419073827,0.7510384934921075,0.767435158501441,0.6561992420140769
a,0,prototype,393,0.8046331502343722,0.8979275861395211,0.8109847742285997,0.966549330396649,0.6543878656554712,0.8777346145982416,0.7164482602801627,0.847578285364895,0.973358272149484,0.7544843049327354,0.766527437707043,0.6846299810246679
a,0,prototype,408,0.8063493366615755,0.8996578015369245,0.8122102766037371,0.9674686746279193,0.6254742547425475,0.8794051741698921,0.7122882800954871,0.8478654874986352,0.9754572688536182,0.7705031013094418,0.7695204983340577,0.7091612903225807
a,0,prototype,423,0.8068157425782236,0.8998801035544399,0.8137085713598448,0.9673844702923609,0.6460409019402202,0.8819717303668929,0.715209869113886,0.8484980980280705,0.975848375786997,0.7537418808246258,0.7718940936863544,0.7007522631646054
a,0,prototype,438,0.8070640674483953,0.9007083760809768,0.8195388651815042,0.967714010270132,0.6416065911431514,0.8799794661190965,0.7141251405020607,0.8488978482843245,0.9777520732082723,0.7555240793201133,0.7644521138912856,0.7135252842971207
a,0,prototype,453,0.8171406360947886,0.9055915674653752,0.8312014510112244,0.9696339189321818,0.6475531389026199,0.879955046996322,0.7281965083852237,0.8563155832281099,0.9782134263490702,0.8042813455657493,0.7665223665223665,0.7235943899714534
a,0,prototype,468,0.8129266175876008,0.9043507380460575,0.8267264895813736,0.9687592043513265,0.643315244203256,0.8819099339105487,0.7290673172895642,0.8551483420593369,0.9778163364304638,0.774,0.7648586266589729,0.7214645533849368
a,0,prototype,483,0.8114464819597345,0.9039801546566084,0.8240197298716947,0.9686160380697684,0.6663239074550128,0.8822418457454954,0.737913858775271,0.8581735586879551,0.9763087967926903,0.7385474860335196,0.7674048342741352,0.7074880118037624
a,0,prototype,498,0.8238431825404204,0.9101583019760328,0.837520979615098,0.9719490978751686,0.6663174436877947,0.8825691820688246,0.7547827376538633,0.8630653546645246,0.9780565433688946,0.7949088046188164,0.7678751986133179,0.7350642803125788
a,0,prototype,513,0.820395246786073,0.9084751119553734,0.8315208069391647,0.9719669924504009,0.6550816219062665,0.880842794313184,0.7405860975798345,0.8651419387068048,0.9774516119996639,0.8001596593932943,0.765791750793193,0.7265347539320142
a,0,prototype,528,0.8281898034112639,0.9127872432285042,0.8357106336825557,0.9705260685767966,0.66738894907909,0.8837019255324583,0.7609476499808941,0.8733904176743578,0.9778022141871995,0.8163872363439697,0.7676738470435159,0.7358899222830934
a,0,prototype,543,0.8321326085839051,0.913165640709399,0.8461079408078968,0.9715571205007825,0.691437802907916,0.8831368528959508,0.766523151295415,0.8697804991268596,0.977255956884393,0.8341097308488613,0.7649597238204833,0.7304326389744854
a,0,prototype,558,0.8308033509890365,0.9123883283792159,0.8363377883804736,0.9720766523269456,0.6815642458100558,0.8803440684040755,0.7549497171590195,0.8714494121685403,0.9773216632644501,0.8373154362416108,0.7638769053781996,0.7383320581484315
a,0,prototype,573,0.8304963024262134,0.9131312039692421,0.8344416865536006,0.9711288144218913,0.6677667766776678,0.8821393874316101,0.7595431789737171,0.8752817914421281,0.9766870709062832,0.8418186768309284,0.7665324899367453,0.7335685352149484
a,0,prototype,588,0.8326355185841154,0.9135798791694942,0.8374696626367256,0.9736939607261949,0.6786885245901639,0.8882376717865804,0.7544351073762838,0.8733714580556392,0.9771105048768639,0.8278428669882839,0.7781190580664034,0.7422205147906262
a,0,prototype,603,0.8358819164101023,0.9162680114689477,0.8354541770096052,0.9726925177498634,0.6793981481481481,0.8858910640024343,0.7687777267859874,0.8770804438280166,0.9787047651000457,0.8391531481990652,0.7736398021530404,0.7475996317243193
a,0,prototype,618,0.8321598009834886,0.9160866292790785,0.8333103735985242,0.9721972392757987,0.6605818596691386,0.8875546962450391,0.7692366470543287,0.8798410264163985,0.978603939710491,0.8245936395759718,0.7740810693011768,0.7427480916030534
a,0,prototype,633,0.8329936762293854,0.9144488537223728,0.8356503775826721,0.9725093984962406,0.6693046919163369,0.8874381598408732,0.7608938117764701,0.8738624384156968,0.9779203940188241,0.822997598530866,0.7815758980301275,0.750440695039033
a,0,prototype,648,0.837194300302294,0.9163364440046233,0.841354390727441,0.9727041315841003,0.6805165637282425,0.8862421743777676,0.7696808715402087,0.8752430750615791,0.9786988095571031,0.8312542837559973,0.784495227075499,0.7559135660401484
a,0,prototype,663,0.8325992082477868,0.9158804017711757,0.8326137222731287,0.9731116463975873,0.6597701149425287,0.8914554374488961,0.7681830355434824,0.8767170477543814,0.9782865872402262,0.8137733142037302,0.7819048995519584,0.7501907911472908
a,0,prototype,678,0.8336175348601835,0.9151085965209084,0.8380343570523858,0.9734759442093716,0.6603032004491859,0.8874795417348609,0.7591155481027961,0.8736909871244635,0.9787471931573603,0.8375857338820302,0.7798125450612834,0.7523471200202995
a,0,prototype,693,0.8362294092635705,0.9169159437244289,0.8428182008918107,0.9729623747622689,0.6781115879828327,0.8910485933503837,0.7689568414940972,0.8772534407374701,0.9794112166946153,0.8286786160900376,0.7802404751557294,0.7494015371046995
a,0,prototype,708,0.8374069619618827,0.916905748985259,0.8428880606514685,0.9724028206085129,0.6648321408915795,0.8938825200365222,0.7672240284873819,0.8766203005899832,0.9785250913429274,0.8382373255974582,0.7937811674977999,0.7511572626047792
a,0,prototype,723,0.8371961545948503,0.9170827424964838,0.8427381216627712,0.9724468168616061,0.6573816155988857,0.8915370632195516,0.769135707113617,0.8784176847004073,0.9779562111946221,0.8440570084405701,0.7929011440305075,0.7509321401938852
a,0,prototype,738,0.8394366638950077,0.9187244009873559,0.8411229689681454,0.9732788431310908,0.6573816155988857,0.9025419471516126,0.7694034761738862,0.8803741525787351,0.9787055589208331,0.823579304495335,0.8107945122870496,0.7588705647176411
a,0,prototype,753,0.8411909016696045,0.9192424664505634,0.8422769102093297,0.9726870514207059,0.6692520775623269,0.9035180431828477,0.7676664972038637,0.8811263513224801,0.9797528658627364,0.8297812675266405,0.8079130172153428,0.7590209437294979
a,0,prototype,768,0.845156891808545,0.9206337796921489,0.8496222053128129,0.9733652375161809,0.6824894514767933,0.9007894604515513,0.7723174206643507,0.8829554707924399,0.9800428584738656,0.843447792571829,0.8075471698113208,0.7634571645185747
a,0,prototype,783,0.8474756445587089,0.9212786540811579,0.8493199506442165,0.9748548564255453,0.6955567745474492,0.9073215006050827,0.771455443216553,0.8814667606897878,0.9802467986030268,0.8414889167712254,0.8109746854630893,0.7639150647066214
a,0,prototype,798,0.8514134602648811,0.9233435498537717,0.8544179514554971,0.9756585136406397,0.7049269085002707,0.9062233160882013,0.7813071031452898,0.8834746674701907,0.9808297781172569,0.8531909066009312,0.8121656732385756,0.7649442755825735
a,0,prototype,813,0.8513338957353962,0.9231925441622243,0.8551565703469517,0.9761890763713328,0.6949061662198391,0.9070961248112733,0.774019801980198,0.8829505677452403,0.9811763391610344,0.8605220228384992,0.8098698153194066,0.7752751471717431
a,0,prototype,828,0.8489784541301385,0.9225929976841059,0.8501296609372021,0.9756422045272239,0.679494227597581,0.9056452421538153,0.7736072698538127,0.8837705267647686,0.980586503707568,0.8605000683153436,0.8156136087484812,0.7659464355026524
a,0,prototype,843,0.8503853820316095,0.92265188287397,0.8482478870613703,0.975641276679068,0.699606962380685,0.9070650544618767,0.7758273835351662,0.8834146653312592,0.9804479931507487,0.852085620197585,0.8167763661411297,0.7626031164069661
a,0,prototype,858,0.8528777106624753,0.9243575559775045,0.8528546459871893,0.9752963071799393,0.6943521594684385,0.9072484025559105,0.7826396863738961,0.8862216726714562,0.980784269913976,0.8643516006511123,0.8136062798214561,0.7713990173260926
a,0,prototype,873,0.8511858613842701,0.9248403592126423,0.853289141338029,0.9761089478936349,0.6845564074479737,0.9081367453018793,0.7864192656928544,0.8885557649477471,0.9806544153945027,0.8548150126886603,0.8149745801879525,0.7664516129032258
a,0,prototype,888,0.8528370806055252,0.925273505654792,0.8539241416307913,0.9757319555346798,0.6864169927333706,0.9107107107107107,0.7859249066247297,0.8879031393978356,0.9811057074179663,0.8556106716718058,0.8214616096207216,0.7706680317379063
a,0,prototype,903,0.8558369060862403,0.9263687258723405,0.8563565840790204,0.9760247183979975,0.6927374301675978,0.9062096373571783,0.7946595877576514,0.891144030444411,0.9798918112292483,0.8676549865229111,0.8200992555831266,0.7741106973160395
a,0,prototype,918,0.8519982932040179,0.9242424025023861,0.8517883205563086,0.9751946476779216,0.6825749167591565,0.913234706117553,0.7771789036611171,0.8854760486684251,0.9811394526159002,0.8626925653047556,0.8186804576085253,0.7718129404228059
a,1,random,18,0.33935118248325336,0.4899980379726194,0.42486274634750015,0.3815450262245533,0.08496864252478252,0.2818444681174859,0.2565219211925799,0.7747497564918243,0.5806459532782559,0.3905485740085785,0.08203147190819747,0.22130482860302247
a,1,random,33,0.44744660623864235,0.6551264754829608,0.4821456914070187,0.8667798814857638,0.06369426751592357,0.4535360015792331,0.28003451251078515,0.6287237525136791,0.7773003976588236,0.27429084841483764,0.3356575320252959,0.3470022624434389
a,1,random,48,0.5065155511957345,0.7142813865555898,0.51520600175365,0.9188162028936426,0.10704225352112676,0.35032614149523333,0.373606220657277,0.7427955598663649,0.836376336366635,0.3859805582805672,0.5878220140515222,0.2558746736292428
a,1,random,63,0.5639424510910948,0.7917323477409017,0.5571441035846835,0.922488535729536,0.062424969987995196,0.7471383040804417,0.5455374684254841,0.7746686303387335,0.9044619670428254,0.4162071445696476,0.4271548436308162,0.2754001960143744
a,1,random,78,0.5312820626429694,0.7749739964305005,0.530645747254353,0.9122192306273743,0.041916167664670656,0.7537999453900064,0.48269331243469177,0.7306114661833445,0.9100782380821736,0.4197068224402072,0.3185462319615179,0.21196714900273758
a,1,random,93,0.5291619980050186,0.7735855633615456,0.5301459731385728,0.9008159293360282,0.08253968253968254,0.7512148559527941,0.5159698328293887,0.7548572630988286,0.8979901048437632,0.4143053016453382,0.2218350754936121,0.2229299363057325
a,1,random,108,0.5906557375485452,0.8057942454407382,0.5888040252295226,0.935259658309631,0.044374009508716325,0.7649418575128218,0.5308503477675567,0.791688079544185,0.9158544955387783,0.5048543689320388,0.6064494344082391,0.22162938641493946
a,1,random,123,0.589231250729551,0.8094459468817038,0.5805468743950013,0.9399093187427063,0.02640845070422535,0.7893457565323071,0.5695409813502168,0.7907296925195043,0.9133234902490058,0.4851140610903467,0.6160384331116039,0.17267107226604136
a,1,random,138,0.6019429616728983,0.8132826960092244,0.5896792113044378,0.930822371534021,0.07588424437299035,0.7718083210266334,0.5689794484454593,0.8173990631273701,0.9150229704822426,0.49013678905687547,0.6389137037698768,0.20851974324061467
a,1,random,153,0.6221826643950722,0.8229280649701848,0.6095586305466374,0.9327806195211926,0.024888888888888887,0.8269054645364812,0.5858025119700229,0.8228153173257163,0.9139697482063702,0.5131434830230011,0.7826894502228826,0.19664849586109429
a,1,random,168,0.6551901623154371,0.8298749089123323,0.6396991126302104,0.92131577931354,0.25375826819001807,0.8347330381228686,0.6144683960540738,0.8306683615441226,0.9188117010145125,0.5609457806767224,0.7873203096203465,0.17468982630272953
a,1,random,183,0.6566836035191915,0.8274534313906402,0.6422597598247232,0.9199362289536105,0.26549865229110514,0.8351221506695288,0.5953767813312818,0.819984456533807,0.9201973328940022,0.5680781758957655,0.7914244186046512,0.1945342344989715
a,1,random,198,0.6808038550946729,0.8380896717275468,0.6699244364843813,0.9481199976967812,0.2597402597402597,0.8363860243189164,0.6025561739847454,0.7988481916609076,0.9264103678095045,0.5827127659574468,0.7966472303206997,0.3758136843627947
a,1,random,213,0.6540464006253492,0.8347568341018906,0.6338027340332709,0.9569805194805194,0.23270055113288426,0.8128728257055492,0.5989754724022119,0.79741329712563,0.932205402738825,0.5549635445877734,0.6723338485316847,0.3279721439230642
a,1,random,228,0.6661198652809212,0.8365473709602849,0.643435457301698,0.9534095968100962,0.2608695652173913,0.8223379911388091,0.6064454783169763,0.7943419775343226,0.9310908323081725,0.5545730864879801,0.7102727086323559,0.3617375510821856
a,1,random,243,0.6699293932211228,0.8438914080707294,0.6487332076205772,0.954799332066563,0.20851528384279475,0.8449739389426657,0.633462058949731,0.8026858781562566,0.9346548451869034,0.5332935204538668,0.7668353444920203,0.3501443368993038
a,1,random,258,0.6722416809572178,0.8419773166740314,0.6560154093012609,0.9482873644282638,0.2075187969924812,0.8359783144406111,0.6248882162757102,0.8116108043712341,0.9301908590970008,0.5590606875088414,0.7637490317583269,0.36889105374249065
a,1,random,273,0.6732705936393077,0.8408545469773774,0.6652425162303642,0.9517937219730942,0.27240704500978474,0.8289783889980353,0.6114591074777931,0.8097474644340072,0.9316840189566454,0.5606557377049181,0.6996954314720812,0.39301442672741077
a,1,random,288,0.6793219605337358,0.8465939717885007,0.6674857123114442,0.9520602670927977,0.27739463601532566,0.8359057278651575,0.6244350282485875,0.8181371454098727,0.9370727952292183,0.5777134587554269,0.7111469461802056,0.3800316400070311
a,1,random,303,0.6781358370505148,0.8459367488377715,0.6708184527193605,0.9512376662786037,0.27250264737027885,0.8315738025415444,0.62537207654146,0.8219147511716135,0.9350700097688049,0.5674418604651162,0.7059528565721135,0.39215686274509803
a,1,random,318,0.6825451644458989,0.8494288086108033,0.6786990384593778,0.9449378330373002,0.27355401964350673,0.8437468957981524,0.6343224015269825,0.8214074780791423,0.9419290336317265,0.5525146869178965,0.7428682320978071,0.38762589928057556
a,1,random,333,0.6860831967486377,0.853267836260625,0.6788633824828694,0.9470813937635121,0.29468960359012714,0.841587601212061,0.6463604240282685,0.8295887707968967,0.9449007844946932,0.5322777101096224,0.727808326787117,0.4104541559554413
a,1,random,348,0.6974716755336482,0.8599821619529372,0.688554200799618,0.9537637770655827,0.3022188217291507,0.8436109027256814,0.6612783154312454,0.835475405423592,0.9475940748918944,0.574333284219832,0.7283950617283951,0.4305754365874606
a,1,random,363,0.7048583146401514,0.8628691480959351,0.6877225261440718,0.949351951859281,0.2686428902269569,0.8531211141507088,0.6706582633053221,0.8390276839972991,0.9467979205840062,0.5673846153846154,0.7684918347742555,0.480248557478917
a,1,random,378,0.7006397052682155,0.8637188003927249,0.6805203603648838,0.9532001693414925,0.26634615384615384,0.847986358393099,0.6719272906612181,0.8363381681803804,0.951004472468656,0.5428881650380022,0.7354713313896988,0.5005952380952381
a,1,random,393,0.7016834988246624,0.8644564522391944,0.6782464106009025,0.9561728747171677,0.2791353383458647,0.8486643904398473,0.6660644601821072,0.8369417378313898,0.9525221737100804,0.564993954050786,0.7309803921568627,0.4796761679878563
a,1,random,408,0.7112065504271969,0.8670369248294295,0.6903347187809418,0.9574257425742574,0.2695390781563126,0.8518987983572479,0.6700427960057062,0.8365347977137734,0.9515688886847062,0.5615006150061501,0.7662721893491125,0.5360760479975066
a,1,random,423,0.7140410689428978,0.8675728794382773,0.6943641148870028,0.9575854274697514,0.2778884462151394,0.8580088359190383,0.6671014492753623,0.8367195743438924,0.9516889202075574,0.5711706289497442,0.7912324829320877,0.5149738551735066
a,1,random,438,0.7016206427255262,0.8639994638645019,0.6761400569101222,0.9583088667058133,0.27421916357861303,0.8562602965403624,0.6584826207979445,0.8383023658136557,0.9512592795008425,0.5031125299281723,0.7894736842105263,0.4851669774538057
a,1,random,453,0.7004353001359994,0.8636192660426609,0.6723980672524258,0.9538235183159165,0.2773393461104848,0.8546517591547851,0.6635793465577596,0.8416098741314627,0.9508364007434673,0.5045842554536832,0.7731558513588463,0.4843373493975904
a,1,random,468,0.7154904007106312,0.8690317072275336,0.6861023490839049,0.9574383527942317,0.29743589743589743,0.8639812598665784,0.6718282083120298,0.8432122370936902,0.9515808656036446,0.543402225755167,0.7799628942486085,0.5305716652858327
a,1,random,483,0.7231406719144402,0.8723177638717546,0.6985681983169159,0.9568428428049311,0.278814489571899,0.8625742980118877,0.6864753329581692,0.8418145259296904,0.9525157003067036,0.592724573125464,0.7934900542495479,0.5430142302716688
a,1,random,498,0.7218164800349741,0.8722977942010741,0.6978565973621039,0.9585944451807115,0.3167372881355932,0.8660842754367934,0.6848199611534439,0.8435362139736063,0.9541123804487559,0.5627573585481165,0.7985803016858918,0.5111260957518543
a,1,random,513,0.7350822778292677,0.8771726949879685,0.714046076371853,0.9563447183895046,0.32616675406397483,0.8667572369108579,0.6963988304526444,0.8491436684710267,0.955817930731734,0.60820451843044,0.8197446808510638,0.5371621621621622
a,1,random,528,0.7396855278659261,0.87724749463057,0.7236879627469003,0.9586040187339477,0.32270531400966185,0.8773810762985323,0.6823790060735704,0.8442532539157291,0.9552838109144004,0.6661895219009447,0.8410222369731165,0.5093515119734312
a,1,random,543,0.7380193627155974,0.8808381389411089,0.7223795886512591,0.9580266485486733,0.3101330603889457,0.8710383653044204,0.7147115814577434,0.8542819381286262,0.9560703239756585,0.6852834403797822,0.8216234088279054,0.4710054974286221
a,1,random,558,0.7426124376074625,0.8804956651070084,0.7274363559215532,0.9571350444113376,0.3115169964485033,0.8764337851929093,0.7031057753253048,0.8501129577023733,0.9559013199418238,0.6780802694358686,0.8364116094986808,0.5148141805103613
a,1,random,573,0.7371762774757825,0.8790601901927381,0.7214174513782713,0.9597758806716008,0.31584158415841584,0.8755203996669442,0.7023158210297534,0.8520487957460119,0.9543016871682343,0.6693013408609739,0.8338870431893688,0.4715939447907391
a,1,random,588,0.740914978505504,0.8800422307628,0.7244822009221766,0.9616961506339685,0.310838445807771,0.8785947458417535,0.6985689065845322,0.8483848674677308,0.9550745112336508,0.6671378091872792,0.8372864488306518,0.5106529209621993
a,1,random,603,0.7378048356871942,0.8796408150478727,0.7275675229042201,0.9592258798975429,0.2909280500521376,0.8731563421828908,0.7058556513844757,0.8518253079507279,0.9539914351597673,0.6941223510595762,0.8361060780760995,0.47503242542153046
a,1,random,618,0.734717796782026,0.8793019376948353,0.722298993896498,0.9575336255100498,0.3024875621890547,0.872537481451159,0.7120597490237707,0.8534442072142937,0.9544338684212927,0.7006892895015907,0.8162364130434783,0.4430379746835443
a,1,random,633,0.7415145946249625,0.8817597019796877,0.7308168743566763,0.9578891660996447,0.29576795054683785,0.8742821985233798,0.7063797371929156,0.8548156104547082,0.9565042139978014,0.6984931324176556,0.8209459459459459,0.5085533964457731
a,1,random,648,0.7366669684977479,0.8794239283016938,0.7271927282507092,0.9579156046445766,0.27566539923954375,0.8723653993365654,0.7001617001617002,0.8528624933119315,0.9544307282823183,0.6915716345523659,0.8180430727488553,0.5069866842018741
a,1,random,663,0.7380775887535465,0.8824634585829108,0.7264411655316398,0.9595570808289566,0.2522911051212938,0.8766210466963965,0.7074152864306337,0.8534624439212899,0.9575497736723954,0.7014054627419782,0.8198121263877028,0.5145839729812711
a,1,random,678,0.7413962670538928,0.8858313668300101,0.7277709028494436,0.960887066150224,0.23858447488584475,0.8760423022167989,0.7216839291680588,0.8568347263413318,0.9590842221404928,0.7125300561047289,0.8182444061962134,0.5286752202813417
a,1,random,693,0.7434374260574297,0.8847051464135438,0.7316528406271364,0.9605919741959966,0.27277686852154936,0.8747192158464366,0.7168529145273331,0.8544298127743438,0.9586593204775022,0.7135483870967742,0.8165011982197877,0.5228571428571429
a,1,random,708,0.7583979859437898,0.8888876266404406,0.7435361823063955,0.9615684188529418,0.3613777526821005,0.8848466474660199,0.7255461997848585,0.855321257997657,0.9610282228428635,0.7233263598326359,0.8131906077348067,0.539376406300225
a,1,random,723,0.7516923147567124,0.8883362208457469,0.7332322900229475,0.9598938086659714,0.3384253819036428,0.8782682597610358,0.7319269263682703,0.8592795544376572,0.9610695088896035,0.7226603575184016,0.7813003761418592,0.5324066591239696
a,1,random,738,0.7577605493304497,0.8890551384226988,0.7427020704069762,0.9612644617108987,0.36048526863084923,0.8789618168205641,0.7324216566680329,0.8571428571428571,0.9603714999124691,0.7222726683097678,0.7943991492378589,0.5525255655407499
a,1,random,753,0.7529421003450794,0.8888887597443582,0.7355047929406708,0.9602126044039484,0.3397773872290568,0.8756681845179173,0.7395524599881447,0.8604003950085286,0.9600265506305775,0.7298766741811431,0.7800829875518672,0.5308816595945309
a,1,random,768,0.7527891232947213,0.8889889012369095,0.7362540621436042,0.9597493829504462,0.3231390652048471,0.8774463423136298,0.7353146981917283,0.861124221787697,0.960209510987339,0.7299250535331906,0.7899608401566394,0.5382329945269742
a,1,random,783,0.760776733704907,0.8925039907691841,0.7435177470312716,0.9640984575492383,0.3392857142857143,0.8855490186384536,0.738027136046938,0.8619252517515601,0.961635272314884,0.7283283823926546,0.7968,0.5713413703647184
a,1,random,798,0.7609387832389585,0.8921618914434111,0.7452490277414785,0.9621062243189773,0.3305882352941176,0.889419014959495,0.7355930950356707,0.8612545462709353,0.9614965961293656,0.730484023189969,0.8131524008350731,0.5643549131170229
a,1,random,813,0.7606507904414794,0.8931553400234092,0.7428138764075157,0.9629601416845994,0.33507853403141363,0.8890538400633412,0.7371405125144541,0.865397124464482,0.9622362190244127,0.7318637274549098,0.7975022301516503,0.5646247845840514
a,1,random,828,0.7621910869894535,0.8946872280210417,0.7441304442029789,0.9628838858493624,0.32529375386518244,0.8887893269613699,0.745336097127628,0.8672336615935542,0.9628184361655132,0.7360535117056857,0.8111595466434176,0.5601515629933691
a,1,random,843,0.7642213880101516,0.8952934967121597,0.7455002466629544,0.9646186764481125,0.3485813549507817,0.8886021932218529,0.7459427118390547,0.8692288774118542,0.9625706733240326,0.7386516250335751,0.7972177635098984,0.5625786163522013
a,1,random,858,0.765200445732025,0.8953398700590316,0.7479128657584384,0.9634877592330902,0.3448275862068966,0.8901768761866693,0.745691906005222,0.8689803124092158,0.9624449814843743,0.7411685695097381,0.8081123244929798,0.5619136960600375
a,1,random,873,0.7630638640636866,0.8952849058610436,0.7423645196379869,0.9627789666768573,0.3422103861517976,0.8901919510850499,0.7522699702238723,0.8682662850242626,0.9629166934587509,0.73992673992674,0.812035275808404,0.5369785082174463
a,1,random,888,0.7664025457592194,0.895496869450408,0.7469044542207777,0.9633197622187817,0.36014851485148514,0.8892766339299067,0.7506297229219143,0.8674720317977804,0.9625714653381621,0.7456984148489365,0.8032815500087275,0.5552248159172802
a,1,random,903,0.7649251528124918,0.896984814012103,0.7435425959100722,0.9628399656455768,0.336,0.8910253183671415,0.7583800438026653,0.8708510163055617,0.9636225391852401,0.7583991433543033,0.8116242864556306,0.531584062196307
a,1,random,918,0.7706058418270303,0.8992208695464633,0.7487881533346133,0.9619674006291107,0.35477582846003897,0.89287694711902,0.7678960386901466,0.8743835739262978,0.9639284798299931,0.7644683714670256,0.8154165226408573,0.5397394136807817
a,1,uncertainty,18,0.33935118248325336,0.4899980379726194,0.42486274634750015,0.3815450262245533,0.08496864252478252,0.2818444681174859,0.2565219211925799,0.7747497564918243,0.5806459532782559,0.3905485740085785,0.08203147190819747,0.22130482860302247
a,1,uncertainty,33,0.3295577377807762,0.4633477164802863,0.41738362150214997,0.2706199106908327,0.06942752740560293,0.3414395937103233,0.34759436372928376,0.7145777046869494,0.5577786453250049,0.384100237632318,0.09157983302051648,0.18890182382615445
a,1,uncertainty,48,0.3959932554548144,0.5549765013851491,0.4398930185258496,0.3953450520833333,0.04521986825707673,0.5891883305977657,0.3773507767784137,0.7295502943755481,0.6640432974097182,0.3429058856980381,0.08482960791498717,0.33550618597844883
a,1,uncertainty,63,0.4493258243583087,0.6418515414471855,0.4780098989289969,0.43120781064403046,0.0481149012567325,0.5976457077232271,0.3972555450073358,0.7875926632782209,0.8240903283439457,0.5383712743487444,0.08632085528920837,0.3333333333333333
a,1,uncertainty,78,0.48212098822469784,0.686562124411118,0.5018182916372464,0.5241084474268088,0.07264296754250386,0.6965896354805999,0.5352326837661558,0.7929439746300211,0.8425238109915852,0.30662151993980435,0.08869351606438684,0.4797323381804144
a,1,uncertainty,93,0.4857082989378121,0.6887766002655754,0.512510967702045,0.4194497837578087,0.08185328185328185,0.7299969107198023,0.47980011857372745,0.80705364889131,0.8942008064114689,0.46217292377701935,0.09407486190688578,0.4027723545490043
a,1,uncertainty,108,0.509835035972149,0.7084597749605089,0.5196476533247415,0.47743304467511616,0.17208966015907448,0.6977582846003899,0.5512399408769912,0.8094706368899918,0.9003667481662592,0.39788458547207967,0.09491197122202621,0.48736045168741177
a,1,uncertainty,123,0.5470109836041677,0.7475857524598969,0.5878367485432021,0.5625967592114769,0.19138755980861244,0.7843212604476895,0.5843015521064302,0.8157436996885239,0.9271671352276818,0.47232472324723246,0.16643900388777977,0.41881715881208226
a,1,uncertainty,138,0.575626167713687,0.7749444472546098,0.5932484273670482,0.6834959899507199,0.1961977186311787,0.6408047128601772,0.6097450471600973,0.8092529389457717,0.9478824987243968,0.44910102186004397,0.27061408581010754,0.5735414954806902
a,1,uncertainty,153,0.6192819642426686,0.8240126588556695,0.6215877071021203,0.8770287520515471,0.19130434782608696,0.7349402978399893,0.6258668937826987,0.7944847983993737,0.9592257801874485,0.4169057603178106,0.35799716197040343,0.6157838858086587
a,1,uncertainty,168,0.6595323974762279,0.8489799982397286,0.647653468129963,0.9244791666666666,0.17652099400171378,0.8003841404856633,0.6370782056371576,0.8400581154005812,0.9537555557626187,0.5056376052088296,0.5002915451895044,0.5975862489333171
a,1,uncertainty,183,0.6845306025657146,0.8651025305639777,0.6631711329078034,0.946098652955092,0.18363939899833054,0.8594359896495768,0.6454541865698157,0.8334345358989929,0.9666496020849816,0.49492654853854307,0.5962761126248864,0.6348603957712117
a,1,uncertainty,198,0.6887309589700753,0.8705492644289299,0.6659766937887321,0.9603813393764163,0.2224168126094571,0.8429969714260633,0.6522386258497929,0.8444602719064876,0.969915741806169,0.5418826739427012,0.5159538357094365,0.6483323581041545
a,1,uncertainty,213,0.7039200458095998,0.8752456564038446,0.6838980988918089,0.9639946830029474,0.23310810810810811,0.8364935179469088,0.6643294648613798,0.8422170312168189,0.9705520557647147,0.6405604904291254,0.5136221527467619,0.6704029082096334
a,1,uncertainty,228,0.7165504824187714,0.8781507547192533,0.6889640501306027,0.955431062503585,0.23863636363636365,0.8518535323744272,0.6708860759493671,0.842077489801303,0.9712509567457577,0.719977314617893,0.548050287662476,0.6507912584777694
a,1,uncertainty,243,0.7209896747326875,0.8797003876157893,0.6977880211184475,0.9554486749573649,0.24861441013460014,0.8501179459263292,0.669886727933319,0.8446755138371905,0.9717040295783217,0.7698390285230161,0.5060394151303242,0.672581326573722
a,1,uncertainty,258,0.7480465668185438,0.8883696091753236,0.7177133432002789,0.9556378835375701,0.38606271777003487,0.8641105541254572,0.696067925150441,0.8533047192587854,0.9751851054469208,0.7754056362083689,0.5476655808903366,0.678978978978979
a,1,uncertainty,273,0.7354104506891365,0.8874361691506482,0.7040248224053006,0.9579039767956644,0.3473762010347376,0.8569375841939829,0.7070395057714193,0.8544649507572623,0.9749549600007468,0.7567958357432042,0.469807868252516,0.6934131736526946
a,1,uncertainty,288,0.7391684758154952,0.887884903092663,0.712193225504346,0.9580622943292263,0.3447761194029851,0.8505438431583188,0.7071718871874871,0.8568479719269274,0.9731880394690033,0.7918609580330649,0.4629803186504217,0.7070848501820218
a,1,uncertainty,303,0.7354398055341911,0.8878461944354503,0.7075462619571513,0.958281764694682,0.35049961568024596,0.8485290763968073,0.7099350570771651,0.8561045904515266,0.9752987303958178,0.7971274685816876,0.4339197113216058,0.6892622352081812
a,1,uncertainty,318,0.7523404135114653,0.8917705442285974,0.7293269155380612,0.9608508192009199,0.37490774907749075,0.8683665195062619,0.7087026591458501,0.8550776257621153,0.9742324612830302,0.806931368535953,0.511857243484386,0.7101372756071805
a,1,uncertainty,333,0.7422274868862727,0.8879669324976928,0.7188448284058744,0.9576893649579189,0.3622641509433962,0.852217649748514,0.7026515930113052,0.8562181773206077,0.9735661316061204,0.8071863064082614,0.47243052492280546,0.6958234830575256
a,1,uncertainty,348,0.74079611835863,0.8875923095256594,0.7166620281634101,0.9623136256627175,0.38593866866118176,0.8504504504504504,0.700559855096328,0.8539765587986899,0.9733813894989769,0.8024359155926922,0.4218097447795824,0.7162988566870513
a,1,uncertainty,363,0.7490952019952586,0.8955837803318275,0.7254450638406482,0.9659360360881384,0.35303146584804296,0.86119817318886,0.7297752808988764,0.8657666143380429,0.9752565553757355,0.8224039927907943,0.45987506006727535,0.7086136393615619
a,1,uncertainty,378,0.7596524165396944,0.8953815431013641,0.7334362757130395,0.96826688364524,0.44052863436123346,0.8585220608138591,0.7195189933901409,0.8552002014605893,0.9778885373206769,0.8166948674562888,0.46998841251448437,0.7302631578947368
a,1,uncertainty,393,0.7492544680483204,0.8945799566308089,0.725371287212182,0.9676766497363146,0.3691588785046729,0.8541254718676973,0.7295808757470411,0.8592620848962638,0.9756502283956372,0.8241558077623652,0.44751381215469616,0.7161664033701949
a,1,uncertainty,408,0.7747646610378328,0.8980249665988559,0.7496474747612538,0.96552808458787,0.49838187702265374,0.8768951951553728,0.7312455628303226,0.8580750407830342,0.9745973026480894,0.8267299107142857,0.5319361277445109,0.7094928478543563
a,1,uncertainty,423,0.7760313682690748,0.8987175671785623,0.7501507138143836,0.9673804439394236,0.4959893048128342,0.8757328122224196,0.7327360225360929,0.857876639640022,0.9746019923657016,0.8198019801980198,0.5314057826520439,0.7287573360551161
a,1,uncertainty,438,0.7697233530175891,0.8989963647200264,0.7429784714868791,0.9645039962388341,0.43824145150034893,0.8815326353308086,0.7310497938471298,0.8620217716295033,0.9756578335657834,0.8262526464361327,0.527027027027027,0.7212230215827338
a,1,uncertainty,453,0.7824791083216787,0.8999664557754373,0.7550577842139403,0.9689807399304606,0.549618320610687,0.8820681384089193,0.7282595681845393,0.856603456955865,0.976458756262455,0.8113125453226976,0.5286035473394953,0.7404069018799897
a,1,uncertainty,468,0.7777253661763038,0.8988570508355856,0.7455689078789379,0.9692307692307692,0.5091401489505755,0.8815478578752619,0.718400323167037,0.8563523268634671,0.9764477797463893,0.8237847222222222,0.5306427503736921,0.7339816171573198
a,1,uncertainty,483,0.7723582473043515,0.8959157216254523,0.749698940992967,0.9700062568434225,0.52625,0.8518839127067293,0.7130183618733237,0.8593165326331893,0.9758081024247724,0.8321438766771339,0.4906143344709898,0.7321828481096034
a,1,uncertainty,498,0.7773577141078365,0.8983551989187885,0.7571371872856938,0.9685799060737655,0.5525339925834364,0.8510522000546598,0.7299074525085241,0.8637331440738112,0.9762695466934577,0.8364770954474543,0.49050970356152696,0.727156385973893
a,1,uncertainty,513,0.7849899366306343,0.9016448359505556,0.7605542673278037,0.9687137435352879,0.5459317585301837,0.8753962662909475,0.7333063537029543,0.8651275313353771,0.9760311995596235,0.8309137489325363,0.5313817911188291,0.7381070366699702
a,1,uncertainty,528,0.7838023257007922,0.899516967893596,0.7613433833941334,0.9668289414037093,0.5717965228589826,0.860502548511133,0.7371642572383522,0.8643564770304728,0.9745052527568817,0.8271215596330275,0.5188360027069705,0.7331093691675998
a,1,uncertainty,543,0.788400802024288,0.9010572480436718,0.7631590982003128,0.9671788810086682,0.5686145764937623,0.8783340717766948,0.7281321933574482,0.8616959549071618,0.9762871619104388,0.830847171404447,0.5492303933545077,0.7352868140054631
a,1,uncertainty,558,0.7839255883791245,0.9016731389355411,0.757613257513913,0.9681964890183421,0.5287817938420348,0.8753799392097265,0.7354917037636585,0.864545151616128,0.9760575587843316,0.8266704740148486,0.5418307086614174,0.7383764765016336
a,1,uncertainty,573,0.7836434315185997,0.900865523673295,0.7605425296138182,0.9685428183588755,0.5488917861799217,0.8684659463715498,0.7399597585513078,0.8651447498060919,0.9743580169701949,0.8359758664234601,0.5181268882175226,0.7333250527884735
a,1,uncertainty,588,0.7897312659724554,0.9022005357918174,0.7656397117881739,0.9683621606713684,0.5562130177514792,0.8744638011030378,0.743713003059076,0.8630637094561799,0.9743757292882147,0.8344315154913781,0.56201171875,0.7309467381813646
a,1,uncertainty,603,0.791900591000719,0.9017198605100789,0.7674324896352073,0.9686255961530882,0.5760309278350515,0.8794363716424483,0.7321593325043122,0.8600718442114993,0.9754601798779067,0.8332164398933932,0.5671859785783836,0.734918648310388
a,1,uncertainty,618,0.7942092353560172,0.9033933473087691,0.7698183519723091,0.9687272154018957,0.5699481865284974,0.8796581798960444,0.7402545743834527,0.8629610871950705,0.975465612707172,0.8393057110862262,0.5730201017195447,0.7385424492862509
a,1,uncertainty,633,0.7984550305512061,0.9054725169407182,0.7746269081895267,0.9688897645552162,0.5752045311516677,0.881653929407607,0.7499801445476928,0.867199391171994,0.9749312962876706,0.8407339963580334,0.584652278177458,0.7428499433035152
a,1,uncertainty,648,0.7968621267893954,0.9053006489173129,0.7715041494603625,0.9684961753804905,0.5787738958470666,0.8761820980866505,0.7590014591631502,0.8681230457195978,0.9745002287603058,0.8294562580276866,0.5857959961868446,0.7314299839327648
a,1,uncertainty,663,0.7949890448368371,0.9045510244203376,0.7729252947697387,0.9687020196055274,0.5754296626352642,0.8709578878463888,0.759655809201996,0.8690663380221835,0.9733182451579114,0.8414121602689829,0.5682315738263196,0.7281277069669595
a,1,uncertainty,678,0.799084436141015,0.905205448994093,0.7721812648897449,0.9695212167840445,0.5908209437621202,0.876819217955462,0.752075063154096,0.8673638325963493,0.9746085011185682,0.8285103349964362,0.5889658466682589,0.7430749682337993
a,1,uncertainty,693,0.8034022866580196,0.9072101431156683,0.7783531840469153,0.9712834845592143,0.6244568590937306,0.8824492324027784,0.7558872834677097,0.8679070159895372,0.9764506580784481,0.8225399495374264,0.5812048192771084,0.7484412775162235
a,1,uncertainty,708,0.8002967911802517,0.9058586685849691,0.7757174412283906,0.971090075374412,0.6067692307692307,0.876432114481366,0.7574090087257291,0.8665079500042513,0.9747587645765806,0.8228829082711004,0.5717058966270323,0.755115171792562
a,1,uncertainty,723,0.8028938520954552,0.9071204066364928,0.7777111378051387,0.9709512578616353,0.6080996884735203,0.8767605633802817,0.7589751827162476,0.8710138830458561,0.9745677448203905,0.8386376326074818,0.5717058966270323,0.7553328193266512
a,1,uncertainty,738,0.8077686969627268,0.9071948180283151,0.7811476489589491,0.9698453760935247,0.6497890295358649,0.8809755235486436,0.7550521512385919,0.8697737462204149,0.9750849377123443,0.8323175053153792,0.5770903818269696,0.7599896211728074
a,1,uncertainty,753,0.8050845685225587,0.9071539667091515,0.7793341522486639,0.971542233688481,0.6232329440688383,0.8744402493634208,0.7571740360520572,0.8717261031722751,0.9742253167149146,0.8392806968249509,0.574885071376724,0.7592544654413668
a,1,uncertainty,768,0.8053353412084836,0.9055273924814826,0.7802849650771222,0.9716433476986048,0.6605187319884727,0.8729624612157497,0.7514229956090421,0.8680032545427994,0.974283081562561,0.8197239792984474,0.5692756441419543,0.7601845748187211
a,1,uncertainty,783,0.8064605594349004,0.9065598966623011,0.7842629148074767,0.9723817766936816,0.6423188405797101,0.8742772034343789,0.7505646982897709,0.8684858303002251,0.9748523741221615,0.8379435596535345,0.5717058966270323,0.7656148552136086
a,1,uncertainty,798,0.8047349687163108,0.9063154967523043,0.7828022842247968,0.9725106182161397,0.6312752452394691,0.8720524017467249,0.7486893840104849,0.870527326625193,0.9745009226639826,0.8441340782122905,0.5662768031189084,0.7626479386136038
a,1,uncertainty,813,0.802709288568226,0.9035092074556523,0.7813721963128093,0.9716302269187548,0.6281377699941623,0.8578911214150782,0.7506472491909385,0.8701892810676963,0.9700283174923598,0.8420609293836866,0.5698324022346368,0.7639662994167207
a,1,uncertainty,828,0.8066428668401991,0.9069453422682588,0.7839197146539445,0.9711648455682221,0.641946697566628,0.8734343522816852,0.7567502118900593,0.872174770728841,0.9736812716375685,0.8364048766657216,0.5647403072421361,0.7694884679809303
a,1,uncertainty,843,0.8013931546111349,0.9070521030855107,0.778164011465043,0.9724702088331302,0.6002358490566038,0.8756985083821006,0.7527445915402002,0.8716250209626027,0.9753389956787364,0.8332859174964438,0.5641776476329917,0.7669616519174042
a,1,uncertainty,858,0.8074140863473793,0.9080041440512341,0.7858429952805096,0.973627408657431,0.6263929618768328,0.8714142252106711,0.7550300601202404,0.8731384212968822,0.9744777415649543,0.8513437849944009,0.5716363636363636,0.7696658097686375
a,1,uncertainty,873,0.8053766606393652,0.9059945945953537,0.7859293304055632,0.9736986947633276,0.6288601909039865,0.8631178707224335,0.7542953940469468,0.8726192482723748,0.9718470361859927,0.8493379790940766,0.5696233292831105,0.7649902024820379
a,1,uncertainty,888,0.8052597502363642,0.9056986501511255,0.78522101385951,0.9734934077378028,0.6266968325791855,0.8637050468419462,0.7521023618879008,0.87136352137617,0.9719320538934465,0.8532737679743124,0.5710819990295973,0.7636887608069164
a,1,uncertainty,903,0.7991700363052039,0.9062443088630183,0.7771822799965075,0.9747473756499558,0.5819241982507288,0.868986515876468,0.7492530081563433,0.8723480308669231,0.9739073650823266,0.8416945373467113,0.5634765625,0.7661927330173776
a,1,uncertainty,918,0.803341154278749,0.9077732063099123,0.783133206905042,0.9742965421092937,0.5967926689576174,0.865600485415854,0.7610435339308579,0.8765356395238196,0.9728710041930875,0.8452861718423618,0.566626065773447,0.7710182767624021
a,1,margin,18,0.33935118248325336,0.4899980379726194,0.42486274634750015,0.3815450262245533,0.08496864252478252,0.2818444681174859,0.2565219211925799,0.7747497564918243,0.5806459532782559,0.3905485740085785,0.08203147190819747,0.22130482860302247
a,1,margin,33,0.3918356928727671,0.616794336039975,0.45588080968965333,0.5483609345158674,0.04739501655340652,0.14986925663055659,0.5257604484378864,0.6704078839310156,0.8203623645990188,0.4095535785845957,0.1907117778487073,0.16409997475385005
a,1,margin,48,0.41754242696674776,0.5915104090523241,0.4986202844656337,0.22669127886265747,0.06434458920499866,0.4706928228530789,0.6110524887696342,0.6383642722625773,0.8289153505241439,0.4462890625,0.25625585440920645,0.21527612331443274
a,1,margin,63,0.545915303730142,0.7276802714123332,0.5683300775211279,0.9246763592909779,0.06091157319890779,0.4090909090909091,0.5352081851507359,0.5413108667713837,0.8767352338603728,0.5324507123327098,0.7338615023474179,0.29899239152786344
a,1,margin,78,0.5798769869965972,0.77223211271168,0.5832371480300912,0.8990991684631968,0.1718392682130023,0.6326613136156202,0.5025991972099757,0.7842403948598639,0.8777741917111234,0.5295365040896698,0.4960405448210326,0.32510229998588963
a,1,margin,93,0.6286732932576707,0.8244588596767931,0.6308293246939418,0.9240217853142261,0.1817493373722075,0.7225489147866995,0.6717856183053711,0.8354790096878364,0.9123875615229403,0.582070299903257,0.47868047025793997,0.3493366421685597
a,1,margin,108,0.6590521505146654,0.8403124611701059,0.6513581731108973,0.9457061392140051,0.1838417147568013,0.7042017744545506,0.6874481963313993,0.8294607821524624,0.9288911532442956,0.5983878615457563,0.5734654842636063,0.4800662486691116
a,1,margin,123,0.7075455939605712,0.857170180218421,0.694358577148547,0.9445737678600097,0.23831535695942477,0.8546913642557916,0.6637557816836263,0.8204935099455101,0.9379101555418585,0.6320527246423404,0.7852337415904779,0.49088394316610084
a,1,margin,138,0.69987909232164,0.8605563011810528,0.6809013493182474,0.9454516444284888,0.23631559078897696,0.8623490001015125,0.6644658753709198,0.8393683274021352,0.9435401740249066,0.5294733170561563,0.7607604017216643,0.5171875
a,1,margin,153,0.722859802283545,0.8728956338945153,0.7057560910371073,0.9409347300564062,0.24807527801539778,0.862597337352424,0.694390485629336,0.8654079334834575,0.9478890402121711,0.6682971568327728,0.7192189477490508,0.5589273112208892
a,1,margin,168,0.7317420278338848,0.8763194082999698,0.7115478223796489,0.9531458105556108,0.27161572052401745,0.8675692182410424,0.6986766600304485,0.8622702702702703,0.947889614765957,0.6552669785449265,0.7765124555160142,0.5527315220566754
a,1,margin,183,0.7494196310433172,0.8863875838355179,0.7260478322303753,0.9640580390316399,0.3096893834028744,0.8759315206445116,0.7148321962377253,0.8656697341513292,0.9552552824884375,0.6943384223918575,0.7801140413399857,0.5848880597014925
a,1,margin,198,0.740474070682506,0.8818566690073785,0.7135402687487902,0.9625567914773617,0.31451612903225806,0.8715823520493253,0.7142857142857143,0.8648719062092922,0.9510252836950029,0.6545089509787518,0.789016336461592,0.5419031719532554
a,1,margin,213,0.7479907282758734,0.8870423572457169,0.7255325957896285,0.965357247295058,0.27151639344262296,0.8770075427164041,0.7174857142857143,0.8613642280656079,0.9566612871053729,0.6871893538560205,0.8055042792414835,0.5898305084745763
a,1,margin,228,0.7560970352181785,0.8912532286700777,0.7403084982018853,0.9649428096588132,0.29116465863453816,0.869938904421663,0.7324247324247324,0.8681022880215343,0.959375141909995,0.7246981666418244,0.805135706159597,0.5890909090909091
a,1,margin,243,0.7651720848623059,0.8957778253084727,0.7531147856267674,0.9657597124831533,0.2826666666666667,0.8737600501200794,0.7595079562126171,0.8718454690960118,0.957557597792922,0.7525245133908971,0.8147789609551468,0.6081478370432591
a,1,margin,258,0.7682902049336952,0.897962569982033,0.7624078622288288,0.9652906061018531,0.30045523520485584,0.8528233345798387,0.7603777896260188,0.8761871339898669,0.9630910871335877,0.7615384615384615,0.7872996300863132,0.6475485661424607
a,1,margin,273,0.769749099974375,0.8985220001987431,0.768935285466764,0.9647465124852059,0.3008411677387432,0.8541622760800843,0.7535478867778208,0.8771059161551521,0.9646920216486875,0.7619747281810167,0.7834834834834835,0.6671879072191816
a,1,margin,288,0.7800679096960466,0.9052523527132474,0.7722741132151357,0.9634106184748291,0.28169014084507044,0.8835906057364105,0.7764750235626767,0.8776081256747527,0.9676716778796017,0.7703995498030388,0.8232793853196011,0.6764860599684377
a,1,margin,303,0.7822750399472116,0.9057255615439098,0.7697422618714633,0.9641069254112145,0.29836829836829837,0.8869395711500975,0.7685114793979018,0.8766283524904215,0.969707556103077,0.7699290780141844,0.8271806599150604,0.6791034386746485
a,1,margin,318,0.789953337688797,0.909624485490374,0.7849813296769997,0.9672525511193885,0.3295057413879181,0.8809694242765109,0.7826909971984554,0.8842095950100639,0.9702837264519929,0.7812806501331091,0.8057161207450225,0.7076712328767123
a,1,margin,333,0.7923655781169366,0.9114728507292192,0.7788997662056063,0.9677669151098636,0.33078281341965865,0.8985317779565567,0.7838901262063845,0.8821788301820109,0.971911563872587,0.7739167739167739,0.8134228187919463,0.7088885835966479
a,1,margin,348,0.796293085068898,0.9120542327522967,0.7811750071072785,0.9665186329407222,0.34844868735083534,0.8944499504459861,0.7873956812993526,0.8854483701645274,0.9707905050654441,0.7894884766722878,0.8027187173231091,0.721378744357817
a,1,margin,363,0.7931839055437003,0.9128213845842933,0.7781364611285345,0.9644345008486345,0.319348778960551,0.8971583889300716,0.7961723184398195,0.8876100051503684,0.9712217563152,0.7922313818639095,0.7948990435706695,0.7155789758140791
a,1,margin,378,0.7992675903893764,0.9133459954610909,0.7816137947626834,0.9634716371400542,0.3496143958868895,0.8923988153998026,0.8035950871916067,0.8862521752887201,0.9704617149412103,0.8062974416643238,0.807011393514461,0.7143056524773203
a,1,margin,393,0.8046208051330869,0.9147583346504353,0.7945103575541886,0.9665201479387332,0.3661100803957947,0.8975774302361239,0.7961374160893133,0.8819822465159353,0.9733491892290531,0.8041208015805814,0.8438924697374627,0.7118974644747841
a,1,margin,408,0.8024189002576886,0.9133244771327368,0.7940772414529534,0.9628466771323915,0.3501597444089457,0.8893366398016119,0.7981251126735173,0.883928772935521,0.9711843171936031,0.8246537396121884,0.8228413113744806,0.7186937871869379
a,1,margin,423,0.8053140408280692,0.9159506783524464,0.7968872482228524,0.9644319394586204,0.3641025641025641,0.8870123814951044,0.8077672655114986,0.8877922314199945,0.9732737574277949,0.8331491712707182,0.8135696821515892,0.716727374614738
a,1,margin,438,0.80829272103262,0.9171312259814138,0.7973032612078946,0.9639597654277836,0.36363636363636365,0.8895768833849329,0.8166288630564219,0.8896208627700416,0.9720174833218311,0.8454206382096975,0.8225360761436905,0.7112375533428165
a,1,margin,453,0.7995535424654452,0.9160048340314298,0.788604647901721,0.9679724979120943,0.3354123354123354,0.8765939728308958,0.8113074702527635,0.8871302483636281,0.9745305477173084,0.8434592227695676,0.784577723378213,0.7149978635522005
a,1,margin,468,0.8014894551784789,0.9157712041302556,0.7911187569269804,0.9683707745179893,0.34321157822191595,0.8822553897180763,0.8067681425748067,0.880529752598179,0.9756003241013553,0.837055417700579,0.7940270935960592,0.72558662357735
a,1,margin,483,0.8099572821200448,0.9187740401341471,0.7965025122313789,0.9680003110540846,0.34982078853046594,0.895483870967742,0.8097043746927884,0.8855965954347875,0.9751165978271868,0.8471991125901276,0.8323118026088323,0.7263820853743876
a,1,margin,498,0.8126539758148935,0.9195521925584743,0.8006521515045613,0.9667525169749474,0.35020519835841313,0.9015443024985891,0.8099185213925435,0.8853009206766747,0.9754022903855359,0.8420172750069658,0.8403950302644154,0.7423497267759562
a,1,margin,513,0.8118101772352053,0.9180161689830088,0.8021325113883067,0.9662520810890216,0.3616734143049933,0.8987954288067538,0.8080121985029111,0.8807040117641652,0.9749795404180192,0.8418133924857896,0.836352181445897,0.7377093462992976
a,1,margin,528,0.8110764546031343,0.9186961533640625,0.8026268638351716,0.967150287434985,0.3486238532110092,0.8986222496401398,0.8084314069910417,0.8837379083774412,0.9750409541865303,0.8450240219629376,0.8361865870896812,0.7368708225344428
a,1,margin,543,0.8145434132463221,0.920470422853617,0.8062508690960892,0.9673708920187793,0.3554970375246873,0.9006942658781177,0.8131668240808759,0.8863257428682365,0.9757499286220839,0.8473967684021544,0.8412098298676749,0.7434794299542888
a,1,margin,558,0.8188933378822896,0.9234597159823033,0.808315317048675,0.9692664032543745,0.37508196721311476,0.9120594069477647,0.8182689236665602,0.8916947123529013,0.9769632057615069,0.8384475269721171,0.8504555450832548,0.7378023496890117
a,1,margin,573,0.8242309560041308,0.9230834984355915,0.8143722801168134,0.9690011481056258,0.42138364779874216,0.9129306396621037,0.8136546470651052,0.8873667845796814,0.9774076059827321,0.833758865248227,0.8496405126602063,0.752934752934753
a,1,margin,588,0.8275921515549661,0.9224523408329325,0.8239800074378602,0.9698913444904464,0.4482945316729832,0.9096770891970728,0.8093029892273668,0.8857343068333371,0.9764446829376607,0.846586119696544,0.8518518518518519,0.7505464480874317
a,1,margin,603,0.83335838219225,0.9247012287898627,0.8326946320258458,0.969693432928727,0.48272305312016506,0.9100778369520688,0.8165548098434005,0.8902540561218749,0.9774877348884569,0.8473816858022962,0.8489770420115571,0.7570757880617035
a,1,margin,618,0.8286961238970451,0.9243655893627212,0.8240673811828338,0.968941203892547,0.4441926345609065,0.9099734314326589,0.8170683238790332,0.8919579400488756,0.9772154712507409,0.8441540386486862,0.8503050211168466,0.7544570502431118
a,1,margin,633,0.825782841164646,0.923797747913219,0.8232842034705173,0.969973941114698,0.4284913067863152,0.9077992277992278,0.8156400488751527,0.8899734604831092,0.9774892817127036,0.8417818740399385,0.8439519852262235,0.7569444444444444
a,1,margin,648,0.8263230686246104,0.9237516951036397,0.8207317127427292,0.9681300496446997,0.4316546762589928,0.908829863603733,0.8174076212471132,0.891593761886649,0.9769091178431227,0.8437017272854936,0.8447262604392205,0.7539545394124685
a,1,margin,663,0.8326750089668769,0.9243236350525751,0.8282303004046364,0.9658716307930968,0.4843205574912892,0.9113755256949431,0.8206753360288493,0.8932994742938608,0.9765559742357025,0.8383182844243793,0.8480620155038759,0.7555962822358947
a,1,margin,678,0.8391391617415155,0.9262745457133712,0.8404767946907288,0.9682709308877533,0.5415577626764244,0.910573274535945,0.8243588806897055,0.896140178351921,0.9779885302796905,0.8427690582959642,0.8472998137802608,0.7432940261759751
a,1,margin,693,0.8398961319183856,0.925514737841636,0.8423164813457074,0.9676680194962813,0.551829268292683,0.9097709688989086,0.8217518248175183,0.8932611903590753,0.9778582370143434,0.8418525840158148,0.8442304705699643,0.7508426238008815
a,1,margin,708,0.8391755657899703,0.9261163436070177,0.8415178144577804,0.9679471020534797,0.5351239669421488,0.9111747851002865,0.8228278763490031,0.8958105239638029,0.9775613925873619,0.844500279173646,0.8420727945712523,0.7555613713687517
a,1,margin,723,0.8384881969280734,0.9267101213456529,0.8394740631031183,0.9691689788315645,0.5195082843399251,0.9110884006131834,0.8231687287857221,0.8962690912348278,0.9780518841198926,0.8562300319488818,0.8443960826985855,0.7485122897800777
a,1,margin,738,0.840565300393926,0.9275687093099658,0.8398563581341814,0.9699021381738945,0.5209251101321586,0.9153353007021472,0.8227213257740951,0.8953311228604713,0.9787127380079281,0.8600332594235033,0.8492038713705901,0.7529228371005456
a,1,margin,753,0.8427388536417965,0.926973739258226,0.8439105324438239,0.9673123956675337,0.5430533544638141,0.9138634046890928,0.824834509347494,0.8961895785646964,0.9774223807268303,0.8576168095106442,0.8486739469578783,0.755683302848184
a,1,margin,768,0.8429969866411606,0.9269576334345944,0.8447675899901267,0.9683911953839878,0.5465367965367965,0.9115289765721332,0.8230674132790342,0.894142475472037,0.9783016241299304,0.858831615120275,0.8468578401464307,0.7593149431298208
a,1,margin,783,0.8437089750122637,0.9271586533864855,0.8460504410769667,0.9679047822456944,0.5474801061007958,0.9139928241927217,0.8238669805768098,0.8955822398467262,0.9776762074635601,0.8560752836977581,0.8495791889824025,0.7612231620039037
a,1,margin,798,0.8449893197684893,0.9269433870823434,0.8488728466463858,0.9676843351512917,0.5722861430715358,0.9098878695208971,0.8227427220333974,0.8965501862052049,0.9778549475854,0.8628965517241379,0.8353051058530511,0.7596960167714885
a,1,margin,813,0.8491628937320468,0.9288944237529859,0.850738789657095,0.969049745640946,0.5917098445595855,0.913302448709464,0.8286870172857669,0.8985274431057564,0.978518380987746,0.8612188365650969,0.8368706429124709,0.7645816838215889
a,1,margin,828,0.8462035075922627,0.9282153345171182,0.8478882923403783,0.9698062015503875,0.567398119122257,0.9120481313414572,0.8266686377411486,0.8973566617016073,0.9781065308701632,0.854247640199889,0.8441239644062596,0.7660756813971951
a,1,margin,843,0.8497511459722823,0.9294196179655387,0.8514850615924832,0.9700040771157319,0.5899280575539568,0.9142276422764227,0.8288294985689328,0.8989670612226803,0.9788103329804817,0.8602686608502977,0.8412600370599135,0.7654649461221232
a,1,margin,858,0.8521347631340132,0.9306073225218937,0.854430160318033,0.9701692675437744,0.5889830508474576,0.9145918367346939,0.8317604220851601,0.9005642688941218,0.9791587370844512,0.8691270597848291,0.8453038674033149,0.769554357828316
a,1,margin,873,0.853351329016619,0.9302656260565506,0.857408588891693,0.9710966939901324,0.6007250129466598,0.9133183765041811,0.8284322837280196,0.8991236827509707,0.978931905240061,0.8748630887185104,0.8410382429734296,0.7726326742976066
a,1,margin,888,0.8521616772503027,0.9308980978834454,0.8562875042618265,0.9728164772175265,0.5856992639327024,0.9131503482179435,0.829840300785467,0.9003929229471441,0.979161440768509,0.8751688732774926,0.8416068428287765,0.7716186252771619
a,1,margin,903,0.8529896859710158,0.9307603675632485,0.8583262779037326,0.9720327288982178,0.5883565172591447,0.9145334013258541,0.8273050308584253,0.9005938663357561,0.9790599760207448,0.8749493037717994,0.8464717587632022,0.773604590505999
a,1,margin,918,0.8554541615774409,0.9309266648814611,0.8573230875867262,0.9721779677482029,0.6164680390032503,0.9141019751952227,0.8319172515700037,0.8984216736047729,0.9792144801761705,0.8726383036563817,0.8431013431013431,0.7710464201416207
a,1,class_balanced,18,0.33935118248325336,0.4899980379726194,0.42486274634750015,0.3815450262245533,0.08496864252478252,0.2818444681174859,0.2565219211925799,0.7747497564918243,0.5806459532782559,0.3905485740085785,0.08203147190819747,0.22130482860302247
a,1,class_balanced,33,0.3369417351331995,0.42213372272457395,0.4450625675734899,0.5967417641903388,0.0476013387876534,0.23893984081451256,0.22458166464872248,0.7016124522322676,0.3456188238041717,0.2937916520519116,0.46890405764125903,0.11468402202795856
a,1,class_balanced,48,0.406817085852494,0.5407249859308073,0.5051224516419411,0.8703896687713276,0.0910204081632653,0.35823429541595925,0.2912917070469334,0.672068759086633,0.4847988561772925,0.33201643489254107,0.30733746576329823,0.2541961773551955
a,1,class_balanced,63,0.47590734018472663,0.6174554289927144,0.5632542073190473,0.7856966910255357,0.09700147468458135,0.48765236304318277,0.43148389499162165,0.7013890427346641,0.6305738042109724,0.4174603174603175,0.3628859171206868,0.3690225563909774
a,1,class_balanced,78,0.5199909766914141,0.7102000209811823,0.5840017078242312,0.6414594468975133,0.12826768909027536,0.6546549129219522,0.6224971878515185,0.7629499561018437,0.8363777014939806,0.43257779485209374,0.33001693480101607,0.27111716621253407
a,1,class_balanced,93,0.6038361984252066,0.7805051151196033,0.6381297183891378,0.9015030810281611,0.3080082135523614,0.6063217265285339,0.6071294276904565,0.7696260220722935,0.8789309418457648,0.4373288894179264,0.524701873935264,0.4009756097560976
a,1,class_balanced,108,0.632819172446703,0.8068633134282625,0.6555415130148081,0.8940679607888721,0.40546308151941957,0.7847708536477263,0.6276178010471204,0.7360923314661001,0.9230710597023458,0.38041201117318435,0.4132355705959767,0.5306418820795817
a,1,class_balanced,123,0.6571596746117673,0.8277944013568881,0.6750103975100826,0.9218472468916519,0.38025453143077514,0.814735432016075,0.6195152918331528,0.7572829605294942,0.9434591366757401,0.38449612403100775,0.5857815653734021,0.5070647827246068
a,1,class_balanced,138,0.6801913546471658,0.839131495384592,0.6912146192269476,0.9285672360157304,0.42498900131984163,0.8485474257286337,0.6006991340271709,0.7766488251837068,0.9514962535486573,0.43963151705213643,0.6278081360048573,0.5233346629437575
a,1,class_balanced,153,0.6805440846573175,0.8463878509864298,0.6839126021268439,0.941966821395695,0.4284497444633731,0.8565568166279228,0.6411141977625948,0.7704859371645316,0.9588005985921998,0.3439273552780931,0.6395499783643445,0.5440453122671038
a,1,class_balanced,168,0.6937730974145994,0.849983523980982,0.7036064795571915,0.9479410089743338,0.4273219491878384,0.8662116978885174,0.6244275417147863,0.7836621668397369,0.954343531768481,0.3981723237597911,0.6461271425471903,0.5957505140507197
a,1,class_balanced,183,0.6824348116668557,0.8444261392672705,0.6904419708268047,0.9507167397227817,0.4687651331719128,0.8535779816513761,0.6367400642390001,0.750239704978488,0.9584751405741344,0.33559740660697746,0.5976281236764083,0.5901730103806229
a,1,class_balanced,198,0.6929961627399744,0.8500118776240277,0.7040274194607857,0.9509716527010162,0.46037735849056605,0.8581330868761553,0.629638671875,0.7739090064995358,0.9584937160877429,0.3773489932885906,0.6148086522462562,0.6132843265949068
a,1,class_balanced,213,0.6985081210519231,0.8562548217478948,0.6877312591711099,0.9535148281813902,0.5216438356164383,0.8747282608695652,0.6761155673234172,0.7680527195099314,0.9655025671862714,0.27293275569787157,0.6505608283002589,0.6035217267821642
a,1,class_balanced,228,0.7106999080963653,0.8603933043572455,0.7066797460764107,0.9537751891014992,0.5318275154004107,0.8705328285160218,0.6868215331036271,0.7637913271518216,0.9690318031691839,0.31193228736581335,0.6581367453018793,0.6504499437570304
a,1,class_balanced,243,0.7270092153960838,0.8644750714315793,0.7344488971288347,0.9502688436767573,0.5223367697594502,0.8712205014749262,0.6890912337082664,0.764500451803551,0.9690750242684787,0.4815136596196544,0.6534810126582279,0.6415954415954416
a,1,class_balanced,258,0.7183585424421517,0.8578064149681419,0.7264195661405064,0.9500914760096788,0.5230185097294732,0.8638818370643896,0.6831005586592179,0.73233762405424,0.970199135321292,0.46548442039875765,0.6252012882447665,0.6519120324975487
a,1,class_balanced,273,0.7454471189370122,0.8778694125245715,0.7502688031623675,0.9457627118644067,0.5069165551093262,0.8845563259038667,0.706367384333486,0.8236446915662101,0.9679690314951173,0.5255506607929515,0.6799506984387839,0.6683060109289618
a,1,class_balanced,288,0.7454588090543325,0.8797613986296478,0.7521533702262203,0.9439235663739618,0.4945515507124895,0.880697727794354,0.7080065797023832,0.8342911017329622,0.9687514449797934,0.5677945764338853,0.6381634372367313,0.6729492965224316
a,1,class_balanced,303,0.7668199817896438,0.8889460642369676,0.7540905228324121,0.9473746335897385,0.5621840242669363,0.8877167232364004,0.7306501547987616,0.8575287257760247,0.9684809504833044,0.6041466428669504,0.6823089700996677,0.660989010989011
a,1,class_balanced,318,0.7856471992406691,0.8963289357795714,0.7773182487102148,0.9472311158543816,0.5749032614704257,0.8870415201205865,0.746989817646831,0.8635276039951707,0.9708953977999963,0.7365597951968792,0.6680716543730242,0.6756046267087277
a,1,class_balanced,333,0.7763857214075979,0.8908874439730717,0.7706228083789743,0.9448946836546654,0.572541382667965,0.8812232638572859,0.7359933056939637,0.8580447172292854,0.9686583781777696,0.6615363845011476,0.6921974196190867,0.6723819572672118
a,1,class_balanced,348,0.7871659073791046,0.8958414740403678,0.7797530971845047,0.9521710901686111,0.5797101449275363,0.8863646731444733,0.7435083130954605,0.8565233744109383,0.9699087013228992,0.7394554191137213,0.6644067796610169,0.6924446705672856
a,1,class_balanced,363,0.791529217815561,0.8997110849926253,0.7839460572735875,0.9539433422169579,0.5813221406086044,0.8859072571506278,0.751141121883134,0.8643868708583586,0.9721249500738443,0.7677835051546392,0.6446099912357581,0.7025437811581234
a,1,class_balanced,378,0.7948968232325114,0.9016678796549504,0.784431898242911,0.9569361101306036,0.5885389778007227,0.8927281868458339,0.7508675049438454,0.8613771191148044,0.9748985448028008,0.7547923322683706,0.6627806563039723,0.7111519768816498
a,1,class_balanced,393,0.7981462264199184,0.900256315833537,0.7827219939267649,0.9550767054941169,0.6185002736726875,0.8917680810698255,0.7449784655257842,0.8594105299982508,0.9733980474611438,0.7724414715719063,0.666098807495741,0.7016436554898093
a,1,class_balanced,408,0.7986104670942118,0.9004115807309557,0.7817422565484622,0.9557448658905382,0.6194790486976217,0.8945762557493511,0.7440943359752561,0.8590691605045672,0.9733295096071122,0.762539184952978,0.6724026672402668,0.7062591752302149
a,1,class_balanced,423,0.8032275348148014,0.9062969412942277,0.7836485440641767,0.9650158308251573,0.5987478656801366,0.8963737606953688,0.7537760910815939,0.8662897712332369,0.9761447103286254,0.785173375846951,0.6666666666666666,0.7208597409754753
a,1,class_balanced,438,0.8008077359751301,0.903179865928519,0.7787350633279978,0.9567219884062574,0.5937122128174124,0.8913219061294086,0.7532070142403201,0.8717395059595785,0.9711671493663414,0.7990227594187991,0.6559329510366123,0.7144441364014417
a,1,class_balanced,453,0.7997839150293499,0.9025058029455176,0.779776759676915,0.9562348451723178,0.5892526250772081,0.8894411060407537,0.7518325428246638,0.8709677419354839,0.9706601692647046,0.8019714394035132,0.6493618862210686,0.7183328793244348
a,1,class_balanced,468,0.807899095013703,0.9041340596833138,0.7915328790704401,0.9604309422901731,0.5963029218843172,0.8984371440287966,0.7407700213455609,0.8667574401867341,0.9720213769254952,0.7906744794913353,0.7184744720114825,0.7272230569594318
a,1,class_balanced,483,0.8122008665252426,0.907329010719358,0.7974789285140003,0.960752847944527,0.5970695970695971,0.899735425599854,0.7602046795047068,0.8752633522295346,0.9706678533021842,0.8087624323303537,0.7259439707673568,0.7114076399790685
a,1,class_balanced,498,0.8119969615696868,0.9053798520392903,0.7994206716744947,0.960252541296061,0.6238317757009346,0.8980002745618451,0.7579683955553846,0.8710986335621697,0.9693366302707008,0.8116343490304709,0.7230548142065284,0.6927952399430862
a,1,class_balanced,513,0.813251053360767,0.90729703256912,0.7958232836917629,0.9628204873986239,0.6040268456375839,0.9040869684876841,0.7485613623018204,0.8714196020697569,0.9727055864785399,0.804386636062229,0.734536605151085,0.7167153866595801
a,1,class_balanced,528,0.8074262545611812,0.9029525140354624,0.7921057045729627,0.9559650592317818,0.5754884547069272,0.895606424220048,0.7468759524535202,0.8661696996272747,0.9694180577330997,0.810149642160052,0.7298093928080173,0.7173536081099107
a,1,class_balanced,543,0.8090056392108423,0.9043673530156471,0.7941847092546711,0.9536153615361536,0.5773074661963551,0.8943504628151931,0.7561061393567549,0.8750540797784893,0.9681129985228951,0.8175333938529373,0.7141403865717192,0.724830464267084
a,1,class_balanced,558,0.8027334522893975,0.9046792421059244,0.786810909826426,0.9554514889529299,0.5757931844888367,0.8984525226627598,0.75497249259416,0.8707039790118059,0.9727247630440784,0.8098961671580567,0.6632522407170295,0.7233542319749217
a,1,class_balanced,573,0.8097948148553377,0.9076678410013393,0.7932563110517973,0.9552519830141816,0.6007237635705669,0.9024905799099348,0.7642089093701997,0.8741629097912198,0.9741852952815689,0.8238149993611856,0.6771386117597114,0.7161762816394707
a,1,class_balanced,588,0.8141488589137142,0.9098335946443609,0.7971180379216697,0.9610880241783151,0.5899705014749262,0.9052680009201748,0.7610302700178975,0.8748369706982002,0.974529632463426,0.8242827868852459,0.7047105208549491,0.7316230227302938
a,1,class_balanced,603,0.8099473798963449,0.9098438130328065,0.7897235119289054,0.9607480354123147,0.591337099811676,0.8995030369961348,0.7677688203450559,0.8785573400958017,0.9749410377358491,0.8186249358645459,0.6638655462184874,0.7341805665872385
a,1,class_balanced,618,0.8178838586857323,0.909848921154548,0.7994553930324898,0.9581469648562301,0.6080097087378641,0.9095826532991373,0.7639749133263215,0.875127255398878,0.973604826546003,0.8186877183900608,0.7341167098187612,0.7197039777983348
a,1,class_balanced,633,0.8269908866322763,0.9136471551682895,0.8085085763691222,0.9616569599872786,0.6169573060733614,0.914625579543858,0.774647354687441,0.8742238076364117,0.9746780681326571,0.8286531461258451,0.7560110366574695,0.7414647208461641
a,1,class_balanced,648,0.8273572539613,0.9141918525797423,0.8093809439983654,0.9623704997419918,0.6099635479951397,0.9154340986993473,0.7725662030863022,0.8754129203036468,0.9752395355914385,0.8309545633102003,0.7638969591322874,0.7403769577913459
a,1,class_balanced,663,0.825015040184806,0.9129324552789524,0.8058365643845679,0.9662175510687897,0.6074709124311084,0.9143901410430626,0.7603047619047619,0.8696812583404432,0.9761656308581665,0.8293577981651377,0.7581086361860102,0.7434386716657739
a,1,class_balanced,678,0.8297356039090561,0.9153564544962547,0.8118525704674457,0.9645224480104474,0.6148238153098421,0.9169291523670725,0.7702242846094354,0.8765276388466055,0.9760175692759133,0.8349514563106796,0.7641234711706465,0.749500599280863
a,1,class_balanced,693,0.826815423684974,0.9143472424432056,0.8081502929019012,0.9658469135802469,0.6038437693738375,0.9128243771487778,0.7686402675381926,0.8719072560320834,0.9764650484271561,0.8349869451697128,0.7576280944156591,0.7491961414790996
a,1,class_balanced,708,0.8323927853184989,0.9161013918850365,0.8136264630414369,0.9672441690674455,0.6384009691096305,0.9166275467092292,0.7722667071458389,0.8734135595449464,0.9771452335844,0.83451536643026,0.7637565623177134,0.7481649539570265
a,1,class_balanced,723,0.8317132664791137,0.9159130257502129,0.815211304510175,0.9667285731220611,0.6344908769864627,0.9147315972548651,0.768507364085027,0.8775519049889472,0.976607971027882,0.8294725821227588,0.7642651296829971,0.7530633990410229
a,1,class_balanced,738,0.8325872700416928,0.9160425979524108,0.8143262490886494,0.9698173309475588,0.6370106761565836,0.9175694771549694,0.7595339805825243,0.8711919454368301,0.9789516516849777,0.8364688856729378,0.7659410518204585,0.7568004309183949
a,1,class_balanced,753,0.8311588240600911,0.9196429108872045,0.8106184886768719,0.9705582162204601,0.5902255639097744,0.9176225234619395,0.7814498525638571,0.8812202180204095,0.978853639818402,0.8341495698213104,0.7725645374034295,0.7537852953212386
a,1,class_balanced,768,0.8329418781294056,0.9187655890771272,0.8138899711991497,0.9708342310931777,0.6186335403726708,0.9178166642955375,0.7723202170963365,0.8781448923916338,0.9797147091515376,0.8281638528988352,0.7752872480693163,0.7555615477956047
a,1,class_balanced,783,0.8365673827709035,0.920639648761324,0.8191081540265552,0.9705565036583691,0.6288156288156288,0.9195751138088012,0.7823599891779075,0.8822813423752391,0.9793174958801637,0.8373298768632534,0.776248821866164,0.7526216724926056
a,1,class_balanced,798,0.8318497054173102,0.9198825242521368,0.8131712175009318,0.9710369137373935,0.5935727788279773,0.9190323965838065,0.7810376893004897,0.8806198835529484,0.9793261797409523,0.827722251446607,0.782608695652174,0.7516905599134434
a,1,class_balanced,813,0.8399922371564901,0.9212387543840995,0.8236349145728523,0.9723406752474473,0.6416009702850213,0.9195523244691027,0.7814943361684275,0.8796849360026255,0.9798838060469038,0.8396189481926138,0.7869757174392936,0.7587784205569756
a,1,class_balanced,828,0.8340904499994802,0.9200659118667518,0.8147894568207817,0.9717110147305904,0.6109365179132621,0.9187407442793675,0.7788221753309035,0.8798868088811493,0.9797048824995137,0.8333770663867751,0.7808853491387294,0.7527494908350305
a,1,class_balanced,843,0.8386506278218453,0.9198671094372607,0.820261174673275,0.971484375,0.648159324079662,0.9189524400133569,0.7731758489393116,0.8784909252168646,0.9798482363732385,0.8427143608627038,0.779806259314456,0.755223880597015
a,1,class_balanced,858,0.8369660085803903,0.9191865756611196,0.8194080105426936,0.9718721959973472,0.639807576668671,0.9200246808106697,0.7706238199822757,0.8756173443857015,0.9799163257544133,0.8416917637815896,0.7798268724124953,0.7533134974303489
a,1,class_balanced,873,0.8385620027162879,0.9190522570307842,0.8250081355114794,0.9706680197498098,0.6465364120781527,0.9213890478916238,0.7677795031055901,0.8753933974345061,0.9800471882140933,0.8438840504354608,0.7909625275532697,0.7503978779840849
a,1,class_balanced,888,0.83757774446831,0.9203781317257832,0.8221665645842466,0.9729856248415222,0.6339987900786449,0.918972706595906,0.7746625932944042,0.8780084791825198,0.9803531598513011,0.8456358456358456,0.7774849397590361,0.7560975609756098
a,1,class_balanced,903,0.8359172152991503,0.919472019232113,0.8193694671617009,0.9717408274785324,0.6238532110091743,0.9192434988179669,0.7700543056633049,0.8772743025472188,0.9801989402249698,0.8407426778242678,0.7806635071090048,0.7594836670179136
a,1,class_balanced,918,0.8351706211269753,0.9189746624153313,0.8197614803757357,0.9724404831711035,0.6264472882388787,0.9197820421701018,0.7655528601612019,0.876247246339251,0.9803622851834649,0.8363495346432265,0.7783641160949868,0.7609897341405633
a,1,quota,18,0.33935118248325336,0.4899980379726194,0.42486274634750015,0.3815450262245533,0.08496864252478252,0.2818444681174859,0.2565219211925799,0.7747497564918243,0.5806459532782559,0.3905485740085785,0.08203147190819747,0.22130482860302247
a,1,quota,33,0.3464578430788356,0.5026698807581965,0.4396944303771767,0.4471781187458306,0.03895424836601307,0.2268012594924986,0.19670661366964526,0.723584142394822,0.620239833409129,0.32193548387096776,0.24604939716727145,0.29667149059334297
a,1,quota,48,0.4480241984629772,0.6511033539928621,0.4917609058303946,0.79326013697141,0.0766990291262136,0.46739074483965615,0.22010512483574243,0.7260416445567041,0.7746384192299858,0.29943863230415924,0.3931071620893915,0.2815368922135328
a,1,quota,63,0.49193819515911597,0.6896170292826346,0.5266026500324738,0.8845289344355975,0.11101321585903083,0.4446403385049365,0.32416719569648167,0.7676341248900616,0.7802581782363005,0.40865139949109414,0.46384039900249374,0.2427099703160468
a,1,quota,78,0.5233057733986279,0.7082426987592692,0.5517556241733704,0.8412427047102518,0.19240196078431374,0.6821178193993931,0.28351789146151735,0.7976149570490146,0.7970269328631607,0.49295774647887325,0.31267672007540054,0.31019522776572667
a,1,quota,93,0.5370319818376276,0.6836262173459152,0.5676609335105095,0.8576564063808493,0.17010631644777988,0.567439036729738,0.25499026966916877,0.772403318144643,0.7460493665926603,0.533043950081389,0.560550716493397,0.37104845599902353
a,1,quota,108,0.5277797459653261,0.6875627084536761,0.5513983319235325,0.9168818142981854,0.23041894353369763,0.6349965823650034,0.2260011857920552,0.7830133798720186,0.7306999613281034,0.487,0.3850676876794749,0.35593815881939567
a,1,quota,123,0.5596056581286528,0.768877728105089,0.5752396796548109,0.9282412669546108,0.16349108789182545,0.5132252296689068,0.41935750952144396,0.7928337321295719,0.896842026139492,0.5568129330254041,0.4073356195020128,0.35831151832460734
a,1,quota,138,0.540938685199928,0.7602760623377636,0.5713214741540904,0.9123557907433707,0.19050847457627118,0.5257574833871853,0.3993874178857857,0.7887523629489603,0.8982588748495788,0.4540622627182992,0.3968352466645982,0.3025302530253025
a,1,quota,153,0.5856246357913697,0.7901131229270985,0.595110451949449,0.9026799953323739,0.2558581380620646,0.6178727422972494,0.4870494475638471,0.8026719090198068,0.9254298280687725,0.48478883321403005,0.5467718563838352,0.24749897218034808
a,1,quota,168,0.5680876687912051,0.7738121636454524,0.5911778401630067,0.8990903977812688,0.20467532467532468,0.5707911009115828,0.47692428035043805,0.7758484431097161,0.9097810540213445,0.42006745362563236,0.5697265096127809,0.2858844550327576
a,1,quota,183,0.5638130365456173,0.7739640871466161,0.5908890041114067,0.9121378630497088,0.25536723163841807,0.46403432325534627,0.5205224635043876,0.7645587375803624,0.9186049742948451,0.38670023696682465,0.5211285586620708,0.33126293995859213
a,1,quota,198,0.590574657817631,0.7925084689812023,0.6074105486354224,0.9258372324356188,0.2871012482662968,0.4955015442460051,0.5738689770730312,0.7745186417955296,0.9288647697271927,0.38598666873352966,0.5427995971802618,0.40069324090121317
a,1,quota,213,0.576682780409977,0.7986103107295588,0.5974332756202059,0.925970829200191,0.30157728706624604,0.4935991338131329,0.5784637415967222,0.7959060537665646,0.9444226273959794,0.4706111327364733,0.3836701533461968,0.29592406476828587
a,1,quota,228,0.599877919372035,0.804067695822066,0.6118575468764611,0.9133858267716536,0.2696078431372549,0.5612015018773466,0.5998575160294467,0.800579875678169,0.9339891420351724,0.5245901639344263,0.4728077326190753,0.3228816722657708
a,1,quota,243,0.5883588693767122,0.8080662055096152,0.6038826930883525,0.9434383997575391,0.22034791776489193,0.5379345024828713,0.5838544860004088,0.8016199797502531,0.9426659169644315,0.4500734214390602,0.4633044327756747,0.35199076745527985
a,1,quota,258,0.5839331667337216,0.7988003081612967,0.6029004890147047,0.9240457806253765,0.24469413233458176,0.4888199560553186,0.5910015458465544,0.7856625474659233,0.9406461587177409,0.4575940929135473,0.44998422215209843,0.3729500644923531
a,1,quota,273,0.5864818329120266,0.7972762677579028,0.5977942470259843,0.925402082227874,0.25034965034965034,0.49401255744708394,0.575528198303111,0.7702684830048935,0.9424089573748684,0.43611616984568197,0.4431857588718067,0.44106463878326996
a,1,quota,288,0.5980496615703953,0.8130099452869564,0.6067623925540503,0.9455216294567222,0.26666666666666666,0.5141989753968756,0.5955912148472323,0.7894622911074551,0.9558099367925915,0.48445507345404853,0.42854006586169047,0.40220110055027514
a,1,quota,303,0.6065509447990629,0.8237588796832843,0.6130550694073915,0.9454162037995896,0.22742935906271536,0.490393760700019,0.6301426848038604,0.8341118038676952,0.9570546510345841,0.4972797777520546,0.4247578040904198,0.4523724580806279
a,1,quota,318,0.6181324214534341,0.8237263855914457,0.608740306521504,0.947745573176941,0.2222222222222222,0.5080624842529604,0.6438804748260336,0.8366677735347833,0.9429491936505638,0.5345672291780076,0.49348279457768507,0.43361404766170936
a,1,quota,333,0.6195431682668924,0.8226354735760258,0.6125880675598835,0.9422375240910877,0.23608017817371937,0.4851986497013763,0.6252560297621536,0.8364402791135485,0.9479199049099387,0.5655210952780106,0.4347019253073533,0.502532928064843
a,1,quota,348,0.6104427795276097,0.8264065145104619,0.6051414579465642,0.9412291837801509,0.24655436447166923,0.5142131979695431,0.6330894076284698,0.8319726208147782,0.9606253994424016,0.5279770444763271,0.3695140664961637,0.4688097306689835
a,1,quota,363,0.6207397036657267,0.8284026190360874,0.6081992462922461,0.9520119450377063,0.2480252764612954,0.5012867993220764,0.6542229795143863,0.8241623765718626,0.9550019206497283,0.5531534217981213,0.38809742647058826,0.5106951871657754
a,1,quota,378,0.6346602840145806,0.8219450132859526,0.626123826473528,0.9185139273734869,0.241112828438949,0.5429553264604811,0.6553690087681359,0.8284085451166288,0.9373211722764943,0.5551319200854049,0.5249331063001703,0.5081967213114754
a,1,quota,393,0.6277404297822891,0.8204909064837475,0.6170190834095461,0.9181464938083306,0.20886551465063863,0.5385578367551327,0.6605109264389043,0.8278386728173007,0.9354342385763278,0.5556733828207847,0.4867111726917748,0.5179256294814074
a,1,quota,408,0.6388651655338942,0.82889974289793,0.6300272690143011,0.930190490253987,0.20411055988660523,0.5535872453498671,0.6609059557484404,0.8298073886959267,0.943399004352507,0.5680922050348802,0.5301567398119122,0.5295369006709213
a,1,quota,423,0.6378050962118529,0.8394948194715484,0.629495194362829,0.942053629823414,0.262992125984252,0.5799914545565525,0.6533798893640393,0.8303565806871367,0.9668213823958924,0.5579955784819455,0.3979972302119953,0.548657994401449
a,1,quota,438,0.651832170963661,0.8446410768138299,0.6394264958957516,0.9507488970100926,0.29256965944272445,0.5991126034296679,0.6517896071980657,0.830187889693267,0.9670421051658983,0.6199468869873119,0.39606126914660833,0.5590306205993123
a,1,quota,453,0.6607817682507556,0.8508087337182744,0.6427654294443099,0.9550300814865585,0.2891183478951549,0.6779983226167179,0.6568608915945098,0.8217513642564802,0.968045807166605,0.5757435660348281,0.42109218436873747,0.5813953488372093
a,1,quota,468,0.6721088550753378,0.8552032917711545,0.653113630503886,0.9584097859327217,0.3108003108003108,0.6923894201196668,0.6604343025395657,0.8253049499431904,0.9686942866380306,0.5734120097188476,0.44713870029097963,0.6123959296947271
a,1,quota,483,0.6681480401556105,0.856293118662095,0.6454452571328745,0.9518181818181818,0.2826622843056697,0.7038959619692913,0.6662896354107756,0.8345357127789731,0.9691888181936226,0.5899705014749262,0.42348532167395375,0.5914859437751004
a,1,quota,498,0.6623157864625535,0.855802533397588,0.6375929480938896,0.9609246859502537,0.2802967848309975,0.6766190998902305,0.6611726458246702,0.837977252547461,0.9700523945215553,0.6313131313131313,0.3707389897984573,0.5717470934862239
a,1,quota,513,0.7101508741297795,0.8612866212838742,0.6869874669483531,0.9609556208442864,0.34032634032634035,0.6903890160183066,0.6756344790793385,0.8345597672627706,0.956142102492421,0.7195328108191179,0.583554376657825,0.630263353667609
a,1,quota,528,0.6948289705850096,0.8663211261345164,0.6803629914679321,0.959592464436755,0.30247933884297523,0.6939636040834443,0.6840665602917712,0.8384378475489777,0.9725527261944475,0.7173150266971777,0.4333455747337495,0.6517075924357889
a,1,quota,543,0.702257489131032,0.8721538645134688,0.68447568699861,0.9596758633995756,0.2696443341604632,0.7731335572203565,0.6840900419687143,0.8407160646246196,0.9715148819452166,0.7103235747303543,0.49177463968554375,0.6194444444444445
a,1,quota,558,0.729235217150194,0.8832332281060734,0.7112565418682618,0.9622170119537226,0.28317152103559873,0.8296584965644549,0.6911111940020143,0.8471553798556205,0.9744360623184775,0.6949044585987261,0.6244047619047619,0.6560580681183696
a,1,quota,573,0.7547760344096495,0.8920438975459121,0.7346465921003926,0.9639095147642894,0.3456,0.855954132629763,0.712383090160868,0.8518630456370623,0.9754843261206568,0.7405845134076529,0.6798822982809354,0.6673233886856178
a,1,quota,588,0.7436182172614623,0.8867551468121538,0.7271550448480993,0.9635424695544936,0.4258841234010534,0.794949075036375,0.7191340624647649,0.8573895773066793,0.9755226877632032,0.7393322353645755,0.5517730496453901,0.6650366748166259
a,1,quota,603,0.738380186269042,0.883858508585822,0.7247384091551313,0.9650935924430621,0.42962962962962964,0.7599633284797498,0.712763926539651,0.8565684219532018,0.9762662780660312,0.748955223880597,0.5211505922165821,0.6750306832128733
a,1,quota,618,0.7578762151530218,0.888458695274548,0.7466246759988435,0.965232171830333,0.49645390070921985,0.7898899219835417,0.713446275946276,0.8568663297128724,0.9762057399819755,0.7567646628638292,0.5795680402809064,0.6864588930682429
a,1,quota,633,0.7466423502584566,0.8844549990267906,0.7309817482601819,0.9640354254909511,0.47715736040609136,0.767027780757267,0.7158443492831875,0.8544670149803802,0.9748295655081456,0.740383164881581,0.5316793384020275,0.6943571526164777
a,1,quota,648,0.7727276445822503,0.8949595717209013,0.7575485944854918,0.9644232071347043,0.4860724233983287,0.8424927150963653,0.7214392116420305,0.8580856671452142,0.9761178483743769,0.7582107296775152,0.6546221017765733,0.693084896995145
a,1,quota,663,0.7844593237638321,0.8980250613647953,0.7589846340575088,0.9626151906101464,0.48158640226628896,0.8924432525620152,0.7232665072650358,0.8501972818939062,0.974498987760257,0.7672324723247232,0.7340796476417691,0.6742141715503462
a,1,quota,678,0.7810394357436812,0.8983144032286307,0.7578374617547556,0.9629300862584667,0.4547398431931575,0.8914924647544968,0.7207166853303472,0.8580650751700533,0.9739675921186117,0.749172932330827,0.7457038708557542,0.672566371681416
a,1,quota,693,0.7869953470534329,0.9005674798464575,0.7614970227903491,0.9639469422379887,0.49382716049382713,0.8881721465363693,0.723847147306845,0.8630769561201915,0.9754113617749981,0.7574197456087219,0.7238299392640228,0.693426724137931
a,1,quota,708,0.7902430206868017,0.90079212177505,0.7654424101624039,0.9651169562263419,0.5129198966408268,0.8876339969372129,0.720289303387895,0.8615437569916531,0.9755337211567902,0.7654654654654655,0.7136011795060818,0.710082909868949
a,1,quota,723,0.7912241362322688,0.9001693050605653,0.7735194908575136,0.963595593253388,0.5268745852687459,0.8889417586600685,0.7291078220916657,0.8587590212609176,0.9737933353257621,0.7832229580573952,0.7209642074506939,0.6757579447217825
a,1,quota,738,0.7924106682679228,0.9008680792964353,0.773161852878331,0.9638723528837708,0.5538863487916394,0.884779380060365,0.7240415182504117,0.8592468547382884,0.9772788672038754,0.7757201646090535,0.6977605034240237,0.6951100244498778
a,1,quota,753,0.7926349496936421,0.9000117228869293,0.771341954784962,0.9660248048129904,0.531271015467384,0.8883523276028588,0.7097102186070158,0.8538764449337342,0.9773764081556652,0.7831878052390114,0.7213822894168467,0.7025332330072737
a,1,quota,768,0.7978314398790283,0.9008559274632476,0.7801388532059463,0.9654608783639158,0.547478716437459,0.8895800933125972,0.7145296491772741,0.8549846363946739,0.9760618479880775,0.7788180222352252,0.7374890254609306,0.7160800895411018
a,1,quota,783,0.8005365549108018,0.9032491384337024,0.7814349171077826,0.9658805917919008,0.5387205387205387,0.890339552784138,0.728913811645414,0.8566942006539322,0.97641456791042,0.7995440946003705,0.7354906788603588,0.7128309572301426
a,1,quota,798,0.8041125192390435,0.9071252633178621,0.7850258626530555,0.9673355109659356,0.5404312668463612,0.8884462151394422,0.7473617481448335,0.8656044412388259,0.9773317086329262,0.7966462981384113,0.7356362354599929,0.7182192485846629
a,1,quota,813,0.8029783461292581,0.9046831296019391,0.7784586607027411,0.9655960636937739,0.5603164139749506,0.8925294258947875,0.7301058180549633,0.8613457056723183,0.9776988979538739,0.7993694468329035,0.7296849087893864,0.7101584342963654
a,1,quota,828,0.7997738634883665,0.9036153240919799,0.775817068326516,0.9658893143056039,0.5744949494949495,0.8837364948847882,0.7313094001308246,0.861624529316837,0.9775940548072457,0.8063592093955887,0.6840828512782235,0.7128739677812373
a,1,quota,843,0.8018546263379291,0.9064900978744498,0.7759527069098072,0.9663811935739556,0.5370741482965932,0.8914204003813155,0.7386521003231267,0.8650740748704496,0.9783679310152577,0.8163726182074806,0.7056367432150313,0.7177124271581515
a,1,quota,858,0.8038869282172765,0.9063980377697634,0.7797216127781272,0.9662725334367125,0.5437908496732026,0.8885999133073256,0.7388114171564673,0.8656832130935717,0.9774913053559008,0.8128613735721337,0.7178072111846946,0.7236645371754792
a,1,quota,873,0.8002286514541093,0.9034743452493907,0.7762655895862138,0.9673273669701618,0.5467532467532468,0.8886012846323459,0.7202552085384585,0.8583867816336066,0.9778870690855102,0.8071761548241277,0.7062558356676004,0.7294149149819253
a,1,quota,888,0.8090030371908291,0.9070655823356665,0.7853941442107144,0.9676030942825569,0.5976294447910169,0.8892904698497242,0.7385943759480378,0.8649749239144413,0.9782194770816885,0.8181182720536838,0.7023901310717039,0.7242071457246085
a,1,quota,903,0.8108510730023342,0.9077470102836909,0.7882138333739299,0.968673860076575,0.5780946208684381,0.8955281049506847,0.7386984982672314,0.8606612176238435,0.978315673925784,0.8213148788927336,0.7202414638747406,0.7361313385409771
a,1,quota,918,0.8001034734955348,0.9040380187898975,0.7752044815917818,0.9686545819966761,0.5532759761747187,0.8868519048983099,0.722587326243677,0.8599497179557603,0.9781072132733157,0.8194754464285714,0.6855836983431727,0.7264453961456103
a,1,prototype,18,0.33935118248325336,0.4899980379726194,0.42486274634750015,0.3815450262245533,0.08496864252478252,0.2818444681174859,0.2565219211925799,0.7747497564918243,0.5806459532782559,0.3905485740085785,0.08203147190819747,0.22130482860302247
a,1,prototype,33,0.3292361615429537,0.4633393752182804,0.416618676965159,0.2757605495583906,0.06613047363717604,0.34142709142709143,0.3465012115426977,0.7094629884620863,0.5576211808649586,0.394014598540146,0.09152060021990815,0.18068675963412806
a,1,prototype,48,0.4182846658148328,0.6027661843090899,0.48483407275194623,0.6020967783077825,0.03599221789883268,0.4413381863238597,0.3549286534361161,0.7621455971540622,0.703555576105049,0.41970231100665883,0.233467417538214,0.21133525456292027
a,1,prototype,63,0.5033783053980915,0.7066168603088612,0.5357514293606216,0.8619426171548565,0.043065445913869106,0.6806272230850158,0.3758867610324729,0.6947137678104713,0.8097555934480443,0.3781378366042903,0.4206952743074416,0.26558022922636104
a,1,prototype,78,0.5524672358111586,0.7716142760816648,0.5714787834898016,0.907158487027196,0.029906542056074768,0.6693354683746997,0.3391304347826087,0.7748751886682921,0.9161598855270837,0.3784051510648836,0.5535913362000319,0.40364262859955696
a,1,prototype,93,0.5805290114107837,0.7984254378139006,0.5878112642490829,0.884683995922528,0.036056338028169016,0.7702773417059131,0.522176152783013,0.761028134769017,0.9361917374829857,0.3300589390962672,0.5856616850768898,0.39862677783227074
a,1,prototype,108,0.5874490947444871,0.8171549769026275,0.5838418537152,0.937335865217567,0.03363700070077085,0.8018823082042019,0.526141944456517,0.7689913350719273,0.9505701327555498,0.3029538526227268,0.514030295505339,0.4514991181657848
a,1,prototype,123,0.613454827799311,0.8382030384165076,0.604948168717041,0.9525011835253274,0.025048169556840076,0.8497979133377197,0.5556294759910774,0.8068934279490111,0.9586569000018358,0.26666666666666666,0.581826105905426,0.5240736072598942
a,1,prototype,138,0.6246786511488482,0.8437197634692586,0.6209278340571202,0.9585226382578724,0.035538005923000986,0.8195915279878971,0.607136655669387,0.7810698202937587,0.9661043467056886,0.3682247092385341,0.5362997658079626,0.5496203904555315
a,1,prototype,153,0.6311341553816612,0.8385318440961287,0.6275083028233293,0.9605861150289923,0.11317567567567567,0.8375887886350547,0.5614924832457888,0.7535367271291645,0.9683402798862789,0.29832547553243377,0.5583629150135728,0.6287989382879894
a,1,prototype,168,0.6249256506639431,0.8365697904270297,0.6220434313080208,0.9594893583693929,0.08669656203288491,0.8396375665180498,0.5682789651293588,0.7538828097423226,0.9651246206198841,0.29606324620845437,0.5970381917381138,0.5581195356170274
a,1,prototype,183,0.6332333367966005,0.8382784257892185,0.6263542540567433,0.9552959351163465,0.13298791018998274,0.822267128560431,0.5891217737744674,0.749906129210381,0.9673924116279716,0.3001932935540802,0.5596465390279823,0.6222889101077616
a,1,prototype,198,0.6465110421817433,0.8444319383343524,0.6410561219428366,0.9634495799138385,0.14828209764918626,0.8557895704957234,0.5870902092642569,0.7405302616336255,0.9718414227491664,0.33972602739726027,0.554227733934611,0.6576624765980209
a,1,prototype,213,0.6575609043822844,0.8519456736891299,0.6471787615870587,0.9589848353893298,0.21061499578770007,0.8749383877761348,0.615832762165867,0.7706181129476584,0.9706612795611239,0.36727057896809767,0.5311801242236025,0.6179470626210458
a,1,prototype,228,0.6788134653787387,0.858940767428412,0.666829745605495,0.9635992782615518,0.2756972111553785,0.8780509571192718,0.616821639898563,0.7741685835286024,0.9756858955896426,0.3948755036677343,0.5645315487571702,0.6658905704307334
a,1,prototype,243,0.7128950468424585,0.873016623459323,0.6867036382229131,0.9625649434029355,0.27817745803357313,0.8723328906595839,0.6508346365058006,0.8035983949605212,0.9743231798680329,0.6485513177279424,0.5516735890544833,0.6739990113692536
a,1,prototype,258,0.7125123980842651,0.8743239630486414,0.6926879966815387,0.963248299988208,0.2656,0.8679662290589223,0.6543964175932602,0.8167307123854567,0.972487914769794,0.6438290379382103,0.5662535748331744,0.6620993961913609
a,1,prototype,273,0.7091340167531548,0.875446985888167,0.6890587442528286,0.9629283307034461,0.27385892116182575,0.860115294541524,0.6631873534528402,0.8211107831147472,0.9751521298174443,0.6246108471243651,0.5120967741935484,0.6891457166686524
a,1,prototype,288,0.7309580019522621,0.8792956170913994,0.7086666320205817,0.964144826778112,0.3897216274089936,0.8774806253639744,0.6595963051659254,0.8209510915552547,0.976053127726032,0.64032,0.5512113216598705,0.6991430919121963
a,1,prototype,303,0.7268636695430184,0.8792700429277719,0.7055743050672607,0.9632095236230493,0.3783783783783784,0.8629853166381407,0.663902730715567,0.8339088965630653,0.9743969967151572,0.641788644040534,0.5272232304900182,0.6959793087232542
a,1,prototype,318,0.7411779998815048,0.8851773457928273,0.7166858124368477,0.9644831860844927,0.4230498945888967,0.8752480606169944,0.669979797979798,0.8428767375683256,0.9770330727488395,0.6677270558294894,0.5465663217309501,0.7036378717857567
a,1,prototype,333,0.7511572819924841,0.8861678982341258,0.7302856643571318,0.9617637745408486,0.49667994687915007,0.8694130317716747,0.6812152679187117,0.8442676726258815,0.9760722600914472,0.6800315706393054,0.5364727608494921,0.7144992526158446
a,1,prototype,348,0.7516172756991246,0.8871100468809786,0.730951084149159,0.9645300577692778,0.4862323707186031,0.8604980580306145,0.6815114709851552,0.8439787092481703,0.9771717624220704,0.7184764245123637,0.5064172286273657,0.725739398978501
a,1,prototype,363,0.7535395425323856,0.8871287349379924,0.7343447627564987,0.9677685463437629,0.5237166991552956,0.8538458001930945,0.6809699226814557,0.8447450101749265,0.9770779536693986,0.7030075187969925,0.49313911758496937,0.7375853141915745
a,1,prototype,378,0.7610024675129863,0.8902816217827454,0.7436040864901349,0.97000058707266,0.518946692357097,0.8586271895545032,0.6859385009609225,0.8439891281622413,0.9781025990897111,0.7478712656949055,0.49882453515708486,0.7467217095677513
a,1,prototype,393,0.7713814956704154,0.8919821903765583,0.7581881371877723,0.9683673469387755,0.5778894472361809,0.8613285720825894,0.6886977886977887,0.8467153284671532,0.9779602500699822,0.7723684210526316,0.5072810258639426,0.741825280624695
a,1,prototype,408,0.7737894662043135,0.8908174017895799,0.7601268843498504,0.9689623435878356,0.6077348066298343,0.8559595029912563,0.6843669829376553,0.842857743576805,0.9773085496311357,0.7894249834765367,0.4957519116397621,0.741738371368001
a,1,prototype,423,0.7709422924562573,0.8932129811058176,0.7548368880400504,0.967117152510411,0.5629438347320852,0.8607919432364386,0.702357365250091,0.8513827316867215,0.9769091162920565,0.7830299855964384,0.5059925909784266,0.7279559118236473
a,1,prototype,438,0.7696835625757994,0.8937827227406289,0.7527478491787095,0.9695482300276834,0.5677252106286454,0.856414226513047,0.7075875875875876,0.8533936269123489,0.9767515537789208,0.7903549899531145,0.47534429142603285,0.7300323463548146
a,1,prototype,453,0.7618343725037894,0.8919097333200563,0.7473733815987464,0.9690636762860728,0.5392535392535392,0.8458101577459651,0.7049015264408555,0.8530803684610834,0.9770238150720044,0.7877991059689718,0.44289450741063646,0.7366826558949761
a,1,prototype,468,0.769031953198044,0.8939214017703424,0.7497571649656467,0.9680758935600693,0.5494791666666666,0.8550029684431657,0.7114769820971867,0.8546444411746158,0.9763682750144324,0.7883272828818766,0.4883920894239037,0.7295204795204795
a,1,prototype,483,0.7638389326381475,0.8921966603778212,0.7476408246789511,0.9692202059833251,0.5430809399477807,0.847377295720731,0.6983867005159282,0.8536835281570858,0.9774804572855426,0.8017751479289941,0.4431842966194111,0.740361821584529
a,1,prototype,498,0.7679980004974772,0.8954655125999795,0.7524143531419796,0.9681386029700636,0.5299145299145299,0.8577876066254457,0.7119140625,0.8581472204096239,0.977773225442999,0.8114840062926062,0.4523699953980672,0.7444527549239591
a,1,prototype,513,0.7747886542489023,0.8993176365329922,0.7579451962140091,0.9683382497541789,0.5563612392880686,0.8542695191076979,0.73373063170441,0.8657115568290353,0.9782372042390465,0.8302090357383681,0.4445430346051464,0.7416974169741697
a,1,prototype,528,0.7757040267556995,0.9001349554477761,0.7578798335768766,0.9699363357698656,0.5665349143610013,0.8495826836650463,0.7458443196148115,0.8650658136468757,0.9780159461144138,0.8211281202592746,0.4383380962848978,0.746890011085109
a,1,prototype,543,0.7810116415001075,0.9026700890536791,0.7664434938123734,0.9700784923179824,0.5886889460154242,0.8492737736366127,0.7541073170731707,0.871941641023434,0.9779901992691296,0.8509736388925686,0.4172822923662413,0.7487684729064039
a,1,prototype,558,0.7819002912108849,0.9020143037261024,0.7645634737557829,0.970310258778221,0.6028645833333334,0.8494967978042086,0.7487155351609993,0.8700149604616371,0.978266532693238,0.840979834889701,0.4287307606513495,0.7477233571252769
a,1,prototype,573,0.7696567982091436,0.8996405558604608,0.7569759019605354,0.9700410584837829,0.5969387755102041,0.861285645239246,0.7517158156723734,0.8644997704867866,0.9777185759263745,0.8479437229437229,0.31668077900084673,0.7400870406189555
a,1,prototype,588,0.7532831028291282,0.8962769120132342,0.7516314688282499,0.9699823425544438,0.6252330640149161,0.8451730418943534,0.758717086623097,0.8669139758983252,0.9777392471614743,0.8661313676451231,0.13321055862492326,0.7364472410454985
a,1,prototype,603,0.7503610627996876,0.8926947988032186,0.7460922190318715,0.9693384173906207,0.6348246674727932,0.8127579400681859,0.7502018532046599,0.8665554086564512,0.9772167946901335,0.8537932893141086,0.15510002469745615,0.7334611697027804
a,1,prototype,618,0.750081938442777,0.8827512576552452,0.7522113484828153,0.9695375677161027,0.6426426426426426,0.6123228232571594,0.7462112100072168,0.8733978439860792,0.9781550461191932,0.8529372407333066,0.333593662836104,0.7419394086871882
a,1,prototype,633,0.7727859342823719,0.894775357163455,0.768973127278919,0.9593741312894642,0.6535947712418301,0.7956842923794712,0.7468775344687754,0.8731089058631852,0.9770808876963497,0.8617542002910438,0.34971322275616185,0.737885462555066
a,1,prototype,648,0.7583222408241083,0.8894746531676143,0.7560058824140837,0.965047393364929,0.5936305732484076,0.7993217054263566,0.7510282314419199,0.8698710433763188,0.965924810614972,0.8605898123324397,0.32314776056927585,0.6963388370423547
a,1,prototype,663,0.7650952608446907,0.8956256027288148,0.7523561623602893,0.9701384117011878,0.6436498150431565,0.8159782115297322,0.736456747974168,0.8706797415685701,0.9780341442992045,0.8675087342112335,0.2560179977502812,0.7473935435246828
a,1,prototype,678,0.7424675684942141,0.8823570098845062,0.731623702155718,0.9475183565381374,0.6089785296031229,0.7784801102609191,0.7216280327937076,0.8561394654385633,0.9770183443523606,0.8657158234660925,0.19058202528128906,0.7361474287137343
a,1,prototype,693,0.7452962049688723,0.8743237827459224,0.744159052100486,0.9488025928815798,0.5843411839592616,0.6839765054619311,0.7209370180484348,0.8639813678803885,0.963705790761474,0.8606076759061834,0.3565408151483662,0.7247728946722317
a,1,prototype,708,0.7623804394962819,0.8965996049998992,0.7506059587550973,0.9698173309475588,0.6113592852584556,0.8608741076092634,0.7250777846919726,0.8679874174530758,0.9780941847821036,0.8624900451287497,0.24374057315233785,0.7419832264430193
a,1,prototype,723,0.7610193928794128,0.8958099469383904,0.7470897183325094,0.9698791629826112,0.5943517329910141,0.8619789400400313,0.7188345473465141,0.8656048712797465,0.978076661922966,0.8632956249148154,0.2557651991614256,0.7413877952755905
a,1,prototype,738,0.7624879013234911,0.8968624648994874,0.7486703087633158,0.9710914685533975,0.5838587641866331,0.8639177055182634,0.7189558732131759,0.8660484072194959,0.9786015195618007,0.8593454152015148,0.2667855020796197,0.7537864563775191
a,1,prototype,753,0.7642762127756989,0.8986321384733984,0.7485145924399066,0.9717102946355206,0.5596816976127321,0.8655451168887918,0.7293856767411301,0.8700515453160542,0.9773468209169321,0.8658241462758807,0.2962962962962963,0.7426443202979516
a,1,prototype,768,0.7675532826181433,0.8987922034451373,0.7520789286192292,0.9721939374951045,0.6054811982154238,0.865272331154684,0.7305570313457844,0.8689100954294324,0.9777852199151597,0.8655223678875523,0.2767593140153755,0.7454980481047727
a,1,prototype,783,0.7640316978282085,0.8973992901205203,0.74764273204946,0.9715784528656436,0.595360824742268,0.864761407629736,0.7273545904793091,0.868327104949999,0.9769588684161549,0.8604112760452132,0.2746374667061261,0.7368952886194265
a,1,prototype,798,0.7605591352429203,0.8966116330947841,0.7439251123342063,0.9722646609472323,0.5787067276290007,0.8624347826086957,0.7224347110836932,0.866955998089582,0.9775105186729717,0.8550865051903114,0.26260817666368247,0.7470301363011129
a,1,prototype,813,0.7653421302076648,0.8978832490650129,0.7502317657865879,0.9722287504896201,0.5996131528046421,0.8617717132337015,0.7276562306133422,0.868084399401894,0.9775578295960782,0.8677652185755141,0.26365237815619497,0.749749498997996
a,1,prototype,828,0.7660414582485764,0.8982904688653632,0.7476036794367187,0.9729666242536948,0.5757776307081403,0.8670092318411426,0.7231992092582678,0.86683693598289,0.9778630432960503,0.8611913605722933,0.29962329759490003,0.7499057907298078
a,1,prototype,843,0.7686396136691518,0.8988940322838744,0.7494388208186744,0.9725590049946137,0.5661375661375662,0.8684611036222116,0.7202855245683931,0.8659289651456753,0.9783536897331188,0.8669574700109052,0.3132947976878613,0.7657784011220197
a,1,prototype,858,0.76606396647181,0.899603374587395,0.7459350410295345,0.9714375269364887,0.5352498288843258,0.8709889243969706,0.7222589713907723,0.8675203049892259,0.9794757389849414,0.8665021929824561,0.3123209169054441,0.7688212927756654
a,1,prototype,873,0.7691686871312946,0.8979480082434158,0.7496318941133039,0.9708984375,0.5818181818181818,0.8675791125446779,0.7182933956750438,0.8649619218624234,0.9777963971512359,0.8648797250859106,0.30857800805987334,0.7677130044843049
a,1,prototype,888,0.771659483773633,0.8991931990730575,0.7534903628066306,0.9727310045546064,0.600127959053103,0.8678030961906419,0.7201007133864876,0.8665456196096233,0.9786402345386012,0.8668024439918534,0.30139372822299654,0.7707905544147844
a,1,prototype,903,0.7971883911834687,0.9040512760790934,0.7780781729733945,0.9727028668848348,0.5589403973509933,0.8633496181757815,0.718111817877469,0.8658453538042469,0.9785276073619632,0.8672734682787665,0.579526384486295,0.7704180064308682
a,1,prototype,918,0.7955884740990422,0.9039547358546325,0.7757297714946593,0.9705020511818715,0.5485175202156334,0.8600834756213243,0.7245054534898188,0.8677301222767053,0.9779540461028563,0.8696961401587736,0.5677249671238024,0.7735824907205939
a,2,random,18,0.34810982762738235,0.5012870792925292,0.42720821787890206,0.5528182757433131,0.035941387890517006,0.16731311706629054,0.43389957065521745,0.7213485137110708,0.5306505156990446,0.32968560013896125,0.31259102343439693,0.04874044430762916
a,2,random,33,0.4554795430519124,0.6852057343616154,0.4838934322192457,0.7709919159733286,0.04482594182164998,0.5733182386939165,0.4228262733664895,0.7225739862249657,0.8165440088191163,0.2694805194805195,0.3401135776974703,0.13864142538975502
a,2,random,48,0.5232848508705652,0.7388178141335896,0.5550578359743292,0.8571368773545417,0.06683515866329683,0.4044402156676181,0.5055145660606982,0.7651562696121501,0.8755397580065998,0.41960380756367377,0.6159412345137595,0.19939577039274925
a,2,random,63,0.5184997783130382,0.7497617797655043,0.5402565340794538,0.8739226635760193,0.029361942405420668,0.41219847519060115,0.529490841875315,0.7909048879922667,0.8846469079660524,0.3900548055072851,0.6434359805510534,0.11248149975333005
a,2,random,78,0.5478626945669419,0.7712332087397928,0.5377765081459002,0.9164267342316403,0.049147839873166864,0.5111781733078771,0.5139313696736079,0.7974637134168697,0.8926058533283457,0.34815131438341523,0.5721509842875203,0.32970826860003455
a,2,random,93,0.5969197816034755,0.8092244379411566,0.5829852155625861,0.9242751018451953,0.06628003314001657,0.7890856869315462,0.5529004873447572,0.7794572386203914,0.9244106601511244,0.3548573075814356,0.6299846625766872,0.35102685624012636
a,2,random,108,0.5763637571569866,0.8025842685352169,0.5610368585657691,0.9239836906059505,0.0795500200883889,0.7810308887625544,0.5457720129708157,0.7952572430147438,0.9158274679660711,0.32253377887549034,0.5183505154639175,0.30496819666494757
a,2,random,123,0.5839928638283534,0.8105591054905824,0.5704981720842542,0.944144284215027,0.10278578290105668,0.793170007423905,0.5498265715733271,0.7858991636184731,0.9263269174686497,0.3568287473300666,0.5370143149284253,0.25993998499624904
a,2,random,138,0.5727336376361223,0.8054820256383367,0.5594661874513063,0.9293371082690618,0.10796221322537113,0.7904691721935643,0.5666586788082115,0.7790042323316106,0.9255362311000513,0.35816814764183186,0.494070351758794,0.2033966033966034
a,2,random,153,0.5843397343223308,0.8243246935593812,0.5682765777387762,0.9418917878857846,0.09994568169473113,0.802491103202847,0.6176698001871973,0.8049869821984209,0.9419123735464593,0.3667301933024775,0.48998774008990603,0.19344194679315324
a,2,random,168,0.6036189944374674,0.8242283688265987,0.5885644010341324,0.9384654342871613,0.2634338138925295,0.7899477940423789,0.6575004814172926,0.804800844104458,0.9343677434852623,0.3443469282395457,0.5714799496493437,0.12822796081923418
a,2,random,183,0.6470403034928209,0.8421953252589136,0.630611251085696,0.9338193055087851,0.25226480836236936,0.8150753768844221,0.6479024149015082,0.8336034007449652,0.944666587727368,0.3356377931408432,0.632491809597225,0.42790123456790125
a,2,random,198,0.6518621845977468,0.8416054820151939,0.6306563841922308,0.9296741675596301,0.2515235457063712,0.8486970439653879,0.6467935050024602,0.8288793554462698,0.9407002740516371,0.3838895930150683,0.7218490715132359,0.3147531051196607
a,2,random,213,0.6636043097503761,0.8498434011553686,0.6434032465010754,0.9390337347977288,0.2566510172143975,0.8489308801591248,0.6751155746851586,0.8237321619974359,0.9474468607155515,0.29923948471209066,0.7114467408585056,0.4708423326133909
a,2,random,228,0.6447256671704361,0.8398859556781885,0.6198078732142962,0.9387899934945887,0.2368271954674221,0.841570985068743,0.6626952304578607,0.795777938240666,0.9455260996326283,0.2596281540504648,0.7013720742534302,0.4203433338681213
a,2,random,243,0.6635165268577742,0.847304836857882,0.6385986077131655,0.947895005296818,0.2909904868494684,0.846703733121525,0.6624154288824947,0.8085713069753585,0.9472733512761692,0.2769812509847172,0.7255172413793104,0.4653009369541051
a,2,random,258,0.6592900923674452,0.8487912049665222,0.6381343620589809,0.9463460484060469,0.21940516821062897,0.846403242147923,0.6656896407336069,0.8239951030401959,0.9451954463664065,0.2953127499600064,0.7578592814371258,0.4334041510050662
a,2,random,273,0.6564554442143895,0.851253441224257,0.6332083508453807,0.9463274614658698,0.19237749546279492,0.8563509044932892,0.692243668503032,0.8228719360604878,0.9460666001270303,0.27617825050430955,0.755079006772009,0.4206036745406824
a,2,random,288,0.6691923098673743,0.8570253955790456,0.6437148445922483,0.9547297824222101,0.237880496054115,0.8581854043392505,0.6959347016403835,0.824306799234237,0.9506858262573481,0.3062183658712943,0.7613870665417057,0.4334023464458247
a,2,random,303,0.6838295858394821,0.8633570406431762,0.6558263842205064,0.9561937917029301,0.24545954870665934,0.8626927639383155,0.7051693690801092,0.8317539928878291,0.9525454231464903,0.36670293797606096,0.7568686488520888,0.4770797962648557
a,2,random,318,0.6766531443967932,0.86012731587756,0.6465020827546588,0.9562361124529031,0.23869801084990958,0.860709527803819,0.6972321824261714,0.8321748994534393,0.9498098859315589,0.3909695484774239,0.7527535131029244,0.4112946190729888
a,2,random,333,0.6995743768475913,0.8668579993247225,0.6648316304167793,0.954320010807264,0.32555123216601817,0.8627895515032036,0.7062187276626162,0.831277750370005,0.956580288251565,0.4175257731958763,0.7525014158957901,0.48940464177598386
a,2,random,348,0.6799718593682708,0.8597212448479395,0.6515884337726789,0.9576666538150133,0.3358689291983616,0.8716120525467598,0.6857285553752029,0.8230375290069617,0.9557211350382562,0.2902007553170344,0.7585949177877429,0.44131620622910434
a,2,random,363,0.6871845875994862,0.8652821965536033,0.6534535671283926,0.958556123926262,0.3034920634920635,0.8695314396698228,0.6980848208839914,0.8293906955096424,0.9588408117228645,0.3217493166731745,0.7359189241863184,0.5090970923312362
a,2,random,378,0.6812268073639162,0.8619907219805639,0.6508755454304261,0.9549902152641878,0.2788586251621271,0.8657245556157369,0.6916774113047457,0.8239763275751759,0.9582179278780228,0.2677925211097708,0.756056338028169,0.53374734433731
a,2,random,393,0.7050119577277553,0.8704459507401515,0.6826603178203515,0.956969202687483,0.36015325670498083,0.866587607471094,0.7076433121019108,0.8357195754134782,0.9611877143065587,0.3303486378357782,0.7539267015706806,0.5725716114578333
a,2,random,408,0.7168053750134332,0.8741195381503443,0.6919896384772593,0.9564423375815978,0.35079051383399207,0.8700382240517495,0.7167361712172476,0.8331323547756664,0.9616518635496445,0.4329858525688757,0.7626617375231054,0.5668093200190204
a,2,random,423,0.7143660627525921,0.8730110030581595,0.6835968410443514,0.95980473819809,0.3672347443650357,0.8735104512600117,0.7111558598469593,0.8262899312987992,0.9627947279609613,0.4063792085056113,0.7552972060753798,0.5668276972624798
a,2,random,438,0.7305123195306783,0.8741249669243433,0.7006002498696005,0.9585383810594025,0.4740190880169671,0.8699678331221367,0.7042082218438336,0.8275468622656886,0.9627680472183391,0.43845116547871316,0.7533834586466165,0.585727818124408
a,2,random,453,0.7268010985554233,0.8749921696391127,0.6984926981552837,0.9592129217182477,0.44716692189892804,0.8757020757020757,0.7091563374650139,0.8310699588477366,0.9629048730668223,0.41521029383522184,0.7563499529633114,0.584436551501453
a,2,random,468,0.7224996659316574,0.873013275066848,0.6978942439767996,0.9572380563812632,0.4578313253012048,0.8745688146777983,0.7229622581668252,0.8283860335770934,0.9609087020232818,0.3722113502935421,0.792693434430467,0.5356970185334408
a,2,random,483,0.7232454172829675,0.8758366768128399,0.6978183196438257,0.9558880383515039,0.45569620253164556,0.8781242205038663,0.7417367380943155,0.8389853471455072,0.9605859339459558,0.38614445975201733,0.7986301369863014,0.49341767823559585
a,2,random,498,0.7344781625249946,0.8804379072119549,0.7076735230914246,0.957087277161605,0.44251626898047725,0.8827545265657465,0.7399709815301361,0.840047368749091,0.9635738330034027,0.4385898407884761,0.7975567190226877,0.54820664692333
a,2,random,513,0.7308798822291614,0.8799664785617209,0.7041142598533832,0.9583892617449664,0.44136460554371004,0.8886043533930857,0.7413266504816353,0.8418760885792486,0.9624097087025345,0.42573685224426894,0.7974772249474422,0.5207341944255608
a,2,random,528,0.7240915131396215,0.877714012516144,0.697115431796632,0.9582969135442767,0.4419889502762431,0.8793920252664824,0.7472646853418173,0.8412946847805672,0.961034476491649,0.4096932979931844,0.790308523618616,0.48755006094375763
a,2,random,543,0.7203272851126257,0.8754181455925039,0.6941773799568278,0.9572088688696463,0.45200219418540866,0.8841041738192162,0.7409367557554909,0.8348237880805902,0.9612376309662398,0.381949733434882,0.7815766164747564,0.4891058044274011
a,2,random,558,0.7247380733799147,0.8786725426943113,0.6980061913674345,0.9587680850238548,0.4432194046306505,0.8866456568839866,0.7472334579867206,0.8405037825604057,0.9624370841638679,0.3732394366197183,0.7890679747722494,0.5215277777777778
a,2,random,573,0.7245790432754197,0.8777783819405125,0.6989654813841217,0.9586623316302834,0.4670981661272923,0.8838540895404512,0.7414823556283071,0.8412988266901749,0.9627726920799745,0.3736517719568567,0.7914250571077139,0.5009660987177236
a,2,random,588,0.7304618084696957,0.8796735383330057,0.7042045665774396,0.9603414823438107,0.4439608269858542,0.88100811874284,0.7478677240760138,0.839416523345436,0.9617902738878987,0.435260663507109,0.8002056202878685,0.5043050430504306
a,2,random,603,0.7321249146413219,0.8816447744572194,0.7049548593261592,0.9616677352295467,0.41415313225058004,0.8825526815140318,0.7501761412096266,0.8417412096240473,0.9623221627915438,0.4315510049298445,0.8025758346043044,0.5423843296183721
a,2,random,618,0.730048970946917,0.8783818035927804,0.7054256882209309,0.9619997671078678,0.43907563025210083,0.8832248372558839,0.7343172024558594,0.8330597297638591,0.9623351823224516,0.43599397590361444,0.8021735438953982,0.5182608695652174
a,2,random,633,0.7351791204484576,0.8816670346403831,0.7114087286367465,0.9627013390258102,0.4457262716308338,0.8805583250249253,0.7474489795918368,0.8418768877355681,0.962393146831502,0.44252765797862365,0.8029147602101339,0.5304647160068847
a,2,random,648,0.7375433164156892,0.8830210755903832,0.7121327086227025,0.96304356274045,0.4485981308411215,0.8817547357926221,0.7540640532157405,0.8396648637183158,0.9637849509388581,0.41377968080965355,0.8002035278154681,0.5729963418689724
a,2,random,663,0.7395130951489074,0.8841235362188309,0.7148740156241681,0.9619328775637042,0.4362452523060228,0.8798719167458848,0.7562166629103749,0.8444831689901394,0.963270735952036,0.44361043347720025,0.7995944575870226,0.5703923508077811
a,2,random,678,0.7359799675492457,0.8826918643407696,0.711944323585317,0.9617872753763963,0.4504109589041096,0.8730198642192607,0.7581447124304267,0.8422908611972639,0.9639848280389511,0.3995372155804088,0.8012820512820513,0.5733619409143423
a,2,random,693,0.7383227270492425,0.8825984684131623,0.7131910068454865,0.9632195539641147,0.46912242686890576,0.8744002828139993,0.7552306716891061,0.8413845729910762,0.963285727280997,0.4117647058823529,0.8008804605485946,0.5656161414040354
a,2,random,708,0.7340396295233077,0.8833643570215918,0.709629366046958,0.9633048965759028,0.4444444444444444,0.8816204051012754,0.761286536839403,0.8443543223052294,0.9636960087479497,0.3805205047318612,0.8033119297059818,0.5638176172577218
a,2,random,723,0.7346204894409191,0.882952159892833,0.7098663267699931,0.962786000077691,0.44954128440366975,0.8778805298675331,0.7600936002674293,0.8443906787215077,0.9633910665451231,0.3740748149629926,0.8026913372582002,0.5767350928641252
a,2,random,738,0.7358726496307179,0.8825879380095278,0.70873264331386,0.9610697556898797,0.44274809160305345,0.8765493802479009,0.7562437929892963,0.8438602116062841,0.9629906269641019,0.40767573918151556,0.8007505970658478,0.5709656513285807
a,2,random,753,0.7371907140869415,0.8838144469069875,0.7096951227203908,0.9629125155666252,0.4441747572815534,0.8789606783358953,0.7545177362980591,0.8443003369572127,0.9645615380402037,0.39081812831077106,0.7978067169294037,0.5966640190627482
a,2,random,768,0.7477571525822513,0.887045698642209,0.7219433299271953,0.9630580682812956,0.4371887105700055,0.8791666666666667,0.7593904112128741,0.8450704225352113,0.9644131686792073,0.4863165680473373,0.7991796274141173,0.5960307298335468
a,2,random,783,0.7438284420355639,0.885685209311319,0.7158791546370136,0.9622378164618307,0.4589787722317843,0.8847484432143916,0.7599775994026507,0.842427723530538,0.9651326238156958,0.4490802199886213,0.8008227631127871,0.5710500165617755
a,2,random,798,0.7493543533326247,0.8897735911608453,0.7207253217959484,0.9627317148840456,0.42026482440990215,0.8897286155960151,0.7679212153599512,0.8495263927443792,0.9652281900031047,0.5072150072150072,0.7979955071712459,0.5835777126099707
a,2,random,813,0.7675354712014543,0.894568995344226,0.7387914641128785,0.9632332958030827,0.46810933940774485,0.8864737846967249,0.7709581974053562,0.8574857485748575,0.9652652158818907,0.618862831111861,0.7971738755815957,0.5802569523499757
a,2,random,828,0.7629922861804892,0.893410445998597,0.7326067132230497,0.9638376669962965,0.442092886537331,0.8857762872361412,0.7675375123771803,0.8570818109950217,0.9644000547270488,0.6135176133490645,0.7978067169294037,0.5748800264769154
a,2,random,843,0.7477785444771405,0.8872256896399219,0.7243919642275819,0.9606216405702267,0.48355263157894735,0.8904096100827097,0.7636129715820941,0.8461684891812432,0.9658824820722962,0.4416523891109842,0.7984908249013891,0.5796158612143743
a,2,random,858,0.7428665251281573,0.8869421778105813,0.714674850396751,0.96026812681463,0.4328899637243047,0.8898894000195752,0.767404702122803,0.8457868963188112,0.9651618562070006,0.4559643255295429,0.7976273551988835,0.5708061002178649
a,2,random,873,0.7423801954384194,0.8867838956754942,0.7142918751551247,0.9610374437759215,0.4255575647980711,0.8867998051631758,0.764384490749463,0.8499436038221712,0.9637843318140716,0.4776173944820026,0.7972198088618593,0.5550773154790372
a,2,random,888,0.7666067024918886,0.8967448879504917,0.7405161818524437,0.9634679251879043,0.41565918249856076,0.8911855898420198,0.7685725104127225,0.8677716390423573,0.9649041138402841,0.6633891534797972,0.7981269510926119,0.566383257030739
a,2,random,903,0.7521645627448703,0.8914827260020269,0.7219423768363928,0.962281795511222,0.4106217616580311,0.8879360748392127,0.7710707858428314,0.8578667124699416,0.9641568878133419,0.5557649477471304,0.797301971636112,0.5624801271860096
a,2,random,918,0.7573039557695895,0.8941376158767494,0.7264757063338111,0.9636232981801939,0.4020618556701031,0.8913415051032866,0.7701555338492749,0.8619405394932295,0.9651078906756523,0.5901089689857502,0.7982683982683982,0.5731276117004179
a,2,uncertainty,18,0.34810982762738235,0.5012870792925292,0.42720821787890206,0.5528182757433131,0.035941387890517006,0.16731311706629054,0.43389957065521745,0.7213485137110708,0.5306505156990446,0.32968560013896125,0.31259102343439693,0.04874044430762916
a,2,uncertainty,33,0.3690066804210997,0.4745575035652239,0.4627946543986636,0.3359288097886541,0.04734816797724611,0.37870956985661886,0.4388059701492537,0.6529284716046245,0.5383255103154677,0.3810882122227769,0.496551724137931,0.0513736877373241
a,2,uncertainty,48,0.3586999338411274,0.43575527866830416,0.4243477416884991,0.41376649432826607,0.02354747888405426,0.6138337901240303,0.43011278540208453,0.4811332127787824,0.4360412820148653,0.3523035230352303,0.42810838843510957,0.04945244956772334
a,2,uncertainty,63,0.446818330933648,0.6419283183784894,0.49433497548489147,0.8275472172201516,0.06840916424653114,0.5482983702122419,0.4349547704386414,0.5313982696064751,0.7524544786125168,0.3522677234698371,0.4323441328614212,0.07369085173501577
a,2,uncertainty,78,0.44941661266970306,0.6552977512025586,0.4952452933806771,0.7405026818564653,0.10902725681420355,0.47958397534668723,0.5062414955924984,0.4263438535812077,0.8577211312291451,0.5584058130573599,0.2821140422445835,0.08480926430517712
a,2,uncertainty,93,0.5448046955133978,0.7533162502290952,0.5647662030070308,0.8968795122733836,0.15653896961690886,0.6060857825319348,0.45579768238466584,0.6687722965757005,0.9047298403974595,0.6769683590875644,0.4853024307518372,0.052167386001125915
a,2,uncertainty,108,0.5799877638432394,0.7873775986741988,0.5886418650483649,0.8562443276557125,0.23046566692975531,0.7031150667514304,0.5777690494893951,0.8036279265977642,0.9113565303249164,0.4992357077346377,0.5756518850689254,0.06242371403661726
a,2,uncertainty,123,0.6262556289886624,0.8263909880134243,0.6256343942844245,0.9467540805011381,0.3097573567372225,0.7472294395248953,0.6467315217001113,0.781318999933091,0.9412444580891581,0.49454545454545457,0.6375227686703097,0.1311965811965812
a,2,uncertainty,138,0.6151276535567114,0.8153247887662893,0.6014853036020377,0.9471714296853678,0.2964244521337947,0.8144137048341046,0.5452485580884372,0.7310732949216133,0.9473665009804368,0.3885112168592794,0.6167444963308872,0.24919522817648174
a,2,uncertainty,153,0.6365521311931245,0.8257367943889524,0.623683919990032,0.947289561642783,0.2718243596445374,0.7745301656451041,0.5963506898086337,0.7872394217288378,0.9357246887909793,0.3845712646974477,0.7000720980533526,0.3313669307264453
a,2,uncertainty,168,0.6451614242376397,0.8346959253050644,0.6252142439888456,0.9500479202606862,0.24125696908261532,0.7812764264040193,0.6201760882086728,0.7904622514940847,0.9441045146353564,0.37787567302985803,0.6724648408586232,0.42878813416484074
a,2,uncertainty,183,0.6687674171739041,0.8413585095581386,0.6556051977690077,0.9494828650818153,0.5104651162790698,0.8009766840618566,0.6321539214087722,0.7943273938926024,0.9539435112372621,0.3526536312849162,0.5949855351976856,0.42991809612115595
a,2,uncertainty,198,0.676913834481679,0.8464221468746375,0.6541871956058211,0.9447273292649745,0.4662337662337662,0.8453455538582604,0.6344218021114657,0.794189453125,0.9570196325498226,0.3230466185160867,0.6682647980822423,0.45897555659349215
a,2,uncertainty,213,0.6812749062950552,0.8458055577397869,0.6614328361191533,0.9346656719934038,0.5,0.82935677410353,0.6635432803113311,0.7867149047158302,0.95646516469626,0.3700455980357769,0.6095877634769633,0.4810949993224014
a,2,uncertainty,228,0.6872182555600869,0.845712265922487,0.674058844725855,0.939153177071982,0.5146417445482866,0.8267029461437417,0.6383783131560954,0.7897349634856815,0.9556865516215413,0.36493441806408766,0.6277720914363698,0.5279600945129955
a,2,uncertainty,243,0.7161364575467054,0.8587985442294209,0.7001171550818269,0.9511258199869984,0.5522565320665083,0.8594986807387863,0.6703955253695565,0.7876881697106416,0.9591024114319738,0.4887180344308875,0.6535047998550987,0.5229381443298969
a,2,uncertainty,258,0.6984272917498063,0.8600154698508864,0.688065410400299,0.9530779833433636,0.5178032589016295,0.8434280211844005,0.6890918170792609,0.8137448684810704,0.9599603066870126,0.3507382066978754,0.616643929058663,0.5413572343149808
a,2,uncertainty,273,0.69344854781966,0.8520022503176358,0.6807873505174344,0.9615324836804476,0.5113350125944585,0.836501540649443,0.6510805092094766,0.7646142709864222,0.9637256187817353,0.3373219373219373,0.6104939326610835,0.6044316244919365
a,2,uncertainty,288,0.7489992422476948,0.8808080291632543,0.7341437735305761,0.9581920027910763,0.5548387096774193,0.8449578820697954,0.7167185497161692,0.8340573033214865,0.9685766753358129,0.637832984136486,0.5983734210070947,0.627445652173913
a,2,uncertainty,303,0.772038334862774,0.8924671012674952,0.7660348730561478,0.9603217572898136,0.5316455696202531,0.8500558225328868,0.7343127122397756,0.856061617915498,0.9706077141924351,0.7772537393882226,0.6190476190476191,0.6490384615384616
a,2,uncertainty,318,0.758688916487551,0.8810135981439425,0.7585157942977206,0.9582339368816237,0.5720746184284907,0.8103103103103103,0.6972889872136188,0.8351047544066833,0.9710064980599318,0.7648476257973069,0.5738867924528301,0.6454467248371636
a,2,uncertainty,333,0.7859615456314608,0.8912226495739946,0.7955787102673212,0.9667751427402226,0.5553021664766249,0.8395476772616137,0.7054805154479118,0.8480804940190871,0.9681591946535192,0.8128256513026052,0.7214345287739783,0.6560485400075844
a,2,uncertainty,348,0.7946818715872946,0.8956547063373598,0.8006657154403288,0.9675211669697503,0.5663082437275986,0.8590819968830125,0.732222703014568,0.846554667145809,0.9677624681743298,0.8120403159901934,0.7491819604495661,0.6514633219308248
a,2,uncertainty,363,0.790478222307183,0.8939315849942469,0.7983637813860712,0.9655199374511337,0.580936266215454,0.8250780437044745,0.7295127870076535,0.8543440850725853,0.9690879117808678,0.8080205934155263,0.7130600571973308,0.6687443189196208
a,2,uncertainty,378,0.790135885069435,0.8901373540192579,0.7952978973718827,0.965710259521666,0.6001128031584885,0.8062506489461115,0.7193351970283001,0.8512854030501089,0.9656222721616552,0.8174869250368781,0.7178770949720671,0.6675423617496388
a,2,uncertainty,393,0.7968221213403116,0.8978392614995874,0.7956917493635571,0.9660206591244467,0.5628019323671497,0.8603710282218275,0.7266871395401093,0.8518583604252702,0.9715668481548699,0.8136738278610999,0.738119911176906,0.6802993851911253
a,2,uncertainty,408,0.7912754877794947,0.8924531759071759,0.788706831853711,0.9677495569994093,0.5678719620628334,0.8622678396871946,0.7066094293538598,0.8360851666592891,0.9695210989889971,0.8195478543387031,0.7295270166845247,0.6622994652406418
a,2,uncertainty,423,0.8074243394135183,0.9014859357927469,0.807559219432351,0.9677051821003418,0.616366802089379,0.8623083454027868,0.7477114096313704,0.8483878344386006,0.9733024820421324,0.8313500205170291,0.7346041055718475,0.6850828729281768
a,2,uncertainty,438,0.8222491310166977,0.9073250953912153,0.8166637249812813,0.9674303551445904,0.6073805202661827,0.9002100327260294,0.7525354252800452,0.8527794191173128,0.972814721873693,0.8400274160383825,0.8183100799498354,0.6887542087542088
a,2,uncertainty,453,0.8227523802601105,0.9085405110218514,0.8221894312493989,0.9677873613800387,0.6126327557294577,0.8947649832304476,0.7586355321209513,0.860893690930007,0.9722654974579038,0.8352132049518569,0.8074807480748075,0.6950976484655241
a,2,uncertainty,468,0.8245915150435731,0.9092954208025354,0.8244418197005747,0.9699220054615822,0.6061293984108967,0.8991913746630728,0.7540047007774363,0.8566686851017067,0.9738216969798564,0.8415555860931703,0.8154372860255213,0.7045929018789144
a,2,uncertainty,483,0.8242200462501796,0.9082999530543654,0.8185509499351489,0.9685551852577926,0.6059907834101382,0.909331763320577,0.7514910536779325,0.8515477517228831,0.9734345351043643,0.8234612599565532,0.8390136642060625,0.6951544195953142
a,2,uncertainty,498,0.8244613621357222,0.9091818780984914,0.8156784532769563,0.9670036313671606,0.6264501160092807,0.9105291603203459,0.7593605384938998,0.8551488974766992,0.974283887349526,0.8236804564907275,0.8291280740977324,0.6745674976161286
a,2,uncertainty,513,0.8306565463721723,0.911809606037502,0.8243097760217246,0.9680663026827449,0.6390598768886402,0.9119976242328252,0.7613677700982175,0.8642646927673237,0.973769187353695,0.845766974015088,0.8399435648220724,0.6716729244889446
a,2,uncertainty,528,0.8267715091412996,0.909884846514364,0.8153113248410652,0.9685779455718107,0.6349206349206349,0.9137411261305066,0.7526581462785952,0.8577196563558467,0.9744481976771089,0.8258138206739006,0.8304326205867727,0.6826314340765208
a,2,uncertainty,543,0.83372113666301,0.9148923789725588,0.8239037810123564,0.9693731214270279,0.6389668725435149,0.9154558751828377,0.766897266101883,0.870771133292112,0.9753608829711387,0.852207828388355,0.8264050548719654,0.6880521951882561
a,2,uncertainty,558,0.8362500642685619,0.9161187279779742,0.8224480608250975,0.9721548689870942,0.6636415201361316,0.9158624702972697,0.7663572060123784,0.8706797489613719,0.9770071267712668,0.8418833450456782,0.811827038113143,0.7068372540927225
a,2,uncertainty,573,0.8368142115143322,0.9168602513785018,0.8260900838393515,0.9715538675385188,0.6541019955654102,0.9141970218751516,0.7726751285941605,0.8766143453208822,0.9752412380307932,0.8524636058230683,0.8171140939597316,0.697366606921274
a,2,uncertainty,588,0.8342221868169439,0.9131569138568472,0.8249112009201168,0.9711466938104373,0.6502793296089385,0.9096373860771767,0.7567607182117992,0.8642865087309531,0.9752492233504891,0.8495428096425602,0.8237630316068179,0.7073339803133232
a,2,uncertainty,603,0.8386616379030009,0.9154143082408269,0.8265689690006846,0.9719578584576822,0.677564825253664,0.9138251099169517,0.7687327222464717,0.8681006946771204,0.9752901604199009,0.8557572398503533,0.8267936299458217,0.6899325003590406
a,2,uncertainty,618,0.8387021933986873,0.9144316665964599,0.8328458817326333,0.9719714033885026,0.6742424242424242,0.9116652785262849,0.7705557703800049,0.8593284778525949,0.9753944385323647,0.8642818132168214,0.8222403924775143,0.698639741971673
a,2,uncertainty,633,0.839423629787701,0.9162763168573711,0.8281589674564853,0.971184882333379,0.6704161979752531,0.9047501359300084,0.7815380184331797,0.8704651529841492,0.9744966690656776,0.8706873132301005,0.8111312366211099,0.7001430615164521
a,2,uncertainty,648,0.8414408221383761,0.9176022862709572,0.8344134286665061,0.97268743152293,0.6826014452473597,0.9048942718157451,0.7829235070614381,0.8722468956766065,0.9756863904778627,0.8748651564185544,0.8028962188254224,0.704166082199467
a,2,uncertainty,663,0.8465305910522044,0.9194237507682788,0.8420471654351656,0.9725938840676239,0.6828169014084507,0.9125437774379717,0.7840550616575853,0.8722227260360932,0.9763389836791815,0.8775127311712677,0.8192461908580594,0.7214450631536059
a,2,uncertainty,678,0.8405097110823414,0.9180830088083582,0.8389300631550852,0.9739218829417055,0.6578947368421053,0.9058864300212882,0.7807299478608671,0.8694959970887919,0.9770152272959255,0.8735262593783494,0.8025396825396826,0.7235772357723578
a,2,uncertainty,693,0.8409652959415062,0.9187862888402849,0.8429051287174318,0.9734921845961226,0.6644986449864498,0.8982367758186398,0.7860086729025553,0.8728867478640248,0.9776525438653406,0.874749899959984,0.7898474089741653,0.7313147845062739
a,2,uncertainty,708,0.8384139873478753,0.9176360331699319,0.8393639570628825,0.9731294246489616,0.6564383561643835,0.8970156803237228,0.7813558101001369,0.8701719411911288,0.9779272144570724,0.8714399787064147,0.7838938320012064,0.7343536485378519
a,2,uncertainty,723,0.8302696838955324,0.9152017375359941,0.8355384213517163,0.9713825861662871,0.6594477531131565,0.8706506475269152,0.7855094558786163,0.877052318641472,0.9769923616120143,0.8643863179074447,0.7377963737796374,0.7292093404342482
a,2,uncertainty,738,0.8485532908762534,0.9243418377304851,0.8448590589348617,0.972838441639884,0.6459227467811158,0.9189135996851013,0.7955101133585241,0.8870641119789928,0.9779312387758503,0.8688304721030042,0.8319818358741485,0.7379870576896599
a,2,uncertainty,753,0.8286814773350994,0.9166874320117249,0.8404759435430346,0.9723665888721097,0.6534351145038167,0.8550655919076972,0.7936400794990063,0.8859128967064206,0.9780187247899937,0.8679989481987904,0.7097554420854609,0.7419399094525998
a,2,uncertainty,768,0.8319649131831061,0.9189200780046433,0.8421257468327082,0.9726110534661995,0.6573354069466044,0.8543116171199663,0.8083103511674941,0.8907393275575706,0.977349272734002,0.8770816812053925,0.7083445130131473,0.7416009954375777
a,2,uncertainty,783,0.8298342072259991,0.9170440342041555,0.8399585838430432,0.9726000548782878,0.6565603763721902,0.8528560147407213,0.7989037849048218,0.8866094574059176,0.9772077399294856,0.8791990515083652,0.7077582741524856,0.736813111141716
a,2,uncertainty,798,0.8307630561598535,0.9166658831931481,0.8416468195326453,0.9730089708935636,0.672566371681416,0.8501716398204383,0.7977330895795247,0.8837565280028813,0.9778477204350845,0.8768355602592935,0.7053642914331465,0.7395833333333334
a,2,uncertainty,813,0.8306163067438386,0.917601718849088,0.8415970777630088,0.9743248792506698,0.6572769953051644,0.8496442687747036,0.7990266563433248,0.8858134587392229,0.9781691772885284,0.8760264900662251,0.707441113490364,0.7478237214363439
a,2,uncertainty,828,0.8331186325649588,0.9177126428015463,0.8415941263896285,0.9738273150502719,0.6724795640326976,0.8544561255216863,0.7999708252798949,0.8829523423057848,0.9780794769450181,0.8825222396650968,0.7083277457422555,0.7454520585419231
a,2,uncertainty,843,0.8479682578963843,0.9242141031148081,0.8404111883432294,0.9735435229609322,0.67,0.9091175751649964,0.8039130748682406,0.8840409160858151,0.9788336293664891,0.8793126239259749,0.784366576819407,0.7485864018756033
a,2,uncertainty,858,0.8527985342235244,0.9253160206082365,0.8449183986791077,0.9744071378257807,0.6823266219239373,0.9159372096435033,0.8016957824720415,0.8856168073262705,0.9783944903173252,0.8782816229116945,0.8134290963754802,0.7450980392156863
a,2,uncertainty,873,0.8513029666761036,0.9252354705260804,0.8466167296127415,0.9745235393104528,0.6725958866036688,0.9108626830233478,0.8023429257467166,0.8857297102753284,0.9789685222400237,0.8790827889614719,0.807242429097901,0.7503782148260212
a,2,uncertainty,888,0.8473837295363089,0.9235599263102083,0.8425158701134668,0.9746421508155633,0.6770428015564203,0.9044293695131684,0.7989364027099877,0.8838284124562505,0.979171485940059,0.8641077441077442,0.7903454803596782,0.7539497183679077
a,2,uncertainty,903,0.8359054280388363,0.9194164879928054,0.8410887417562503,0.9747507394566218,0.6804932735426009,0.8562991087908032,0.800889547813195,0.8863540158182021,0.9792825219990192,0.8796527686439564,0.7109375,0.7544893762851268
a,2,uncertainty,918,0.8510241091094634,0.9262478248849493,0.8433226351780339,0.9747395629356936,0.6670480549199085,0.9125572688309769,0.8050244553134727,0.8893285904846598,0.9794210492209993,0.8769741207697412,0.8054651919323357,0.7486586875773834
a,2,margin,18,0.34810982762738235,0.5012870792925292,0.42720821787890206,0.5528182757433131,0.035941387890517006,0.16731311706629054,0.43389957065521745,0.7213485137110708,0.5306505156990446,0.32968560013896125,0.31259102343439693,0.04874044430762916
a,2,margin,33,0.40609637939998466,0.6087032853759221,0.4735274824097264,0.5800500466120406,0.08487534626038781,0.17109031888485773,0.4000147118319909,0.6418027154467691,0.8148944227797055,0.38229122954259337,0.467668863261944,0.11217975997957273
a,2,margin,48,0.473857058893972,0.6932403295638786,0.5213513814153125,0.8818118920678849,0.05454903505317054,0.2803360438474325,0.362232535217052,0.6206557970078292,0.8728137786659054,0.3365666178623719,0.7307692307692307,0.12497859955487074
a,2,margin,63,0.46762613595311503,0.6714891320834653,0.5662121990010607,0.83735271445876,0.18948365703458075,0.3165996998596117,0.48462034846203483,0.36728158719108944,0.903568945103272,0.3702290076335878,0.5227625216677311,0.21673674216736744
a,2,margin,78,0.5490962346457172,0.7220785783599333,0.5972564248290333,0.904098947153225,0.2380204241948154,0.53855387253501,0.4847387480600103,0.5128485159964025,0.8818967101635729,0.4081446588664337,0.7252838548878427,0.24828037995414345
a,2,margin,93,0.6298282697291147,0.7992182810527587,0.6439645194129794,0.9147649777090161,0.31494578029231496,0.7156475483225365,0.589356357021166,0.671937202130642,0.9331922857840345,0.4794166078569748,0.5850997506234414,0.46409391782190584
a,2,margin,108,0.664113005177277,0.8392365069581945,0.6685513201863585,0.9419357354546872,0.27154549831487723,0.7807336589421179,0.6365921247663853,0.7721692357496825,0.9516173421646514,0.5313121272365805,0.6410821012897138,0.4500292226767972
a,2,margin,123,0.7122732056979558,0.8523538616199369,0.7180006012867479,0.949209669920967,0.38189386056191466,0.8656160314183576,0.6465888137676705,0.7573108989697992,0.9526973551011393,0.5900293255131965,0.7851851851851852,0.4819277108433735
a,2,margin,138,0.7115534171479083,0.8647538841810515,0.7150304119020425,0.9501939731180689,0.3344748858447489,0.8113576385495064,0.7118861739159823,0.8160795331748433,0.954577037455647,0.6354154178156096,0.6815679733110925,0.5084281211456763
a,2,margin,153,0.723789652941534,0.8695087867205695,0.7379542275222971,0.9320829102204169,0.25861027190332325,0.8766803632120935,0.7220603813559322,0.8095887741181056,0.9574899905902323,0.6599740167709933,0.8353437876960192,0.46227638060668913
a,2,margin,168,0.7360209368373386,0.8788340602524413,0.7421688650611091,0.9388482010645536,0.2579013906447535,0.8742125984251968,0.7454276168497916,0.8325972360735148,0.9583666859882046,0.6845304552785014,0.80644111906311,0.5258631281484212
a,2,margin,183,0.7456626714131586,0.8840610697567172,0.7492441956580594,0.9577013623557562,0.24623115577889448,0.8795879587958796,0.7376110291848142,0.825665340354054,0.96057852772112,0.7110207012085676,0.8051612903225807,0.5874066769967601
a,2,margin,198,0.7750426824314363,0.8970429949362649,0.7759284091683349,0.9630191615601595,0.3630731102850062,0.8855069542430961,0.7588325652841782,0.8546284376828555,0.9650287656179298,0.7753336628769155,0.8212939698492462,0.5886675144835383
a,2,margin,213,0.7777874098989279,0.8973564386960305,0.7809714634626234,0.9583064058124278,0.40179573512906847,0.8840629781353339,0.7611874817198011,0.8609615993486815,0.9656406784690859,0.7726817042606516,0.8196511441830693,0.5757989620322316
a,2,margin,228,0.7727586344603958,0.8947341365359212,0.7760828819490395,0.9610054533726863,0.39428231089934485,0.8894469887231005,0.7458828742338084,0.8550123523945513,0.9647957858812183,0.7422779922779923,0.8159123852472218,0.5862115671136394
a,2,margin,243,0.775533563601513,0.8945924238997924,0.784427671116284,0.958923401924732,0.41926945473795657,0.8824481388848021,0.7546093220641203,0.852216862464514,0.9650901110346495,0.7490681736202958,0.8210760904170646,0.5771005172654831
a,2,margin,258,0.7770397666588941,0.897116290552393,0.7792476613425596,0.9640665060989823,0.40820980615735464,0.8766774414732099,0.7550203598649636,0.8521614631442823,0.968528827593924,0.7438614629103127,0.8062160062160062,0.6186160264710113
a,2,margin,273,0.788684078417545,0.9021829337218941,0.7870838186978366,0.9626795752654591,0.45212121212121215,0.8859263599960934,0.7764737991266376,0.8591785414920369,0.9698041222723678,0.7730307076101469,0.8261617900172117,0.59278059785674
a,2,margin,288,0.7839766461811849,0.9007063241578992,0.7830197996226188,0.9617415796268044,0.4506209343583678,0.8817193867649913,0.7771808474917735,0.8628364389233955,0.9681860465116279,0.7546864463924478,0.8156739811912226,0.5831441543700341
a,2,margin,303,0.7925041365734005,0.9005830739248853,0.7959851768986075,0.957202731154444,0.5188519977490152,0.8842975206611571,0.7677133795699299,0.8594987724093204,0.9705644524170237,0.7922128487994808,0.8113475177304964,0.5708480086697372
a,2,margin,318,0.8047715088401849,0.9041511407374166,0.8081398327848845,0.9600690358515729,0.5387283236994219,0.8937533895380367,0.7661640156992356,0.8532270470596461,0.9733447499208905,0.8053410132216259,0.8192055051610885,0.6331104994101455
a,2,margin,333,0.8110922702924527,0.9096473894290618,0.8079006893748739,0.963802673754984,0.553072625698324,0.8894487255483106,0.7795675518792629,0.8724589064072459,0.9738910672142419,0.808064070698702,0.807061790668348,0.6524630207626544
a,2,margin,348,0.8181232534632007,0.9118427937104499,0.8167176954492549,0.9613996762175974,0.5839584535487594,0.8865020046527743,0.787397522149921,0.8806828311642004,0.9736854353026594,0.8275862068965517,0.8065665169583398,0.6553306342780026
a,2,margin,363,0.8198887548890329,0.913829652424094,0.8182845897328976,0.9628865979381444,0.5652421652421652,0.8925364198762722,0.793180404639081,0.8827333139417806,0.9737609871220708,0.8307076101468625,0.8201041985902544,0.6578470965046651
a,2,margin,378,0.813957422611543,0.9116947557328616,0.8112374914858214,0.964923220827812,0.5484419263456091,0.8890762972517114,0.7869665050843752,0.877117504705566,0.9736690620763931,0.827041499330656,0.8088487303318274,0.6495320575499371
a,2,margin,393,0.8151495315328434,0.9123654448185451,0.8133140274295998,0.9625724623584796,0.5594563986409966,0.8906613822145157,0.7910420541999489,0.8822608073033205,0.9734030673019655,0.8194407456724367,0.8066229303342706,0.6508859357696567
a,2,margin,408,0.8221322300094623,0.9152613934460069,0.819375633131615,0.9644867823817038,0.5851428571428572,0.8910158369924516,0.8012383444514061,0.8874322787773393,0.9733686312758348,0.8394447354635935,0.8167522964346878,0.6403083071652869
a,2,margin,423,0.8234465409225307,0.9154364324055613,0.8198726344193052,0.9654930811000175,0.5949860724233983,0.8930392156862745,0.8012153099410871,0.8874060233996174,0.9729232826341301,0.834938646259401,0.8223205817262093,0.6386966551326413
a,2,margin,438,0.8222707043257766,0.9151859612739874,0.8207892203313978,0.9654796015827535,0.5886325267304445,0.8949327510050127,0.8019438364803205,0.8864096010667852,0.9725094203033059,0.8277119416590701,0.8141212586339217,0.6486954014703763
a,2,margin,453,0.8188076589375108,0.9142832165463971,0.8158879717809808,0.9665794713621989,0.5715935334872979,0.8918114143920596,0.7997752808988764,0.8858929873803788,0.9719664301942783,0.8263069139966274,0.8129151861578866,0.6424277125679931
a,2,margin,468,0.821987255216545,0.9143522378782948,0.8167343078822037,0.9676815718685431,0.5817757009345794,0.8945512342919585,0.7904876580373269,0.8815013640763882,0.9732035234121466,0.8261558784676354,0.8129906110512545,0.6695377548090726
a,2,margin,483,0.8242007629305382,0.9166569843901893,0.823967208572727,0.9668915372202889,0.5815126050420169,0.8907271646522686,0.8048356630147336,0.8904945478576936,0.9726023574066666,0.8345379452762003,0.8102943442749267,0.6659107016300496
a,2,margin,498,0.8249623719315321,0.9161876646346987,0.8232409105087617,0.9688415134122057,0.5962180200222469,0.8915175710976391,0.7972306162261409,0.8886898781180377,0.9728047851689484,0.8327485380116959,0.8067226890756303,0.6698877362512434
a,2,margin,513,0.8258934545506543,0.917899046763722,0.8241141856765419,0.9697206791330881,0.5887590428491931,0.9000099098206322,0.8003236121277497,0.8897470386601293,0.9742400059389035,0.8196198325136249,0.822632301357328,0.6679886685552407
a,2,margin,528,0.8274815409230987,0.917516380375335,0.8264262679046147,0.9691040366290332,0.5962596259625963,0.8993034825870647,0.796603567811794,0.8896159807129327,0.9736678338890798,0.8217821782178217,0.8214231063504208,0.6795740561471443
a,2,margin,543,0.8340784318383742,0.92053598895567,0.8325312956079219,0.9704536158775295,0.6038147138964578,0.90041556100736,0.7996902826171118,0.8902974580854516,0.9763615768852246,0.8387353878852285,0.8274173806609547,0.699519909630048
a,2,margin,558,0.832534285601477,0.9206486778709138,0.830004550519677,0.9711229946524064,0.5978687605159843,0.9019135151423836,0.8062353977555632,0.891849597913497,0.9750339011387067,0.8370232061883169,0.828640629730548,0.6831205673758866
a,2,margin,573,0.8364328080800169,0.9216102298054005,0.8337934625372808,0.9716413857314661,0.6137017846862406,0.9056755399296835,0.8022159812257146,0.8913647815133351,0.976153481145154,0.8389375899515897,0.8273764258555133,0.7008283026814545
a,2,margin,588,0.8351318003756483,0.92221491458912,0.8331387341627956,0.9721492380451918,0.5898617511520737,0.9021293611916426,0.8060627204713726,0.8942130482860302,0.9758349979096019,0.8493079808562929,0.8310975609756097,0.6955295444930193
a,2,margin,603,0.8376247288890615,0.9231544221852651,0.8372347900813906,0.9727961365450899,0.6020293122886133,0.8979816147082335,0.8115244233905413,0.8975514626218851,0.9753530620403685,0.8501877508740127,0.8323399052422437,0.698858892290565
a,2,margin,618,0.8388353987579528,0.9233031277240513,0.8357257429284211,0.9720073092025971,0.6011494252873564,0.9027812704320274,0.8131613501197189,0.8951272790189675,0.9752093771204953,0.8538149456877372,0.835362142422398,0.7009054895302773
a,2,margin,633,0.8398858326951684,0.9249142955125305,0.836021554815672,0.9726703728181005,0.5924657534246576,0.9057799688113084,0.8148859359397803,0.8967281715487522,0.9767869583391389,0.8591885441527446,0.8344512195121951,0.7060155697098373
a,2,margin,648,0.8442701095947585,0.9276900062874595,0.8395542026392563,0.9736826726404987,0.600116076610563,0.9103427480148759,0.8219062583834745,0.9000390811585393,0.9781775314898871,0.8629117959617428,0.834811869073111,0.7164429530201343
a,2,margin,663,0.8443189095327472,0.92795138119142,0.8442679399915584,0.9731257186288075,0.5926333150082463,0.9112753229779319,0.8219136389575804,0.9002967100095994,0.9784781295030912,0.8614321774943536,0.8355202929508697,0.7241948802642444
a,2,margin,678,0.8456379365674994,0.9283810760072576,0.844975912767521,0.9730446137953885,0.5998899284534948,0.9079613207074503,0.8257967188383933,0.9000548065329387,0.9788515705613863,0.8645195634815012,0.8310614182876398,0.7295614884493015
a,2,margin,693,0.8482657277893965,0.9293754814184914,0.8452859335390804,0.9737770759002554,0.6110484780157835,0.9105691056910569,0.8271841739065027,0.9015423713960213,0.9790033074436062,0.8643175374645605,0.8349395747284687,0.7320099255583127
a,2,margin,708,0.8473922059785184,0.9289129867598712,0.8424172854438555,0.9734223158880693,0.6050029086678301,0.9102455122756138,0.8259693417493237,0.9011861173839644,0.9785630065638607,0.8713324360699866,0.8352255293034673,0.7255826859045506
a,2,margin,723,0.8469928032718326,0.9292334634037857,0.8452925494019046,0.9739418763409401,0.6040723981900452,0.9101263925663187,0.8272330170206357,0.903448275862069,0.978315223958285,0.8698098044468257,0.832183908045977,0.7238043330153971
a,2,margin,738,0.8496593269955963,0.9305789703993892,0.8449129137214891,0.9742919559959429,0.6103509815585961,0.9119373776908023,0.832922732362822,0.9048760639584754,0.9785248994080641,0.8683746780534093,0.8347031963470319,0.7309520575852234
a,2,margin,753,0.8480647783098728,0.9303297969117214,0.8435007560122298,0.9746119647453397,0.5984346779048766,0.9114875701684042,0.8317375491724189,0.9039009205907677,0.978681071431892,0.8694947311537422,0.8298552932216299,0.7343792263997836
a,2,margin,768,0.8455143044839077,0.9301185143793292,0.8420828778453089,0.9736081830249083,0.5741626794258373,0.909711760570453,0.831897192096271,0.9051689948442251,0.9786822426429554,0.870518197808145,0.8318853833257125,0.7339941066166622
a,2,margin,783,0.8493073738902469,0.9302085063814083,0.8493732418563573,0.9738903901860528,0.6054535336672231,0.9131351677043583,0.8279362726935903,0.9031501117924424,0.9791598736736196,0.8618545552852123,0.8360781899338156,0.743108270075909
a,2,margin,798,0.8494173789596826,0.930898584284631,0.8516142243227759,0.9738469039492931,0.5906793935991016,0.9122418136020151,0.8302840993604046,0.9049747720633796,0.9791567756770092,0.8699946609717032,0.837518910741301,0.7460590806729368
a,2,margin,813,0.8506854253386438,0.9309488555150578,0.8515912988504388,0.9735604597162871,0.6004439511653719,0.9165706268477226,0.8298791976061177,0.9033848614072495,0.9794038847957133,0.8588677220284411,0.8480074142724745,0.7460507102084163
a,2,margin,828,0.8546183778107754,0.932904879829216,0.8554401605700458,0.9744269452674256,0.6164229471316085,0.9184377656648497,0.8373995724920764,0.9062221826597828,0.9798202728500256,0.8661082302885255,0.8489542989930287,0.7437731849496555
a,2,margin,843,0.8526027232562796,0.932995591872524,0.852895516482532,0.9746505198395701,0.5956253505328098,0.9159794072074774,0.8378646848901806,0.9073970893044195,0.9799413598920277,0.8658261446582615,0.8474523772649838,0.7486875757167856
a,2,margin,858,0.855384025360353,0.9340632104451972,0.8573437452803674,0.9760823375762656,0.609026644915715,0.9187593796898449,0.8381078789219482,0.9085967608991067,0.9802863548828252,0.8678994279632832,0.8493277700509968,0.7503696733431913
a,2,margin,873,0.854223603011993,0.9332644036289783,0.8561340566831757,0.9752088648269684,0.6148901981788967,0.9175928707319515,0.8378488264646091,0.9081362493603578,0.9798997311902968,0.86476393704988,0.8451402883273911,0.7445314609775857
a,2,margin,888,0.8556517767482199,0.9337826189832121,0.8574314361674089,0.9755223648082877,0.6216505894962486,0.9174834966993398,0.8395934600088378,0.9088035614913745,0.9800636622549841,0.8615301724137931,0.8480346641906531,0.7481840193704601
a,2,margin,903,0.8572448737403693,0.9341117308152067,0.8596915578677612,0.9748285536159601,0.6286019210245464,0.9194987468671679,0.841873762920607,0.908672637527081,0.9799024898582009,0.8649811726734804,0.848381601362862,0.7484629778134189
a,2,margin,918,0.8562497033966419,0.9339763962939145,0.8579032163182303,0.9748392236103286,0.6269292176689728,0.9181708784596871,0.8433832159624414,0.9094687912038796,0.9796643596040783,0.8632478632478633,0.8469750889679716,0.7435686918445539
a,2,class_balanced,18,0.34810982762738235,0.5012870792925292,0.42720821787890206,0.5528182757433131,0.035941387890517006,0.16731311706629054,0.43389957065521745,0.7213485137110708,0.5306505156990446,0.32968560013896125,0.31259102343439693,0.04874044430762916
a,2,class_balanced,33,0.3445457799680494,0.5663234221056305,0.3900026576673626,0.48866150442477874,0.043616406701328714,0.3205892088712347,0.35649680123538496,0.6263925695319937,0.7683246331133655,0.24706577725238538,0.19201599153389382,0.0577491270480795
a,2,class_balanced,48,0.41285521142471404,0.6523394077550031,0.43695898977810377,0.8665908734514662,0.03203277772604526,0.41820817628298057,0.3187150837988827,0.5820331087680634,0.8063880204703399,0.2274122807017544,0.38762886597938145,0.07668771564351279
a,2,class_balanced,63,0.48100799134247985,0.6797544615373503,0.5025655262445465,0.8881719273717983,0.2570873786407767,0.39240578715617314,0.3338240706661759,0.5080395956633321,0.8692941143025008,0.337063857801185,0.5914644351464435,0.1517207553339328
a,2,class_balanced,78,0.5221911677678259,0.7421912480208336,0.5260920444659001,0.9117116432762975,0.28171206225680934,0.5524247867085765,0.4787501747518524,0.6170540288187347,0.9116345595136995,0.29444827926240014,0.4809440897659122,0.17104088555615068
a,2,class_balanced,93,0.5774088375995861,0.7974837146871401,0.5894830685181971,0.9050381205501775,0.18782608695652173,0.7912036165002826,0.5759919169937434,0.7561543281711575,0.918383907004831,0.5900900900900901,0.31064062785179775,0.16135084427767354
a,2,class_balanced,108,0.5915242494939827,0.813440868354974,0.5984366705307689,0.9242361317116583,0.22244422244422243,0.8064165049921923,0.606562201132936,0.7650902444596756,0.936478765602824,0.49413281753707283,0.40668947168377045,0.1616678858814923
a,2,class_balanced,123,0.6100299510141582,0.8182316427316212,0.606732858579741,0.9247869154572679,0.27148523578669015,0.8421569064716115,0.5947576980404988,0.7770749386579024,0.9330933037338284,0.49807480748074806,0.4189028734267395,0.22993688007213706
a,2,class_balanced,138,0.6165089486207115,0.826229197663582,0.6139876349370952,0.9255637672920219,0.22055927530523828,0.8469209784893341,0.6338636527247858,0.7947266765485335,0.9323018139860404,0.4958581601511408,0.4131845315338697,0.2856016815554388
a,2,class_balanced,153,0.650613721031057,0.8376851305066607,0.648163464582127,0.9268577674751701,0.28833172613307617,0.8478349766004816,0.6329071613604078,0.8188821436047728,0.935829998094149,0.6310313434776954,0.4656470016994416,0.30820137083431814
a,2,class_balanced,168,0.6598245968745577,0.8376504657873961,0.6643587012080998,0.9332415954742657,0.29195524773574855,0.8807494145199063,0.6515675714234761,0.8140457353419313,0.9247368318642617,0.3580952380952381,0.6849150849150849,0.39911465250110667
a,2,class_balanced,183,0.6507569886507812,0.8383960237643813,0.6607449892253914,0.9306735436893204,0.2761159687068569,0.8798072380232448,0.644733887267011,0.8235391869716042,0.9316776207371217,0.22179487179487178,0.7032583397982932,0.4452122408687068
a,2,class_balanced,198,0.6506498395403459,0.8348494548979135,0.6517672298672071,0.929971346704871,0.3229107447413303,0.8775809855923649,0.6356977494402064,0.8157112091067583,0.9288000155162047,0.25985275010827197,0.6417716022579244,0.44355215239518164
a,2,class_balanced,213,0.6963998710166409,0.8533028458939849,0.692563368054157,0.9458369512783406,0.3702857142857143,0.8802008274836131,0.6377876763177431,0.8117378048780488,0.9453976662060495,0.4742268041237113,0.6935712837152708,0.5085541108612768
a,2,class_balanced,228,0.7108022691112985,0.8564685905465124,0.7156796716025466,0.9431213333851354,0.38924205378973104,0.8786564547383963,0.6543464467005076,0.8323704244446762,0.935320981336835,0.6174924326907758,0.6714406065711879,0.47522968834444246
a,2,class_balanced,243,0.7216756436277602,0.8655576707100483,0.7217735699015617,0.9496635787420771,0.4483082706766917,0.875308529116007,0.6473517073744463,0.8362392873728205,0.9526962923608212,0.6256617876051075,0.6138833444222666,0.5459679949796047
a,2,class_balanced,258,0.7465858591806218,0.876184100621912,0.7462934858840032,0.9470726736708811,0.5061349693251533,0.8835164835164835,0.7021316450005619,0.8478707141297227,0.9533645495053243,0.6944117647058824,0.6455393965704362,0.5392305362011511
a,2,class_balanced,273,0.7561338053906799,0.8861375767382661,0.7471363082093991,0.9558702388891068,0.4669098488796248,0.8860330461799181,0.7144550188543725,0.8516907038893919,0.964939538018045,0.6398996235884568,0.7023641139624166,0.6230421162547859
a,2,class_balanced,288,0.7646896889452502,0.8860058194108159,0.7604095822375956,0.9476968323993482,0.5166498486377397,0.8840334555023024,0.7318122509433297,0.846817493460603,0.9634641908341124,0.6743876464323749,0.6937769562538509,0.6235685260435907
a,2,class_balanced,303,0.7754075645736217,0.8918512494395013,0.7662513442887026,0.9549233110876947,0.560280140070035,0.8848665795857437,0.7381876785583473,0.8613025116692599,0.9643539443641955,0.7184791724909142,0.6707862774344768,0.6254884659019286
a,2,class_balanced,318,0.7937197792668518,0.8963037676787126,0.7843352729304227,0.958680582599891,0.6118721461187214,0.8959151796279642,0.7220563718838444,0.8579889330797165,0.9695593504257596,0.7264805990469707,0.7361419068736141,0.6647829437451837
a,2,class_balanced,333,0.80213877970429,0.8998003718936521,0.7926978591597309,0.9603041528563073,0.6396719630958483,0.903844328429046,0.7350290114221071,0.859187370021691,0.9704425716170636,0.7158681805594018,0.7508826990976853,0.6840187402394586
a,2,class_balanced,348,0.7964121267268357,0.8989596768701205,0.7831549809698451,0.9648217636022514,0.6511627906976745,0.9025389796975835,0.7403919295830768,0.8603122981311118,0.9690135612112205,0.7087492660011744,0.7295345104333868,0.6411840411840412
a,2,class_balanced,363,0.8052566439248409,0.9017608047676606,0.7936562490862599,0.9593131037174358,0.6601941747572816,0.9025016646057262,0.7551867219917012,0.8665193222155247,0.9688924445105955,0.7115443192202254,0.7609644959179799,0.6621935483870968
a,2,class_balanced,378,0.8172996990624992,0.9081967388226851,0.8063142814591276,0.9651718022179345,0.6468172484599589,0.9054571226080794,0.7658504591167469,0.8668862449866684,0.9720412141464773,0.8037922506183017,0.7489791950223605,0.6807017543859649
a,2,class_balanced,393,0.8111430208013082,0.9062704520715782,0.7991115714244319,0.9656876200933296,0.6457905544147844,0.9003624041041088,0.7539480010355413,0.8673140587066873,0.9731324999303951,0.7846862406447899,0.7228486646884273,0.6865171435937097
a,2,class_balanced,408,0.819063572800511,0.9091147305194254,0.8091894623809791,0.966796875,0.6490264603095357,0.9061390637572774,0.7565460874829726,0.8715083798882681,0.9729579294030335,0.8035961272475796,0.7533423755086224,0.6916588566073102
a,2,class_balanced,423,0.8197618605048466,0.9086559366266218,0.8070759309036131,0.9654199011997178,0.65,0.9078765326081771,0.751694393099199,0.8676299331464309,0.9743414237087464,0.799542791827404,0.7690861226024821,0.6922656463514621
a,2,class_balanced,438,0.8241143863683005,0.9109786873744394,0.8082784181011013,0.9688650037969507,0.6758691206543967,0.9084684513337454,0.7593335857629686,0.871948831745203,0.9744036153504223,0.8054402290622763,0.7641296156744537,0.6885710239342869
a,2,class_balanced,453,0.8254829194555522,0.9114771082813122,0.8146211143438007,0.9685944606015654,0.6656641604010025,0.9076893612946472,0.7598539035154467,0.8717413972888426,0.9746675815514716,0.7983597285067874,0.775909846665435,0.7068658352747704
a,2,class_balanced,468,0.8252252687011861,0.9101566972756815,0.8124125406305964,0.9686796074667502,0.6845084920226454,0.9066083067700652,0.7496246101721018,0.8700015073537328,0.9749125882232919,0.8,0.7658692785835374,0.7068230277185501
a,2,class_balanced,483,0.8248340123663102,0.910632051249432,0.8146353854749703,0.9686547330571407,0.6733668341708543,0.9059051948666951,0.7484748397124539,0.8687481185223412,0.9764118953167532,0.8110391439031259,0.7534795042897998,0.7174258474576272
a,2,class_balanced,498,0.8227259662757768,0.9085339042452155,0.812536306206218,0.9675187617260788,0.6731358529111338,0.9070395828395355,0.7393825419213289,0.8643973453222008,0.9759924157225047,0.8019635343618513,0.7603833865814696,0.7147202750958868
a,2,class_balanced,513,0.8248493348164304,0.9077133909403473,0.8108108707582024,0.9671949008829893,0.6987577639751553,0.9049530195004486,0.7375802702596226,0.864432791917125,0.9743885105948146,0.8142192128650021,0.7544294151266908,0.7076881282260256
a,2,class_balanced,528,0.8233365041061488,0.9069268855637549,0.8130752144474522,0.9689074645521659,0.6967871485943775,0.9011197570696526,0.7294364435838476,0.863360473723168,0.9746229617674884,0.8273490163708901,0.7374134381433651,0.7110318331503842
a,2,class_balanced,543,0.8260603055332056,0.9078172722520784,0.8149208996887658,0.9684959744856287,0.6947261663286004,0.9075646104508583,0.7347743831260315,0.8651368161844312,0.9730226854690374,0.8349304899446619,0.7553516819571865,0.7005399418524159
a,2,class_balanced,558,0.8260343709316228,0.9081738268298473,0.8198770616210838,0.9669795735914329,0.6892822025565388,0.9079493957703928,0.7374840561224489,0.8657118426678068,0.9736202545789763,0.8311793214862682,0.7582146248812915,0.7038880667294497
a,2,class_balanced,573,0.8274264962591802,0.9074286490967051,0.8208476302550495,0.966367756618491,0.6946946946946947,0.9076944958042953,0.7366006760019315,0.8635076136726653,0.9722749432473671,0.8423153692614771,0.7619585687382298,0.7014243482934694
a,2,class_balanced,588,0.8294534048611582,0.9114248419236131,0.8228838818550958,0.9699438640261968,0.6831733198585144,0.9079579508157732,0.7527783270713861,0.8699047455590835,0.9740393827493512,0.8397090517241379,0.7643122676579925,0.7032617342879872
a,2,class_balanced,603,0.8289877313739971,0.9102867805642282,0.8226674391549018,0.9660878048780488,0.6831983805668016,0.9080880604821454,0.7477751944199471,0.8690715048025613,0.9742979798918396,0.8412551304117569,0.7684346701164295,0.7026808567964434
a,2,class_balanced,618,0.8353579302781666,0.9126737010358084,0.8294938661102067,0.965525319173857,0.7083118224057822,0.9085200513771943,0.765542717912442,0.8738416447566916,0.9728452046380912,0.8580132450331126,0.7733136748986362,0.6923076923076923
a,2,class_balanced,633,0.8369554438684942,0.9135028166937136,0.8308439203975653,0.9661093009189706,0.7039337474120083,0.9096259730396811,0.7603364812316483,0.8729729729729729,0.9748043075605692,0.8546940928270043,0.776064610866373,0.7140575079872205
a,2,class_balanced,648,0.8367214951940827,0.914096449679535,0.8296505853805134,0.9652129777847187,0.6996871741397289,0.9094632566557127,0.7665667402966235,0.8736995959074886,0.9751011486769288,0.8605820105820106,0.768721251149954,0.7114593015535785
a,2,class_balanced,663,0.8367595452794288,0.9138382634495138,0.8311772596181185,0.9657059110893991,0.7052631578947368,0.9073012232415902,0.7689945673569011,0.874954082845351,0.973817222284164,0.8510583376355189,0.7693985099036889,0.714342895263509
a,2,class_balanced,678,0.8391713103167208,0.9151679873360338,0.8300266032143164,0.96593640680881,0.7056962025316456,0.910417859187178,0.7738095238095238,0.8722678789998252,0.9753596855532483,0.8610382800209754,0.7708179808400885,0.7171979750991928
a,2,class_balanced,693,0.8364310785213478,0.9124627434611692,0.8287525581447864,0.9655979862235838,0.7175170962651236,0.9099805234905706,0.7602517493452171,0.8685521243882368,0.9748645660072294,0.8381872796134257,0.7743476662991547,0.7185807150595883
a,2,class_balanced,708,0.8381068582109148,0.9145689633870228,0.8323234356377386,0.9664279845052236,0.7149557060969255,0.9093760395380887,0.7709796314258002,0.872213870187594,0.9755083093491783,0.8399948260250938,0.7715383208340955,0.7219670359362335
a,2,class_balanced,723,0.836729973238196,0.9132050214982702,0.8304500718600183,0.9693169795054665,0.7130068457082676,0.9093766369827134,0.7583169120204011,0.8646652683097361,0.9766596500338468,0.836508753861998,0.7719234275296263,0.7307952851917084
a,2,class_balanced,738,0.841039583188659,0.9160818132263862,0.837239406933417,0.9687781564617856,0.7131782945736435,0.9094031773293259,0.7697911419382338,0.8723399601950879,0.976811916819708,0.8426421831165519,0.7768294897403305,0.7395819285232637
a,2,class_balanced,753,0.8441078513542407,0.9171435676207409,0.8395568240722083,0.9699097685366811,0.7237113402061855,0.9114685247935856,0.7715312834633624,0.8701312982471574,0.977934703031314,0.8454486765655261,0.7780811942472238,0.7487538730971306
a,2,class_balanced,768,0.8404194630718552,0.914725227628519,0.8353735192075741,0.9724526529973392,0.7131537242472267,0.909846242001719,0.752988361119849,0.8646129165131051,0.9780719670243975,0.8460460970329811,0.7771699489423778,0.7494332577677023
a,2,class_balanced,783,0.8411261897580649,0.9158895933192994,0.8353113168992188,0.9729125833006664,0.7151071615263983,0.9121430962743317,0.7569425241951412,0.8675745784695201,0.9785112632856733,0.8412698412698413,0.7768836869056328,0.7487909725953789
a,2,class_balanced,798,0.8430139738226524,0.9182520831518205,0.8331545575544919,0.9737651599757049,0.7104413347685683,0.9108325787542296,0.7666405023547881,0.87414355804353,0.9787525829557353,0.8545785639958376,0.7705675725642448,0.7474039109912339
a,2,class_balanced,813,0.8442530957772102,0.9181144282495632,0.835748758680176,0.9742624718220131,0.7132196162046909,0.9112753277711562,0.7652491075585908,0.8709417878965795,0.9789683459239005,0.8574417996337954,0.7766171889316474,0.7503022162525185
a,2,class_balanced,828,0.8440838884810485,0.9180106219941386,0.835456939425071,0.9740885927087417,0.7206040992448759,0.910321166491947,0.7639311043566362,0.8704771436652814,0.9797956404531853,0.856959753909254,0.7733872449917295,0.7471902505077861
a,2,class_balanced,843,0.8467772272994623,0.9184357977371513,0.8394683703915092,0.9739638473905031,0.7298020331728197,0.9112544802867384,0.7645300306712738,0.8703493944410561,0.9795706499573616,0.8629677419354839,0.7774534841298796,0.7511033837100441
a,2,class_balanced,858,0.843867606119045,0.9157765465639275,0.8378479668910663,0.9739580271588972,0.732409381663113,0.9128979825987188,0.7544901007161184,0.8623232944068838,0.979218080270165,0.8525226390685641,0.7802657928272346,0.7467231563617106
a,2,class_balanced,873,0.8446919905878238,0.9170726737767582,0.8390874556739129,0.9743861300698203,0.7230352303523035,0.9129292639824235,0.7581699346405228,0.8640650763988128,0.9799920153750452,0.8598897577233688,0.7741817516913513,0.7555787550567663
a,2,class_balanced,888,0.8458935132858801,0.9177028127184452,0.8384761063921463,0.9730833415136939,0.7234273318872018,0.9133617184136248,0.7604662871306301,0.8684989981705723,0.9794430999471474,0.8619572261827608,0.7791689348575576,0.753634681469733
a,2,class_balanced,903,0.8473856754608113,0.9188007132011408,0.8387746562692766,0.974108700339076,0.7190764156129742,0.913757601877125,0.7629098839473479,0.8705071820092294,0.9795406865566344,0.8651053251341096,0.7835982658959537,0.7578670177748519
a,2,class_balanced,918,0.8510297631261802,0.9202550648223947,0.8423061447674223,0.975065565428426,0.7288597926895799,0.9150970456066545,0.7673827673827673,0.8706958510290754,0.9800343754354996,0.8700475435816165,0.7842066957787481,0.7678782312032542
a,2,quota,18,0.34810982762738235,0.5012870792925292,0.42720821787890206,0.5528182757433131,0.035941387890517006,0.16731311706629054,0.43389957065521745,0.7213485137110708,0.5306505156990446,0.32968560013896125,0.31259102343439693,0.04874044430762916
a,2,quota,33,0.36969045445359794,0.5220896595953662,0.43817473777305194,0.21399886961953773,0.10380116959064327,0.3082327783717733,0.4237599510104103,0.6480912681000439,0.7384812091876342,0.2762474267228703,0.47137917787168654,0.14322223960778177
a,2,quota,48,0.44567658073141003,0.6531280971796215,0.5111027255184352,0.753656691324815,0.0849740932642487,0.36339963184124274,0.48498863067021236,0.632250845561122,0.7952665758670378,0.30440184593539227,0.47804972804972806,0.11410118406889128
a,2,quota,63,0.421553064745096,0.6347226773698241,0.47069568947424073,0.7756210437742632,0.062448912865783884,0.3137679507636198,0.468301214139172,0.5625088770843394,0.7845855126859224,0.29433253313850327,0.41979801655900284,0.11261352169525732
a,2,quota,78,0.45208660068008427,0.6898127412521801,0.48906865254065196,0.8598869609896842,0.08203607610575735,0.37719759359850474,0.5281814713329402,0.6424248973416901,0.8306526078812448,0.1806949806949807,0.47295621482400074,0.09474860335195531
a,2,quota,93,0.5296884044325406,0.75644309884402,0.5439316133228228,0.9295494530712155,0.11656087709174841,0.435667107001321,0.5994736329076908,0.7159797872070288,0.8875540435183217,0.16999132697311362,0.7185896592553611,0.1938297528670651
a,2,quota,108,0.5123413372652988,0.7401687069700241,0.5111069884470945,0.9242903424868868,0.06598407281001138,0.4794087923193532,0.5458594579778668,0.7017388588088297,0.862317587661664,0.21512323522373775,0.5988023952095808,0.21754729288975863
a,2,quota,123,0.5408745185008538,0.7361439695916024,0.5558510474895162,0.8442428170231151,0.19276094276094277,0.5844162360142492,0.5765816987270602,0.6768613557025999,0.8636376216615157,0.2283464566929134,0.6261308023135103,0.2748927356117769
a,2,quota,138,0.5387342260097827,0.7393753297974048,0.5502575353160679,0.8780334810052143,0.18873826903023982,0.5009827892037011,0.6035670721656282,0.6902202550321425,0.8599768892997458,0.18302583025830257,0.6516090935931503,0.2924543544999192
a,2,quota,153,0.5634484727747862,0.7708925272914973,0.5692395997546796,0.9073425580646993,0.18845872899926955,0.5867011745968544,0.629081866370002,0.7132762146351564,0.8909268036794874,0.20753991152144644,0.5940112479100167,0.3536977491961415
a,2,quota,168,0.5890267250243113,0.7791363332510368,0.5889287206973278,0.8826645626690712,0.1712779973649539,0.6003088121760229,0.6389859009183806,0.7630327152703621,0.885008896797153,0.2881792428534638,0.6544891640866873,0.41729323308270677
a,2,quota,183,0.5784399092877618,0.7802855441481513,0.5852920819419032,0.9100505417855611,0.16205211726384364,0.5365390323538142,0.6347588595790035,0.7502186376445438,0.8964644380244875,0.27336999214454044,0.6392747477701418,0.4032308170239205
a,2,quota,198,0.5792464807941667,0.7819969541969622,0.5915118988898683,0.8785504597857573,0.16881998277347116,0.5681351289659895,0.6390579518391108,0.7518661706421572,0.9069649959126689,0.2940077239317304,0.5185762535723565,0.4872396597242593
a,2,quota,213,0.6083888673694828,0.8159149131876751,0.6099502056595899,0.9357150941260799,0.22454915648632925,0.7267236525566874,0.6416211293260473,0.7482067588552835,0.9377043650979547,0.28777830412126953,0.4782608695652174,0.4949404761904762
a,2,quota,228,0.5948368871963727,0.7999720380432253,0.5912548604265618,0.9559802114657096,0.24376731301939059,0.577841397079874,0.6221805647940981,0.7087757090834488,0.9337027652709674,0.2231833910034602,0.5064860190256558,0.5816146140247496
a,2,quota,243,0.6018043568851215,0.8071964117789157,0.5960876783666013,0.9609827434922492,0.2244467860906217,0.5781852154618708,0.6275938735177866,0.7411826901291443,0.9327299280601482,0.26981450252951095,0.5196533580934695,0.5616501145912911
a,2,quota,258,0.6013365247236986,0.806740804277093,0.6030099851616177,0.9524422847998751,0.21916552040348464,0.6001490056736776,0.6320487074049281,0.7269105670557979,0.936526097853329,0.2859730555870033,0.5116918844566712,0.547121599278521
a,2,quota,273,0.6046351639081116,0.8056264357821716,0.6074390292163199,0.9525633010315724,0.23529411764705882,0.5470147891181304,0.6356030377139915,0.7378160086019354,0.9346160087996105,0.31511401397960354,0.5303637713437268,0.5533314269373749
a,2,quota,288,0.6214460439113002,0.8138281666715194,0.6211960137898617,0.9497219783435762,0.2602965403624382,0.6066339640270965,0.6279985007496252,0.7569335169158143,0.9362629380788088,0.3091367713004484,0.5940393518518519,0.5519908335720424
a,2,quota,303,0.6201364903581267,0.8105948750339436,0.6253124405870065,0.9521889739123628,0.2562733582487987,0.6082031715750567,0.6370008563544673,0.7291008766389612,0.9354266582209755,0.2882508935777701,0.6109785202863962,0.5638051044083526
a,2,quota,318,0.614108438089211,0.8120308451066157,0.6104505980084377,0.9551416375630578,0.2401635155850792,0.597029058412736,0.6377620603254147,0.747937717824637,0.9348206080046132,0.31964669372165194,0.5632640586797066,0.5312105926860026
a,2,quota,333,0.6059419769308755,0.8091864671821368,0.5997641398280557,0.954566581454799,0.24353819643882826,0.5807327001356852,0.6303771407180959,0.7417537005034187,0.938190024825096,0.31078702539602715,0.5233363444745559,0.5301960784313725
a,2,quota,348,0.6171199031961775,0.8141453763198039,0.6104644062942225,0.954711739734335,0.2751677852348993,0.5740340211609283,0.632697189057065,0.7637797227938806,0.9381159133082314,0.33262767928023285,0.5167652859960552,0.5661797921999698
a,2,quota,363,0.6338800498932728,0.821779634161647,0.622782669400974,0.9608758215688562,0.2865264354747015,0.5833770167161745,0.6442298678166307,0.7720042417815483,0.9391478173173894,0.4231675211306637,0.5279949953081013,0.5675967319253893
a,2,quota,378,0.6440760983032675,0.830225272436433,0.6340920135291204,0.9608027226851309,0.306832298136646,0.6350299063311139,0.6419400855920114,0.7699442498396566,0.9504366832028877,0.42512491077801573,0.49585553582001185,0.610718492343934
a,2,quota,393,0.6479184796410608,0.8261956776239803,0.6239973612348929,0.9625382559175609,0.3284717818642993,0.6740925885677027,0.6445126534703082,0.7521044920662512,0.9398706236373138,0.3637538779731127,0.5894405043341213,0.5764815389388768
a,2,quota,408,0.6799004173881469,0.8411198631969374,0.6599550458713428,0.961283571677712,0.3257287705956908,0.7237907638432918,0.6488453118737089,0.7698202763837729,0.9472786801984419,0.4641638225255973,0.6877779754492084,0.5904145839458983
a,2,quota,423,0.6896219175164271,0.8510021880953361,0.6678691375681653,0.9606672758734665,0.3367277664630007,0.7907779809059516,0.6539809714571858,0.773751417443179,0.9569712108228344,0.48323605266730013,0.6623046165030898,0.5881799655118357
a,2,quota,438,0.6935433430359885,0.8499546790764562,0.6770531557857287,0.9630602274702146,0.3418467583497053,0.8108135836667693,0.6435088151892492,0.7484897301651229,0.9603798267360698,0.4734736026849103,0.7162068965517241,0.5841106465101319
a,2,quota,453,0.6964088909493116,0.8530528458875335,0.6825898615180133,0.9618755899747635,0.3510711817553559,0.8528814231207571,0.6436303589994495,0.738150539830011,0.9661552096604442,0.4217569074464131,0.7101115636621215,0.6220472440944882
a,2,quota,468,0.699535111976045,0.8573433947351168,0.6903462765485562,0.9616928836045542,0.3292517006802721,0.859023859023859,0.6438220961075812,0.7508504901343145,0.9691158249033713,0.4491634491634492,0.7083829280734569,0.6245127760935469
a,2,quota,483,0.7021287893932775,0.8574347766934339,0.6951001939041901,0.9682453416149068,0.34449093444909346,0.8635292938405252,0.6374368648451287,0.7432786468269108,0.9697603018421247,0.384322978109844,0.7444713478611784,0.663623395149786
a,2,quota,498,0.7089964581249331,0.8639096096212693,0.6999445972790047,0.9672807578311152,0.33633217993079584,0.843171534348005,0.6516588434396654,0.786636034803011,0.9666537845746149,0.4624479376595459,0.7421011673151751,0.6246858832224685
a,2,quota,513,0.7154757209300278,0.8670004310007375,0.7061689800383926,0.9668735453840186,0.3462350457424349,0.8519100461553569,0.6529572801935443,0.7945569681442451,0.967148098267775,0.4552704074235175,0.7415474642392718,0.662782632820086
a,2,quota,528,0.7095285039685372,0.8651479647769392,0.6959651140207591,0.9664868209858637,0.3463203463203463,0.8754088897440832,0.6473290127729189,0.7837737986749095,0.9680833286915835,0.42810188989317993,0.7276945039257673,0.6425579447081821
a,2,quota,543,0.7073518022438374,0.866046903631066,0.696553304680402,0.9622545766813693,0.3484521238300936,0.8735543562066307,0.6543886385006972,0.8038498556304139,0.9654294843215931,0.43160927424886814,0.7239687443212793,0.6026591664535924
a,2,quota,558,0.712213269218987,0.8686499905579139,0.7061206952979512,0.9605715178013742,0.340622929092114,0.8771155966821691,0.6526294647340408,0.8030856678846935,0.9696665271382726,0.4437476483130566,0.7218591140159768,0.640620957309185
a,2,quota,573,0.7259056136340324,0.8712651786358607,0.7222444656084828,0.9604609963595304,0.3991825613079019,0.8847675804529201,0.6620250254523958,0.7939499371798588,0.9712345933005405,0.5049063336306869,0.7215189873417721,0.6351045076806849
a,2,quota,588,0.7300660022317164,0.8725526760924684,0.7306488629609579,0.9607000546917728,0.4206896551724138,0.8938196362251214,0.6665343652841172,0.7902138880750074,0.9727355318491322,0.46514339006761485,0.7434759453222084,0.6572815533980583
a,2,quota,603,0.7264619789424449,0.8700768962793315,0.7248022885207998,0.963604988626559,0.4350132625994695,0.8895952934478342,0.6581976463001773,0.7805637212519454,0.9732506444502559,0.4410942249240122,0.7178649237472767,0.6789731051344743
a,2,quota,618,0.7313453892346043,0.8750981163912619,0.729903262208625,0.9653255017131669,0.4219931271477663,0.8886655179015891,0.6751326886132005,0.7945918091919614,0.9738680514046623,0.46410564225690276,0.7237451050195799,0.6746810598626104
a,2,quota,633,0.7492062343560214,0.8770712743085506,0.7442670828034877,0.9638700338412786,0.5388471177944862,0.8867762277852093,0.6737605007412288,0.7965083764923286,0.973979287736552,0.5135796427697578,0.7161078717201166,0.6794270503232349
a,2,quota,648,0.7491004716125692,0.8815387099449564,0.7448489115740903,0.9632842205323194,0.5032010243277849,0.8912153802227086,0.6741263440860215,0.8234910125195253,0.9742482853992637,0.5064584811923349,0.726475424812717,0.6794040714204481
a,2,quota,663,0.7524390982020973,0.881224540304001,0.7619393891647005,0.9648563565446374,0.5298416565164433,0.8879924062648316,0.6694073067848717,0.8187410820799513,0.9746484155259704,0.5647668393782384,0.7075229357798165,0.6541748849441157
a,2,quota,678,0.7546496512295432,0.8839350915368789,0.7554213350842325,0.9676328977105237,0.48930817610062893,0.8875897143400352,0.6636018099547512,0.8297877150543712,0.9742169828144505,0.610683102208526,0.7066521264994547,0.6623743363831469
a,2,quota,693,0.7575348072862688,0.8833411858111411,0.7577597347030859,0.965809968847352,0.48179271708683474,0.8909376039538088,0.6670301213029849,0.8195226352766016,0.973862354268522,0.6149304091100801,0.7211361121357432,0.6827913435944913
a,2,quota,708,0.7634339915335788,0.8868623115346876,0.763943444359628,0.9660281964025279,0.49227110582639716,0.8925013109596225,0.6784743044418102,0.8307352738308732,0.9735303257154156,0.6214353290985268,0.7296759007785624,0.6862541767484733
a,2,quota,723,0.7711337961552598,0.8922985401824327,0.7717273837325132,0.9654415368029011,0.4785923753665689,0.8903584435499329,0.6904131745331569,0.8434251994903775,0.97581392735751,0.6866614048934491,0.7273695420660277,0.6821285613374146
a,2,quota,738,0.7817859699622631,0.8975218107440283,0.7790415536306109,0.9681513737283005,0.4976303317535545,0.8908664657193436,0.7039573820395738,0.8523419357665513,0.9765548224062894,0.7287513116474291,0.7211936005752292,0.6966265060240964
a,2,quota,753,0.7877841329912167,0.9000015003330577,0.7865911935397784,0.96849379245725,0.5187388459250446,0.8892609423582875,0.7186584425597533,0.8563452772991953,0.9760343276870035,0.7539468617635734,0.719816156973661,0.6887625498971816
a,2,quota,768,0.7893177023500508,0.897834527488123,0.7920664435606108,0.9674676236542362,0.5549263873159683,0.891787581220382,0.7147870762328594,0.8469229559395152,0.9761607904530668,0.6963628933387822,0.7576859504132232,0.6977580625824241
a,2,quota,783,0.7935286818185295,0.9012090467963941,0.7944106008578645,0.968843829206473,0.547105561861521,0.8906523855890944,0.7207373954245947,0.855097594593393,0.977294202396879,0.7231200747963136,0.7497101209209872,0.7091969715775103
a,2,quota,798,0.7883075610170187,0.8977900822422088,0.797294299485567,0.9667702045361308,0.5509977827050998,0.8834903321764997,0.715953586952617,0.8492616201256721,0.9766434851069413,0.7033461182383283,0.7492153170119272,0.6990896022999521
a,2,quota,813,0.7926515038924339,0.902066654655792,0.794467016041005,0.9669026135656503,0.5050125313283208,0.8947368421052632,0.7285240887076218,0.8565415957732605,0.9765533301407552,0.7216330858960763,0.7756813417190775,0.708278105795879
a,2,quota,828,0.7967920496604184,0.9035161922949082,0.7969256620335997,0.9683243832204841,0.5346784363177806,0.8930447160457469,0.7334875353379594,0.8573655147844674,0.9774249845183809,0.7290116896918172,0.7623953638119768,0.7153958232151529
a,2,quota,843,0.7990912310022886,0.904283255969481,0.8009114919104989,0.9692442369419317,0.5363748458692972,0.8941072654181782,0.7321880309609212,0.8589286500286104,0.9772731537956273,0.7364331045201399,0.7663247028171307,0.7209470886687606
a,2,quota,858,0.7937315253374994,0.9036627660783454,0.7915155086696186,0.9702797202797203,0.48509485094850946,0.8914667715296893,0.7261410788381742,0.8585670871684995,0.9774544771916651,0.7484467944481163,0.7600385480244137,0.7260943996087063
a,2,quota,873,0.8020810793062279,0.9061039427801533,0.7965299005711697,0.9700122280235244,0.5378040762656148,0.8918407911960052,0.7406691449814127,0.8618387715085153,0.9772407188327418,0.760048070503405,0.7537688442211056,0.7255070682237247
a,2,quota,888,0.7990708528831532,0.9057677936817362,0.793362735179472,0.9699092997002609,0.5102880658436214,0.89279968800273,0.7382059294261109,0.8640476811972505,0.9764783056883142,0.7653382275825904,0.7565332451207409,0.7180372333867587
a,2,quota,903,0.8075991406520403,0.906434335710908,0.8033422306189936,0.9703066436214631,0.5676913015042512,0.8956475118194668,0.7369213965575685,0.8584767123287671,0.9776901778591206,0.758421052631579,0.7680157946692991,0.7352216748768473
a,2,quota,918,0.8103923650011129,0.9084801027441665,0.8062200285811042,0.970682261208577,0.5751128304319794,0.8910035442054668,0.7453068932955619,0.8652448103705002,0.9778398545154577,0.7860618014464168,0.7554302769026695,0.7268490126333865
a,2,prototype,18,0.34810982762738235,0.5012870792925292,0.42720821787890206,0.5528182757433131,0.035941387890517006,0.16731311706629054,0.43389957065521745,0.7213485137110708,0.5306505156990446,0.32968560013896125,0.31259102343439693,0.04874044430762916
a,2,prototype,33,0.3690066804210997,0.4745575035652239,0.4627946543986636,0.3359288097886541,0.04734816797724611,0.37870956985661886,0.4388059701492537,0.6529284716046245,0.5383255103154677,0.3810882122227769,0.496551724137931,0.0513736877373241
a,2,prototype,48,0.3586999338411274,0.43575527866830416,0.4243477416884991,0.41376649432826607,0.02354747888405426,0.6138337901240303,0.43011278540208453,0.4811332127787824,0.4360412820148653,0.3523035230352303,0.42810838843510957,0.04945244956772334
a,2,prototype,63,0.446818330933648,0.6419283183784894,0.49433497548489147,0.8275472172201516,0.06840916424653114,0.5482983702122419,0.4349547704386414,0.5313982696064751,0.7524544786125168,0.3522677234698371,0.4323441328614212,0.07369085173501577
a,2,prototype,78,0.44941661266970306,0.6552977512025586,0.4952452933806771,0.7405026818564653,0.10902725681420355,0.47958397534668723,0.5062414955924984,0.4263438535812077,0.8577211312291451,0.5584058130573599,0.2821140422445835,0.08480926430517712
a,2,prototype,93,0.5448046955133978,0.7533162502290952,0.5647662030070308,0.8968795122733836,0.15653896961690886,0.6060857825319348,0.45579768238466584,0.6687722965757005,0.9047298403974595,0.6769683590875644,0.4853024307518372,0.052167386001125915
a,2,prototype,108,0.5799877638432394,0.7873775986741988,0.5886418650483649,0.8562443276557125,0.23046566692975531,0.7031150667514304,0.5777690494893951,0.8036279265977642,0.9113565303249164,0.4992357077346377,0.5756518850689254,0.06242371403661726
a,2,prototype,123,0.6262556289886624,0.8263909880134243,0.6256343942844245,0.9467540805011381,0.3097573567372225,0.7472294395248953,0.6467315217001113,0.781318999933091,0.9412444580891581,0.49454545454545457,0.6375227686703097,0.1311965811965812
a,2,prototype,138,0.6151276535567114,0.8153247887662893,0.6014853036020377,0.9471714296853678,0.2964244521337947,0.8144137048341046,0.5452485580884372,0.7310732949216133,0.9473665009804368,0.3885112168592794,0.6167444963308872,0.24919522817648174
a,2,prototype,153,0.6365521311931245,0.8257367943889524,0.623683919990032,0.947289561642783,0.2718243596445374,0.7745301656451041,0.5963506898086337,0.7872394217288378,0.9357246887909793,0.3845712646974477,0.7000720980533526,0.3313669307264453
a,2,prototype,168,0.6451614242376397,0.8346959253050644,0.6252142439888456,0.9500479202606862,0.24125696908261532,0.7812764264040193,0.6201760882086728,0.7904622514940847,0.9441045146353564,0.37787567302985803,0.6724648408586232,0.42878813416484074
a,2,prototype,183,0.6687674171739041,0.8413585095581386,0.6556051977690077,0.9494828650818153,0.5104651162790698,0.8009766840618566,0.6321539214087722,0.7943273938926024,0.9539435112372621,0.3526536312849162,0.5949855351976856,0.42991809612115595
a,2,prototype,198,0.676913834481679,0.8464221468746375,0.6541871956058211,0.9447273292649745,0.4662337662337662,0.8453455538582604,0.6344218021114657,0.794189453125,0.9570196325498226,0.3230466185160867,0.6682647980822423,0.45897555659349215
a,2,prototype,213,0.6812749062950552,0.8458055577397869,0.6614328361191533,0.9346656719934038,0.5,0.82935677410353,0.6635432803113311,0.7867149047158302,0.95646516469626,0.3700455980357769,0.6095877634769633,0.4810949993224014
a,2,prototype,228,0.6872182555600869,0.845712265922487,0.674058844725855,0.939153177071982,0.5146417445482866,0.8267029461437417,0.6383783131560954,0.7897349634856815,0.9556865516215413,0.36493441806408766,0.6277720914363698,0.5279600945129955
a,2,prototype,243,0.7161364575467054,0.8587985442294209,0.7001171550818269,0.9511258199869984,0.5522565320665083,0.8594986807387863,0.6703955253695565,0.7876881697106416,0.9591024114319738,0.4887180344308875,0.6535047998550987,0.5229381443298969
a,2,prototype,258,0.6984272917498063,0.8600154698508864,0.688065410400299,0.9530779833433636,0.5178032589016295,0.8434280211844005,0.6890918170792609,0.8137448684810704,0.9599603066870126,0.3507382066978754,0.616643929058663,0.5413572343149808
a,2,prototype,273,0.69344854781966,0.8520022503176358,0.6807873505174344,0.9615324836804476,0.5113350125944585,0.836501540649443,0.6510805092094766,0.7646142709864222,0.9637256187817353,0.3373219373219373,0.6104939326610835,0.6044316244919365
a,2,prototype,288,0.7489992422476948,0.8808080291632543,0.7341437735305761,0.9581920027910763,0.5548387096774193,0.8449578820697954,0.7167185497161692,0.8340573033214865,0.9685766753358129,0.637832984136486,0.5983734210070947,0.627445652173913
a,2,prototype,303,0.772038334862774,0.8924671012674952,0.7660348730561478,0.9603217572898136,0.5316455696202531,0.8500558225328868,0.7343127122397756,0.856061617915498,0.9706077141924351,0.7772537393882226,0.6190476190476191,0.6490384615384616
a,2,prototype,318,0.758688916487551,0.8810135981439425,0.7585157942977206,0.9582339368816237,0.5720746184284907,0.8103103103103103,0.6972889872136188,0.8351047544066833,0.9710064980599318,0.7648476257973069,0.5738867924528301,0.6454467248371636
a,2,prototype,333,0.7859615456314608,0.8912226495739946,0.7955787102673212,0.9667751427402226,0.5553021664766249,0.8395476772616137,0.7054805154479118,0.8480804940190871,0.9681591946535192,0.8128256513026052,0.7214345287739783,0.6560485400075844
a,2,prototype,348,0.7946818715872946,0.8956547063373598,0.8006657154403288,0.9675211669697503,0.5663082437275986,0.8590819968830125,0.732222703014568,0.846554667145809,0.9677624681743298,0.8120403159901934,0.7491819604495661,0.6514633219308248
a,2,prototype,363,0.790478222307183,0.8939315849942469,0.7983637813860712,0.9655199374511337,0.580936266215454,0.8250780437044745,0.7295127870076535,0.8543440850725853,0.9690879117808678,0.8080205934155263,0.7130600571973308,0.6687443189196208
a,2,prototype,378,0.790135885069435,0.8901373540192579,0.7952978973718827,0.965710259521666,0.6001128031584885,0.8062506489461115,0.7193351970283001,0.8512854030501089,0.9656222721616552,0.8174869250368781,0.7178770949720671,0.6675423617496388
a,2,prototype,393,0.7968221213403116,0.8978392614995874,0.7956917493635571,0.9660206591244467,0.5628019323671497,0.8603710282218275,0.7266871395401093,0.8518583604252702,0.9715668481548699,0.8136738278610999,0.738119911176906,0.6802993851911253
a,2,prototype,408,0.7912754877794947,0.8924531759071759,0.788706831853711,0.9677495569994093,0.5678719620628334,0.8622678396871946,0.7066094293538598,0.8360851666592891,0.9695210989889971,0.8195478543387031,0.7295270166845247,0.6622994652406418
a,2,prototype,423,0.8074243394135183,0.9014859357927469,0.807559219432351,0.9677051821003418,0.616366802089379,0.8623083454027868,0.7477114096313704,0.8483878344386006,0.9733024820421324,0.8313500205170291,0.7346041055718475,0.6850828729281768
a,2,prototype,438,0.8222491310166977,0.9073250953912153,0.8166637249812813,0.9674303551445904,0.6073805202661827,0.9002100327260294,0.7525354252800452,0.8527794191173128,0.972814721873693,0.8400274160383825,0.8183100799498354,0.6887542087542088
a,2,prototype,453,0.8227523802601105,0.9085405110218514,0.8221894312493989,0.9677873613800387,0.6126327557294577,0.8947649832304476,0.7586355321209513,0.860893690930007,0.9722654974579038,0.8352132049518569,0.8074807480748075,0.6950976484655241
a,2,prototype,468,0.8245915150435731,0.9092954208025354,0.8244418197005747,0.9699220054615822,0.6061293984108967,0.8991913746630728,0.7540047007774363,0.8566686851017067,0.9738216969798564,0.8415555860931703,0.8154372860255213,0.7045929018789144
a,2,prototype,483,0.8242200462501796,0.9082999530543654,0.8185509499351489,0.9685551852577926,0.6059907834101382,0.909331763320577,0.7514910536779325,0.8515477517228831,0.9734345351043643,0.8234612599565532,0.8390136642060625,0.6951544195953142
a,2,prototype,498,0.8244613621357222,0.9091818780984914,0.8156784532769563,0.9670036313671606,0.6264501160092807,0.9105291603203459,0.7593605384938998,0.8551488974766992,0.974283887349526,0.8236804564907275,0.8291280740977324,0.6745674976161286
a,2,prototype,513,0.8306565463721723,0.911809606037502,0.8243097760217246,0.9680663026827449,0.6390598768886402,0.9119976242328252,0.7613677700982175,0.8642646927673237,0.973769187353695,0.845766974015088,0.8399435648220724,0.6716729244889446
a,2,prototype,528,0.8267715091412996,0.909884846514364,0.8153113248410652,0.9685779455718107,0.6349206349206349,0.9137411261305066,0.7526581462785952,0.8577196563558467,0.9744481976771089,0.8258138206739006,0.8304326205867727,0.6826314340765208
a,2,prototype,543,0.83372113666301,0.9148923789725588,0.8239037810123564,0.9693731214270279,0.6389668725435149,0.9154558751828377,0.766897266101883,0.870771133292112,0.9753608829711387,0.852207828388355,0.8264050548719654,0.6880521951882561
a,2,prototype,558,0.8362500642685619,0.9161187279779742,0.8224480608250975,0.9721548689870942,0.6636415201361316,0.9158624702972697,0.7663572060123784,0.8706797489613719,0.9770071267712668,0.8418833450456782,0.811827038113143,0.7068372540927225
a,2,prototype,573,0.8368142115143322,0.9168602513785018,0.8260900838393515,0.9715538675385188,0.6541019955654102,0.9141970218751516,0.7726751285941605,0.8766143453208822,0.9752412380307932,0.8524636058230683,0.8171140939597316,0.697366606921274
a,2,prototype,588,0.8342221868169439,0.9131569138568472,0.8249112009201168,0.9711466938104373,0.6502793296089385,0.9096373860771767,0.7567607182117992,0.8642865087309531,0.9752492233504891,0.8495428096425602,0.8237630316068179,0.7073339803133232
a,2,prototype,603,0.8386616379030009,0.9154143082408269,0.8265689690006846,0.9719578584576822,0.677564825253664,0.9138251099169517,0.7687327222464717,0.8681006946771204,0.9752901604199009,0.8557572398503533,0.8267936299458217,0.6899325003590406
a,2,prototype,618,0.8387021933986873,0.9144316665964599,0.8328458817326333,0.9719714033885026,0.6742424242424242,0.9116652785262849,0.7705557703800049,0.8593284778525949,0.9753944385323647,0.8642818132168214,0.8222403924775143,0.698639741971673
a,2,prototype,633,0.839423629787701,0.9162763168573711,0.8281589674564853,0.971184882333379,0.6704161979752531,0.9047501359300084,0.7815380184331797,0.8704651529841492,0.9744966690656776,0.8706873132301005,0.8111312366211099,0.7001430615164521
a,2,prototype,648,0.8414408221383761,0.9176022862709572,0.8344134286665061,0.97268743152293,0.6826014452473597,0.9048942718157451,0.7829235070614381,0.8722468956766065,0.9756863904778627,0.8748651564185544,0.8028962188254224,0.704166082199467
a,2,prototype,663,0.8465305910522044,0.9194237507682788,0.8420471654351656,0.9725938840676239,0.6828169014084507,0.9125437774379717,0.7840550616575853,0.8722227260360932,0.9763389836791815,0.8775127311712677,0.8192461908580594,0.7214450631536059
a,2,prototype,678,0.8405097110823414,0.9180830088083582,0.8389300631550852,0.9739218829417055,0.6578947368421053,0.9058864300212882,0.7807299478608671,0.8694959970887919,0.9770152272959255,0.8735262593783494,0.8025396825396826,0.7235772357723578
a,2,prototype,693,0.8409652959415062,0.9187862888402849,0.8429051287174318,0.9734921845961226,0.6644986449864498,0.8982367758186398,0.7860086729025553,0.8728867478640248,0.9776525438653406,0.874749899959984,0.7898474089741653,0.7313147845062739
a,2,prototype,708,0.8384139873478753,0.9176360331699319,0.8393639570628825,0.9731294246489616,0.6564383561643835,0.8970156803237228,0.7813558101001369,0.8701719411911288,0.9779272144570724,0.8714399787064147,0.7838938320012064,0.7343536485378519
a,2,prototype,723,0.8302696838955324,0.9152017375359941,0.8355384213517163,0.9713825861662871,0.6594477531131565,0.8706506475269152,0.7855094558786163,0.877052318641472,0.9769923616120143,0.8643863179074447,0.7377963737796374,0.7292093404342482
a,2,prototype,738,0.8485532908762534,0.9243418377304851,0.8448590589348617,0.972838441639884,0.6459227467811158,0.9189135996851013,0.7955101133585241,0.8870641119789928,0.9779312387758503,0.8688304721030042,0.8319818358741485,0.7379870576896599
a,2,prototype,753,0.8286814773350994,0.9166874320117249,0.8404759435430346,0.9723665888721097,0.6534351145038167,0.8550655919076972,0.7936400794990063,0.8859128967064206,0.9780187247899937,0.8679989481987904,0.7097554420854609,0.7419399094525998
a,2,prototype,768,0.8319649131831061,0.9189200780046433,0.8421257468327082,0.9726110534661995,0.6573354069466044,0.8543116171199663,0.8083103511674941,0.8907393275575706,0.977349272734002,0.8770816812053925,0.7083445130131473,0.7416009954375777
a,2,prototype,783,0.8298342072259991,0.9170440342041555,0.8399585838430432,0.9726000548782878,0.6565603763721902,0.8528560147407213,0.7989037849048218,0.8866094574059176,0.9772077399294856,0.8791990515083652,0.7077582741524856,0.736813111141716
a,2,prototype,798,0.8307630561598535,0.9166658831931481,0.8416468195326453,0.9730089708935636,0.672566371681416,0.8501716398204383,0.7977330895795247,0.8837565280028813,0.9778477204350845,0.8768355602592935,0.7053642914331465,0.7395833333333334
a,2,prototype,813,0.8306163067438386,0.917601718849088,0.8415970777630088,0.9743248792506698,0.6572769953051644,0.8496442687747036,0.7990266563433248,0.8858134587392229,0.9781691772885284,0.8760264900662251,0.707441113490364,0.7478237214363439
a,2,prototype,828,0.8331186325649588,0.9177126428015463,0.8415941263896285,0.9738273150502719,0.6724795640326976,0.8544561255216863,0.7999708252798949,0.8829523423057848,0.9780794769450181,0.8825222396650968,0.7083277457422555,0.7454520585419231
a,2,prototype,843,0.8479682578963843,0.9242141031148081,0.8404111883432294,0.9735435229609322,0.67,0.9091175751649964,0.8039130748682406,0.8840409160858151,0.9788336293664891,0.8793126239259749,0.784366576819407,0.7485864018756033
a,2,prototype,858,0.8527985342235244,0.9253160206082365,0.8449183986791077,0.9744071378257807,0.6823266219239373,0.9159372096435033,0.8016957824720415,0.8856168073262705,0.9783944903173252,0.8782816229116945,0.8134290963754802,0.7450980392156863
a,2,prototype,873,0.8513029666761036,0.9252354705260804,0.8466167296127415,0.9745235393104528,0.6725958866036688,0.9108626830233478,0.8023429257467166,0.8857297102753284,0.9789685222400237,0.8790827889614719,0.807242429097901,0.7503782148260212
a,2,prototype,888,0.8473837295363089,0.9235599263102083,0.8425158701134668,0.9746421508155633,0.6770428015564203,0.9044293695131684,0.7989364027099877,0.8838284124562505,0.979171485940059,0.8641077441077442,0.7903454803596782,0.7539497183679077
a,2,prototype,903,0.8359054280388363,0.9194164879928054,0.8410887417562503,0.9747507394566218,0.6804932735426009,0.8562991087908032,0.800889547813195,0.8863540158182021,0.9792825219990192,0.8796527686439564,0.7109375,0.7544893762851268
a,2,prototype,918,0.8510241091094634,0.9262478248849493,0.8433226351780339,0.9747395629356936,0.6670480549199085,0.9125572688309769,0.8050244553134727,0.8893285904846598,0.9794210492209993,0.8769741207697412,0.8054651919323357,0.7486586875773834
a,3,random,18,0.21368368764739043,0.32077323665397023,0.2563999590237209,0.20599550337247063,0.017859399351333138,0.10037784273187424,0.32204068022674226,0.5807962529274004,0.35781193094908587,0.10402635072022025,0.15765069551777433,0.07659453302961276
a,3,random,33,0.47242445803603456,0.7089072237254959,0.4727859141613956,0.8984231080981505,0.03531009506564056,0.41368926978979675,0.37857085053006395,0.6548488008342023,0.873963440606846,0.27073036792970895,0.6561720099827222,0.07011217948717949
a,3,random,48,0.48310167651676816,0.7225827851413358,0.4853487535096751,0.9158242574741411,0.01747126436781609,0.32560060576856886,0.5084356985482751,0.637627945577547,0.884865080516466,0.2694,0.5386569872958258,0.25003324910227426
a,3,random,63,0.5111421846244861,0.739020817714527,0.5314351271998174,0.9189003173632088,0.1417264862875023,0.27156113537117904,0.5257700518450747,0.7268145901117988,0.8883392162350031,0.2901466488910435,0.5858514041948099,0.2511698113207547
a,3,random,78,0.49586182563131875,0.7361487858633763,0.5055696628593751,0.9276995671333307,0.14694894146948942,0.2882084157402987,0.5347903657448706,0.7101771464676011,0.8905899622661899,0.11844393592677345,0.6431870669745958,0.20271102895871843
a,3,random,93,0.5327361304054775,0.7571943879810092,0.5419928589532504,0.9285756623792306,0.22287047841306884,0.3881155982772611,0.5022655278880468,0.7564307330195024,0.9042215571569363,0.19615431128310556,0.6712626995645864,0.22472860566755956
a,3,random,108,0.5594423285555292,0.7633509916308147,0.5826443277767469,0.9300361407919547,0.2374429223744292,0.3678693163547495,0.49089365642846117,0.775703057562128,0.9020885502212409,0.3527888261955416,0.7389287220582033,0.23922976501305482
a,3,random,123,0.5535556300747064,0.7651003956806227,0.5726810883901005,0.9400257994955621,0.22263177294507924,0.40897269180754225,0.4960201399429862,0.7524322325699628,0.9046485199415553,0.4195982361587457,0.5690591073582629,0.2686121704526612
a,3,random,138,0.5688233046457536,0.7742133484620861,0.5804186431112064,0.9341331359794336,0.2942271880819367,0.4183326533387733,0.5337856940910376,0.7692057669537762,0.9123457885861365,0.3745700654610008,0.6481243759806019,0.23468507333908542
a,3,random,153,0.5970790432735862,0.7816430630332047,0.5919616315502105,0.9189452934402873,0.32357043235704325,0.5662438779354515,0.5037283130306386,0.7549204517718064,0.914636954634829,0.45570291777188326,0.6987718164188752,0.23719133210146146
a,3,random,168,0.5978343286141418,0.7888958311281943,0.5986288472636656,0.9171547457058905,0.2954057535422928,0.5755234297108675,0.5062963889583855,0.7916815310683483,0.9170612084164929,0.489834740221139,0.6446648426812586,0.2428863172226004
a,3,random,183,0.6287052685803454,0.79892687412507,0.6350893856572983,0.9318696911767604,0.3055028462998102,0.640589634960246,0.4738684568180882,0.7626583646819735,0.9265900383141762,0.531515812431843,0.662296130476495,0.4234564420637158
a,3,random,198,0.6390442622203873,0.803701036559231,0.6445864406295021,0.9255639245609549,0.32793323514973,0.5486071987480439,0.5567157660697979,0.8038071176547459,0.9166176287023663,0.6035805626598465,0.6528409090909091,0.41573201734709136
a,3,random,213,0.6554246881022734,0.8118651889550259,0.6594274121011441,0.9467550274223034,0.32028112449799195,0.5779364688500369,0.5539125077017868,0.7870045834456727,0.9220746454252194,0.623379551347086,0.7124729186010523,0.45500536562931165
a,3,random,228,0.6624155688007163,0.8173831973628964,0.6571037922103405,0.9520177825470433,0.3201634877384196,0.5616204959929324,0.5905989385898408,0.7799500284925261,0.9272372204039564,0.6374199668010434,0.7042777433353998,0.48845445530528403
a,3,random,243,0.664118552084279,0.8185389250034225,0.6608279792902443,0.959274443069307,0.3433846153846154,0.5588161838161838,0.5755926785646334,0.7917861599422054,0.9264857437306767,0.6019029719252907,0.703844931680966,0.5159792406446326
a,3,random,258,0.6716212534804356,0.8233594320322336,0.6630395209155018,0.9577798033473615,0.34496379196840027,0.6294195728249065,0.5851748251748252,0.7900290498974709,0.9250162772191275,0.6104534286352468,0.7139979859013091,0.4877565463552725
a,3,random,273,0.6347072395909702,0.8158558334860411,0.6586363221449942,0.9483830602588668,0.28936664729808254,0.47409481896379274,0.6002549027669284,0.8100447432082379,0.9375492638731597,0.6414187643020595,0.5540599218410769,0.45719303380652715
a,3,random,288,0.6539791276788167,0.8325715973574633,0.6719271061851111,0.9529006767593788,0.3047619047619048,0.5470660542149188,0.644195630199829,0.8090599644623322,0.9502527414855122,0.671719085512189,0.50882470918572,0.49703138252756573
a,3,random,303,0.6492193007133004,0.8299784988889584,0.667642786513542,0.9563403077043074,0.31511710432931156,0.4813761343627252,0.646250758955677,0.7958575995095678,0.9577475115942294,0.6904946904946905,0.4724191914540934,0.5273704080151009
a,3,random,318,0.7172114456760216,0.8668137137062223,0.6994898162432578,0.964596791402355,0.25912670007158195,0.8455177312160722,0.6643624614922233,0.8093886799093689,0.9544663626206568,0.6843473738949558,0.7410858269127396,0.5320110835642409
a,3,random,333,0.72035831877916,0.867240995181768,0.6967163953356832,0.9630206003073511,0.2545180722891566,0.8082077051926299,0.6956684933563546,0.8220034995625547,0.9482503517451096,0.6749243049821084,0.7637064284463129,0.552925413130862
a,3,random,348,0.7276886382541903,0.8736661985552506,0.7041653309637406,0.9662986861540853,0.2859270290394639,0.8635004308378529,0.6952539242843953,0.8135839422484373,0.9572774410282626,0.6505133470225872,0.7685006152223589,0.5483423284502699
a,3,random,363,0.7114193494884189,0.8615617242180525,0.6845680570371837,0.9617867941090412,0.2554858934169279,0.8174458083050404,0.6797649931329163,0.8038946555717594,0.9481152188704922,0.619604566972988,0.7682841068917018,0.5483921081249029
a,3,random,378,0.7007027062718024,0.8547196555290704,0.6745570660207252,0.9609676288418838,0.2339920948616601,0.7581088510170423,0.6844097912059077,0.804798681013537,0.9419594211251497,0.6251748251748251,0.7519972802991671,0.5449157829070492
a,3,random,393,0.7331653883563014,0.8760353198216418,0.706857579177488,0.9611128428927681,0.32209737827715357,0.8538649806241077,0.7022836630260445,0.8259225453122963,0.9596497283941645,0.6393767705382436,0.7663421418636995,0.5678384442782348
a,3,random,408,0.7210747107009197,0.8718353711997698,0.6937165058325916,0.9592354203237761,0.27060653188180406,0.8386895475819033,0.7017830609212481,0.8247215109535377,0.9565484971626649,0.641314268329784,0.7520787374851519,0.5446948216684077
a,3,random,423,0.7270651670619206,0.8752655179873332,0.7060746115171721,0.960745409274821,0.24622716441620335,0.8504000402556232,0.703536078301505,0.8226192339512108,0.9587999308632092,0.6822312316510555,0.7583756345177665,0.5606517803258901
a,3,random,438,0.7345771587144866,0.8794660579642565,0.7142339893536169,0.9663904955447866,0.27669172932330827,0.8465800342500251,0.7135403175073086,0.8273870351446216,0.9613017913305073,0.6568213783403657,0.7642079806529625,0.5982736663364936
a,3,random,453,0.722039689457138,0.8740714004827552,0.7024519687442109,0.9609431421154334,0.25115562403698,0.840764977426064,0.708853431744998,0.8163421496904896,0.9609812914027808,0.6365979381443299,0.7219626168224299,0.6007560337307357
a,3,random,468,0.7363687108519635,0.8787482377424052,0.7121617897506162,0.9618410009173775,0.2837938760268857,0.841709964504347,0.7150345665881638,0.8388169408470424,0.9568746093714617,0.6625854214123007,0.7760741364785173,0.5905878815215757
a,3,random,483,0.735371624700814,0.8793718738803218,0.7132795048131038,0.9622188847061577,0.3237704918032787,0.8391601315456615,0.7149494192581491,0.841072135909511,0.9602344077019673,0.6475854983120505,0.7395069953364424,0.5898466577341075
a,3,random,498,0.7414160665423692,0.8804672370848032,0.7227818561720425,0.963472902080855,0.3277634961439589,0.8344283837056504,0.7096920632518726,0.8410563908116926,0.9605636113414934,0.6786370705499788,0.7456657128429557,0.6114649681528662
a,3,random,513,0.7441735603214362,0.881252858718916,0.7237280535351531,0.961669472612662,0.3331039229181005,0.8308753686946958,0.7133925881289545,0.8477609289314181,0.9593178119801089,0.7030403998334027,0.7533265097236438,0.5950750400699403
a,3,random,528,0.7491188771102621,0.8824731576431321,0.7296324139703135,0.9598872930771338,0.3802535023348899,0.8380149337126023,0.7176536521576686,0.847039985767024,0.9608948708621317,0.705378128024333,0.7363892106569585,0.5965583173996176
a,3,random,543,0.7416866578719821,0.8806885179254402,0.7246219400593773,0.9640501190522659,0.3335621139327385,0.8338481794702993,0.7105361829771278,0.8451454138702461,0.9593093598478991,0.717394242465198,0.7379643511577545,0.5733699580743097
a,3,random,558,0.7340157211171784,0.8812016791821022,0.7182528252310407,0.9636533447484142,0.2598707824838478,0.8363061869330344,0.7124592253758765,0.8459824412852622,0.9608879492600423,0.6995918367346938,0.7341184275999336,0.5932712956335003
a,3,random,573,0.7288841329197852,0.8793161304731597,0.713818174769627,0.960115912517377,0.23741547708489857,0.8351380204361751,0.7108997696708522,0.8456280198615038,0.9601676766756276,0.7012118679481822,0.738110964332893,0.5712694877505567
a,3,random,588,0.7347507784095875,0.8816810420055732,0.7146577186942309,0.9618246079943762,0.28780131482834187,0.8356687898089172,0.7223260333358248,0.8513612137028109,0.9601919947637791,0.6828716789146411,0.7327543830902835,0.5779569892473119
a,3,random,603,0.7321470173716663,0.8816707537593947,0.7103046314979289,0.9605832586065733,0.2501839587932303,0.8380942767739982,0.7231815803244375,0.8535722185357222,0.9590822804930108,0.7046941678520626,0.7347007397444519,0.5652306752215093
a,3,random,618,0.7387751441861086,0.8820273513844408,0.7162998808060702,0.9622976053621184,0.3150684931506849,0.8355767765530553,0.7243877968117127,0.8522543659664888,0.9590073846656917,0.7103231341149556,0.7342772472835034,0.5557834937667666
a,3,random,633,0.7395683811145697,0.8832266468587308,0.718383273388587,0.9638558901872338,0.2757697456492637,0.8386443082223011,0.721154209313744,0.8524294083961059,0.9590687946164689,0.7286309438299094,0.7365439093484419,0.5800182204676587
a,3,random,648,0.7412372952578833,0.8835101359549243,0.7190941155386974,0.9604012568551299,0.2834850455136541,0.8458466049850852,0.7271985157699443,0.8530232558139534,0.9583212209302325,0.7379570516540918,0.739349211673935,0.5655534941249227
a,3,random,663,0.7435323794237232,0.8848709827785348,0.7223553521806289,0.9595452503271932,0.297111416781293,0.841422009187138,0.732868187818216,0.8583579392710766,0.9591608366160537,0.7431662870159453,0.7420270495909167,0.5581324382056759
a,3,random,678,0.7569851540660654,0.8889270277648827,0.7398104139103747,0.9597818677573279,0.3114323258869908,0.8605569620253165,0.7344943017264076,0.8566570986972841,0.9609137148378393,0.7539882451721243,0.8140849620416734,0.5609569084496243
a,3,random,693,0.7578528893810338,0.8888068256292303,0.7396826797084379,0.9591585848927742,0.3310719131614654,0.8589730554143366,0.7330439705604831,0.8596715248117652,0.96073002804998,0.7662792326004761,0.8119741100323624,0.5397735849056604
a,3,random,708,0.7572753397570787,0.8897796120165021,0.7345614265451533,0.9646660307201121,0.30146545708304257,0.8621739571704049,0.7321180229280211,0.8596813048378898,0.9593970778955769,0.7507464808758709,0.8072466133507427,0.5779831129520472
a,3,random,723,0.7566312595264493,0.8903622532057762,0.7358057575906589,0.9671376161111545,0.28183118741058655,0.8508670520231214,0.7386185828179719,0.861012275395837,0.9589312131855765,0.7655828482180889,0.8087713640761045,0.5769291964996023
a,3,random,738,0.7520228711383155,0.8884473627723788,0.7267866277483732,0.9617910098786119,0.25892857142857145,0.8638895987733197,0.7424405048299345,0.861631150284503,0.955084577473688,0.7491003310781632,0.8033569195326642,0.5719831769653834
a,3,random,753,0.7607460704945289,0.8920269017393654,0.736183890257806,0.963899693137619,0.2884333821376281,0.8657735214711426,0.7501272634717475,0.8622641509433963,0.9575465720441009,0.763646675173685,0.7977397374106697,0.5972836386607707
a,3,random,768,0.7605638288713353,0.8936020076847907,0.7400555851486922,0.9601933798588639,0.2913165266106443,0.8702461995188616,0.7614231533321293,0.8615190557707901,0.9611652249763757,0.7551049148007323,0.7965494791666666,0.5875565258069546
a,3,random,783,0.761941193446154,0.8955763535515096,0.7401509862350018,0.9626947040498443,0.29027576197387517,0.8692622950819672,0.7641064972060918,0.8671800022318937,0.9620727272727273,0.7490456666195391,0.799869834038399,0.5929632525410476
a,3,random,798,0.7661997472946822,0.8945508617185278,0.7433716914795643,0.9593587893443583,0.35064935064935066,0.8715083798882681,0.7623862487360971,0.8659348569371963,0.9616946288911699,0.7533230726178817,0.7977180114099429,0.5732243871778756
a,3,random,813,0.7666047937789882,0.8956046056157841,0.7454426792998072,0.9612079068677241,0.35179640718562877,0.8745842501151307,0.7646044406122009,0.8644859813084113,0.9633922957049512,0.7519955188348971,0.8057179987004548,0.5616583446814949
a,3,random,828,0.753391461556822,0.8946452286757126,0.7350313192303154,0.9617965219772696,0.19724137931034483,0.8764956398296492,0.7636062385188921,0.8631484392544352,0.9612058764631993,0.7709288990825688,0.8055232074530029,0.580576952122036
a,3,random,843,0.7654857515344413,0.8987225431087009,0.7436550746546193,0.9632506489197682,0.27191166321601107,0.8842945963706212,0.7729679450486548,0.8693935246471763,0.9628041492943098,0.7692086330935252,0.8204165244110618,0.5751240788088434
a,3,random,858,0.7637635600559775,0.8986762170087631,0.7411507040046484,0.9640821425782775,0.27034482758620687,0.8802485218959816,0.7752845064392994,0.871115708054144,0.9628130072404297,0.7602610587382161,0.8190834473324213,0.5706388206388207
a,3,random,873,0.7741017487831807,0.8975174335803524,0.7501879027224029,0.9602424953554317,0.3860103626943005,0.873980875691998,0.773732489511484,0.8698560484508825,0.9621572378609821,0.7664191890348372,0.8068102849200834,0.5677067555286277
a,3,random,888,0.7824952287389721,0.9022613551476463,0.7597770529477352,0.9657859870625828,0.3881578947368421,0.8814159292035398,0.7791404423664808,0.8745606920789403,0.9636156336936197,0.7672742687579482,0.8211852861035422,0.6013209246472531
a,3,random,903,0.7831000652170518,0.9029430413573258,0.7586982599312628,0.9672993724909381,0.3900414937759336,0.8863670905314353,0.775730143334411,0.8748066620340275,0.9646178416609628,0.7505404236921747,0.8284659281638134,0.6100316312697696
a,3,random,918,0.7813682504606246,0.9029684485742806,0.7587384325116511,0.9653247995004586,0.36168691922802,0.8762849690584565,0.7830311820159536,0.8776910867183833,0.9636584054179693,0.7756248244875035,0.8155629139072847,0.613449153811592
a,3,uncertainty,18,0.21368368764739043,0.32077323665397023,0.2563999590237209,0.20599550337247063,0.017859399351333138,0.10037784273187424,0.32204068022674226,0.5807962529274004,0.35781193094908587,0.10402635072022025,0.15765069551777433,0.07659453302961276
a,3,uncertainty,33,0.3250430946070615,0.48469473832466947,0.38673563577507475,0.2794581555019484,0.014254683681781156,0.10178387771748768,0.46758027068350416,0.726818967172202,0.6187416175870313,0.2637329515484892,0.29655534184297955,0.1564619857281297
a,3,uncertainty,48,0.3723054746160346,0.5488136048799888,0.44161244208902917,0.19608249559539848,0.029691211401425176,0.6104925973670846,0.6178500331785003,0.656647782492237,0.7258022748550825,0.19183884297520662,0.13637140415835944,0.18597262952101662
a,3,uncertainty,63,0.4353891027584996,0.6352417310050218,0.4801334724886913,0.390202446353234,0.013086150490730643,0.5493279621954527,0.5797969368439168,0.7046403760992298,0.8350567512481535,0.3240410347903657,0.298871537672404,0.22347872913301023
a,3,uncertainty,78,0.4640543175167827,0.5986722674907673,0.486708724915585,0.38277391391996773,0.004702194357366771,0.7113233522629496,0.6356749089267868,0.705169965756285,0.6875833095853137,0.33696587324347577,0.4273778920308483,0.28491744756805
a,3,uncertainty,93,0.5668129992135307,0.7863007592325609,0.5732888269913716,0.8493962961371546,0.19936102236421724,0.7838600712600065,0.6494398031215595,0.7758080401110216,0.8997314820878904,0.2975886524822695,0.34885439763488546,0.29727722772277226
a,3,uncertainty,108,0.6133866422683536,0.8354766928661806,0.5961603588938357,0.938938938938939,0.10756501182033097,0.8082012374113715,0.6646531695984069,0.815109435350377,0.9406016829523164,0.3474652715136208,0.4991364421416235,0.39880859068819563
a,3,uncertainty,123,0.5881695730852725,0.8245706292872255,0.5861259409971515,0.939523350323736,0.09398496240601503,0.7411438649533888,0.6509912106242381,0.8075892128755565,0.941139705882353,0.20027168639627402,0.49441624365482234,0.42446592065106814
a,3,uncertainty,138,0.6132602839498661,0.8402736520577326,0.6050127316494213,0.9532860393521617,0.07063197026022305,0.8017294626312539,0.6491927446681284,0.8114913908529281,0.9507340643003159,0.29894424893498794,0.49511527940601796,0.4882173551427779
a,3,uncertainty,153,0.6403345579485936,0.8457111710172687,0.626108989204644,0.9478361223312175,0.24281150159744408,0.8437729610580456,0.6448966408268734,0.81174542348623,0.9550158158457045,0.2525691699604743,0.5170382835506941,0.5473251028806584
a,3,uncertainty,168,0.6684172679685696,0.8504811465767478,0.6603980267191343,0.9353083094877406,0.36095054592164416,0.8480495704830305,0.6465759118777928,0.8388215685391234,0.9507503618496229,0.31508379888268156,0.5437389424022017,0.5764764022732889
a,3,uncertainty,183,0.649169600784203,0.8433406534596783,0.6504482476606911,0.9410234337637494,0.3312883435582822,0.8191494439406234,0.6390560875512996,0.8227001955345369,0.9498556794385647,0.3095723014256619,0.4645967436577054,0.565284178187404
a,3,uncertainty,198,0.6736810741656606,0.8490162128294091,0.6681139558426091,0.9434974747474747,0.4480759093305219,0.8478333893181055,0.6361012056376295,0.8138157295179076,0.9561848264355564,0.3135169969389399,0.5670411985018726,0.5370629370629371
a,3,uncertainty,213,0.6811073886390224,0.8584717348048443,0.6783350576352501,0.9501594818308123,0.3851851851851852,0.858733406290146,0.6609467651638122,0.8348570767272306,0.9566989965932573,0.3553851070629594,0.5820327369623144,0.5459677419354839
a,3,uncertainty,228,0.6720052251081333,0.8592621476721051,0.6643142735349539,0.9496754848000631,0.3980370774263904,0.8331979549906828,0.6593822650282298,0.8351759255011698,0.9670510708401977,0.31022443890274315,0.44365502269587526,0.6516477857878475
a,3,uncertainty,243,0.6900694721910132,0.8643368727227562,0.6749748678412865,0.9570100697134004,0.45541022592152197,0.8597078798027723,0.6593420966581649,0.8270192663949612,0.9686583150933731,0.32887700534759357,0.46944198405668736,0.6851584067306429
a,3,uncertainty,258,0.695692362948781,0.8703889591644488,0.6868017018986649,0.9567411260116055,0.44711538461538464,0.8394970070994385,0.6950455968422485,0.8481586661780872,0.9672734078891957,0.43814891723524174,0.39218213058419243,0.677069030083635
a,3,uncertainty,273,0.6977959318370714,0.862848628348766,0.6871441326542138,0.9401370150563899,0.43538998835855647,0.8475344795012281,0.6836487459891297,0.8377258334885453,0.9586867099033294,0.43337048240726,0.4945382323733863,0.6491318994558176
a,3,uncertainty,288,0.7044523492219568,0.8673050839663121,0.6911976668559757,0.9501800377221894,0.49483204134366926,0.840781073976718,0.680269171254813,0.8493953344934687,0.9614941551942289,0.4836759371221282,0.43343653250773995,0.6460068593826556
a,3,uncertainty,303,0.7259356620252333,0.8786730249363869,0.7063650606187699,0.9651640541329958,0.4869109947643979,0.8328333020813801,0.70221257526957,0.8439519852262235,0.9694649395060122,0.6333725029377203,0.43275862068965515,0.6667519836191451
a,3,uncertainty,318,0.7244242379919783,0.8799110700115645,0.7049033440383597,0.9637235037406484,0.4883255503669113,0.8326749435665914,0.7058056099151989,0.85567281166528,0.9696738188627915,0.5994201129253777,0.4342905051351918,0.6702312857498135
a,3,uncertainty,333,0.7157727701356237,0.8750749515293565,0.6986457970884287,0.9677179527312568,0.5544430538172715,0.8065094339622642,0.7193287629182441,0.8488716869242434,0.9662919260429248,0.5501441845562319,0.3685482099714474,0.6600997202967287
a,3,uncertainty,348,0.7434668081069059,0.8849358814248625,0.7285759580854868,0.964988972904852,0.6068535825545172,0.8473854696899583,0.7324484930434473,0.8515696570215618,0.9709846586622204,0.6180232558139535,0.4455913978494624,0.6533557854221794
a,3,uncertainty,363,0.7629997503404543,0.8904265363921217,0.7511885305364547,0.9674640018884255,0.5667752442996743,0.85027093830212,0.7456125168749351,0.841870926282934,0.971217794668306,0.7360788069503352,0.5250338294993234,0.6626736942980355
a,3,uncertainty,378,0.7431558822182074,0.8862076468902454,0.7274181897757196,0.9678701426463354,0.539340954942838,0.846664500255327,0.7360975609756097,0.8459813846049324,0.9709221047922608,0.6799598335963276,0.44377811094452774,0.6577883472057074
a,3,uncertainty,393,0.7618309653898021,0.8941912837969475,0.7438247190103774,0.9697267158787498,0.5434929197572488,0.8499692656863209,0.7478349837395403,0.8578728277867101,0.9730886622496836,0.7493951899814999,0.48712791633145613,0.6779702070970086
a,3,uncertainty,408,0.7601185174169595,0.8952907882802309,0.7430429033187376,0.9724178403755869,0.5434356629653821,0.8337615377295652,0.7575333382450453,0.8633459925800716,0.9736822513400833,0.7563739376770539,0.4566015851536826,0.6839145106861643
a,3,uncertainty,423,0.7635813569173524,0.8955638949947503,0.7427632595786676,0.970338900092018,0.5488372093023256,0.8425092390789349,0.747375736074028,0.8604789234118345,0.9756328584959976,0.7483538505582594,0.4775767112509835,0.7011287839917907
a,3,uncertainty,438,0.775074960720556,0.896677052439823,0.7560936699539683,0.9701863111180622,0.5775401069518716,0.8316094731754471,0.7566360341229451,0.858044860473331,0.9735126400059438,0.8040465631929047,0.5101123595505618,0.6939862978939355
a,3,uncertainty,453,0.7859075778272504,0.8997565850303748,0.7674608347231386,0.970995578237918,0.6076772934287573,0.8380247394565111,0.7570276748747004,0.8582850289826104,0.9754964364366224,0.8079488604780434,0.5424031422960186,0.7153094462540717
a,3,uncertainty,468,0.7711708184882952,0.8970377589117325,0.7522515344243863,0.9721361021741249,0.5338753387533876,0.819451225466263,0.7508124076809454,0.8607304930166982,0.9752099827563829,0.8229534946967637,0.4879626302551204,0.7174056915949703
a,3,uncertainty,483,0.775839206966001,0.8953453045866727,0.7583298182216969,0.9707713863158715,0.5643097643097643,0.8306541692972658,0.7283415841584159,0.8564412949361363,0.9746707193515705,0.850464807436919,0.5063608672280954,0.7005382696599711
a,3,uncertainty,498,0.7781001628335605,0.8962695191433606,0.7626683667483024,0.9702439876550399,0.5882352941176471,0.8346335355870173,0.7346468487152897,0.8567654764740272,0.9753044970436274,0.8296550812739527,0.504029304029304,0.7093874406061385
a,3,uncertainty,513,0.7798675449011464,0.8992412631962385,0.7654727751623782,0.969573485465906,0.5216792842395045,0.8420543104700131,0.7460537662629823,0.8591354694387788,0.9753253416670553,0.8492462311557789,0.5425,0.7132400154102992
a,3,uncertainty,528,0.7795946199986488,0.8974555470926057,0.7654638374601653,0.9705165929419101,0.5467914438502673,0.8427636643571979,0.7385980349024783,0.8498411075801684,0.9762823020885734,0.8432806061411671,0.5342490511476595,0.7140287769784173
a,3,uncertainty,543,0.7833971449223301,0.8986981010946181,0.7715910574785009,0.9719491541920539,0.5750474984167194,0.8417359542461672,0.7440812557710065,0.8549473358800539,0.9752314749932263,0.8454112848402447,0.534585515622178,0.7075848303393214
a,3,uncertainty,558,0.7726355744939157,0.8962072754327023,0.7564138604840618,0.9725552787293678,0.6003873466752744,0.8396396396396396,0.7436754870601919,0.8503807276127711,0.9765505395616295,0.848989623156745,0.4039535883111302,0.7175879396984924
a,3,uncertainty,573,0.7897415732531884,0.9032676186055371,0.7776876229995867,0.9725299328336415,0.5958815958815958,0.8405838855277058,0.7698342865522804,0.8656404324420519,0.9751925680407078,0.8598429389058965,0.5241303951921326,0.7040381239026837
a,3,uncertainty,588,0.7896904890337918,0.9006164487970316,0.7755462703686468,0.9721334476576506,0.6149870801033591,0.8189046372660378,0.763841146785636,0.8626433339987136,0.9743709053007743,0.860617655097021,0.526009582477755,0.7137066126171776
a,3,uncertainty,603,0.7888625353464596,0.8999742534620232,0.7751290181510954,0.9719320130983938,0.6150895140664961,0.8222856018882769,0.7628139227493024,0.8615568756095399,0.9735306978778039,0.8569493362232458,0.5312234133061086,0.7043814432989691
a,3,uncertainty,618,0.7872278796430147,0.897496484655025,0.7730178963632381,0.9709757382936779,0.6163601775523145,0.7851957150835153,0.769156733545569,0.8678561163803586,0.9695322107871693,0.8602813127930342,0.5284761416110826,0.7172167707404103
a,3,uncertainty,633,0.7908185676040324,0.9038454382818073,0.7730571687078454,0.971303634872916,0.5843895930620414,0.83870343492985,0.7700688284441827,0.8689557584735458,0.9751017298723499,0.8626284478096268,0.5344173441734418,0.7117983367983368
a,3,uncertainty,648,0.7885228153104749,0.9020055900057045,0.7716465126271496,0.973059503357801,0.5946299934512115,0.8413872610241138,0.7649341142020498,0.8637340720221607,0.974036850921273,0.853641933287951,0.5344889851932105,0.6967926243345021
a,3,uncertainty,663,0.7919312738986873,0.9056807071186418,0.7734144605458104,0.972694447155265,0.5720081135902637,0.8433106247282215,0.7749589341120643,0.8692160951155672,0.976507759501905,0.8618286182861828,0.5412269719191558,0.7156299006795609
a,3,uncertainty,678,0.7972846370208605,0.9065886485722563,0.7787106475702643,0.9733832884517816,0.6113592852584556,0.8448774840825777,0.7745327102803738,0.8668163528444078,0.9778940435440032,0.8657855293636735,0.5342490511476595,0.7266639882148118
a,3,uncertainty,693,0.8203333071850286,0.9139562203865745,0.7958299620407121,0.9731101954734519,0.6337135614702155,0.894153788866133,0.7788691461575249,0.870716372974409,0.9773851393361235,0.8635992376803703,0.6632102861883036,0.7282420365187259
a,3,uncertainty,708,0.8167039497669663,0.9137937927813112,0.7922445350681517,0.9735931666699243,0.6009144350097975,0.8933891992551211,0.7789219982471516,0.8707970112079702,0.9774087303428121,0.8674861542617858,0.6632102861883036,0.7246145667198298
a,3,uncertainty,723,0.8238328189207329,0.9150137051965226,0.8005658208255437,0.9730162449234614,0.6560196560196561,0.8931504292646509,0.7835005574136009,0.8757884522076662,0.9766294468969099,0.8644501278772379,0.6680437926048337,0.7238966630785791
a,3,uncertainty,738,0.8229027214007266,0.9159556353729263,0.7983561133921044,0.9726942458689792,0.6419597989949749,0.8933849237797772,0.7921702380069697,0.8792624288676165,0.9760480707708571,0.8716700473292766,0.6632102861883036,0.7157244527997851
a,3,uncertainty,753,0.8209127032161003,0.9152345861213028,0.7968859952632201,0.9722987899047955,0.6255562619198983,0.8938205116300664,0.7877179402115817,0.8774479397430217,0.9762743934109965,0.8634041408980909,0.6680437926048337,0.723650558621618
a,3,uncertainty,768,0.8245851682516504,0.9166442306542251,0.7991119657147449,0.9728026923377945,0.639030612244898,0.8928471770067901,0.7926151108474827,0.8795802284051325,0.9765247773421933,0.8740700662789125,0.6680437926048337,0.7257520571968165
a,3,uncertainty,783,0.8146920524776993,0.9140546378352029,0.7892159361777946,0.9723113023073915,0.5746367239101717,0.8938978482130409,0.7792458432304038,0.8740368951701669,0.9772560800348623,0.871607938436614,0.6632102861883036,0.726025554808339
a,3,uncertainty,798,0.7880351225963279,0.9069502329784264,0.7657396203902349,0.9726938424223457,0.5695097380792478,0.8485639686684073,0.7795584444693489,0.8755425014247512,0.977352401090646,0.8684990568579898,0.47383483237939494,0.7267613179748191
a,3,uncertainty,813,0.8180583793025654,0.9170826372099246,0.7931385613949036,0.9731297650079376,0.5675857431069267,0.8936426914153133,0.7930790697674419,0.881552629843726,0.977082386548075,0.8754208754208754,0.6680437926048337,0.7329884600079586
a,3,uncertainty,828,0.8219123466278612,0.9167838724200337,0.7980179875324749,0.9742886258524731,0.6019672131147541,0.8931074495242516,0.7845032662462712,0.8785633336239211,0.9779639139357582,0.8726045883940621,0.6679050567595459,0.7463076721997125
a,3,uncertainty,843,0.7959006798787155,0.909747756439074,0.7752234476073946,0.9740425115094524,0.6133682830930537,0.8480312398307842,0.7922217686569933,0.8795968221131627,0.9774632977686157,0.8709327548806941,0.46802385358832,0.739425587467363
a,3,uncertainty,858,0.8260785477459417,0.9178924277299766,0.8007440404964129,0.9726587052168447,0.6334841628959276,0.8956622593365808,0.7926509186351706,0.8808163086557621,0.9778506516966345,0.8738836265223274,0.6679050567595459,0.7397952399946816
a,3,uncertainty,873,0.8269036810617562,0.9177563415017655,0.801750817599431,0.9729273416180773,0.6413881748071979,0.8967570837016703,0.7877959927140255,0.8810611002391824,0.9779935694893581,0.8754563894523326,0.6679050567595459,0.7408484207744153
a,3,uncertainty,888,0.8202372714590022,0.9175111266382321,0.7938261261026891,0.9733961153619777,0.5908790482485129,0.8940032414910859,0.7944446524164265,0.8832585130844192,0.9769388926963899,0.8725994049229104,0.6632102861883036,0.733405288720993
a,3,uncertainty,903,0.7983953667980787,0.9113325109161272,0.7752834858093648,0.9743740449041965,0.6218158066623122,0.8477717038821458,0.7976110987461978,0.8831140254367821,0.9781292589536533,0.8764442028000544,0.4698399671727534,0.7364581926246117
a,3,uncertainty,918,0.8283572038785854,0.9177449764278522,0.8039264049952073,0.9727385134737296,0.6607929515418502,0.8938475070598584,0.792851522985276,0.8817067555419125,0.9772727272727273,0.8709066305818673,0.6679050567595459,0.7371931696905016
a,3,margin,18,0.21368368764739043,0.32077323665397023,0.2563999590237209,0.20599550337247063,0.017859399351333138,0.10037784273187424,0.32204068022674226,0.5807962529274004,0.35781193094908587,0.10402635072022025,0.15765069551777433,0.07659453302961276
a,3,margin,33,0.3578553788644035,0.5714924769624082,0.36153119870282097,0.43730778651715974,0.026890101325019487,0.10244698205546493,0.4844307297719713,0.6740749442029836,0.7828130245048674,0.24598823881192067,0.3438435793552933,0.12290302323495111
a,3,margin,48,0.4516732498910432,0.7218718298391696,0.4608887595701943,0.8742726478407169,0.019543973941368076,0.4692111394652169,0.3060575065348335,0.7462134623706677,0.9015406200745255,0.2767330383480826,0.32903225806451614,0.1424546023794615
a,3,margin,63,0.506383111376906,0.740788773744093,0.5161583323443641,0.8740106447748296,0.11331269349845201,0.5140247116003982,0.321250185450769,0.7929092184411334,0.8966679446827103,0.43406335181878,0.3971119133574007,0.2140973387676816
a,3,margin,78,0.5599432302961025,0.7830941120428366,0.5586427902614349,0.900137007154818,0.05563093622795115,0.5964478417266187,0.5362763295940602,0.794859612208421,0.9084560143626571,0.5414318513880192,0.5100469483568075,0.1962025316455696
a,3,margin,93,0.6090393350160938,0.8128849458229013,0.5978229195168683,0.8910478288231592,0.18126428027418126,0.7737297667367597,0.5860183785041293,0.8000790809041584,0.9338699566643348,0.5274669379450662,0.5746118721461188,0.21326591314693635
a,3,margin,108,0.6299458287846001,0.8243118430174385,0.6136234140589694,0.9295089752113211,0.24987893462469735,0.7891750765677562,0.5381582769639374,0.8145326222079641,0.942183206388433,0.4237853008244168,0.6682318945277226,0.3140581717451524
a,3,margin,123,0.6799697197500284,0.8474710195163041,0.6656894573372507,0.9465715644317642,0.38089330024813894,0.81661905477873,0.6225617824064194,0.828846272684203,0.9461685788132914,0.43560038162736814,0.6997265268915224,0.4427400158688178
a,3,margin,138,0.7031495614779049,0.8509196821060941,0.7242274139083541,0.9500019259658719,0.5077763766288357,0.803666284762004,0.6465434917998755,0.8350465822254789,0.9408626891182464,0.4587606528961433,0.745641484130532,0.440046565774156
a,3,margin,153,0.6774131417354803,0.857462608821556,0.676735871036568,0.9576829623870152,0.2731829573934837,0.843598357596118,0.6592101735166813,0.8239497995468015,0.9524459826021887,0.5074767826223832,0.5506276150627615,0.5285436448918888
a,3,margin,168,0.7068467039998773,0.8608514372859098,0.7136263351381211,0.9517628486230486,0.4455013872374158,0.8346404611168856,0.6689556108327787,0.8208777630314402,0.9548792695362566,0.5831455610635421,0.5856971634039153,0.5161602711536134
a,3,margin,183,0.714608318098888,0.8679046320549682,0.7229448129062647,0.9590332466927881,0.4213717317165593,0.8430674492446839,0.6923021060275962,0.8305711914960417,0.9556306979524735,0.5513662036330331,0.6180321735877291,0.560100062539087
a,3,margin,198,0.7182326875364108,0.8725262818853625,0.7188507654262263,0.9563798795882695,0.41284403669724773,0.8324261275272161,0.7076067728076826,0.8377641293984612,0.9619288157391961,0.5498059508408797,0.604491126403477,0.6008473488252664
a,3,margin,213,0.7398587378735288,0.8775943758348991,0.7259478027347528,0.9644187089352908,0.44202180376610506,0.8575469029885925,0.6839609083069847,0.8204451403646125,0.9682447236320271,0.5999008428358948,0.6730621642363775,0.6491274457958752
a,3,margin,228,0.7562992246010419,0.8829932394525776,0.7400096026019911,0.9572880559309089,0.48294531672983215,0.8647724033070417,0.7112648432763969,0.8365661000837427,0.9647740483088222,0.7266686801570522,0.6702912621359224,0.592122311479658
a,3,margin,243,0.7714211228588598,0.8907253568353022,0.7598058792595349,0.9568248125159092,0.5025960539979232,0.8703861040309638,0.7271938388111508,0.8487021626863316,0.9686609159231424,0.764645726807889,0.6757759125512395,0.6280045784051889
a,3,margin,258,0.7849900762436666,0.8983553927153918,0.768687330331348,0.9652849438289753,0.5762025316455697,0.8680634201585504,0.7476130426950099,0.8615370758179648,0.9719180990713218,0.7512511039152193,0.6558232931726907,0.6672171758876961
a,3,margin,273,0.7839526020079417,0.9007295568503481,0.7678813947078152,0.9669250847325568,0.5673469387755102,0.8679710076270785,0.7678828958753966,0.8674500011148023,0.9717300749791724,0.7174957384162405,0.6577155088538627,0.6710561676968557
a,3,margin,288,0.7863504646732621,0.9025608453254511,0.7735243192423152,0.9652559169872916,0.561787072243346,0.8767868022683601,0.7695703250151295,0.8677486887423181,0.9739622466490423,0.7227385377942999,0.659492385786802,0.67981220657277
a,3,margin,303,0.7979153735668433,0.906985230260329,0.7889399269317856,0.9669492184462244,0.5574082896617437,0.8742554599602912,0.7747820059104674,0.8764872266870202,0.9734939759036144,0.8018562790043594,0.6732322237541856,0.6827736827736828
a,3,margin,318,0.810206699103362,0.9105723424740152,0.8045214442272506,0.9669162695711369,0.6256607400288323,0.876432156045829,0.7865673842524329,0.8800161052207758,0.97491458704694,0.8178347422961549,0.6769350750633651,0.6865832324047907
a,3,margin,333,0.8093989615081671,0.9106030689756373,0.801562675692152,0.9669331253655683,0.6108422071636012,0.8725988700564972,0.7878699836571637,0.8815157365420015,0.9742103845689503,0.8230801866779804,0.6671990417248952,0.7003411178168459
a,3,margin,348,0.8107620120469078,0.9109461302665829,0.8122398963401561,0.966774605043666,0.6182820395039045,0.8715902155030752,0.7905942398833394,0.8816101560911699,0.9743056007285501,0.8222611507883034,0.6698892245720041,0.7015508763081578
a,3,margin,363,0.8121166492531295,0.9107991767338861,0.8135315297935998,0.9667768239504096,0.6220797068254695,0.8737471177826925,0.793401973707649,0.8772010271460015,0.9739571715369172,0.832171581769437,0.670680313064419,0.6990341274951707
a,3,margin,378,0.814868132603888,0.912323330268299,0.8130953281763247,0.967101664452606,0.6323251417769377,0.8753511893613036,0.8018984875854497,0.8803303131093015,0.9736856786863296,0.8354808083548081,0.6740681998413958,0.6935717102668595
a,3,margin,393,0.8168481074225499,0.9132568734843574,0.8131123424451381,0.9668000941841299,0.6390647832440332,0.8807065090416336,0.8009687989742128,0.8814696485623004,0.9744980404539461,0.83086134167914,0.674737051002183,0.7025266996613702
a,3,margin,408,0.8185819550975449,0.915630656556016,0.8153651540103848,0.9690818421824582,0.6401570937653411,0.8795997568616449,0.8111606816353397,0.8890189809290072,0.9742239751448797,0.827089721370484,0.6750099324592769,0.7018956115294729
a,3,margin,423,0.8228267678014627,0.9175550318993289,0.8158692306051569,0.9692253548664608,0.6440677966101694,0.8834355828220859,0.8140667005740028,0.8889790398918188,0.9756836927311444,0.845222072678331,0.6754176610978521,0.7093430089412984
a,3,margin,438,0.8180326004107756,0.9158234710192767,0.8094153235516846,0.9689506656225528,0.6298174442190669,0.8789844588603164,0.8129219600725953,0.8867635807192042,0.9751450721879207,0.840983606557377,0.6753968253968254,0.6933297900611215
a,3,margin,453,0.8161239500969629,0.9142299495985245,0.8076172139557058,0.9654471941715335,0.6186094069529653,0.8802754641477828,0.8069241011984021,0.8865800093643397,0.9741248663474501,0.833400782409281,0.6771371769383698,0.7026165493425421
a,3,margin,468,0.8197721022191589,0.9164776159109301,0.8081504646987212,0.9675457575580375,0.6316353887399464,0.8850242446848191,0.8066130407384068,0.8891814104995426,0.9761199297808903,0.8296100462656973,0.6773162939297125,0.714902807775378
a,3,margin,483,0.8209693403809871,0.9163345620094812,0.8080013479991972,0.9678123720585655,0.6401273885350318,0.8805873060124524,0.8090002556890821,0.8873372249663224,0.9759959900493818,0.8411693385423683,0.6753143085212533,0.7113798790544255
a,3,margin,498,0.8234002228992908,0.9170378600610889,0.8108456295863983,0.9658270932607216,0.6478149100257069,0.8821904984788205,0.8151184301207879,0.8873483535528596,0.9761655146820059,0.8501562287732645,0.6783230677528314,0.7076579094466182
a,3,margin,513,0.8224249804746671,0.9187354666222444,0.8066229690018454,0.9656490037821188,0.6284779050736498,0.8826695371367062,0.820693879021508,0.8928757032785773,0.9771927224219068,0.8469222462203023,0.6742153357171236,0.7131284916201117
a,3,margin,528,0.8235594903468715,0.9189528462477359,0.8103377656746232,0.9687347813382683,0.6439024390243903,0.8818537859007833,0.8177864753207219,0.8914311451413129,0.9774184555338723,0.8448880496358241,0.6555645816409423,0.7304556995857276
a,3,margin,543,0.8201349571233885,0.9176347222954633,0.8096705515880438,0.9663407222720013,0.6238437821171634,0.8835434792723212,0.815526883292518,0.8909339857691185,0.9765073228756226,0.8463822894168467,0.6574948665297742,0.7206412825651303
a,3,margin,558,0.8200772979136937,0.9185197737033136,0.8045213097948325,0.9677331570967617,0.6387377584330794,0.8799336038362228,0.822117133503092,0.8923539441802029,0.9770789358675135,0.8520373629348856,0.6168425586905019,0.7338612266809824
a,3,margin,573,0.8235985599372204,0.9198598163645993,0.8099372064261098,0.9694297586765251,0.6521044219499201,0.8824128984432913,0.8239016851865479,0.8942965779467681,0.9772908588285497,0.8484928960297438,0.6341876721033679,0.7302702702702702
a,3,margin,588,0.8268551631407834,0.9210014975610876,0.8118974616929645,0.9699898667082392,0.6541643684500827,0.8834246639501663,0.8243882754319675,0.8958216771479086,0.9777563400923882,0.8454485049833887,0.6599597585513078,0.7307430129516019
a,3,margin,603,0.8273372121104969,0.9209299267028075,0.8131835294348749,0.9707593207105212,0.6602150537634408,0.8815143725169432,0.825987786034876,0.8974879982136876,0.9765315678692963,0.8544525154694647,0.6590862944162437,0.72
a,3,margin,618,0.8423367151385149,0.9247951487649805,0.8321499042308509,0.9703576582550022,0.6518105849582173,0.8995679821367895,0.8235594456601021,0.8953045969294123,0.9778008760858267,0.8473933649289099,0.7833713383616909,0.7318645889306824
a,3,margin,633,0.8460343386291411,0.9263719062939654,0.8366751687405993,0.9711643514905572,0.6666666666666666,0.9032664534263837,0.8269758256226456,0.8966304712862421,0.9783754686861937,0.8552950687146321,0.780609517020139,0.7353252247488101
a,3,margin,648,0.8477964251021288,0.927209610897721,0.8394468871499858,0.9703658846281573,0.6666666666666666,0.905292886010615,0.8308508319407106,0.8981729105332944,0.9783950903840976,0.8535800482703138,0.7907869481765835,0.7360565593087196
a,3,margin,663,0.8513442950622024,0.9280503208182977,0.8472096972035619,0.9701492537313433,0.6677506775067751,0.9063482704402516,0.8321790478967704,0.8982490840844216,0.978367256145034,0.8547762191048764,0.8109838274932615,0.7432950191570882
a,3,margin,678,0.8513439889778137,0.9291549328409335,0.847273950407804,0.971570370659841,0.6528787031861375,0.9054160901363906,0.8356527742451219,0.9014033825116948,0.9783081066022843,0.8596164091635589,0.8169531119639579,0.7402969523313363
a,3,margin,693,0.8518768279617865,0.9297931338295989,0.8505817882208471,0.9715299715299716,0.6557911908646004,0.9033156037182483,0.8379549393414212,0.9013397194044688,0.9795110896459487,0.8624983264158522,0.8062860808210391,0.7486645299145299
a,3,margin,708,0.8533887633831327,0.9301558021246835,0.8494303603328048,0.972423859102851,0.6715083798882682,0.9030650386244705,0.8381374722838137,0.9022908321706647,0.9794951802529671,0.8595767336616531,0.7993495934959349,0.7546517809675705
a,3,margin,723,0.8547568578346784,0.9306051577116167,0.8499035433389092,0.9732453836125542,0.675779114270093,0.904815780412219,0.8388149544910614,0.9016496889930586,0.9795633869573703,0.8615261472785486,0.8004746567214782,0.7569426077757208
a,3,margin,738,0.856731148471222,0.9316981840459898,0.8515689127083259,0.9738335925349922,0.6779475982532751,0.9039393197944703,0.8436969937565412,0.903754543607342,0.9793476845219268,0.867563930013459,0.7958769854680635,0.7646196882909284
a,3,margin,753,0.8556911374663062,0.9316519271042477,0.8507074414890495,0.9738050755098864,0.6666666666666666,0.9043503879014043,0.8416329210900734,0.904157509978921,0.979621827245924,0.8654876741693462,0.8012058281694858,0.7642923464650484
a,3,margin,768,0.8547891830594906,0.9311316684308278,0.847876387170252,0.9733893557422969,0.655625356938892,0.9046851336166887,0.8422390010164077,0.9030604213982145,0.9787364718362941,0.8663729809104258,0.8086326083291182,0.7603613177470776
a,3,margin,783,0.8538247162677695,0.9310192628926647,0.8494599818561422,0.9737646806770154,0.6641427798810168,0.9027363062313378,0.8429177641205736,0.9035958328665845,0.9791230762077463,0.863849765258216,0.7974145262799796,0.7568777148874556
a,3,margin,798,0.8528355401747049,0.9312824913383173,0.8454429547691075,0.973745158716257,0.6488027366020525,0.905870297174645,0.8423861393376709,0.9046625849424746,0.9790692268352783,0.8620047859611806,0.8026652998462327,0.7563136321565517
a,3,margin,813,0.8542739814770747,0.9313628397616391,0.8460405998830262,0.9734898546217834,0.654300168634064,0.904386179857878,0.8449978219834471,0.9046408566350977,0.9784961218707909,0.8734891216760677,0.8082284937096226,0.7464372143049207
a,3,margin,828,0.856639909954031,0.9316158630441834,0.8478852743796836,0.9737574165937166,0.6749576031656302,0.9083879808162866,0.8428643542222543,0.9025733634311512,0.9792775471154829,0.8684883564409746,0.8073112401776563,0.7521413276231264
a,3,margin,843,0.8539247824565951,0.930968130383024,0.8472037488843677,0.973317775184753,0.6573816155988857,0.9055380989787902,0.8414770877789431,0.9039614223263779,0.9787396231326286,0.872996632996633,0.8096862210095498,0.7422245651027939
a,3,margin,858,0.8523427655274901,0.9317785060421934,0.8434451536183614,0.9729393709812149,0.6230457440648524,0.9099689548120041,0.8429746052535837,0.9051029342433154,0.9791221650537735,0.8725961538461539,0.8180289270097545,0.7473060344827587
a,3,margin,873,0.8575338802993665,0.9324772802116296,0.8529859570432446,0.9733742760523963,0.6520787746170679,0.9126031322563114,0.8399445821787954,0.9042216180997101,0.979670339880698,0.873367102106105,0.8253544620517097,0.757190635451505
a,3,margin,888,0.8565235973289133,0.9327222081719003,0.8519811577141403,0.9729593126105636,0.6413641364136413,0.9163271390241479,0.840994286130218,0.9047758438224764,0.9799190824394046,0.8660809371671991,0.83659264169705,0.7496989966555184
a,3,margin,903,0.8550271867999513,0.9323301683048604,0.8495944722728352,0.9722492129503673,0.6369213608477412,0.9150495049504951,0.8426336423258711,0.9057722098740486,0.9792494153457812,0.8648648648648649,0.8285381673041743,0.7499663027362178
a,3,margin,918,0.8565598222453066,0.9323484115800338,0.8513402238992582,0.9716164426200805,0.6472889882615986,0.9144184207925684,0.8442115986320309,0.9057063012710719,0.9790760037486893,0.8662521497552587,0.8380606860158312,0.7424078091106291
a,3,class_balanced,18,0.21368368764739043,0.32077323665397023,0.2563999590237209,0.20599550337247063,0.017859399351333138,0.10037784273187424,0.32204068022674226,0.5807962529274004,0.35781193094908587,0.10402635072022025,0.15765069551777433,0.07659453302961276
a,3,class_balanced,33,0.3814149905408495,0.5964314441529429,0.4703398480246521,0.6928514117602109,0.09412030244893353,0.13255131964809383,0.4030802083670366,0.604636235712346,0.7643494451798994,0.3183400450481196,0.30934873949579833,0.11345720720720721
a,3,class_balanced,48,0.46938056783422805,0.6797720666091029,0.5204415341102632,0.7926859591071668,0.10432748538011696,0.3443204868154158,0.6028630368194037,0.640041386445939,0.8118249917269181,0.3205137779105369,0.4706652697747512,0.1371827165278047
a,3,class_balanced,63,0.46720956488196536,0.6929070543445947,0.5317299001294303,0.7718778299168519,0.0483619344773791,0.4836392657621708,0.5692542868536488,0.6228540923267119,0.8465942906396864,0.2728138013087448,0.2705894985504134,0.3189010841020807
a,3,class_balanced,78,0.5565641570974562,0.7501236956302072,0.5889413464241551,0.8981844535706985,0.4018181818181818,0.6523922571219869,0.5808759025575275,0.5955906352927213,0.8964159731831381,0.250368689733409,0.4613185635161694,0.2721127570832734
a,3,class_balanced,93,0.5403921288551305,0.7236650671744745,0.5757911684159696,0.883281550259514,0.38486312399355876,0.5678950025239778,0.5849560146288425,0.585506577429033,0.8546387682589814,0.28377065111758987,0.48266241530490234,0.23595505617977527
a,3,class_balanced,108,0.59612771111939,0.7841022211132411,0.6313814271644502,0.9326704975049146,0.3729174051754697,0.6675350991460414,0.617776728074319,0.6471827561990168,0.9171905566845834,0.261249557104051,0.4383613366056258,0.5102654635804891
a,3,class_balanced,123,0.605598768509972,0.7952042754388161,0.6282970507354964,0.9466201665618509,0.3714851485148515,0.6681831668479873,0.6206344525424443,0.6842171941115363,0.9214780600461894,0.30450868501912587,0.47542758172764665,0.45783446121811555
a,3,class_balanced,138,0.6549736235136222,0.8233545350598166,0.6785626524788078,0.9329598292552786,0.42985611510791366,0.8105160489448484,0.5941223193010325,0.716295025728988,0.9494564907003751,0.34295136026380874,0.48045424765232586,0.6381511746680286
a,3,class_balanced,153,0.6721603117506842,0.8382033641319055,0.6948448978050862,0.9556404399485575,0.42496899545266636,0.8259735505422596,0.6446861021132192,0.7118831266629851,0.9580509902287447,0.3664500154750851,0.5052531041069723,0.6565364812256688
a,3,class_balanced,168,0.669325845252879,0.8292759860859845,0.7031878965262867,0.9508006498027385,0.48405417212756663,0.8228975265017667,0.6612682645936803,0.7103999164665344,0.9403044871794872,0.34285714285714286,0.6008642256083694,0.510486222138625
a,3,class_balanced,183,0.7073098598500978,0.8461605810634775,0.7302856340272448,0.9495447870778267,0.5499290108849977,0.8341481760060173,0.6555603634790134,0.7366849178695869,0.9572556185596142,0.3632029663635561,0.7218045112781954,0.5976583871320713
a,3,class_balanced,198,0.7242370731072459,0.8644689723572133,0.7303815049187959,0.9558834921372685,0.5739471106758081,0.8628705073743497,0.6765943900109653,0.7959967031673143,0.9646334828045554,0.3858046380885453,0.709234188724995,0.5931691449814126
a,3,class_balanced,213,0.7346775816516111,0.8698403514311542,0.7394512701280731,0.9503201676229267,0.555858310626703,0.8708775852431526,0.6772131557333143,0.8126831991811287,0.9664886589881473,0.45352882703777336,0.7170340681362726,0.608094262295082
a,3,class_balanced,228,0.7434044832479125,0.8750223152965784,0.7435091349012909,0.9418105992052563,0.5751575157515751,0.8788276055810469,0.6767287282876134,0.837250333642471,0.9693651028562972,0.4778220451527224,0.701797385620915,0.6318810331333159
a,3,class_balanced,243,0.7455971119676418,0.8760684142808571,0.7425202327420628,0.9454351876497206,0.5391380826737028,0.8855363984674329,0.6911834731328522,0.8362702400893356,0.9647751155947877,0.475860075166233,0.7622483858716294,0.6099270490630812
a,3,class_balanced,258,0.7570171928827449,0.879655741228284,0.7473671699921672,0.9544780940076757,0.5686839577329491,0.8900233789780047,0.6867576791808874,0.8205377614117974,0.9708589243377452,0.49677128698002704,0.7782363977485929,0.6468072555670256
a,3,class_balanced,273,0.7552570057208268,0.8776773147100537,0.7451485908558798,0.9607157943243347,0.5829145728643216,0.8863004008488564,0.6959007967103572,0.798996187442691,0.9707460684206604,0.48592503387023933,0.7530317613089509,0.66278243569703
a,3,class_balanced,288,0.7756011406730076,0.8872303040038777,0.7649702714876532,0.9625002417467654,0.5761689291101055,0.8888571836210586,0.7145873320537428,0.8117558255618593,0.973409482838547,0.6,0.7730456180200643,0.6800856531049251
a,3,class_balanced,303,0.767651107388711,0.8889197636139122,0.7501837862206119,0.9607922626976313,0.5642398286937902,0.889438865356242,0.7228365917804747,0.8338581925756274,0.9734133072952992,0.5369797041623667,0.7527258566978193,0.674575357239148
a,3,class_balanced,318,0.7736864990578315,0.8905622302656879,0.7575674716604188,0.9606958138814095,0.6263027295285359,0.8871975569649988,0.7240539651201053,0.8413603027047227,0.9738833337975471,0.5724758413862046,0.7115344791882378,0.6656744689487214
a,3,class_balanced,333,0.7799917680175642,0.892683069332777,0.7726096393540817,0.9616372236702384,0.5841300191204589,0.8958725970599322,0.7153206690481755,0.837423168957913,0.9752423968122136,0.6196450428396573,0.7446555819477435,0.6859992127017451
a,3,class_balanced,348,0.7869184570702934,0.8940604357733452,0.7741526726360711,0.9637105349651026,0.6410126582278481,0.8962138508371386,0.7192114978902954,0.8377896613190731,0.9759715604526504,0.5915853463445848,0.7620341614906833,0.6947368421052632
a,3,class_balanced,363,0.7852385005503559,0.8928226310623777,0.7805754858126647,0.9603900536323744,0.6106870229007634,0.8947096167411239,0.7172619047619048,0.8366783802268815,0.9745323164883464,0.6100541376643465,0.7669661632575033,0.6958669092799584
a,3,class_balanced,378,0.7909959142377487,0.8946829470416,0.7902025857243783,0.9634062860607483,0.6050574712643678,0.895377815394743,0.7105397408427712,0.8363864317057881,0.9754911097029112,0.6467722289890377,0.7709049255441008,0.7150272186352703
a,3,class_balanced,393,0.7947045758287525,0.8969002181573287,0.7870000255201349,0.9615122017829624,0.6105054509415263,0.8965549610438374,0.7242196353147213,0.8442690648802422,0.9742389195642441,0.6686226065472514,0.7640797367911748,0.7083386055928128
a,3,class_balanced,408,0.7887884301717352,0.8921488424858941,0.781124147138959,0.9525680717631182,0.6054216867469879,0.8995983935742972,0.7204035275253875,0.8404580860534124,0.9709802613906874,0.618946681884885,0.7810982443033246,0.7096209183035156
a,3,class_balanced,423,0.8019080276084513,0.8949868493368296,0.8038492911079724,0.9565010978576939,0.6240220892774966,0.9008685800604229,0.7277426954160259,0.8342118443962124,0.9703126449577882,0.6775872627066748,0.8134984742416084,0.7124275595621378
a,3,class_balanced,438,0.8110678810130106,0.8996064296857887,0.8125942410912799,0.9593667959719446,0.624113475177305,0.8981967369525808,0.7395262914824834,0.8355365011313565,0.9726852239625504,0.757504414361389,0.8014901543374136,0.7111913357400722
a,3,class_balanced,453,0.8164006691645798,0.9029985278191206,0.8183974475651211,0.96271265894486,0.6323957322987391,0.8954578226387887,0.7524785194976867,0.842160361646443,0.9727202451359331,0.7719656127058138,0.8047337278106509,0.7129813418023025
a,3,class_balanced,468,0.8120589809760016,0.9018684086890734,0.8192372882184168,0.9639132981839484,0.6205624711848778,0.8870501835985312,0.7512770137524558,0.8432134292565947,0.9721948223558095,0.7568442743597291,0.7959656084656085,0.7175097276264591
a,3,class_balanced,483,0.8169654424393441,0.9044070628962239,0.8237006893495473,0.964291307752545,0.6307328605200946,0.8919986347457214,0.7571580063626723,0.8485369230034846,0.9726473158667881,0.7597430406852248,0.8073729657920956,0.7202079272254711
a,3,class_balanced,498,0.8213447679798596,0.9048385568923234,0.8214314552715849,0.9670833496610369,0.6432264736297828,0.8905144387072098,0.7583138173302107,0.8466917952729772,0.9712700909268583,0.7707289927657206,0.824957264957265,0.7193166885676742
a,3,class_balanced,513,0.823639158770376,0.9057758375058855,0.8226816987133692,0.968940209413837,0.6769073220686124,0.8970623358012897,0.7554389858435051,0.8478558286549983,0.9724293974692031,0.7520382344672477,0.8109443954104149,0.731135719804275
a,3,class_balanced,528,0.8260878759786376,0.9088690435040696,0.8244747175706257,0.9681333568946221,0.6649104320337197,0.8986686032437666,0.7666587541117027,0.8578540732217081,0.9727717487165681,0.7631469404745387,0.8104191823356909,0.732227792775421
a,3,class_balanced,543,0.8253711148860049,0.9070598782427806,0.8240246013808386,0.9677647197316016,0.6652998462327012,0.906696471960346,0.7545051102743411,0.8454913403614458,0.9744618041050491,0.7597365406643757,0.8133310309100328,0.7410531697341514
a,3,class_balanced,558,0.8205868565793626,0.9054332746836549,0.8197318175663795,0.9671858164364776,0.6506256015399422,0.903330470464739,0.7501490757304711,0.8437018604100012,0.974481021131016,0.7380281690140845,0.8025659301496793,0.7552137643378519
a,3,class_balanced,573,0.8229774576278829,0.9087095402645488,0.8177182054397307,0.9687787499755319,0.6646464646464646,0.9014666987256552,0.7576323564369885,0.8574273013521022,0.9755648706676209,0.7301201155542041,0.7973445143256463,0.7538160469667319
a,3,class_balanced,588,0.8138379458603229,0.9024260152983218,0.8127070420538147,0.968231315125804,0.6299902629016553,0.8927128392831678,0.7421235344206458,0.8411201634165459,0.9732873520365365,0.7094490612496153,0.8081930220447839,0.7594339622641509
a,3,class_balanced,603,0.8239564292929304,0.9056159742465129,0.8241135252376117,0.9689069553831421,0.6597735105859183,0.8915063350539653,0.7504968504732711,0.848809468119942,0.9723863296440323,0.7453896490184414,0.8212426240888581,0.7570961412688031
a,3,class_balanced,618,0.8244998880479992,0.9040487233964871,0.8175273667078815,0.9694936412577047,0.6773162939297125,0.901345504683117,0.7407237144545873,0.8346844924856588,0.9743914830939041,0.741296518607443,0.8259820813232254,0.7552652625966408
a,3,class_balanced,633,0.829294549555185,0.9043971272815915,0.8248228338959639,0.9698365005658095,0.7069818581638263,0.8915204261187997,0.7458784893267651,0.8353673013913291,0.9736967511049234,0.7569158328428487,0.8325896546025451,0.7508641318798192
a,3,class_balanced,648,0.823142617629716,0.9051075267253513,0.8186556792359719,0.9702889226810153,0.6902748414376322,0.8987734453300243,0.7445790290108585,0.8428871230163408,0.9752436428811471,0.702137335152342,0.8284263959390863,0.7556728232189973
a,3,class_balanced,663,0.8271415763984709,0.9067024474389453,0.8236054877601766,0.9696520806938895,0.6911157024793388,0.9042670370192999,0.7471880021424746,0.841862977663997,0.9761731640472062,0.7430667644900953,0.8206185567010309,0.7503299023489047
a,3,class_balanced,678,0.8327527940591973,0.9092810346377111,0.8343541783585796,0.9689334399438345,0.6798378926038501,0.8955393503172648,0.758742927261572,0.8519541305874093,0.9742099459903941,0.7901579756745422,0.8226659839563065,0.7527335001976024
a,3,class_balanced,693,0.8366918275316436,0.9118174407760329,0.8370864208953934,0.9714831863930717,0.6771096513390601,0.8983123774919921,0.764346847614826,0.8533020527859237,0.9751408745866903,0.8119057461761058,0.8191489361702128,0.7594767752269087
a,3,class_balanced,708,0.8330358805024858,0.9104401759992489,0.8374919777572138,0.9721994775217374,0.6538461538461539,0.9057879988404677,0.757190635451505,0.8443987863439807,0.9759992555023033,0.8083840432724814,0.8215075718904202,0.7580090018533228
a,3,class_balanced,723,0.8372924902057999,0.9126909850167295,0.8416017938687883,0.9724050385704521,0.6673267326732674,0.9039965456028403,0.7662670355569218,0.8538965631040498,0.9749748631437828,0.8077695914266577,0.8272413793103448,0.7617546624638823
a,3,class_balanced,738,0.8349104705572192,0.9123698090271266,0.8420548920929026,0.971835659217332,0.6416015625,0.8986809405467406,0.7677725118483413,0.8543298700683976,0.9747567023378948,0.8112832737385777,0.8281117696867062,0.7658219450709831
a,3,class_balanced,753,0.8309216710308746,0.9098572034326864,0.8397320977000111,0.9721680829500273,0.6293508936970837,0.8989100028937976,0.7593944671444839,0.842986741102582,0.9752948617777282,0.8231292517006803,0.81436919903747,0.7626915389740173
a,3,class_balanced,768,0.8396831039154867,0.9156134061023744,0.8434184423187437,0.9724037055095076,0.6679861454725383,0.9039887558765085,0.7751002639426867,0.8602185920789752,0.9769457541686429,0.825107296137339,0.8082777492731316,0.7671196727800501
a,3,class_balanced,783,0.8442125800823299,0.9164886430611223,0.8469375757909325,0.9727325921591574,0.6904024767801857,0.9058852258852259,0.7784570199105222,0.8585616115974771,0.9771145759684442,0.8341118377152008,0.8118946474086661,0.768753233316089
a,3,class_balanced,798,0.8466845170860856,0.9192047076166487,0.850497662871374,0.971158540157388,0.668349318525997,0.9030604844558333,0.7896034373459182,0.8738427525217631,0.9751828898932948,0.8427604871447902,0.8302014558997799,0.7660012878300064
a,3,class_balanced,813,0.8468370846678646,0.918438601724476,0.846328731993958,0.9715010735896935,0.6896180742334589,0.9055282734477561,0.7858021437357231,0.8686106188580239,0.9762607683352735,0.8325255788906839,0.822870715982355,0.7688165149378126
a,3,class_balanced,828,0.8473788741479074,0.9184497207412082,0.8475066274514563,0.9718227294044083,0.6882978723404255,0.9063590538968592,0.7855252159375871,0.8683120908607249,0.9758496400264508,0.8359831498844952,0.8277730736663844,0.7664870413138312
a,3,class_balanced,843,0.849752867171229,0.9193578112315467,0.850315218121099,0.9717580377210984,0.689545934530095,0.9035198293416077,0.7904868182452225,0.8703866635795323,0.9753986205355897,0.8524193548387097,0.8268936170212766,0.7673669287279289
a,3,class_balanced,858,0.8526578745391167,0.9201699090835023,0.8546738711351125,0.9728514746985126,0.7003222341568206,0.9020693675313319,0.7915770166837148,0.8709751822123812,0.9755402649882217,0.8621593291404612,0.8280020097136158,0.7704239917269907
a,3,class_balanced,873,0.852675402334163,0.9200324298384142,0.8542433285700985,0.9718158136984155,0.7083333333333334,0.9022082018927445,0.7948997154799958,0.8710786916276171,0.9752865862736341,0.8579387186629527,0.8255247691015953,0.7669927909371782
a,3,class_balanced,888,0.8534374379482961,0.9184109540025089,0.855097504894935,0.9715080188771614,0.7218438973284442,0.8984111699566683,0.7892392409947038,0.8692706533010716,0.9736111369947259,0.8603834728598434,0.8308213378492803,0.7658480133727659
a,3,class_balanced,903,0.853317362389146,0.9175415188750983,0.8574932936613247,0.971991153040653,0.7194994786235662,0.8963809523809524,0.7880746377566976,0.8638635148641425,0.9734425647588533,0.8669242040761955,0.8314339173328797,0.7682458386683739
a,3,class_balanced,918,0.8539645527159831,0.9196329211652806,0.8571670062061673,0.9724576685915631,0.7084188911704312,0.9094509103201815,0.7881436577027455,0.8664502612979718,0.9752885179630958,0.8640321500334897,0.8335042735042735,0.767934643860097
a,3,quota,18,0.21368368764739043,0.32077323665397023,0.2563999590237209,0.20599550337247063,0.017859399351333138,0.10037784273187424,0.32204068022674226,0.5807962529274004,0.35781193094908587,0.10402635072022025,0.15765069551777433,0.07659453302961276
a,3,quota,33,0.3527994011901263,0.530200474858161,0.42037011161614046,0.4553415061295972,0.1003440366972477,0.12338782551548509,0.5382941555058384,0.6327857861213544,0.6718530872152523,0.20373577436912418,0.40922136839181555,0.04023107076542191
a,3,quota,48,0.33428534615089356,0.569238376873834,0.39766813478301494,0.46801929327880887,0.05282112845138055,0.0912471775800239,0.5395578337205682,0.6031472300064669,0.7940077110986844,0.247162242894939,0.183375,0.029230498327170278
a,3,quota,63,0.46724567562140606,0.6668479501219025,0.5203021451497707,0.7780726961633799,0.03434409303336594,0.3231272867321394,0.5262634197433883,0.6759445363185346,0.7880414282173149,0.3358536357696257,0.6144833603390253,0.12908062427588088
a,3,quota,78,0.42099378548956135,0.617618042153395,0.47935151087455036,0.71259979981844,0.04989013829649735,0.22660175879396985,0.5899019899019899,0.6208095485210171,0.7336924896288927,0.23747108712413262,0.6010033035605041,0.016973953760608722
a,3,quota,93,0.4595028173547836,0.6310697770930516,0.47971848968406,0.585895880584419,0.0328649138712602,0.26211552888222056,0.5955741418365569,0.6300554448791493,0.7908611011185196,0.3479151887759124,0.6732734592753175,0.21696969696969698
a,3,quota,108,0.5029691388322628,0.6472118823904922,0.5252835389640169,0.5344268654235128,0.06710310965630115,0.6949553066885852,0.561006555297103,0.6328426544573695,0.7794929445124918,0.3108205201896824,0.670524285463791,0.2755500078015291
a,3,quota,123,0.5634995621502599,0.7367805314786852,0.5720153210919493,0.7957288765088208,0.1947209000432713,0.7523586082963111,0.609324319043339,0.599868280607726,0.8711217835020602,0.2628243612834367,0.642819196033292,0.34272973403408186
a,3,quota,138,0.5500880085240663,0.6701080960862554,0.5724519537452966,0.44278753008865146,0.17924166985829185,0.7725283469265963,0.6670523157019415,0.7101993643455649,0.7968922131385169,0.3789055103200151,0.6800435526520454,0.3231415736849732
a,3,quota,153,0.5638751252062559,0.7222627962322498,0.5982489540527339,0.7304347826086957,0.24296108826320784,0.7718166207004215,0.5987050253844456,0.648930551888038,0.8432138920017128,0.2743181013106624,0.5982556554919597,0.3662404092071611
a,3,quota,168,0.5711484635325829,0.7357606327822949,0.5974330959299052,0.7067822286239352,0.2169378389653734,0.7852492420853834,0.6295270558159353,0.6967982335081424,0.8574018499124327,0.3203144601488668,0.5286464848636477,0.3986787778695293
a,3,quota,183,0.6763076068711454,0.8168586335111647,0.6831509191878321,0.8811133200795228,0.4324765401876785,0.8253176930596285,0.6214838734778041,0.7735919927528226,0.9163099736733707,0.4687667992688958,0.7472942793334478,0.42041399000713775
a,3,quota,198,0.6797234869745605,0.8155298063532544,0.6830244682278255,0.8635570397500808,0.4107850911974623,0.849903130417049,0.6296005091916582,0.7614613180515759,0.9156647698788929,0.5182877581631475,0.7111483654652138,0.4571034006559641
a,3,quota,213,0.6605134279941799,0.7975508061297024,0.6839152595436988,0.8285232257338881,0.4,0.8329132535181685,0.6091839579433669,0.7630522088353414,0.9008999535564377,0.39127125095153514,0.7590138674884438,0.4597631339204373
a,3,quota,228,0.6702181333746623,0.7979505849907844,0.6694308970131311,0.7983401720101073,0.3647444913267698,0.8842987429134829,0.6506784949065895,0.7508372711841079,0.8959611915305004,0.41905642923219244,0.7617560298455666,0.5062903774226454
a,3,quota,243,0.6893437690541764,0.8017153429451687,0.6807364562330367,0.7988336843079629,0.4447101016138673,0.8763498394785485,0.6805117359497972,0.7521204157209413,0.8926460361613352,0.4093074386222059,0.7938349954669084,0.5557796741660201
a,3,quota,258,0.704529739650816,0.8239182723530603,0.694153294867994,0.8587847138768108,0.4578034682080925,0.8768992548146715,0.6824369718185355,0.7601425824304676,0.9138312366190704,0.43680709534368073,0.7680383834655841,0.5860239502804305
a,3,quota,273,0.7180430209417108,0.8307138162611869,0.7079121059199884,0.8753757622605858,0.4744136460554371,0.8884581839325516,0.6662258224499917,0.7525247713414634,0.9218170003293602,0.5170263788968825,0.789216573186177,0.5773290500229463
a,3,quota,288,0.7089475218855649,0.8093427090351173,0.7106915841966077,0.8197101185878505,0.5564648117839607,0.876922325831177,0.6538134005518275,0.7278342493069403,0.9116332658333915,0.47363415407376097,0.7997986239301896,0.5607167470709855
a,3,quota,303,0.7160392958354438,0.8026485267175374,0.6976975677974407,0.8134815117838231,0.5835294117647059,0.8948205251746567,0.6371466627201421,0.682140127388535,0.9102121404528098,0.5570958982421037,0.7933559564207894,0.5725714285714286
a,3,quota,318,0.71878362511941,0.8091852031928964,0.6994472585231403,0.8154441569148327,0.5824895771292437,0.8930509034297306,0.6588955178216307,0.7031779927144831,0.9132488968644075,0.5764673463764123,0.7798114254021076,0.5464668094218416
a,3,quota,333,0.6907556983810765,0.779242523252648,0.6840915669997928,0.7424452049807034,0.5299719887955182,0.8846098577381808,0.6422730504858971,0.6737277321218927,0.8948316379916634,0.589519023689878,0.803157714089583,0.4562650755363717
a,3,quota,348,0.6897389247230782,0.7923475139506159,0.6801276180215973,0.7616400277970813,0.46318156267566046,0.8920318343081791,0.6496511200881381,0.7011852776044916,0.9067181798669243,0.5664772727272728,0.7959795450537824,0.4707855023861731
a,3,quota,363,0.7192372876713355,0.8216286679890281,0.6928372689381281,0.8942768656399813,0.563816604708798,0.8930658356057655,0.6250694749158988,0.6520076481835564,0.9369197473609823,0.5837417123090227,0.7725135623869801,0.5517241379310345
a,3,quota,378,0.7251572767727327,0.8292429705420347,0.7052094288116894,0.8493503037828729,0.4979965655409273,0.8957741049486821,0.673995602638417,0.7590313242804358,0.9206279868252069,0.6208419599723948,0.7867607162235486,0.5220369267421084
a,3,quota,393,0.7362019694999198,0.8279761652200825,0.7157683696598506,0.8486586206130114,0.5867620751341681,0.896582117324454,0.6666666666666666,0.7510612926305748,0.9195129816365839,0.6045942639662906,0.802405498281787,0.5495742092457421
a,3,quota,408,0.7317242942968109,0.8193511609667087,0.7016916332054826,0.8168298709618377,0.5680546923555003,0.9009250826822605,0.6572659352493774,0.752001862197393,0.9125349627780885,0.6152760129888465,0.7902669329943708,0.5723632964636236
a,3,quota,423,0.743189199992968,0.8444436115450432,0.7152752067881455,0.8681534500065465,0.5415929203539823,0.9013338469687485,0.6806275238537683,0.7982142857142858,0.9278072289156627,0.6426512968299711,0.7826401446654612,0.5456821026282853
a,3,quota,438,0.7403246492290547,0.8430391241959587,0.7075104373311558,0.8571680674122604,0.5557609365372767,0.8985829665812255,0.6909703930038984,0.8203022119054527,0.9216868519647992,0.6428017976135131,0.7804616210413312,0.49518699700173585
a,3,quota,453,0.742692048248271,0.8288023842956762,0.7105607820754236,0.7944503934075143,0.5938606847697757,0.8978779196814451,0.6938819397154223,0.822362169925975,0.9091235447971691,0.6421117249846532,0.7684605757196495,0.5620994812328349
a,3,quota,468,0.7433353296910692,0.8377351364978564,0.7121679927268415,0.837028550890671,0.5690747782002535,0.8994601889338731,0.6936131026771032,0.8045419571451887,0.9200336773398373,0.6023427866831073,0.7953133321498314,0.5686095931997571
a,3,quota,483,0.751145272691681,0.8375698796036382,0.7191540073621286,0.8197274260449428,0.617876424715057,0.8968691566380592,0.7136790631836315,0.8138394865844129,0.9168558333836819,0.6536708064769691,0.7643921280117711,0.5633971291866029
a,3,quota,498,0.7504281198273013,0.8362413841624308,0.7261379240425625,0.8144261393579726,0.6108835576360445,0.9045687240413407,0.7095882294855337,0.8125823451910409,0.9165817516105076,0.6165235416049748,0.7998571683627923,0.5688416211555044
a,3,quota,513,0.7575922072851359,0.8523282394299458,0.7319861710127447,0.8661148337931941,0.5939759036144578,0.9037463976945245,0.7137679976492867,0.8173986725038836,0.9295184803934508,0.6037114636336426,0.7860498735092157,0.6040462427745664
a,3,quota,528,0.7620379789629301,0.8703570433130702,0.7391406922722891,0.9211890054309523,0.5941578620261032,0.8867804567907273,0.7139847247827232,0.8220804412348968,0.9517397596426099,0.6170665047069541,0.7542144302090358,0.5971286258423674
a,3,quota,543,0.7812195078731026,0.8767276479685597,0.7612359952016656,0.9138615931423792,0.6090487238979119,0.8942237029052962,0.7294017759224537,0.8515717907869051,0.9459483669849688,0.6924775504195495,0.7919866444073456,0.6024554223911137
a,3,quota,558,0.7903963012639843,0.8828970053256542,0.7695266851834641,0.9250160133892597,0.5995288574793876,0.9034138629514352,0.7289345901171094,0.8500818550828643,0.9508326226491315,0.7275053304904051,0.8044823549088477,0.6237712243074174
a,3,quota,573,0.7907332715178079,0.8801702838711569,0.7787253665892176,0.917626476162706,0.6082474226804123,0.8947891805887033,0.7359548580497267,0.8452585910061291,0.948041595385456,0.7596493523485542,0.79115803365226,0.6158739337863236
a,3,quota,588,0.798899570546432,0.8936085854067076,0.7868791372520627,0.9509989146601279,0.615296803652968,0.9072743380253963,0.7413701914601036,0.8473768253453982,0.9619204997366939,0.7333166708322919,0.8054157264363826,0.6271261647685253
a,3,quota,603,0.7994157537025515,0.8939052175733545,0.7832840924153818,0.9557844215578443,0.6,0.9076044129235619,0.7264734843156562,0.8403788086741696,0.9647580696475807,0.7763175721446959,0.7965367965367965,0.6268882175226587
a,3,quota,618,0.8084255072627259,0.8983106471958986,0.7877903484528221,0.9604234236026822,0.639039039039039,0.9095469971963995,0.7358153494354723,0.8486578321440706,0.9658350866646629,0.7887436649773273,0.8041057759220599,0.6236623963828184
a,3,quota,633,0.7937704172107893,0.8923451647261008,0.7867899501998308,0.9613595706618963,0.6427732079905993,0.8614178103394903,0.7346171578536724,0.8429273671153581,0.9661035481931004,0.8020382165605096,0.7072412261217237,0.6254556500607533
a,3,quota,648,0.806056076942607,0.8986247894577919,0.7891996464450455,0.964801355157675,0.6367444643925793,0.8954362215697009,0.7345838800042551,0.8464283279165435,0.9686066631876734,0.808252427184466,0.7739087788131437,0.6257425742574257
a,3,quota,663,0.8048483736214356,0.8973590787356456,0.7849391192075716,0.9646316204753921,0.6456876456876457,0.8911141357184522,0.736205645579242,0.8426891297843448,0.9676384305097177,0.81992230854606,0.7470557215679381,0.6286907247241277
a,3,quota,678,0.8110821616900624,0.8995025432837462,0.7941380548534771,0.9650988733947845,0.6615475487300649,0.9022354408519621,0.7408692032881273,0.8422344712585113,0.9680849106929346,0.8309636650868878,0.7670485542825969,0.6216567876246928
a,3,quota,693,0.8122812598985175,0.901044638136422,0.793657506704305,0.9670368620037807,0.6443661971830986,0.902153307733437,0.7408981639549873,0.8435455359397599,0.9694500270719195,0.8330385086406313,0.7806406685236769,0.6294020680353664
a,3,quota,708,0.8069131582942017,0.8978830613816962,0.7856027036769772,0.962346240556896,0.6429840142095915,0.9014139066434244,0.7395575707611981,0.8399018200342704,0.9676811474884968,0.8210871346626605,0.7565449688334818,0.6307016214577966
a,3,quota,723,0.8064130392911807,0.9009497869786743,0.7844423692655333,0.9661030310196681,0.6495925494761351,0.8982349303011561,0.75001757963575,0.8520052160783327,0.9685924350488623,0.8226893020749124,0.7315789473684211,0.6189033626173887
a,3,quota,738,0.793037304665114,0.8962615847913074,0.7766624441882796,0.9670735782665959,0.6441073512252042,0.868030288130593,0.7462347061864553,0.8477828640125769,0.9691908113912318,0.8114238863077343,0.6664450722951637,0.6170471841704719
a,3,quota,753,0.8110815644452987,0.9027208070419405,0.7916619711693951,0.9650015782828283,0.6417998815867377,0.9087432477651896,0.7526978729310524,0.855434432638793,0.9680427445534721,0.8042675420599097,0.7802837395416515,0.6234630406480544
a,3,quota,768,0.8132584684755023,0.9042872377307656,0.7947118513124329,0.9661227141198008,0.6470588235294118,0.9057911712318876,0.7568720710638596,0.8582725755948164,0.9691368242932553,0.8092533591910237,0.7789661319073083,0.6278525453481568
a,3,quota,783,0.8083031692824477,0.9000730236597386,0.7895982708907613,0.9648904431667753,0.6375074895146795,0.9065763746482903,0.753676596035077,0.8508320585917583,0.9642353591669355,0.8170697803725326,0.7802478134110787,0.5996926086349029
a,3,quota,798,0.8046409443620892,0.8989948874136631,0.7905910356254512,0.9694693813686949,0.6461352657004831,0.8872978764854861,0.7459831154684096,0.8443350211362475,0.9679277610557999,0.8199861207494795,0.7379426644182124,0.6226912928759895
a,3,quota,813,0.8109977849554455,0.9023203413012988,0.7867382486003927,0.9675819309123118,0.6506765067650676,0.9044075558099599,0.7529035114607813,0.8505981165691016,0.968270327971436,0.8185915492957746,0.759409594095941,0.6265409717186367
a,3,quota,828,0.8039913852399132,0.8988779337794557,0.7842176834202341,0.9688961646398503,0.6393034825870647,0.8813575525812619,0.7475022089308775,0.8453450316830304,0.9679785165293082,0.8204127161182376,0.736132711249352,0.6289940828402367
a,3,quota,843,0.8086702304551783,0.9028514008523897,0.7854690407504066,0.9696875425327137,0.6497890295358649,0.8941445737173374,0.7543865673179274,0.8527364101618332,0.9702034816533693,0.8195847362514029,0.7375807940904894,0.629918938835667
a,3,quota,858,0.8135247062312476,0.9038607719135338,0.7907885804771168,0.9677018392277962,0.6492082825822169,0.9014423076923077,0.7545489072264614,0.8539294895336026,0.9697221837008274,0.8190127970749543,0.7730823863636364,0.6330741626794258
a,3,quota,873,0.8148134750355981,0.903950865083553,0.797101037220345,0.9671454708240881,0.657566765578635,0.9007219342022385,0.7510522105116699,0.8513833084605671,0.9713984520209726,0.8170481019597094,0.7655184472809932,0.6514865844815083
a,3,quota,888,0.8125027442535044,0.900144715939148,0.7956047326958998,0.9644224230059264,0.6578789694427801,0.8909289825429292,0.7498971898560658,0.8476707895041036,0.966794606098343,0.8110663144724037,0.7756747283561164,0.648190695002872
a,3,quota,903,0.8037845769512661,0.8980060001870381,0.7869892161611343,0.9650103479623218,0.6487434248977206,0.8771164334835191,0.7454733218588641,0.849993106300841,0.9672131147540983,0.8001142204454598,0.7345517841601392,0.6458454386984311
a,3,quota,918,0.8102442324661925,0.9016008057430439,0.7959496514929785,0.965858562425086,0.6430260047281324,0.878964901269734,0.7495138888888889,0.853423468688622,0.969875475356051,0.8050171037628279,0.7467241665284459,0.6797945205479452
a,3,prototype,18,0.21368368764739043,0.32077323665397023,0.2563999590237209,0.20599550337247063,0.017859399351333138,0.10037784273187424,0.32204068022674226,0.5807962529274004,0.35781193094908587,0.10402635072022025,0.15765069551777433,0.07659453302961276
a,3,prototype,33,0.3250430946070615,0.48469473832466947,0.38673563577507475,0.2794581555019484,0.014254683681781156,0.10178387771748768,0.46758027068350416,0.726818967172202,0.6187416175870313,0.2637329515484892,0.29655534184297955,0.1564619857281297
a,3,prototype,48,0.3723054746160346,0.5488136048799888,0.44161244208902917,0.19608249559539848,0.029691211401425176,0.6104925973670846,0.6178500331785003,0.656647782492237,0.7258022748550825,0.19183884297520662,0.13637140415835944,0.18597262952101662
a,3,prototype,63,0.4353891027584996,0.6352417310050218,0.4801334724886913,0.390202446353234,0.013086150490730643,0.5493279621954527,0.5797969368439168,0.7046403760992298,0.8350567512481535,0.3240410347903657,0.298871537672404,0.22347872913301023
a,3,prototype,78,0.4640543175167827,0.5986722674907673,0.486708724915585,0.38277391391996773,0.004702194357366771,0.7113233522629496,0.6356749089267868,0.705169965756285,0.6875833095853137,0.33696587324347577,0.4273778920308483,0.28491744756805
a,3,prototype,93,0.5668129992135307,0.7863007592325609,0.5732888269913716,0.8493962961371546,0.19936102236421724,0.7838600712600065,0.6494398031215595,0.7758080401110216,0.8997314820878904,0.2975886524822695,0.34885439763488546,0.29727722772277226
a,3,prototype,108,0.6133866422683536,0.8354766928661806,0.5961603588938357,0.938938938938939,0.10756501182033097,0.8082012374113715,0.6646531695984069,0.815109435350377,0.9406016829523164,0.3474652715136208,0.4991364421416235,0.39880859068819563
a,3,prototype,123,0.5881695730852725,0.8245706292872255,0.5861259409971515,0.939523350323736,0.09398496240601503,0.7411438649533888,0.6509912106242381,0.8075892128755565,0.941139705882353,0.20027168639627402,0.49441624365482234,0.42446592065106814
a,3,prototype,138,0.6132602839498661,0.8402736520577326,0.6050127316494213,0.9532860393521617,0.07063197026022305,0.8017294626312539,0.6491927446681284,0.8114913908529281,0.9507340643003159,0.29894424893498794,0.49511527940601796,0.4882173551427779
a,3,prototype,153,0.6403345579485936,0.8457111710172687,0.626108989204644,0.9478361223312175,0.24281150159744408,0.8437729610580456,0.6448966408268734,0.81174542348623,0.9550158158457045,0.2525691699604743,0.5170382835506941,0.5473251028806584
a,3,prototype,168,0.6684172679685696,0.8504811465767478,0.6603980267191343,0.9353083094877406,0.36095054592164416,0.8480495704830305,0.6465759118777928,0.8388215685391234,0.9507503618496229,0.31508379888268156,0.5437389424022017,0.5764764022732889
a,3,prototype,183,0.649169600784203,0.8433406534596783,0.6504482476606911,0.9410234337637494,0.3312883435582822,0.8191494439406234,0.6390560875512996,0.8227001955345369,0.9498556794385647,0.3095723014256619,0.4645967436577054,0.565284178187404
a,3,prototype,198,0.6736810741656606,0.8490162128294091,0.6681139558426091,0.9434974747474747,0.4480759093305219,0.8478333893181055,0.6361012056376295,0.8138157295179076,0.9561848264355564,0.3135169969389399,0.5670411985018726,0.5370629370629371
a,3,prototype,213,0.6811073886390224,0.8584717348048443,0.6783350576352501,0.9501594818308123,0.3851851851851852,0.858733406290146,0.6609467651638122,0.8348570767272306,0.9566989965932573,0.3553851070629594,0.5820327369623144,0.5459677419354839
a,3,prototype,228,0.6720052251081333,0.8592621476721051,0.6643142735349539,0.9496754848000631,0.3980370774263904,0.8331979549906828,0.6593822650282298,0.8351759255011698,0.9670510708401977,0.31022443890274315,0.44365502269587526,0.6516477857878475
a,3,prototype,243,0.6900694721910132,0.8643368727227562,0.6749748678412865,0.9570100697134004,0.45541022592152197,0.8597078798027723,0.6593420966581649,0.8270192663949612,0.9686583150933731,0.32887700534759357,0.46944198405668736,0.6851584067306429
a,3,prototype,258,0.695692362948781,0.8703889591644488,0.6868017018986649,0.9567411260116055,0.44711538461538464,0.8394970070994385,0.6950455968422485,0.8481586661780872,0.9672734078891957,0.43814891723524174,0.39218213058419243,0.677069030083635
a,3,prototype,273,0.6977959318370714,0.862848628348766,0.6871441326542138,0.9401370150563899,0.43538998835855647,0.8475344795012281,0.6836487459891297,0.8377258334885453,0.9586867099033294,0.43337048240726,0.4945382323733863,0.6491318994558176
a,3,prototype,288,0.7044523492219568,0.8673050839663121,0.6911976668559757,0.9501800377221894,0.49483204134366926,0.840781073976718,0.680269171254813,0.8493953344934687,0.9614941551942289,0.4836759371221282,0.43343653250773995,0.6460068593826556
a,3,prototype,303,0.7259356620252333,0.8786730249363869,0.7063650606187699,0.9651640541329958,0.4869109947643979,0.8328333020813801,0.70221257526957,0.8439519852262235,0.9694649395060122,0.6333725029377203,0.43275862068965515,0.6667519836191451
a,3,prototype,318,0.7244242379919783,0.8799110700115645,0.7049033440383597,0.9637235037406484,0.4883255503669113,0.8326749435665914,0.7058056099151989,0.85567281166528,0.9696738188627915,0.5994201129253777,0.4342905051351918,0.6702312857498135
a,3,prototype,333,0.7157727701356237,0.8750749515293565,0.6986457970884287,0.9677179527312568,0.5544430538172715,0.8065094339622642,0.7193287629182441,0.8488716869242434,0.9662919260429248,0.5501441845562319,0.3685482099714474,0.6600997202967287
a,3,prototype,348,0.7434668081069059,0.8849358814248625,0.7285759580854868,0.964988972904852,0.6068535825545172,0.8473854696899583,0.7324484930434473,0.8515696570215618,0.9709846586622204,0.6180232558139535,0.4455913978494624,0.6533557854221794
a,3,prototype,363,0.7629997503404543,0.8904265363921217,0.7511885305364547,0.9674640018884255,0.5667752442996743,0.85027093830212,0.7456125168749351,0.841870926282934,0.971217794668306,0.7360788069503352,0.5250338294993234,0.6626736942980355
a,3,prototype,378,0.7431558822182074,0.8862076468902454,0.7274181897757196,0.9678701426463354,0.539340954942838,0.846664500255327,0.7360975609756097,0.8459813846049324,0.9709221047922608,0.6799598335963276,0.44377811094452774,0.6577883472057074
a,3,prototype,393,0.7618309653898021,0.8941912837969475,0.7438247190103774,0.9697267158787498,0.5434929197572488,0.8499692656863209,0.7478349837395403,0.8578728277867101,0.9730886622496836,0.7493951899814999,0.48712791633145613,0.6779702070970086
a,3,prototype,408,0.7601185174169595,0.8952907882802309,0.7430429033187376,0.9724178403755869,0.5434356629653821,0.8337615377295652,0.7575333382450453,0.8633459925800716,0.9736822513400833,0.7563739376770539,0.4566015851536826,0.6839145106861643
a,3,prototype,423,0.7635813569173524,0.8955638949947503,0.7427632595786676,0.970338900092018,0.5488372093023256,0.8425092390789349,0.747375736074028,0.8604789234118345,0.9756328584959976,0.7483538505582594,0.4775767112509835,0.7011287839917907
a,3,prototype,438,0.775074960720556,0.896677052439823,0.7560936699539683,0.9701863111180622,0.5775401069518716,0.8316094731754471,0.7566360341229451,0.858044860473331,0.9735126400059438,0.8040465631929047,0.5101123595505618,0.6939862978939355
a,3,prototype,453,0.7859075778272504,0.8997565850303748,0.7674608347231386,0.970995578237918,0.6076772934287573,0.8380247394565111,0.7570276748747004,0.8582850289826104,0.9754964364366224,0.8079488604780434,0.5424031422960186,0.7153094462540717
a,3,prototype,468,0.7711708184882952,0.8970377589117325,0.7522515344243863,0.9721361021741249,0.5338753387533876,0.819451225466263,0.7508124076809454,0.8607304930166982,0.9752099827563829,0.8229534946967637,0.4879626302551204,0.7174056915949703
a,3,prototype,483,0.775839206966001,0.8953453045866727,0.7583298182216969,0.9707713863158715,0.5643097643097643,0.8306541692972658,0.7283415841584159,0.8564412949361363,0.9746707193515705,0.850464807436919,0.5063608672280954,0.7005382696599711
a,3,prototype,498,0.7781001628335605,0.8962695191433606,0.7626683667483024,0.9702439876550399,0.5882352941176471,0.8346335355870173,0.7346468487152897,0.8567654764740272,0.9753044970436274,0.8296550812739527,0.504029304029304,0.7093874406061385
a,3,prototype,513,0.7798675449011464,0.8992412631962385,0.7654727751623782,0.969573485465906,0.5216792842395045,0.8420543104700131,0.7460537662629823,0.8591354694387788,0.9753253416670553,0.8492462311557789,0.5425,0.7132400154102992
a,3,prototype,528,0.7795946199986488,0.8974555470926057,0.7654638374601653,0.9705165929419101,0.5467914438502673,0.8427636643571979,0.7385980349024783,0.8498411075801684,0.9762823020885734,0.8432806061411671,0.5342490511476595,0.7140287769784173
a,3,prototype,543,0.7833971449223301,0.8986981010946181,0.7715910574785009,0.9719491541920539,0.5750474984167194,0.8417359542461672,0.7440812557710065,0.8549473358800539,0.9752314749932263,0.8454112848402447,0.534585515622178,0.7075848303393214
a,3,prototype,558,0.7726355744939157,0.8962072754327023,0.7564138604840618,0.9725552787293678,0.6003873466752744,0.8396396396396396,0.7436754870601919,0.8503807276127711,0.9765505395616295,0.848989623156745,0.4039535883111302,0.7175879396984924
a,3,prototype,573,0.7897415732531884,0.9032676186055371,0.7776876229995867,0.9725299328336415,0.5958815958815958,0.8405838855277058,0.7698342865522804,0.8656404324420519,0.9751925680407078,0.8598429389058965,0.5241303951921326,0.7040381239026837
a,3,prototype,588,0.7896904890337918,0.9006164487970316,0.7755462703686468,0.9721334476576506,0.6149870801033591,0.8189046372660378,0.763841146785636,0.8626433339987136,0.9743709053007743,0.860617655097021,0.526009582477755,0.7137066126171776
a,3,prototype,603,0.7888625353464596,0.8999742534620232,0.7751290181510954,0.9719320130983938,0.6150895140664961,0.8222856018882769,0.7628139227493024,0.8615568756095399,0.9735306978778039,0.8569493362232458,0.5312234133061086,0.7043814432989691
a,3,prototype,618,0.7872278796430147,0.897496484655025,0.7730178963632381,0.9709757382936779,0.6163601775523145,0.7851957150835153,0.769156733545569,0.8678561163803586,0.9695322107871693,0.8602813127930342,0.5284761416110826,0.7172167707404103
a,3,prototype,633,0.7908185676040324,0.9038454382818073,0.7730571687078454,0.971303634872916,0.5843895930620414,0.83870343492985,0.7700688284441827,0.8689557584735458,0.9751017298723499,0.8626284478096268,0.5344173441734418,0.7117983367983368
a,3,prototype,648,0.7885228153104749,0.9020055900057045,0.7716465126271496,0.973059503357801,0.5946299934512115,0.8413872610241138,0.7649341142020498,0.8637340720221607,0.974036850921273,0.853641933287951,0.5344889851932105,0.6967926243345021
a,3,prototype,663,0.7919312738986873,0.9056807071186418,0.7734144605458104,0.972694447155265,0.5720081135902637,0.8433106247282215,0.7749589341120643,0.8692160951155672,0.976507759501905,0.8618286182861828,0.5412269719191558,0.7156299006795609
a,3,prototype,678,0.7972846370208605,0.9065886485722563,0.7787106475702643,0.9733832884517816,0.6113592852584556,0.8448774840825777,0.7745327102803738,0.8668163528444078,0.9778940435440032,0.8657855293636735,0.5342490511476595,0.7266639882148118
a,3,prototype,693,0.8203333071850286,0.9139562203865745,0.7958299620407121,0.9731101954734519,0.6337135614702155,0.894153788866133,0.7788691461575249,0.870716372974409,0.9773851393361235,0.8635992376803703,0.6632102861883036,0.7282420365187259
a,3,prototype,708,0.8167039497669663,0.9137937927813112,0.7922445350681517,0.9735931666699243,0.6009144350097975,0.8933891992551211,0.7789219982471516,0.8707970112079702,0.9774087303428121,0.8674861542617858,0.6632102861883036,0.7246145667198298
a,3,prototype,723,0.8238328189207329,0.9150137051965226,0.8005658208255437,0.9730162449234614,0.6560196560196561,0.8931504292646509,0.7835005574136009,0.8757884522076662,0.9766294468969099,0.8644501278772379,0.6680437926048337,0.7238966630785791
a,3,prototype,738,0.8229027214007266,0.9159556353729263,0.7983561133921044,0.9726942458689792,0.6419597989949749,0.8933849237797772,0.7921702380069697,0.8792624288676165,0.9760480707708571,0.8716700473292766,0.6632102861883036,0.7157244527997851
a,3,prototype,753,0.8209127032161003,0.9152345861213028,0.7968859952632201,0.9722987899047955,0.6255562619198983,0.8938205116300664,0.7877179402115817,0.8774479397430217,0.9762743934109965,0.8634041408980909,0.6680437926048337,0.723650558621618
a,3,prototype,768,0.8245851682516504,0.9166442306542251,0.7991119657147449,0.9728026923377945,0.639030612244898,0.8928471770067901,0.7926151108474827,0.8795802284051325,0.9765247773421933,0.8740700662789125,0.6680437926048337,0.7257520571968165
a,3,prototype,783,0.8146920524776993,0.9140546378352029,0.7892159361777946,0.9723113023073915,0.5746367239101717,0.8938978482130409,0.7792458432304038,0.8740368951701669,0.9772560800348623,0.871607938436614,0.6632102861883036,0.726025554808339
a,3,prototype,798,0.7880351225963279,0.9069502329784264,0.7657396203902349,0.9726938424223457,0.5695097380792478,0.8485639686684073,0.7795584444693489,0.8755425014247512,0.977352401090646,0.8684990568579898,0.47383483237939494,0.7267613179748191
a,3,prototype,813,0.8180583793025654,0.9170826372099246,0.7931385613949036,0.9731297650079376,0.5675857431069267,0.8936426914153133,0.7930790697674419,0.881552629843726,0.977082386548075,0.8754208754208754,0.6680437926048337,0.7329884600079586
a,3,prototype,828,0.8219123466278612,0.9167838724200337,0.7980179875324749,0.9742886258524731,0.6019672131147541,0.8931074495242516,0.7845032662462712,0.8785633336239211,0.9779639139357582,0.8726045883940621,0.6679050567595459,0.7463076721997125
a,3,prototype,843,0.7959006798787155,0.909747756439074,0.7752234476073946,0.9740425115094524,0.6133682830930537,0.8480312398307842,0.7922217686569933,0.8795968221131627,0.9774632977686157,0.8709327548806941,0.46802385358832,0.739425587467363
a,3,prototype,858,0.8260785477459417,0.9178924277299766,0.8007440404964129,0.9726587052168447,0.6334841628959276,0.8956622593365808,0.7926509186351706,0.8808163086557621,0.9778506516966345,0.8738836265223274,0.6679050567595459,0.7397952399946816
a,3,prototype,873,0.8269036810617562,0.9177563415017655,0.801750817599431,0.9729273416180773,0.6413881748071979,0.8967570837016703,0.7877959927140255,0.8810611002391824,0.9779935694893581,0.8754563894523326,0.6679050567595459,0.7408484207744153
a,3,prototype,888,0.8202372714590022,0.9175111266382321,0.7938261261026891,0.9733961153619777,0.5908790482485129,0.8940032414910859,0.7944446524164265,0.8832585130844192,0.9769388926963899,0.8725994049229104,0.6632102861883036,0.733405288720993
a,3,prototype,903,0.7983953667980787,0.9113325109161272,0.7752834858093648,0.9743740449041965,0.6218158066623122,0.8477717038821458,0.7976110987461978,0.8831140254367821,0.9781292589536533,0.8764442028000544,0.4698399671727534,0.7364581926246117
a,3,prototype,918,0.8283572038785854,0.9177449764278522,0.8039264049952073,0.9727385134737296,0.6607929515418502,0.8938475070598584,0.792851522985276,0.8817067555419125,0.9772727272727273,0.8709066305818673,0.6679050567595459,0.7371931696905016
a,4,random,18,0.3284227362962617,0.47241050632345727,0.43499050600956146,0.6877853480368055,0.06502016129032258,0.18079875787112912,0.2050923335198657,0.4399189221414093,0.5571918698985595,0.23852908891328212,0.44491216708491865,0.1365559779100624
a,4,random,33,0.5252485522474006,0.7150752081053736,0.5824824723945742,0.7229231902744521,0.30501535312180145,0.5085937000830618,0.4938359835626228,0.6855992320839088,0.8957273652085452,0.5054429429429429,0.43572003218020916,0.17437917076906245
a,4,random,48,0.4929274163089399,0.685332988348241,0.5706542867781658,0.7109692260745053,0.14753297508549096,0.5210523562947853,0.30973232398199,0.7628681289871537,0.8421168425201903,0.4233828698279583,0.5494595985589295,0.16923242544945635
a,4,random,63,0.5112794176627292,0.7315137019426973,0.5701569193146359,0.8613752588647986,0.16373831775700934,0.48321806991942134,0.26060307557598644,0.7880674969867416,0.8962029409915292,0.5184230868332904,0.5032652201390352,0.126621291896751
a,4,random,78,0.5699322854862845,0.7682311552561415,0.6063262986822245,0.886344850388494,0.0948316737790422,0.6590586638702116,0.31163968725911245,0.7772102471059222,0.9159875221073774,0.6266924564796905,0.6830183956951571,0.17460707269155207
a,4,random,93,0.5662052753520305,0.7723979976286642,0.6046176051138827,0.880473982483256,0.0861573808156232,0.6433771795656164,0.401418514793839,0.8146396166785606,0.9014384271993506,0.5818705035971223,0.6370246751698653,0.14944719786504004
a,4,random,108,0.6047983987767542,0.795979001350227,0.6086620500356028,0.8868917496558983,0.21256038647342995,0.7061449888379744,0.49925342744672185,0.805857921776273,0.9192022154667725,0.6479380016606698,0.6320217767879238,0.13331512088512498
a,4,random,123,0.6030515374610279,0.8062663428185229,0.6148075398772539,0.9160292954088982,0.17633042096902304,0.7012161717979621,0.5252273461662743,0.8024081014273184,0.9305187530010137,0.6711675933280381,0.6354141365071654,0.06915201854355804
a,4,random,138,0.6090847178137913,0.811656283310222,0.6205496482224421,0.9345263115754919,0.20104244229337304,0.7131202503352705,0.5346155599106696,0.8098147260820955,0.9285270574871768,0.6703081232492997,0.6456356736242884,0.04417231576645528
a,4,random,153,0.6343380536664839,0.8250803545760695,0.6357187055206268,0.9463267891070297,0.1921921921921922,0.7663307399091431,0.5267251600663979,0.8235433960021395,0.9328526684929551,0.7373751989581826,0.6893152144950706,0.09438112377524495
a,4,random,168,0.6551260488192965,0.8335337248120825,0.655361719622982,0.9484065274305624,0.1958041958041958,0.7927238414762005,0.5260817017162195,0.825717492384159,0.9372321428571428,0.7434934263482694,0.7005881548351799,0.22608695652173913
a,4,random,183,0.6553436772585752,0.8317511202228115,0.6595747747597271,0.9443343471009517,0.21104122990915444,0.7880780424706263,0.5274269738744818,0.827619488066274,0.9347533051838495,0.7478096778541582,0.7159371346928173,0.2010928961748634
a,4,random,198,0.660256752260337,0.8363175818573494,0.665713851037528,0.9572798267996598,0.22637106184364061,0.7947826086956522,0.5131880454390327,0.828096415576061,0.9408278196094583,0.751534560982119,0.7084375411346584,0.22179289026275115
a,4,random,213,0.6770933124611713,0.8485032664470326,0.6743029564952608,0.961021792803126,0.21696969696969698,0.8526086295188359,0.5640953585312163,0.8351096162418447,0.9422080652809964,0.7258064516129032,0.8176497073390365,0.17837049385288603
a,4,random,228,0.6737100629440285,0.8447257774611291,0.6741002439856023,0.9556839330024814,0.2029543994861914,0.8317548153666063,0.5395097946437021,0.8317350310258683,0.9444778261064526,0.6911128087598676,0.8086580086580086,0.2575039494470774
a,4,random,243,0.6824007554272312,0.8470430493832458,0.6798939917214395,0.9510081946373041,0.19932203389830508,0.8458620505422878,0.5328653171130452,0.8294394866138575,0.9471168477774397,0.724213230571612,0.811831893395812,0.2999477442954189
a,4,random,258,0.6858781477010653,0.847882852094083,0.6809290324078525,0.9554061364865909,0.21414913957934992,0.8604627143152241,0.5180982195265115,0.8260956254735415,0.9486295512849363,0.7156084656084656,0.8312043795620438,0.30324909747292417
a,4,random,273,0.6962801998103316,0.8537005161951838,0.6904299109320386,0.9515658432211632,0.1870967741935484,0.8624264207949158,0.5453154875717017,0.8317587939698492,0.9498018613300114,0.7208581028689584,0.8318004676539361,0.3858980466888995
a,4,random,288,0.7223711351064028,0.8657187498519348,0.7142837864580411,0.9576609371045921,0.2145192936559843,0.8608868854177587,0.5834294945765058,0.8357252898726992,0.9549889034829476,0.7390269698572184,0.8393734643734644,0.515728977616455
a,4,random,303,0.7245604484581493,0.8661502583877626,0.7134069096909528,0.9627584060986757,0.256011315417256,0.8680451709379673,0.5895702111893294,0.8334817092910327,0.9533180653746232,0.7489690035918585,0.8330785692448792,0.4758115849777212
a,4,random,318,0.7155467518835413,0.8631122967107996,0.7080234804436815,0.9606990276247366,0.23731236597569694,0.8755170376206421,0.5799896998923171,0.8306084542689772,0.9531937325044534,0.7120578166603271,0.8422204847537138,0.4483221476510067
a,4,random,333,0.7213983158681907,0.8637176555840381,0.7195967960694196,0.9619374463770377,0.23081645181092694,0.8728046833422033,0.555832933269323,0.8330661688614736,0.9542988656912708,0.71714358065333,0.8428253261215399,0.5238593866866118
a,4,random,348,0.7393813704904482,0.8718608478504607,0.7391620115957976,0.9624617304654746,0.23273179838207841,0.8872873461783596,0.5554578325026874,0.8306483612411714,0.9633860951924672,0.7439938000516663,0.8484653704001286,0.63
a,4,random,363,0.749327228739949,0.8799323431751561,0.7445050574242792,0.9614791386009098,0.2564102564102564,0.8881426243271273,0.6232117392704356,0.8378962681591337,0.9640147329650092,0.7262141061267698,0.8469945355191257,0.6395816572807723
a,4,random,378,0.7522849452641512,0.884111693417222,0.745135722230582,0.9650741415447298,0.2426525998492841,0.8831565967940814,0.6484592579283083,0.8467177131189383,0.9633573211925393,0.7374405076679006,0.8435656195184181,0.6401407497631615
a,4,random,393,0.7609890281036809,0.884550529504417,0.751107421820035,0.9657248997947013,0.3386537126995142,0.8794208286455021,0.6496668147490005,0.8448145033941059,0.9647528101247208,0.7383177570093458,0.8464491362763915,0.6211007902398448
a,4,random,408,0.756334758361052,0.8831858985585995,0.7511218037243931,0.9662850993053518,0.32413793103448274,0.8818132757690232,0.6404225542864882,0.8457762533631826,0.9640787736541,0.7415818324197337,0.8326898326898327,0.6102272727272727
a,4,random,423,0.7524266095283313,0.8803005031801976,0.7482696636825812,0.9634506331080556,0.32803071859572136,0.8834518264280461,0.6273691686271028,0.8406758577796206,0.9646607078881856,0.7310220389225416,0.8364688856729378,0.5967096487327701
a,4,random,438,0.7537284344202259,0.8802397903253684,0.7478770012829323,0.9641933287950987,0.31094257854821233,0.868790054449959,0.6361497136260711,0.8440982723619339,0.961143466039573,0.7569742489270386,0.8347240051347882,0.606540241899358
a,4,random,453,0.7588128450361413,0.8867024339561521,0.7492829833638531,0.9662235696517413,0.2926829268292683,0.8732870102296854,0.6778118087459588,0.8526677488036765,0.9613049588067268,0.7537714810442083,0.8332260141661301,0.6183400870478764
a,4,random,468,0.7540581414359236,0.885445134851366,0.7415607415812376,0.9669647675583996,0.28867313915857606,0.8733033859827078,0.6840520714073697,0.8517314189189189,0.9595830771912762,0.7545681609044301,0.830655526992288,0.5769917248093461
a,4,random,483,0.76067141154903,0.8876265874789253,0.7456580338385186,0.9643940848857308,0.3021680216802168,0.8794946550048591,0.6940920474606889,0.8492277414110299,0.9610291822005106,0.7602464505759443,0.8318896374719281,0.6035008832503613
a,4,random,498,0.7642772580102479,0.8903398716018964,0.7512885721274298,0.9654707829702056,0.30229419703103916,0.8760882182240278,0.7054361567635904,0.853055525722264,0.962213982758462,0.7640031855588001,0.8275862068965517,0.6223470661672909
a,4,random,513,0.7630779549574798,0.8909854852883021,0.7498724679349704,0.9648022772734267,0.27298850574712646,0.8792803250145096,0.707277452891488,0.8544443728937258,0.9623006372242071,0.7597765363128491,0.8360550752481588,0.6307764120118251
a,4,random,528,0.7639572865543075,0.8907872986667009,0.7490535519364759,0.9655942118226601,0.2878673700075358,0.8781547073300198,0.7088032454361055,0.8538280077203517,0.961725792046846,0.7601378213623111,0.8366919232629373,0.6228125
a,4,random,543,0.7646067018513674,0.8910313893973156,0.750045578660731,0.9663237390667746,0.28908964558721334,0.8770467977909118,0.7057867360208062,0.8526618828685602,0.9625897560841064,0.7643516659975913,0.8208955223880597,0.6427145708582834
a,4,random,558,0.765580885361412,0.8915109078782993,0.7534792504586216,0.966709617862569,0.30390920554854983,0.8826642070003399,0.7082450708815382,0.8556158951814499,0.9619273475990882,0.7553205551883675,0.8382305456893768,0.6176055233014279
a,4,random,573,0.7692600141837584,0.8903039298721458,0.7555902457677518,0.96300560288587,0.3373957665169981,0.885740895054164,0.704914695223747,0.852542299909588,0.9609365667184326,0.7655072080412644,0.834488315874295,0.618808777429467
a,4,random,588,0.7762397507450998,0.8935589992154513,0.761716896688696,0.9660866545777229,0.357379219060225,0.8869530980855357,0.7110803436901901,0.8557378457309741,0.9623278869102259,0.768802966101695,0.8356716658603451,0.6421180766889836
a,4,random,603,0.7724144423177727,0.894114397741715,0.7608435391639261,0.9652084981571889,0.2956152758132956,0.8847232472324723,0.7155764365739068,0.8561321266575515,0.9625813797599699,0.7951406649616368,0.836181876813931,0.6405704748900015
a,4,random,618,0.7738487998853416,0.8970223034530758,0.7621388199421628,0.9675330931231816,0.2778161713890809,0.8853731636613767,0.7221910337637341,0.8627816695222191,0.9637265711135612,0.799844840961986,0.8374939603800934,0.6478786950528411
a,4,random,633,0.7698377140248388,0.8976868205600277,0.7589816746212606,0.9690213519705809,0.25688073394495414,0.8866112101406219,0.7290440591697153,0.8623925111570697,0.9649983463785691,0.7848844631686455,0.8341918866709594,0.6405148636224334
a,4,random,648,0.7752067060116731,0.8997256224181929,0.7635388515011893,0.9689161081580772,0.2922437673130194,0.8871668311944718,0.7487353747538324,0.8640776699029126,0.9642945675226544,0.7779764946346449,0.8338446633295656,0.639604877295879
a,4,random,663,0.7825203442948638,0.901951068903382,0.7715028000556858,0.9678861083819762,0.32189973614775724,0.8881118881118881,0.7519394804894052,0.8683447344535211,0.9651529790660226,0.78977783485296,0.8315447154471545,0.6580256217030896
a,4,random,678,0.7767250560412337,0.9010373159188678,0.7653553884194632,0.9689270981919118,0.28551724137931034,0.8874550559030685,0.7513786764705882,0.8656995372018512,0.9652986993901095,0.7849916762709694,0.833711507293355,0.6475460122699387
a,4,random,693,0.7723247795759861,0.8999464163742914,0.7632363234923625,0.9692681422071412,0.2545454545454545,0.8860560122065265,0.7448808068459658,0.8643689450421894,0.9652953935517077,0.7769082745349583,0.8280895231916964,0.6615104640582348
a,4,random,708,0.7751838565416613,0.9020763763814045,0.7646662183553857,0.9696081456340636,0.24563852058618282,0.8907587981982874,0.7532992600503471,0.8676742270794845,0.96514415349431,0.7924528301886793,0.835990888382688,0.6560878852609093
a,4,random,723,0.7778954177249424,0.9020781954585676,0.7638905444394136,0.969686438059932,0.2878892733564014,0.8901500197394394,0.7492981579048571,0.87055344690617,0.9654191369468255,0.7817538340542666,0.8315447154471545,0.6547637371094351
a,4,random,738,0.7782324497847455,0.9029557475688879,0.7637832419331433,0.9696922928523198,0.2853127196064652,0.8920141620771046,0.7513841689258849,0.8696726374305127,0.9670345842531273,0.7853250033231424,0.8278340411630186,0.6558224384311341
a,4,random,753,0.7782959967539377,0.9041755618890419,0.7631148464410621,0.968794599807136,0.2702702702702703,0.8935458480913027,0.7588956822238256,0.8711984109468108,0.9676831624859672,0.7872652191288131,0.8323225700704803,0.6546882077608335
a,4,random,768,0.7707871439986491,0.9042599879258724,0.7577032390565601,0.9691745743385579,0.20217729393468117,0.8901893287435456,0.7617622227339013,0.8757533916321476,0.9671027212010819,0.7790292303566639,0.8256251021408727,0.6662704309063893
a,4,random,783,0.7785777879564342,0.9059370574290158,0.7657380529548933,0.9692865686614963,0.2404870624048706,0.893746324250147,0.7645596726702611,0.8738606163104834,0.9683600918488735,0.7815695126809189,0.8366417181906931,0.6786885245901639
a,4,random,798,0.775979027381671,0.9061871261598389,0.762044322989041,0.9702117801501959,0.21503637833468067,0.8921875,0.7674815235929505,0.8761632383676163,0.9676878117135139,0.7879277822689302,0.833578792341679,0.6735364396654719
a,4,random,813,0.775483421285331,0.9058488551860582,0.7607741099997378,0.9701209848865525,0.22340425531914893,0.8930897693324844,0.764176589960562,0.8762336332541775,0.9681196297525537,0.7897947864669994,0.8326026952427342,0.6618084473527662
a,4,random,828,0.7746623829475532,0.9051838645395467,0.7567569107340307,0.9706393664284334,0.20876494023904382,0.8915308968149127,0.761770208866318,0.8721021099244595,0.9679891669814015,0.798230593607306,0.8324624428478119,0.6684717208182912
a,4,random,843,0.7801806794920052,0.9062227975383893,0.7658467806568354,0.9705893734762586,0.24481327800829875,0.8901168761308621,0.7601608887186363,0.8757863358393793,0.9682097146695374,0.8159542608222162,0.8283157038242474,0.6676796839386111
a,4,random,858,0.782819190568046,0.9076521848241001,0.7650190307725847,0.970412600251232,0.25158227848101267,0.8928362287722038,0.76810384089874,0.8762187923571335,0.9687963517435165,0.8146090820719345,0.835236541598695,0.6675769989379456
a,4,random,873,0.7826563032586734,0.9073511619135537,0.7650882442687958,0.9709203402938902,0.26209977661950856,0.8893215224374574,0.7680565048986102,0.8765307907627712,0.968745103460989,0.807061790668348,0.831501230516817,0.6696696696696697
a,4,random,888,0.7795057618062671,0.9076713119005071,0.761570916641574,0.9697603688421379,0.23322683706070288,0.8879890721045955,0.7732925196097188,0.8798853569567483,0.9685319192030787,0.8033202025886326,0.8309698451507742,0.6685757347400151
a,4,random,903,0.7813788048322446,0.9082450168103027,0.7635787643716309,0.9701885477563978,0.2476489028213166,0.8901463414634146,0.7741275434807321,0.8801100028373747,0.9689581778478038,0.8035117056856187,0.8328695367490587,0.6648484848484848
a,4,random,918,0.7815735125208705,0.9084404046587057,0.7640910627512619,0.9691664084288814,0.25136612021857924,0.8875780031201248,0.7761341974837972,0.8809016143770941,0.9695841321339036,0.806456101294003,0.8289172391233235,0.6640577965081277
a,4,uncertainty,18,0.3284227362962617,0.47241050632345727,0.43499050600956146,0.6877853480368055,0.06502016129032258,0.18079875787112912,0.2050923335198657,0.4399189221414093,0.5571918698985595,0.23852908891328212,0.44491216708491865,0.1365559779100624
a,4,uncertainty,33,0.39271907810418477,0.49035255782482756,0.5077082727712201,0.851221288405141,0.06646403242147923,0.22020227089408698,0.37350857820032857,0.39376271186440676,0.4713687150837989,0.2750679107121767,0.5964507951140816,0.28642540024216334
a,4,uncertainty,48,0.40925684565681614,0.5503074059705698,0.48386447721500087,0.8288544340042845,0.07772145788076273,0.23446940356312937,0.3998010692527664,0.2925851703406814,0.6645990542857455,0.2951738006320023,0.5870044052863436,0.30310281566562974
a,4,uncertainty,63,0.4995453069197823,0.7099900588088321,0.562597801552435,0.8070875534060595,0.08985781990521327,0.3774568583494083,0.5489288594369062,0.6898357152397488,0.85608302827323,0.36903164706810826,0.506598334401025,0.25102794619834135
a,4,uncertainty,78,0.5386952121640158,0.7159026296548415,0.5932746296801406,0.8440253789213958,0.16796267496111975,0.6330028023280879,0.5469681117226948,0.3526245918696853,0.9258507872103323,0.4429724196073708,0.6130802313510307,0.3217699115044248
a,4,uncertainty,93,0.5352058988467832,0.7425869378092624,0.5677488412216734,0.8396367449851618,0.12179016874541453,0.7863577243605183,0.579473671942379,0.4198136341343796,0.9468168670467882,0.33864000987288656,0.4511523557005915,0.3331719128329298
a,4,uncertainty,108,0.511530856030175,0.706157879218442,0.5754906931507705,0.8724009820322854,0.11173974540311174,0.8272047154840172,0.6020037432566333,0.11514129059468578,0.9500627076906176,0.2608829096117449,0.4853503184713376,0.3789912917271408
a,4,uncertainty,123,0.5443619542915221,0.7338142287774351,0.5929552749198844,0.9425996590078753,0.15040953090096798,0.7960628075931567,0.5704757670075589,0.1885570931455855,0.9577793714716537,0.31593482463407896,0.4400681689074039,0.5373703659554178
a,4,uncertainty,138,0.5682090812901522,0.7299460969904473,0.6125609768138359,0.9443782681552967,0.3745727956254272,0.8320743208370478,0.5728371996471016,0.11467002942412778,0.9650066431483942,0.279297208165122,0.46289825282631036,0.5681470137825421
a,4,uncertainty,153,0.5915929117802429,0.7365543286600978,0.6366328515354494,0.9582303706656038,0.44566712517193946,0.8374304597974419,0.5906181549227661,0.10056765229179022,0.9678548079667775,0.2538693846734617,0.5651921962526559,0.6049060542797495
a,4,uncertainty,168,0.6008214836627082,0.740963991356709,0.6524053704733463,0.9577269310098888,0.4799474030243261,0.8346479984224019,0.5905866456480127,0.12249304488643442,0.9691279946782098,0.25794080047202284,0.617097936455945,0.577824598367132
a,4,uncertainty,183,0.6105718679636802,0.7623838078565958,0.6456888622668846,0.952236424833168,0.5229773462783172,0.822407281882444,0.6103205490032976,0.2566530487572067,0.9726628855739866,0.25917512241910245,0.5036639857015193,0.5950501672240802
a,4,uncertainty,198,0.6230991993549906,0.7792273770646172,0.6507765003122723,0.9594130320852501,0.5145888594164456,0.8095071653268088,0.6443276925896512,0.3340207677557075,0.9733953798806037,0.24578688099559243,0.5097456227287743,0.617107393416082
a,4,uncertainty,213,0.6844666580103087,0.8183824249823666,0.6866335300659631,0.958284585435087,0.48461034708578915,0.8618109490433794,0.5974019358125319,0.5275814188336279,0.9741603991361978,0.3788866599799398,0.7542445549648431,0.6232190718013825
a,4,uncertainty,228,0.6783595978898744,0.8063208975309762,0.6867145867920657,0.9674918099521197,0.5,0.8711497179371973,0.5688676567968972,0.44669679649076166,0.9754706111906045,0.375258300041328,0.7172413793103448,0.6830601092896175
a,4,uncertainty,243,0.7256717905366209,0.84659612511906,0.7051184132972674,0.9649160028545528,0.5096473719228211,0.8933965491959529,0.5979348176831236,0.6490985495458859,0.973369893572524,0.5377375244183982,0.7592914206321639,0.6456539850041655
a,4,uncertainty,258,0.7457272278024222,0.859100149984212,0.7351695990879469,0.9594851485148514,0.5296803652968036,0.8932625322745652,0.6365260409509413,0.6987938890377915,0.9720254398588738,0.6029731084015366,0.7872195785180149,0.631578947368421
a,4,uncertainty,273,0.7665761923815729,0.8735143569610323,0.7542643148522827,0.9633591974292656,0.564134495641345,0.8907929131571304,0.6732359270585571,0.7400512969671329,0.9750710003155569,0.672928857406837,0.7706264977747347,0.6489855456835963
a,4,uncertainty,288,0.7649887448455907,0.8721380670960529,0.7458443433706025,0.9625954799590519,0.5539661898569571,0.8948813020657774,0.6495513902460691,0.7450267595678077,0.9746079094370386,0.65874148042479,0.7713101459722472,0.6742180460805767
a,4,uncertainty,303,0.7605467158307699,0.863204217143958,0.742412178364376,0.9692985878130608,0.5548302872062664,0.8895382817066043,0.6269590709211862,0.6876316898440792,0.9763311962441663,0.6495699267282574,0.7644413697682463,0.7263200322450625
a,4,uncertainty,318,0.765156852166923,0.8741663498459581,0.7443306037938752,0.9710395798891374,0.5068681318681318,0.9004449122135578,0.6496533240109538,0.7360233349538162,0.9762476052303629,0.6555872111427667,0.7718861209964413,0.7186614491971394
a,4,uncertainty,333,0.7699576052374263,0.8771989477849292,0.7577758006121842,0.9691904358281919,0.5565335138794855,0.8850535373783797,0.658917263727443,0.7534804241845504,0.9779138136350104,0.6564593301435406,0.730665770006725,0.7414043583535109
a,4,uncertainty,348,0.7630157489333933,0.8724951236486262,0.7546647875295955,0.9697304986959614,0.5520614954577219,0.8790410822640008,0.6514258498541406,0.7505174176495524,0.9727879737391824,0.6426327104349264,0.7381027418846517,0.710841970420403
a,4,uncertainty,363,0.7764698244061355,0.8754315243157181,0.7697954449176321,0.9713645124493568,0.5576259489302967,0.884379518372638,0.6586292518024351,0.7465157232704402,0.9710332739765618,0.7239488117001828,0.7672253258845437,0.7075060532687651
a,4,uncertainty,378,0.7777341495077497,0.8760808817646721,0.7661313949656328,0.9691199176531138,0.5785234899328859,0.8771084337349397,0.6582685769791161,0.7515628502403428,0.9727855941134057,0.7295616563021387,0.7395979429640018,0.7230788836498024
a,4,uncertainty,393,0.7824821317589935,0.8801296176622667,0.768309963273503,0.9690163124073159,0.5669612508497621,0.8885378615855465,0.6710596300455056,0.7517517262465921,0.9761363426311023,0.7262030472167748,0.7527615334632879,0.739911481385056
a,4,uncertainty,408,0.7784555360212635,0.8794425532436192,0.7652467793023566,0.9694706265931591,0.5553206483439042,0.8756536029082217,0.669909033594524,0.7514051669817265,0.9774547337661137,0.7498902385482219,0.7138334916112694,0.7431622818442303
a,4,uncertainty,423,0.7808071978523154,0.8806606259062354,0.7671090134564276,0.9691849102789348,0.5333333333333333,0.8869003960686519,0.6748044199567745,0.7566433566433567,0.974075001623211,0.7704022988505748,0.7349214394323366,0.7269996244836651
a,4,uncertainty,438,0.802510447932519,0.8894061504384486,0.7912090990928146,0.972538250294233,0.611336032388664,0.9005178251344353,0.6797381486986497,0.7754008089274402,0.977741504674284,0.7666948436179205,0.7986056092536841,0.7400210084033614
a,4,uncertainty,453,0.7977052180855069,0.8878590715223591,0.7851282037321585,0.9751042194257218,0.5819958129797628,0.8981278629755028,0.6812022290569141,0.7647191405173925,0.9776113160902983,0.7723922902494331,0.7826224328593997,0.7455716586151369
a,4,uncertainty,468,0.7982845750020338,0.8854050674018302,0.7872415506181443,0.9751068939260821,0.6159075458871516,0.889713626561011,0.6792565588955956,0.7516174402250352,0.9782403202787612,0.7946614764354233,0.759969207082371,0.7400881057268722
a,4,uncertainty,483,0.7982261007475915,0.8863570313840516,0.7900327138901142,0.9746497535122075,0.598079561042524,0.8936020858403529,0.6840812413875741,0.7567360294493584,0.9770003901387779,0.7987326077972172,0.7747445478114992,0.7264086897488119
a,4,uncertainty,498,0.8042465345332137,0.8904792597313692,0.7946017006405125,0.9754735403241555,0.6174934725848564,0.9002363600551507,0.6966488703888034,0.7727169382341796,0.9756869756311051,0.7971469329529244,0.7741516479948044,0.7286640726329442
a,4,uncertainty,513,0.8110766510055185,0.8949633845413206,0.8023159095543226,0.9743619852826053,0.6262104583602324,0.9007936507936508,0.7023425880019831,0.7861781765901542,0.9781830688715989,0.8073938196698179,0.7754182754182755,0.7488078360613482
a,4,uncertainty,528,0.8073773720969011,0.8914003008128466,0.8029673989770661,0.9735592954376054,0.631578947368421,0.8895832283424885,0.6869120525285687,0.7777423391152875,0.9790244853617093,0.8205980066445183,0.7634689178818113,0.7439290761916999
a,4,uncertainty,543,0.8117973125094359,0.8931638602488002,0.8102559629003314,0.9742063103468537,0.6390532544378699,0.8977871443624869,0.6906725888324873,0.7802918993045352,0.9785292040004462,0.8225985563575792,0.7802887633396108,0.7427480916030534
a,4,uncertainty,558,0.8141750661116457,0.896558510647544,0.8072732526588767,0.9749789698143475,0.6400996264009963,0.899248873309965,0.6978213226762924,0.7946937107976256,0.9790455640398441,0.8114906388452193,0.7797197291765077,0.7504771599440132
a,4,uncertainty,573,0.8184280997886599,0.8986443459087026,0.8111555320087058,0.9749882573978393,0.6513038204972711,0.9048588019256539,0.7050112045727648,0.7994237003241685,0.9787629191468024,0.8154878389712049,0.7898294174444802,0.7461869378177551
a,4,uncertainty,588,0.8177502744182918,0.8998934663514347,0.8114547647127369,0.9757508255661723,0.6590772917914919,0.9003456790123456,0.709721948333662,0.8082844749511416,0.9788619701536972,0.8065637602558754,0.7731119791666666,0.7480345405335739
a,4,uncertainty,603,0.8147435605302179,0.8961123402382007,0.815439585592259,0.9759022027808155,0.6500867553499132,0.8999003984063745,0.7047147995889003,0.7954269624739065,0.9758314359299765,0.8273942093541202,0.7794937111924852,0.7239415696954692
a,4,uncertainty,618,0.821353068084123,0.9010491142257742,0.8180416895301458,0.9756230955543402,0.6515783204288267,0.8965551523587016,0.7175308802920184,0.8077801553145962,0.9782815029869912,0.8468295360966237,0.7736925515055467,0.7443064182194618
a,4,uncertainty,633,0.8200924565672083,0.901469771152625,0.818486270528198,0.9758501339486497,0.646813579511614,0.8960785295737967,0.7197124579568687,0.8130271678096103,0.9777678596334626,0.8392348392348392,0.7806714778788829,0.7316760635571502
a,4,uncertainty,648,0.8089687152079148,0.8936662091511949,0.8204864362678959,0.9756784784863131,0.6531826293872695,0.8962372864371962,0.7189783424396023,0.8115061811051864,0.9651008104461699,0.837734821671658,0.7819057982278874,0.6403940886699507
a,4,uncertainty,663,0.8170954849473245,0.9023142064927236,0.8268763864089047,0.9759589992371042,0.6585081585081585,0.8899753036641298,0.7448228649666268,0.8392343826684429,0.9685129553135562,0.8583976577056162,0.7602898103900108,0.6581592320722756
a,4,uncertainty,678,0.8197943030404213,0.9013450349589612,0.8307362251571558,0.9767633067752481,0.6623681125439624,0.9035881125136667,0.7362521653476445,0.8329345531315975,0.9666940052980382,0.852972683449384,0.7905792488860598,0.6559965394181897
a,4,uncertainty,693,0.8185738557698039,0.9043245642409776,0.828742836823621,0.9762421540446999,0.6616279069767442,0.8952173050208375,0.7518897915930767,0.854230330672748,0.9656748411222014,0.8456832087015635,0.7700585535686026,0.6465406102277611
a,4,uncertainty,708,0.8294600718523508,0.9119228247986243,0.8320932806250165,0.9765204981329788,0.6616191030867793,0.8954095588600984,0.7557801366875091,0.8628091773922776,0.9750028086731828,0.8483528450857609,0.7693034982666247,0.7203430204859457
a,4,uncertainty,723,0.8244267036491897,0.9101155341135322,0.8298725727180865,0.9766452695451974,0.6588785046728972,0.8975282451033598,0.7638097366558647,0.8714606543661103,0.9682039476167114,0.8474996555999449,0.7685617651795781,0.667252554103043
a,4,uncertainty,738,0.8161346513431016,0.9016955729736255,0.8346068057398432,0.9770110456266344,0.6690223792697291,0.9016555963120849,0.7715634914779016,0.8716330340474708,0.9492710474251359,0.8695652173913043,0.7835903959294005,0.5518996546082531
a,4,uncertainty,753,0.8378945110619633,0.9175808490826939,0.832673121836622,0.9769369087639747,0.6514697060587883,0.9096612296110415,0.7714476218699067,0.8703489920966166,0.9764101988724019,0.8679345657667243,0.7800246175487955,0.7368167589694197
a,4,uncertainty,768,0.8049874001948143,0.8988005249298283,0.8318316791002359,0.9771796372147454,0.6503871351995235,0.8620689655172413,0.778663258401624,0.8772431386347642,0.9485448732104965,0.8708772866871411,0.7320962199312715,0.5478260869565217
a,4,uncertainty,783,0.8248480279908902,0.911681554263651,0.834023279153337,0.9765204981329788,0.6525166767738023,0.8666701239433698,0.7741313457188416,0.8722509845568388,0.9729354744963485,0.8698934879331266,0.7359731355813628,0.7027405247813411
a,4,uncertainty,798,0.8114954695704372,0.9009178060573672,0.8366966811741539,0.9774124094734782,0.6739130434782609,0.8712470832253046,0.7717542605620556,0.8733530163486538,0.952979315488998,0.864388961892247,0.7438616071428571,0.5745495285220801
a,4,uncertainty,813,0.819153811468619,0.9082642976165812,0.837761508892851,0.9763961528667411,0.6702317290552585,0.8571129597656045,0.7800220624595838,0.8792325550834464,0.965726738426996,0.8700683850604944,0.7203263086335826,0.6532674118658641
a,4,uncertainty,828,0.8309948690609338,0.9163391305645685,0.839101402373945,0.9768834778523753,0.6742243436754176,0.8475260140157146,0.7845683439658752,0.8813417559923403,0.9791038666220089,0.8712508185985592,0.7063324538258575,0.7577227470002553
a,4,uncertainty,843,0.8349146261074868,0.9191126928144091,0.8418181901824728,0.9772157845286564,0.6658823529411765,0.8537010619749564,0.7916478214985677,0.8837609857351058,0.9804911551240881,0.8740951396070321,0.7170413728881203,0.7703959606696784
a,4,uncertainty,858,0.83633698155895,0.9174781492660279,0.8407280890967829,0.9769155398785029,0.6858823529411765,0.8578024976387869,0.7817574745788435,0.878237374513982,0.9798700034307226,0.8803129074315516,0.7221100793971201,0.764144604219863
a,4,uncertainty,873,0.8352051827730698,0.917190277237393,0.8419156176261378,0.9777716902124995,0.6837507280139778,0.8535776338651082,0.7820129452288126,0.8785499021095933,0.9795888031067383,0.8827676240208877,0.7137884872824631,0.7650388311175464
a,4,uncertainty,888,0.8332645518642872,0.9165624120244991,0.8404506445642577,0.9771675166732052,0.6772486772486772,0.8519417475728155,0.7799720575463505,0.87754518039138,0.980012631422521,0.8777734016016805,0.7098486859569949,0.7678710683649597
a,4,uncertainty,903,0.8373146738247912,0.9189796169306595,0.8450126982506596,0.9775382203057624,0.6814469078179697,0.8530870712401055,0.7857857087916315,0.8835292321782934,0.9805571812093006,0.8848058378941882,0.7163308589607635,0.7727510460251046
a,4,uncertainty,918,0.8359797848483372,0.9204455977333116,0.8412837247382312,0.9775661748858716,0.6714285714285714,0.8510279388508171,0.7969457447624895,0.8905204906424976,0.980144018583043,0.8815028901734104,0.7038271769569275,0.7708550573514077
a,4,margin,18,0.3284227362962617,0.47241050632345727,0.43499050600956146,0.6877853480368055,0.06502016129032258,0.18079875787112912,0.2050923335198657,0.4399189221414093,0.5571918698985595,0.23852908891328212,0.44491216708491865,0.1365559779100624
a,4,margin,33,0.3989096423475816,0.5747462106185027,0.46149769581515926,0.8521694704959311,0.07184325108853411,0.21725824040524852,0.21238057324840764,0.5937264986293395,0.654828855474358,0.38312829525483305,0.3867016622922135,0.2181499342393687
a,4,margin,48,0.45896735877222117,0.7000573891186493,0.5073180402971501,0.8350886398560774,0.06372934697088907,0.2887319765026998,0.25894839443331347,0.7857582093223465,0.8753931676723523,0.5121238177128117,0.36192745565263434,0.1490052208268661
a,4,margin,63,0.565994519720488,0.7606601135672156,0.6287160411233724,0.9385505648939102,0.2853236098450319,0.20763382958504908,0.47393721523220333,0.7725963077579767,0.9111692780787817,0.5787724351872369,0.5574534161490683,0.36851402075513356
a,4,margin,78,0.5915638120589998,0.798221257826357,0.6199942423264321,0.9389442271242489,0.17846607669616518,0.5671419714817111,0.6289960130482058,0.73696575856036,0.9274556883481264,0.2618418735692904,0.662492172824045,0.4217705268788446
a,4,margin,93,0.670487634817505,0.8411751424455707,0.6717616009702323,0.9452459791863765,0.33625,0.6184123151222457,0.6901156284968295,0.834449388689679,0.942864142417726,0.5351629502572899,0.66818931607664,0.4636989931107578
a,4,margin,108,0.6781642919332058,0.8453549862372974,0.6823156983664631,0.9434441183469501,0.3364140480591497,0.7247096886013057,0.6516660133281066,0.824864227676504,0.9479908466819222,0.47070620254977796,0.7021759444666934,0.5015075376884423
a,4,margin,123,0.6799615904948596,0.8549788874394413,0.6818342602561723,0.9435063002281973,0.2465753424657534,0.738623974292764,0.6732385983185775,0.8421666954867716,0.9545662392771569,0.5400383424273706,0.6501247210187738,0.5308141009383718
a,4,margin,138,0.7178151852413363,0.8605107026113997,0.7302805205432968,0.9495516137952831,0.5181194906953966,0.7546230843182717,0.6529958596984611,0.840042372881356,0.9592620634891322,0.563433376830506,0.6438264140803439,0.5784823913832748
a,4,margin,153,0.7043088257982808,0.8608346447866448,0.7064639097070398,0.9516352824578791,0.5126694166175604,0.775041758715448,0.6685255163811131,0.8467695212754544,0.9601336878646872,0.36893862326212273,0.649271523178808,0.6057941024314537
a,4,margin,168,0.7185501284334421,0.863063269458791,0.718825465921958,0.9483230799761857,0.5313253012048192,0.7690194420963652,0.6836118418614991,0.8481577493519188,0.956078445938417,0.47647367500437293,0.6443007275666937,0.6096608929007075
a,4,margin,183,0.7412373961117084,0.8733034203600211,0.7454400530985814,0.9582644869078397,0.5714285714285714,0.7815482502651113,0.6853676470588236,0.845201104781633,0.9657610474631751,0.5619461897857257,0.6516257465162575,0.6499935207982377
a,4,margin,198,0.7411440418566067,0.8697466007737079,0.7478769407499527,0.9569038231428627,0.5427927927927928,0.7697795761899692,0.6791044776119403,0.839389628863313,0.9598682240191674,0.6311331775700935,0.6492478226444972,0.6420768538748233
a,4,margin,213,0.7481352713419499,0.8768081382657674,0.7554469693964779,0.9612757161137907,0.5543478260869565,0.7843509437941579,0.6825878958159314,0.8483388882915815,0.9673927196294712,0.599427969290983,0.6509081196581197,0.6845873633965582
a,4,margin,228,0.7570468254477027,0.8794050525377729,0.767608249760636,0.9625098347757671,0.5758176412289395,0.781707827542905,0.695038741760148,0.8484024473147519,0.9668556720259633,0.6426389737324374,0.6499466382070438,0.6905036524413687
a,4,margin,243,0.7567671564942066,0.8828475285973937,0.7578113785683617,0.9608683682699493,0.5525371604305485,0.8244820696182564,0.7000866257391435,0.8542704895044549,0.9678396041797438,0.5911661317438484,0.6851250176578613,0.6745289413040532
a,4,margin,258,0.7840727819557692,0.8907816572586199,0.7917183476473122,0.9648810106747625,0.5711538461538461,0.8459006113810942,0.71067650863709,0.8472389471873387,0.9692066466882533,0.6963671699805651,0.761677654650021,0.6895526422489525
a,4,margin,273,0.8010454884238367,0.8988847730992148,0.8069106862746668,0.9660538591195955,0.5748950069995333,0.8766398755509464,0.7132828952499805,0.8554779553536999,0.972828195134566,0.7407938100014329,0.8083530805687204,0.7010847178360565
a,4,margin,288,0.8064598661377859,0.9004992272041729,0.8132704663180852,0.9663576262566992,0.5863095238095238,0.8922379032258064,0.7082777845109683,0.857448905265864,0.972494051641932,0.7818530351437699,0.8185098039215686,0.6746501614639397
a,4,margin,303,0.8133653814965522,0.9035305606568989,0.8105255009185588,0.9681848495547448,0.6021052631578947,0.9006327862368994,0.7173245001396815,0.8558390642072112,0.9738746315001525,0.7959717499346063,0.8204369968785937,0.6859185918591859
a,4,margin,318,0.8157775561146643,0.903818910022148,0.8086582987853503,0.9694970824144727,0.6241360978203083,0.8992544634098489,0.7198689445354551,0.8522744429825507,0.9744002963786237,0.8007064257573699,0.8067114093959732,0.695148842337376
a,4,margin,333,0.8179717679961485,0.9048695310487315,0.8103414858842994,0.9673429574717128,0.6310572687224669,0.8997834219334515,0.7260850745681344,0.8565435164176549,0.9742219252825567,0.8130636786007106,0.8065530365712394,0.6870950323974082
a,4,margin,348,0.8204246343914461,0.9072927293903257,0.8089184318937427,0.965754630263441,0.6095774647887324,0.906178041252266,0.7384319754035358,0.8599054669458054,0.9744374003633263,0.8229065068970322,0.8245851676261429,0.682045055982733
a,4,margin,363,0.8241969683033914,0.9078669829345322,0.8101534318566433,0.9690383752463079,0.6320645905420992,0.9077888954286836,0.7297664840502001,0.859867276593003,0.9748374066593786,0.8176048565121413,0.8248162707229534,0.701988558975756
a,4,margin,378,0.8201077861415951,0.9070887698163268,0.8069357888859399,0.9676560940771323,0.6158256880733946,0.9098352665951848,0.7299075669747768,0.8610189801639099,0.9743965157763054,0.8099196453311166,0.8206549991335991,0.6917553191489362
a,4,margin,393,0.826444369800962,0.9088125221957362,0.8160216805215591,0.9692409911670444,0.6455981941309256,0.9106315893191448,0.7275445567926978,0.8600213903743316,0.9765171235097405,0.8114630467571644,0.8202303455182774,0.716752090639331
a,4,margin,408,0.8233993828144619,0.9090267275068704,0.8125926307146677,0.9698534734041513,0.6229872293170461,0.9103699330972058,0.7301952690903318,0.8629087193460491,0.9761387082149829,0.8194040194040194,0.8235687981252092,0.6951682953311618
a,4,margin,423,0.8276689958838471,0.9101996484042394,0.8211417841451643,0.9713068292873617,0.6399548532731377,0.9082960655243455,0.7316801337419894,0.8638085912554813,0.9766025581696685,0.8176358176358176,0.8343307086614173,0.7054054054054054
a,4,margin,438,0.8313590444122446,0.912102520147867,0.826176130154113,0.9713047552119934,0.6394176931690929,0.9078285369289596,0.737191388504839,0.8648278518391714,0.9778584459240464,0.8254915254237288,0.8353639487660106,0.7229472539423599
a,4,margin,453,0.8291373419119963,0.9115671670495925,0.8265990603028308,0.9720461151317714,0.6273258904837852,0.9106229310863677,0.7373239158742059,0.8658223515317474,0.9761332752047641,0.820414322952394,0.8345232429002063,0.7180240320427236
a,4,margin,468,0.8336729753578193,0.9148829042945195,0.8289109248881832,0.9724523814165675,0.616822429906542,0.9138686131386862,0.7473409436241087,0.8695408613965915,0.9777753073381321,0.8185401658284627,0.8467268980821049,0.7399891774891775
a,4,margin,483,0.8365332480981085,0.9174961862948207,0.8303385145890683,0.9721177639654736,0.6141032759578012,0.9139456972848642,0.7652120467117394,0.8756363952830599,0.9771007917033196,0.8305674518201285,0.8455232277768847,0.7345925823797049
a,4,margin,498,0.8389869653363561,0.9201763696424081,0.83258393677448,0.9724906483790524,0.6305084745762712,0.9119275289380976,0.7797272448666871,0.8831610624100484,0.9780720819036873,0.8184245660881175,0.8423191123613064,0.734251968503937
a,4,margin,513,0.8431451864097292,0.9222412912412555,0.8406853511164805,0.9716802775449743,0.6382289416846653,0.9126912691269127,0.7916166766646671,0.8852009205169057,0.9783662086664875,0.8303393213572854,0.8389357973554246,0.7412472647702407
a,4,margin,528,0.8401493469671037,0.9190317578828658,0.8365675095584801,0.9717172505266443,0.6397727272727273,0.9091001370349693,0.7772938879711668,0.8772346983707617,0.9779806659505907,0.828413532821135,0.8404206675811614,0.7394105551747773
a,4,margin,543,0.8375627676094122,0.9176055970532154,0.8354332723666816,0.9725274725274725,0.6156424581005586,0.9129578176307148,0.772561331775701,0.8673647469458988,0.9782582493486747,0.8307692307692308,0.8452911353510524,0.7426924660354055
a,4,margin,558,0.8412877023268194,0.9213426825071197,0.839736726069755,0.9727641641954112,0.6194690265486725,0.9125810372771475,0.7862393194283795,0.8809034453800084,0.9784280657536277,0.8348178137651822,0.8458473797119216,0.7405390688810237
a,4,margin,573,0.8433368635284206,0.9230448630821353,0.8406183243954517,0.9734088246778602,0.6233031674208145,0.9143581938102486,0.7917195076464006,0.8846247374820383,0.9789066261713397,0.8345013477088948,0.8443086325439266,0.7449007342942616
a,4,margin,588,0.8424265121443673,0.9227651759258243,0.8387068409329236,0.9732411422321184,0.6175963197239793,0.9154536694223259,0.7955455273309556,0.8818767331603901,0.9786410284909784,0.8331744518589133,0.8466840251187012,0.7396257119609438
a,4,margin,603,0.8433557652695035,0.9240531407228944,0.8400443247022173,0.973222313435753,0.609322974472808,0.9127353715326989,0.7985459401313105,0.8877066985858049,0.9786494308672455,0.8503851871874578,0.8445603805431947,0.7350735906692586
a,4,margin,618,0.8478512001414387,0.9259860498335093,0.8430328396948219,0.9740224227508887,0.6310344827586207,0.9161453077699294,0.8078488905189803,0.8897270515767626,0.9787513650582116,0.8480149712605267,0.8475628686743247,0.7375534409047028
a,4,margin,633,0.8438621581118599,0.9249484840443655,0.8391776553650845,0.9735522026818652,0.6002358490566038,0.9143087708680083,0.8039440156578899,0.8877288075350986,0.9788704983967528,0.8489763360808296,0.8486352357320099,0.7385077069976811
a,4,margin,648,0.8506833128484913,0.9257872491692838,0.846877781811074,0.9740229255506435,0.6466512702078522,0.914771583819682,0.8061935483870968,0.8877623621487015,0.97838033194021,0.8545478829971951,0.8475836431226765,0.7462362674623627
a,4,margin,663,0.8474729630955593,0.9249543598254242,0.8437696595455653,0.9733361983083625,0.6263096623981373,0.9160659373897263,0.8021786653821927,0.8871103622577927,0.9783513661354175,0.8487922060589884,0.8490740740740741,0.7460381958553434
a,4,margin,678,0.8490330108356141,0.9255193385244028,0.8448310914564285,0.9732689336905297,0.6362573099415205,0.9167129653012779,0.8040810291290847,0.8888494396982137,0.9783228962092859,0.845781837721655,0.8489032060131922,0.7491194798157681
a,4,margin,693,0.8522669259833842,0.9278146047247557,0.8464199401236747,0.9741293337765697,0.6360964138741917,0.9183415177441401,0.8127363036548299,0.8930569994028003,0.9785228934846605,0.855868036776636,0.8491379310344828,0.7525129041021461
a,4,margin,708,0.8530828806183103,0.9275892228378151,0.8485676070023817,0.9738185088868467,0.6444833625218914,0.9176826196473552,0.8111630646883399,0.893001270874674,0.978341990981231,0.8586581808538849,0.8470404984423676,0.7535564286682022
a,4,margin,723,0.8540170554934383,0.9283617308050242,0.8499153358702878,0.9740318193381734,0.6423188405797101,0.917948459327248,0.8169520108516333,0.8929400214209211,0.9783899443307181,0.8600373233804319,0.8453125,0.758222580212109
a,4,margin,738,0.8519374072052044,0.9278684303644653,0.8475467827105492,0.973896368190357,0.6315172817809022,0.9156408581620861,0.8164536336314588,0.8907948943067469,0.9789571177178846,0.8610853124585379,0.8381221541843303,0.7609690444145356
a,4,margin,753,0.8555137820316914,0.9289071330472369,0.8521024431890091,0.9736615529117094,0.6529653552554316,0.9165365435954264,0.8198241289230656,0.8949131347416373,0.9784426031993179,0.8604256430343387,0.8416075650118203,0.7612475116124752
a,4,margin,768,0.8566597777522573,0.9300382714684483,0.8508033525488384,0.9734686296361468,0.6429861529199278,0.9170147451059333,0.8217912527037431,0.8956624729044225,0.9795464650955981,0.8625954198473282,0.8415934755332497,0.7752793860239666
a,4,margin,783,0.8585198024250175,0.9306550087295545,0.8527877981309194,0.9748362498777984,0.6542274052478134,0.9166164356037774,0.8221959683969579,0.8966883290305351,0.9795366580862609,0.8701642819289878,0.8383328070729397,0.7740800865800865
a,4,margin,798,0.8561666507671017,0.9300740768895277,0.8490930188257586,0.97413135717498,0.6405693950177936,0.9169750925277583,0.8229514207149404,0.8954544440229397,0.9793563324843714,0.8683302362622777,0.8393421884882986,0.7683893902105551
a,4,margin,813,0.8578443027738031,0.9304332011344368,0.8504402747422319,0.9744963817719539,0.6483253588516746,0.9176636171710063,0.8222866155595496,0.8960804020100502,0.979273460776875,0.8692083664283823,0.8384238012343725,0.7748407211603633
a,4,margin,828,0.8591120646328085,0.9302279131407173,0.8520351367331453,0.9734575634199812,0.6690058479532164,0.9168581992605176,0.8233086855755435,0.8961950828076589,0.9792752348775859,0.8736029803086748,0.8358304112209117,0.7644745762711864
a,4,margin,843,0.8565900836483111,0.9298911681638073,0.8487264769134286,0.97362964122227,0.6451612903225806,0.9160702667534157,0.8222907036466358,0.8958640074956499,0.979089335468523,0.8713792187084772,0.8363232259088744,0.769503063308373
a,4,margin,858,0.8566737619712501,0.9312708989869813,0.8480958380286194,0.9737867308784088,0.6320754716981132,0.9159112535683879,0.8280086564207901,0.9007089036515226,0.9790480065093572,0.8751674256630056,0.8334131927807059,0.7719442165709598
a,4,margin,873,0.8591851424147546,0.9315240597373139,0.8489975325529775,0.9742014982298981,0.6534296028880866,0.9162841748154061,0.829266500073497,0.8993482661209601,0.9792696244470357,0.8794097920858485,0.8347992963377578,0.7666575267343022
a,4,margin,888,0.8601269686408135,0.931903360038253,0.8494292407328747,0.973976676841199,0.6598557692307693,0.9166417090945392,0.8314614962502287,0.9005074786324786,0.9792503470615456,0.8735445437313837,0.8365261813537676,0.769378515571409
a,4,margin,903,0.859961605037969,0.9323552173574934,0.8488418108034623,0.9742505238011318,0.6642642642642642,0.9163240029725044,0.8352183874604502,0.9008071748878924,0.9797182942280837,0.8716314881189433,0.8262864634546051,0.7711538461538462
a,4,margin,918,0.8607197559406822,0.9330305554856321,0.8492241690640289,0.9747596389198927,0.6593540524070689,0.9162332193986229,0.8368984928273107,0.9025138226669353,0.9797236643623273,0.8760907504363001,0.833118556701031,0.7677856057466501
a,4,class_balanced,18,0.3284227362962617,0.47241050632345727,0.43499050600956146,0.6877853480368055,0.06502016129032258,0.18079875787112912,0.2050923335198657,0.4399189221414093,0.5571918698985595,0.23852908891328212,0.44491216708491865,0.1365559779100624
a,4,class_balanced,33,0.3933971426874317,0.518815645813011,0.4947917848564841,0.8178560419235512,0.11175710594315245,0.2238035264483627,0.3667736149357047,0.31902420574886536,0.5940766770739847,0.281118345461509,0.5808559983133038,0.24530876833845103
a,4,class_balanced,48,0.5122571300914761,0.66378038919141,0.6031653849613252,0.8216975952563962,0.0863568215892054,0.504542614046051,0.43573737598929885,0.7210897639333057,0.711222506845685,0.3689528748994009,0.6317838890240934,0.32893072923984823
a,4,class_balanced,63,0.5307012387067007,0.7198250501625617,0.5840446649492116,0.8906825903428395,0.21378991207774178,0.4787176724137931,0.5235946916060197,0.5768296428671152,0.8688930693438135,0.2863621207069023,0.695063400221593,0.2423780487804878
a,4,class_balanced,78,0.5362670751701486,0.7455078774766278,0.5765683036093004,0.8539719875975623,0.10159727677402461,0.5477194086190627,0.5244082365770736,0.6851315561496003,0.8939540417937086,0.43978600283873787,0.5546820809248555,0.2251530852567122
a,4,class_balanced,93,0.625700506474712,0.8064896603064751,0.6483027717518683,0.9197633793870097,0.28085414404632647,0.6762036079512812,0.6035072239991177,0.7826144717031264,0.9151521387348118,0.5465435487896182,0.6639988142878316,0.2426672293732855
a,4,class_balanced,108,0.5944671964242617,0.7881002192805986,0.599388828006546,0.9050517224063473,0.3572912339011217,0.7195935543467105,0.6241203123493686,0.7304498350838616,0.9008523580654851,0.46437768240343347,0.37950838502182405,0.268959684240203
a,4,class_balanced,123,0.6579180659925082,0.8185757249433068,0.6679178413694058,0.9176693198412209,0.4007139669790272,0.8502999760019199,0.6143926384343713,0.7355026711996114,0.927488894695584,0.46353118712273644,0.7253748339343329,0.28628910572377025
a,4,class_balanced,138,0.672629854939163,0.8290180704432136,0.6867283046569307,0.9025446898002103,0.4265697976128697,0.8715166689850234,0.648094688221709,0.7665473633977571,0.9331124111374408,0.5006323572331939,0.7187923359783239,0.28585838208593906
a,4,class_balanced,153,0.6447824265468253,0.813574078438832,0.6789006111671152,0.9019706922688226,0.3775322283609576,0.8391594462702918,0.6447401277066315,0.7092252609126228,0.9329770978397123,0.4066291332963286,0.7116601385959627,0.27914771367009816
a,4,class_balanced,168,0.707266734228493,0.8460667884312258,0.7173747843117266,0.9200926462072959,0.4754001185536455,0.8675932699341624,0.6410531043775697,0.7747395522921783,0.9513857753296306,0.5980503287236454,0.784,0.35308581263830835
a,4,class_balanced,183,0.7325093451479836,0.8663869281572302,0.7099077513274435,0.9454943741909788,0.4977433913604126,0.8862722844847969,0.6795374767705967,0.8157467346798728,0.954157451242026,0.6669551420741382,0.748272098945071,0.39840515258395953
a,4,class_balanced,198,0.7358376071936087,0.8691536281585063,0.7171510797326123,0.956574397843371,0.4515698062792251,0.8900603853158248,0.6770128111655036,0.8111279160364819,0.9549700926898315,0.7178156996587031,0.8185668304252075,0.3448405253283302
a,4,class_balanced,213,0.740051757231456,0.8708378111569296,0.7153986691751187,0.9586750850691371,0.5031958163858222,0.880860733664147,0.6751152073732719,0.8107751161307951,0.9584683843322529,0.7080022701475596,0.7114280055456526,0.45394519643446685
a,4,class_balanced,228,0.742461615897196,0.87263839229306,0.7190529293069456,0.9626036613988421,0.5,0.8880175512299865,0.6755140319212939,0.8123002116068615,0.9586580664157749,0.6896551724137931,0.7307177033492823,0.46468814473893033
a,4,class_balanced,243,0.7594807573778406,0.8770460250403891,0.7395258274208893,0.9603868913047752,0.5160883280757098,0.9041122588189436,0.661769949368894,0.8063127043174388,0.965226399699295,0.6452586798408124,0.8032871083718541,0.5728844966028412
a,4,class_balanced,258,0.7627251657681181,0.8782960577516927,0.7422681102599391,0.9591535236574167,0.5438705662725576,0.8989947343226424,0.6686358560570584,0.8164261028664362,0.9637818526484634,0.6304092038174924,0.783348095659876,0.5999065566111198
a,4,class_balanced,273,0.7740002394454044,0.8837035354169723,0.7536666333445027,0.9657993005749511,0.5387647831800263,0.8969300356077374,0.677125291498834,0.8091423929965479,0.9689622797813,0.6756566933558084,0.7871830020562028,0.6464383759572316
a,4,class_balanced,288,0.7637066260156474,0.8818113670753576,0.7430020074138803,0.9666058071735674,0.5547902316844082,0.862858799652073,0.6774121666790462,0.8249972542559033,0.967661187903775,0.7532935792539176,0.6645062254818352,0.6012343820562999
a,4,class_balanced,303,0.7733527648768823,0.8844619529149995,0.7420563004395323,0.965717423707539,0.5640378548895899,0.889599555061179,0.6803468826951216,0.8183072267710929,0.9683624258854555,0.7634953772740829,0.7056019070321812,0.6047062305756993
a,4,class_balanced,318,0.786125644282177,0.8894613704536397,0.7582730001951952,0.9611694657092557,0.5801324503311258,0.8908427649424749,0.6955363570914327,0.8295670631937381,0.9692236598890943,0.7913626209977662,0.7240390131956397,0.6332574031890661
a,4,class_balanced,333,0.7814015218496081,0.8865864944711558,0.7556922658298825,0.9613275039745628,0.5667324128862591,0.8818767249310028,0.6864376644619871,0.8219410412621901,0.9689139789921799,0.7926090169992609,0.6906044284859366,0.662170924653093
a,4,class_balanced,348,0.7916006779095562,0.8916424698903623,0.7741793585908235,0.9601573051561134,0.5537848605577689,0.8921484857115731,0.6875286916602907,0.838372142887774,0.9694865534751167,0.8051237766263672,0.7699099417269998,0.647894343384002
a,4,class_balanced,363,0.7956534175424425,0.8952156092496738,0.7743453064387442,0.9645266594124048,0.5316455696202531,0.8994926773236336,0.698250074783129,0.8391171300214858,0.9704303806822906,0.8009245882692864,0.7956693589963911,0.660824318773107
a,4,class_balanced,378,0.7992559563321693,0.8947613931622646,0.781629613626137,0.9622249073945685,0.553686934023286,0.9005669636476249,0.6943651790130503,0.8389742704196167,0.9697614597405482,0.8294606393465709,0.8013675213675213,0.6428957320367369
a,4,class_balanced,393,0.8077694288443864,0.8987156263541082,0.7935281732790722,0.9667183726364154,0.5498687664041995,0.9060955518945635,0.6953015027582271,0.8393755420641804,0.9718901573817319,0.8336525307797538,0.8199309324124322,0.6870915032679739
a,4,class_balanced,408,0.8063209875958511,0.8994570948808196,0.7913211952411386,0.9675705458695738,0.5402010050251256,0.9078193297717339,0.7038368424913799,0.8366959516136153,0.9730244777886733,0.8224693791355765,0.8198019801980198,0.6854693764689617
a,4,class_balanced,423,0.8118689661997099,0.8991372270204567,0.795770549487358,0.9678640432159615,0.5938864628820961,0.9081873884305495,0.7005773587663524,0.8306767183251166,0.9740006108792033,0.8202791227570493,0.8157322175732218,0.6956167729678382
a,4,class_balanced,438,0.8123055513468361,0.9016277280123759,0.7975879678707919,0.9672890746692431,0.5767790262172284,0.9087278950370793,0.7139870144161989,0.8404796672419134,0.9731286166764195,0.8379358437935844,0.7984302533000357,0.6939925707698219
a,4,class_balanced,453,0.8110062876769115,0.9009738961583031,0.7914021685531648,0.969741058964629,0.5761212886923562,0.909993851392896,0.7129643011995953,0.8374081496325986,0.9723265889250693,0.8364664310954064,0.8011663932932386,0.6828685258964143
a,4,class_balanced,468,0.8184012754981878,0.9022437418029491,0.8026903443053091,0.9709107314489712,0.6073619631901841,0.9075892014347744,0.7105818949821572,0.8358647721705047,0.9735428093334573,0.8450082735797021,0.8108397218755572,0.7039121114683816
a,4,class_balanced,483,0.818713205848495,0.9028886392618196,0.8018165923053044,0.9715985828651961,0.5969418960244648,0.907823613086771,0.7098674521354934,0.8380083685713653,0.9734046504717332,0.8482844150475403,0.8035746201966041,0.7189152542372881
a,4,class_balanced,498,0.8201006256396788,0.9034704845941824,0.8003846760190466,0.970875699534957,0.605412208936438,0.9091511308791521,0.7138770720258178,0.8405842137973897,0.9729639766254901,0.8479123887748118,0.8057245080500894,0.714404432132964
a,4,class_balanced,513,0.8299067910903304,0.9077562292882242,0.8150182046223677,0.9711746431239923,0.6273329319686936,0.9124111953463977,0.7218912600859664,0.849543973228932,0.9742824573922875,0.8492139439507861,0.8312899326541184,0.7320207820617993
a,4,class_balanced,528,0.8279810937803427,0.9075089868185975,0.8107064891538762,0.9703422352547576,0.6236297198538368,0.9136900492516616,0.723519584184147,0.8480144643132759,0.9750127108851399,0.8470200494369678,0.8244222145567437,0.7261788162865538
a,4,class_balanced,543,0.8293296096641657,0.9079006006178487,0.8122440363843898,0.9730675473775261,0.6230721776681061,0.9156638105323963,0.7198125983675561,0.8420233808952304,0.9767205354831552,0.847304156948827,0.8298854505043597,0.7364168292003344
a,4,class_balanced,558,0.829847162244922,0.9083952506449525,0.8126601866558079,0.9716578486714001,0.6235220908525202,0.915877972615902,0.7245996132939331,0.8450522283347068,0.9763141837545994,0.8417434346212017,0.8324269204622705,0.7374301675977654
a,4,class_balanced,573,0.8299256771503678,0.9090116634407334,0.8123229280062364,0.9735306254789837,0.6203411244472521,0.9145660958245141,0.7238836091439474,0.8484606866002214,0.9760994883088283,0.8426873099253525,0.8365223229271568,0.7332398316970546
a,4,class_balanced,588,0.8308153201622362,0.9109631971073937,0.8122256891094497,0.9730992774112472,0.6169405815423514,0.9144727342734755,0.7379169997819609,0.85302619291146,0.9763504135901848,0.8427672955974843,0.8366694701429773,0.7260949162089847
a,4,class_balanced,603,0.8355847076599455,0.9127350309042067,0.8189020797295083,0.9740952979040741,0.6217418944691672,0.9116350392946138,0.7450682852807283,0.8550543210980462,0.97598293768546,0.8608190370780299,0.8380791912384161,0.7377863648909744
a,4,class_balanced,618,0.8348966611191343,0.9136550302273239,0.8167278741521863,0.9729804191675686,0.6169799092676604,0.9153956834532374,0.750691110141132,0.8607881926693192,0.9755614205676715,0.8555911432948058,0.8425316455696202,0.7235504259411927
a,4,class_balanced,633,0.8346693992063305,0.9134612866896699,0.8185766670478825,0.973256980931578,0.61003861003861,0.9134228187919463,0.7514011932742722,0.8596843231674692,0.9751245627545766,0.8563419761737912,0.8391891891891892,0.7335649385355425
a,4,class_balanced,648,0.8354980508485117,0.9139313471744683,0.8176198526475615,0.9738191102818423,0.6082406801831263,0.9159784904935664,0.7463315414790063,0.8593864703134385,0.9763456813018684,0.8585732165206508,0.8416059630696257,0.73920130399348
a,4,class_balanced,663,0.8382143288151492,0.9166176548570869,0.8204568947649888,0.97351045433108,0.616677440206852,0.9176651749193975,0.7575334411289137,0.8676073782456761,0.9769906258105154,0.8520824685208247,0.8416075650118203,0.7402544111612639
a,4,class_balanced,678,0.8414490917916715,0.9171064689198732,0.8271679277052282,0.9743137254901961,0.63125,0.9154075642382832,0.7564433941363267,0.8684663986214819,0.976808982920192,0.8591898594654175,0.8426019548365352,0.7485599464166108
a,4,class_balanced,693,0.8465546567124633,0.9189506042448684,0.8325507922570681,0.9740112108502215,0.6666666666666666,0.9168630090878492,0.7618124906841556,0.8721170320256557,0.977865708102284,0.8590902768117958,0.8402306648575305,0.7503348513260113
a,4,class_balanced,708,0.8449369918930043,0.917383103811899,0.8318491581762021,0.9751245733118845,0.6615656268393173,0.916686674669868,0.7549703264094956,0.8664208922934281,0.977303937943065,0.8618402873722023,0.8361581920903954,0.7543624161073825
a,4,class_balanced,723,0.8464942438031571,0.9169964369100246,0.8362354107397372,0.9738542833009213,0.6834862385321101,0.9162931906896054,0.7542725516421459,0.8671066281148608,0.9770242933763896,0.8538334252619967,0.8416779431664412,0.7508996401439424
a,4,class_balanced,738,0.8456584299973984,0.9168786921431651,0.8353061293157307,0.9750891073596804,0.6816647919010124,0.9139503298409003,0.7531349429159648,0.8672527472527473,0.9771251530555453,0.8571034101891482,0.8425330172705723,0.7430723701910142
a,4,class_balanced,753,0.8477563195894363,0.918170632274117,0.8369902865546043,0.9738884968242767,0.6786114221724524,0.9159249226006192,0.7594511967787637,0.8694503752944025,0.9772147672790333,0.8645789839944329,0.8408551068883611,0.7498316044725852
a,4,class_balanced,768,0.8448358244618562,0.9166492001057216,0.8323482220988778,0.9740652097147565,0.6678043230944255,0.9154541499492435,0.7535313629756625,0.866760538590161,0.9766157723095168,0.8568641114982578,0.8420873703892572,0.7503395816354251
a,4,class_balanced,783,0.8414894151675676,0.9154636525856978,0.8316583842773944,0.9738462141708819,0.6673924877517692,0.9129218900675025,0.7495629702819792,0.8683177814598413,0.9762829365042587,0.8458970792767733,0.8413910093299406,0.7377923676651621
a,4,class_balanced,798,0.8450980396404246,0.9174974874679529,0.8367138983074537,0.9748139443791618,0.6623863028357411,0.9206441317278399,0.7490018427518428,0.8694406459594973,0.9774926767770403,0.8587196467991169,0.8475321162947937,0.7458510492387875
a,4,class_balanced,813,0.8461351279644727,0.9169169270891147,0.8411970453087775,0.9741276161707303,0.6774869109947644,0.9191169382049552,0.7464269248501614,0.8694028230184582,0.9770883232143188,0.8533627342888643,0.8478004382268667,0.750403442711135
a,4,class_balanced,828,0.8457951985217387,0.9179531235154224,0.8404191704429856,0.9749847946791187,0.6617492096944152,0.921080662341435,0.7489280245022971,0.8697275588841854,0.9780707455203788,0.8517279821627648,0.8506635309927768,0.755224277918275
a,4,class_balanced,843,0.8480743819684642,0.9180728406424408,0.8412358730664352,0.9749985293252544,0.6779661016949152,0.9202166593470942,0.7502090459901178,0.8696030451332246,0.9776973073351903,0.8494338039983224,0.8530679933665009,0.759476951525558
a,4,class_balanced,858,0.8500123812731709,0.9194912969381096,0.8425134761822785,0.9744153194161043,0.6768726079825041,0.9222828204129334,0.7534116394875888,0.8718227715877437,0.9786633750661259,0.8529575892857143,0.8495218922999497,0.7701634159198735
a,4,class_balanced,873,0.8513281463170665,0.9197821869938616,0.8453349783555482,0.9738071863341842,0.6800433839479393,0.9240949785908914,0.7541171525734591,0.8720055649754358,0.9786349377239062,0.8604201216141515,0.8537522981781714,0.7650776929154596
a,4,class_balanced,888,0.854926413209774,0.9208129751079278,0.8541468809976582,0.9742693274670019,0.6971428571428572,0.9221644221887306,0.7625986642380085,0.8742069569022096,0.977467930842164,0.8688231245698554,0.8522897585345546,0.765374677002584
a,4,class_balanced,903,0.8533447285854624,0.9205958951619742,0.8473619038736976,0.9749323290573143,0.6869133075648812,0.9222054011818137,0.7587386018237082,0.8734626352336794,0.9781540091249524,0.8642146017699115,0.8533201189296333,0.7681615525832678
a,4,class_balanced,918,0.8526219533109519,0.9215838452896977,0.8489188252450196,0.9757702779464478,0.6736953083816553,0.923934843222619,0.7656936774484391,0.8742446549034257,0.97829235682983,0.8684137931034482,0.8516730481105377,0.7618796198521647
a,4,quota,18,0.3284227362962617,0.47241050632345727,0.43499050600956146,0.6877853480368055,0.06502016129032258,0.18079875787112912,0.2050923335198657,0.4399189221414093,0.5571918698985595,0.23852908891328212,0.44491216708491865,0.1365559779100624
a,4,quota,33,0.419274945283894,0.5949751088202836,0.4914924401622767,0.8640814423375816,0.024552281917966493,0.19128020411226174,0.299519185443575,0.7100591715976331,0.6350540943288789,0.2929511093657962,0.5599531615925059,0.1960238568588469
a,4,quota,48,0.4588848097723126,0.6938622569860642,0.5224984225539148,0.8773357857045023,0.02712667895707137,0.23130649137222678,0.2681759711860046,0.7398990406853971,0.8646475318424606,0.396235368554255,0.59921392476137,0.12602249488752557
a,4,quota,63,0.5185562979651348,0.7354624641967633,0.5617656992100212,0.8751549983270022,0.1423515532835234,0.5282878180631932,0.40724656753081545,0.7656045937934037,0.8681126950453041,0.38454480579060046,0.535059331175836,0.16064431867653461
a,4,quota,78,0.5180962728695435,0.74263762932886,0.5551022187948358,0.9019237063165934,0.23238380809595202,0.43027191037460616,0.4059138554492608,0.7488206837023506,0.9006520905255082,0.3943908851884312,0.5344712628350446,0.11403825333814507
a,4,quota,93,0.5460041415141528,0.7738299600106295,0.5619768394198195,0.9027499310217971,0.330188679245283,0.661864652918966,0.44682280238233846,0.7624558155192729,0.9279445727482679,0.32769702363294767,0.4775864522555856,0.07672734390291643
a,4,quota,108,0.5282111914410318,0.7448921117949671,0.5349858078163442,0.8961323462758725,0.3474576271186441,0.5172599059771659,0.3686263452229898,0.7220347480668736,0.9145525065627527,0.35231844166843107,0.5099457504520796,0.12557305162447677
a,4,quota,123,0.5717840621407395,0.7789037140479462,0.5881780453960004,0.8786279683377308,0.30952380952380953,0.7612668131397031,0.41425556858147716,0.7800079968012795,0.9233392034171382,0.35613704401818386,0.6132690671959172,0.10962908825141604
a,4,quota,138,0.5396426651298513,0.7466098532098306,0.563548310087391,0.8709343583678297,0.23333333333333334,0.5958904109589042,0.45198562136254705,0.7666720621560376,0.8741566441771781,0.3448058099147458,0.594784488582624,0.12422125731546158
a,4,quota,153,0.593676547391821,0.7770352963060447,0.5972823442021153,0.8680005078996536,0.3578459756803706,0.8161866222328017,0.4435660580021482,0.7811665953588819,0.8979718643508315,0.3187418611639788,0.6589006188569348,0.20070882298078715
a,4,quota,168,0.6055318762483729,0.7934017383569828,0.6127907998156267,0.9179571143944923,0.29226932668329175,0.8314911952041963,0.453374285470523,0.759744318754663,0.9103510506561201,0.3687027126776158,0.5138461538461538,0.40205072854830004
a,4,quota,183,0.6307002938606168,0.8276489007876863,0.6238185237255949,0.9416890480453596,0.3290999447818885,0.8339615347443704,0.5090016366612111,0.7987763842153563,0.9548351648351648,0.40114744693057947,0.6142997061704212,0.2934917783611994
a,4,quota,198,0.6399220099375026,0.8176421512549401,0.6400022984842528,0.9022228619604779,0.34726688102893893,0.8317582153993763,0.4775475344990336,0.8005364696172496,0.9464106081390032,0.4124809741248097,0.6712115309700039,0.3698630136986301
a,4,quota,213,0.617136010601125,0.8234229340233998,0.6139539793952106,0.9300718849840256,0.2915326902465166,0.8298355076574021,0.5105646306818182,0.8104877169927298,0.949387867394195,0.35126257442003694,0.5020044543429845,0.37907676869041645
a,4,quota,228,0.6144649464893521,0.8244025198282284,0.6154479347618329,0.9222654982148653,0.2787121576165305,0.8454310227427482,0.5329682462571214,0.8040401495107303,0.9508124483613329,0.36923416464356656,0.4173168890007551,0.40940394205651864
a,4,quota,243,0.6220600255171322,0.8191107054083153,0.6313582206163358,0.9366968110423608,0.4032520325203252,0.8397765161755429,0.5119587530433952,0.7507911567486224,0.9560509495392959,0.353830876174471,0.4057114721811915,0.44047166222898443
a,4,quota,258,0.6366384233184892,0.8269926532012553,0.6420453699037433,0.9315737433662248,0.4126189283925889,0.8431495780211887,0.5792922673656619,0.7641341606282813,0.951939376723814,0.40646734712311444,0.42927068037200194,0.411299727873526
a,4,quota,273,0.6552698152916812,0.8353702337505541,0.6549248198579883,0.94084765726378,0.44125465178096757,0.8462294496068621,0.584515420517983,0.7802165145404373,0.9532358237477491,0.4420254640878608,0.4745682517151644,0.43453510436432635
a,4,quota,288,0.6400162414884812,0.818080223282807,0.6509377132706388,0.9339937370801694,0.4789172306090578,0.8429537414356724,0.5864743502517349,0.7143794250039585,0.9459856966889122,0.35694572217111314,0.5038236617183985,0.39667260843731433
a,4,quota,303,0.65644498569356,0.8306821746565214,0.6676882403299702,0.943562288333232,0.5077928607340372,0.8363539445628998,0.5907812358225206,0.7687506725492306,0.9456646118637185,0.4627115491909987,0.4380593499764484,0.41432835820895525
a,4,quota,318,0.6702191472129442,0.8391998878080547,0.6764703231483646,0.9646829648388039,0.560799555802332,0.8479130161297569,0.5835551069101588,0.7771194656899709,0.9511186611534764,0.47655259822560203,0.483737975263399,0.38649298090299733
a,4,quota,333,0.670574673393612,0.8433917804258769,0.6769834445176663,0.9648360178536775,0.5360169491525424,0.8500692675515038,0.6087426281906991,0.779284409584184,0.9538125629828687,0.5008524341731388,0.43413101281121586,0.4074267782426778
a,4,quota,348,0.656528282729855,0.8361686512550414,0.6604421754890694,0.9655064650962928,0.5124851367419738,0.8510884565730312,0.6301827125790583,0.741571010578438,0.9511665460214934,0.4366265843353916,0.4272704897858725,0.39285714285714285
a,4,quota,363,0.6715427312327888,0.8473721176496366,0.6679268901856313,0.9650733149235736,0.4805272618334332,0.8491739207674542,0.6140453219654476,0.8153415569607132,0.94612099178497,0.5858407079646017,0.4046964776417687,0.3830650272531373
a,4,quota,378,0.6740675155361723,0.8446193260800358,0.6814310936404773,0.9662833907274461,0.4812601846822379,0.8569240472114605,0.6101573676680973,0.8062429275999744,0.9409745667341887,0.5517374517374517,0.4867825672779233,0.3662451361867704
a,4,quota,393,0.6828271954327545,0.8467795293377537,0.6910589185070377,0.963558206180776,0.4754285714285714,0.8601449940350555,0.6148251245903111,0.8111757064673438,0.939429951144059,0.5727653767423726,0.5322687957418496,0.3758480325644505
a,4,quota,408,0.6922103881315945,0.853421671361779,0.6870169664335939,0.9619476586161373,0.5027590435315757,0.8573363431151242,0.5936575443786982,0.8211931376161815,0.953414119536195,0.6219229495529308,0.4750293083235639,0.44263338851394374
a,4,quota,423,0.683120504312249,0.8500074130703065,0.6797400605922883,0.9623572371999067,0.5106918238993711,0.8568490701001431,0.600784027714468,0.8102141131383821,0.9523596051292109,0.5677553136340072,0.42971485742871435,0.4573584905660377
a,4,quota,438,0.6945389378737574,0.8535618796674502,0.692552307266965,0.9585501247558075,0.5108695652173914,0.8584745003137044,0.6238351254480287,0.821558120362737,0.9469449286286333,0.6616179001721171,0.43202343177935076,0.4369767441860465
a,4,quota,453,0.6870424825831839,0.8483713397830825,0.6911013433015334,0.9585572953182208,0.5347593582887701,0.8599274705349048,0.5972344263053231,0.8011959405398577,0.9524147793657173,0.5505855250527932,0.4615024572899602,0.46720509055310816
a,4,quota,468,0.6624919554880262,0.8290478837589652,0.6799645015771918,0.9573988835569484,0.5690879300928454,0.8576863846362895,0.5826527738665165,0.7305329719963867,0.9476504032295833,0.39663357790246007,0.4563695753616426,0.46441509874956177
a,4,quota,483,0.6685866883780622,0.8387619072377456,0.6849117762044535,0.958684456928839,0.5953286257468767,0.855951007366646,0.6024844720496895,0.7532248769892282,0.9568702752584335,0.46224937343358397,0.34250601122094576,0.4899810964083176
a,4,quota,498,0.6426359618144226,0.8221806308435918,0.6605420074748198,0.9531641325997358,0.5740634005763688,0.8536142711699349,0.5748354478679767,0.7218592793243951,0.9473929540305965,0.3864596104073015,0.3249194414607948,0.4474151188927008
a,4,quota,513,0.6662925950294845,0.826448760030011,0.6848185611935746,0.9540613824812355,0.5980105324751317,0.8733808435300973,0.5590229360003847,0.7308669740245136,0.9440843016418121,0.4145287228109314,0.4813895781637717,0.4412880841374824
a,4,quota,528,0.6761532201083728,0.8353338050071499,0.6953043907710362,0.9573852043294923,0.606329816768462,0.8696504992867332,0.5817888799355359,0.757683997001367,0.9464992583775,0.45580469885972297,0.46450965638324554,0.4457269700332963
a,4,quota,543,0.6748919136638124,0.8347457372631615,0.6852513087757415,0.9575303214664207,0.5957200694042799,0.8704826038159371,0.5652318668252081,0.7279448226119101,0.9591876477952427,0.413652357494722,0.4635892372253764,0.5206882963352161
a,4,quota,558,0.7117571971867765,0.8555886883199417,0.7131141156489603,0.9598970619772679,0.6058857472590883,0.875299868736704,0.6098306786545571,0.7844416777572661,0.9615931721194879,0.5224364750405478,0.5298138109827952,0.556616282153275
a,4,quota,573,0.7095367191244845,0.854681224082484,0.7131176304684916,0.961467676630698,0.6196032672112018,0.8748196248196248,0.6164289944872203,0.7657946529267375,0.9660335195530726,0.4722491126169732,0.5168007572172267,0.592632866657605
a,4,quota,588,0.7208540181006677,0.8522354332354365,0.7316340101764767,0.957048028114018,0.6117111995451961,0.887980836973369,0.6103157121879589,0.7499497980767086,0.961290502637381,0.4572573807137902,0.6755255850852836,0.576607119572304
a,4,quota,603,0.7348751996845108,0.8619923054546289,0.7406935031193081,0.9578635246381335,0.6059907834101382,0.8941880581661757,0.6143136630419946,0.7824874754955348,0.9645963425512935,0.5106565094581871,0.6929755327545383,0.5908049076446003
a,4,quota,618,0.7500304891460517,0.8693834244604237,0.7452926042387299,0.9578102731301614,0.615296803652968,0.892756614749484,0.6131815678355058,0.8195696004608485,0.9618800991284493,0.6306404262259433,0.6930654058313632,0.566073611299742
a,4,quota,633,0.7362968666433664,0.8659574638067989,0.7339011537417122,0.9595578902146107,0.5970488081725313,0.8860537142328849,0.6199559794570799,0.8155343827671914,0.9600193484772376,0.6146403029028187,0.6365716663199501,0.5372897072459929
a,4,quota,648,0.7485124461856683,0.8716037421801578,0.7389673195013745,0.9589100261106858,0.6074074074074074,0.8819568503504192,0.6308256552464442,0.832258064516129,0.9596139003319788,0.7201169733154624,0.6048508263575875,0.5406723120348986
a,4,quota,663,0.7535987669007569,0.8770357874373889,0.7408800468094789,0.9622434591884693,0.5842167255594818,0.8844033353077869,0.6438010780733785,0.8335157686032343,0.9648486876347684,0.7316360092581313,0.6043103448275862,0.5734134936539746
a,4,quota,678,0.7685894158531595,0.8816676048762921,0.7546279358585087,0.9618893208055789,0.5667870036101083,0.8964647643954607,0.6498959056210964,0.838586319620058,0.9637010940796996,0.7520320120045016,0.7076080578916487,0.5803402646502835
a,4,quota,693,0.7618633985918436,0.877935921419648,0.7511993145856909,0.9660662246474604,0.5952095808383233,0.889042931743611,0.6350212881601595,0.8365769020029629,0.9613701945452853,0.7754562920268973,0.6438103058920139,0.5542168674698795
a,4,quota,708,0.7564607876453359,0.8737053247029989,0.7468137025354539,0.9626560881714967,0.6022584692597239,0.8886822282153818,0.6365030674846626,0.8367958572040205,0.9552110651721467,0.7650402652771199,0.6542735906243685,0.5067264573991032
a,4,quota,723,0.7616299970955749,0.8782647508004012,0.7501183018539108,0.9643647373937347,0.6056860321384425,0.8859458207918499,0.6426064260642607,0.8367914876202169,0.9625400491766635,0.7682398407307647,0.6424974823766365,0.5459980975676043
a,4,quota,738,0.7686441508196935,0.8805179270280667,0.7570923006062134,0.9659760129913326,0.6061728395061728,0.8977736549165121,0.644993730969013,0.8383527965580824,0.9615924318597887,0.7635767790262172,0.6934189406099518,0.5459401709401709
a,4,quota,753,0.7628839366480062,0.879056763723791,0.7500189839233932,0.9662829108109693,0.6366402921485088,0.8887480190174326,0.640155804157797,0.8379952189281409,0.9638650540583253,0.7659327925840093,0.6097833370560644,0.5565520010708072
a,4,quota,768,0.7688649600514618,0.8839954772682311,0.750657215307835,0.9677925850326785,0.6012345679012345,0.8928246221089055,0.6591338755770499,0.8400724697356502,0.9660477845994526,0.7790476190476191,0.6384935406174732,0.575137575843093
a,4,quota,783,0.7607368824494385,0.883875084183887,0.7415940441471877,0.9664859343077165,0.5983009708737864,0.8827990970654628,0.6781042247480163,0.8443503000851452,0.9660838579842328,0.7910938070324857,0.5570205875549387,0.5623931623931624
a,4,quota,798,0.7654455695867397,0.8849087349421451,0.7485351094901946,0.9662249832894271,0.6208991494532199,0.8844171113321877,0.6883748218925488,0.8439638883056897,0.9648754016687194,0.7951512183176197,0.5533707865168539,0.5717327655043918
a,4,quota,813,0.7648748932397161,0.8894942563193701,0.7451227973883667,0.9674790376929707,0.605072463768116,0.8787129825192109,0.7107901794924696,0.8521966770114214,0.9685848394130909,0.7979596914655387,0.49781871061560834,0.6052594571790184
a,4,quota,828,0.7643626801091374,0.8910832407462626,0.7439207770547699,0.9667253865727148,0.6063569682151589,0.8762748255501879,0.7262664619859417,0.8576485892815252,0.9686679729380014,0.7947793660658794,0.48542738182708794,0.5971171685457399
a,4,quota,843,0.7788686340797526,0.8935156373856382,0.7584101420946995,0.9684119767988713,0.6306852637962401,0.8851819953764561,0.7179237236505422,0.8535390122299399,0.9696779203490737,0.7912524850894632,0.5718238413649989,0.6213214880621877
a,4,quota,858,0.7814512173871493,0.8926144162069918,0.7620404426469476,0.9680556917344838,0.6523297491039427,0.8883133406034169,0.70440093708166,0.8517655945112356,0.9700463601284388,0.7939348744717872,0.5854328905176363,0.6187815183317432
a,4,quota,873,0.7732053497249418,0.892033272139797,0.7519717596757532,0.968504707655568,0.6427244582043343,0.8769009268424368,0.7164584018414996,0.8542450238769387,0.9699470742810615,0.7952923500688619,0.5013320416565754,0.6334431630971994
a,4,quota,888,0.7752630870119099,0.8919790233381525,0.7522931881510313,0.9656952865245453,0.6366950182260024,0.879629208888081,0.7216664608291137,0.8583473861720068,0.9671691977977313,0.7861858811579482,0.5445221445221445,0.6174571989896155
a,4,quota,903,0.782016158090436,0.8947914687259029,0.7624753587797686,0.9666562181647206,0.6447761194029851,0.8851926977687626,0.715590237423211,0.8589098532494759,0.9706414359259775,0.7996422182468694,0.5468235294117647,0.6499131132201578
a,4,quota,918,0.7863523870991161,0.895063704307869,0.7647175037669152,0.9667038581243761,0.6575342465753424,0.8854899468978351,0.7080131267395007,0.854638851032603,0.9724977790938703,0.7951070336391437,0.5640671727628249,0.6731194690265486
a,4,prototype,18,0.3284227362962617,0.47241050632345727,0.43499050600956146,0.6877853480368055,0.06502016129032258,0.18079875787112912,0.2050923335198657,0.4399189221414093,0.5571918698985595,0.23852908891328212,0.44491216708491865,0.1365559779100624
a,4,prototype,33,0.39271907810418477,0.49035255782482756,0.5077082727712201,0.851221288405141,0.06646403242147923,0.22020227089408698,0.37350857820032857,0.39376271186440676,0.4713687150837989,0.2750679107121767,0.5964507951140816,0.28642540024216334
a,4,prototype,48,0.40925684565681614,0.5503074059705698,0.48386447721500087,0.8288544340042845,0.07772145788076273,0.23446940356312937,0.3998010692527664,0.2925851703406814,0.6645990542857455,0.2951738006320023,0.5870044052863436,0.30310281566562974
a,4,prototype,63,0.4995453069197823,0.7099900588088321,0.562597801552435,0.8070875534060595,0.08985781990521327,0.3774568583494083,0.5489288594369062,0.6898357152397488,0.85608302827323,0.36903164706810826,0.506598334401025,0.25102794619834135
a,4,prototype,78,0.5386952121640158,0.7159026296548415,0.5932746296801406,0.8440253789213958,0.16796267496111975,0.6330028023280879,0.5469681117226948,0.3526245918696853,0.9258507872103323,0.4429724196073708,0.6130802313510307,0.3217699115044248
a,4,prototype,93,0.5352058988467832,0.7425869378092624,0.5677488412216734,0.8396367449851618,0.12179016874541453,0.7863577243605183,0.579473671942379,0.4198136341343796,0.9468168670467882,0.33864000987288656,0.4511523557005915,0.3331719128329298
a,4,prototype,108,0.511530856030175,0.706157879218442,0.5754906931507705,0.8724009820322854,0.11173974540311174,0.8272047154840172,0.6020037432566333,0.11514129059468578,0.9500627076906176,0.2608829096117449,0.4853503184713376,0.3789912917271408
a,4,prototype,123,0.5443619542915221,0.7338142287774351,0.5929552749198844,0.9425996590078753,0.15040953090096798,0.7960628075931567,0.5704757670075589,0.1885570931455855,0.9577793714716537,0.31593482463407896,0.4400681689074039,0.5373703659554178
a,4,prototype,138,0.5682090812901522,0.7299460969904473,0.6125609768138359,0.9443782681552967,0.3745727956254272,0.8320743208370478,0.5728371996471016,0.11467002942412778,0.9650066431483942,0.279297208165122,0.46289825282631036,0.5681470137825421
a,4,prototype,153,0.5915929117802429,0.7365543286600978,0.6366328515354494,0.9582303706656038,0.44566712517193946,0.8374304597974419,0.5906181549227661,0.10056765229179022,0.9678548079667775,0.2538693846734617,0.5651921962526559,0.6049060542797495
a,4,prototype,168,0.6008214836627082,0.740963991356709,0.6524053704733463,0.9577269310098888,0.4799474030243261,0.8346479984224019,0.5905866456480127,0.12249304488643442,0.9691279946782098,0.25794080047202284,0.617097936455945,0.577824598367132
a,4,prototype,183,0.6105718679636802,0.7623838078565958,0.6456888622668846,0.952236424833168,0.5229773462783172,0.822407281882444,0.6103205490032976,0.2566530487572067,0.9726628855739866,0.25917512241910245,0.5036639857015193,0.5950501672240802
a,4,prototype,198,0.6230991993549906,0.7792273770646172,0.6507765003122723,0.9594130320852501,0.5145888594164456,0.8095071653268088,0.6443276925896512,0.3340207677557075,0.9733953798806037,0.24578688099559243,0.5097456227287743,0.617107393416082
a,4,prototype,213,0.6844666580103087,0.8183824249823666,0.6866335300659631,0.958284585435087,0.48461034708578915,0.8618109490433794,0.5974019358125319,0.5275814188336279,0.9741603991361978,0.3788866599799398,0.7542445549648431,0.6232190718013825
a,4,prototype,228,0.6783595978898744,0.8063208975309762,0.6867145867920657,0.9674918099521197,0.5,0.8711497179371973,0.5688676567968972,0.44669679649076166,0.9754706111906045,0.375258300041328,0.7172413793103448,0.6830601092896175
a,4,prototype,243,0.7256717905366209,0.84659612511906,0.7051184132972674,0.9649160028545528,0.5096473719228211,0.8933965491959529,0.5979348176831236,0.6490985495458859,0.973369893572524,0.5377375244183982,0.7592914206321639,0.6456539850041655
a,4,prototype,258,0.7457272278024222,0.859100149984212,0.7351695990879469,0.9594851485148514,0.5296803652968036,0.8932625322745652,0.6365260409509413,0.6987938890377915,0.9720254398588738,0.6029731084015366,0.7872195785180149,0.631578947368421
a,4,prototype,273,0.7665761923815729,0.8735143569610323,0.7542643148522827,0.9633591974292656,0.564134495641345,0.8907929131571304,0.6732359270585571,0.7400512969671329,0.9750710003155569,0.672928857406837,0.7706264977747347,0.6489855456835963
a,4,prototype,288,0.7649887448455907,0.8721380670960529,0.7458443433706025,0.9625954799590519,0.5539661898569571,0.8948813020657774,0.6495513902460691,0.7450267595678077,0.9746079094370386,0.65874148042479,0.7713101459722472,0.6742180460805767
a,4,prototype,303,0.7605467158307699,0.863204217143958,0.742412178364376,0.9692985878130608,0.5548302872062664,0.8895382817066043,0.6269590709211862,0.6876316898440792,0.9763311962441663,0.6495699267282574,0.7644413697682463,0.7263200322450625
a,4,prototype,318,0.765156852166923,0.8741663498459581,0.7443306037938752,0.9710395798891374,0.5068681318681318,0.9004449122135578,0.6496533240109538,0.7360233349538162,0.9762476052303629,0.6555872111427667,0.7718861209964413,0.7186614491971394
a,4,prototype,333,0.7699576052374263,0.8771989477849292,0.7577758006121842,0.9691904358281919,0.5565335138794855,0.8850535373783797,0.658917263727443,0.7534804241845504,0.9779138136350104,0.6564593301435406,0.730665770006725,0.7414043583535109
a,4,prototype,348,0.7630157489333933,0.8724951236486262,0.7546647875295955,0.9697304986959614,0.5520614954577219,0.8790410822640008,0.6514258498541406,0.7505174176495524,0.9727879737391824,0.6426327104349264,0.7381027418846517,0.710841970420403
a,4,prototype,363,0.7764698244061355,0.8754315243157181,0.7697954449176321,0.9713645124493568,0.5576259489302967,0.884379518372638,0.6586292518024351,0.7465157232704402,0.9710332739765618,0.7239488117001828,0.7672253258845437,0.7075060532687651
a,4,prototype,378,0.7777341495077497,0.8760808817646721,0.7661313949656328,0.9691199176531138,0.5785234899328859,0.8771084337349397,0.6582685769791161,0.7515628502403428,0.9727855941134057,0.7295616563021387,0.7395979429640018,0.7230788836498024
a,4,prototype,393,0.7824821317589935,0.8801296176622667,0.768309963273503,0.9690163124073159,0.5669612508497621,0.8885378615855465,0.6710596300455056,0.7517517262465921,0.9761363426311023,0.7262030472167748,0.7527615334632879,0.739911481385056
a,4,prototype,408,0.7784555360212635,0.8794425532436192,0.7652467793023566,0.9694706265931591,0.5553206483439042,0.8756536029082217,0.669909033594524,0.7514051669817265,0.9774547337661137,0.7498902385482219,0.7138334916112694,0.7431622818442303
a,4,prototype,423,0.7808071978523154,0.8806606259062354,0.7671090134564276,0.9691849102789348,0.5333333333333333,0.8869003960686519,0.6748044199567745,0.7566433566433567,0.974075001623211,0.7704022988505748,0.7349214394323366,0.7269996244836651
a,4,prototype,438,0.802510447932519,0.8894061504384486,0.7912090990928146,0.972538250294233,0.611336032388664,0.9005178251344353,0.6797381486986497,0.7754008089274402,0.977741504674284,0.7666948436179205,0.7986056092536841,0.7400210084033614
a,4,prototype,453,0.7977052180855069,0.8878590715223591,0.7851282037321585,0.9751042194257218,0.5819958129797628,0.8981278629755028,0.6812022290569141,0.7647191405173925,0.9776113160902983,0.7723922902494331,0.7826224328593997,0.7455716586151369
a,4,prototype,468,0.7982845750020338,0.8854050674018302,0.7872415506181443,0.9751068939260821,0.6159075458871516,0.889713626561011,0.6792565588955956,0.7516174402250352,0.9782403202787612,0.7946614764354233,0.759969207082371,0.7400881057268722
a,4,prototype,483,0.7982261007475915,0.8863570313840516,0.7900327138901142,0.9746497535122075,0.598079561042524,0.8936020858403529,0.6840812413875741,0.7567360294493584,0.9770003901387779,0.7987326077972172,0.7747445478114992,0.7264086897488119
a,4,prototype,498,0.8042465345332137,0.8904792597313692,0.7946017006405125,0.9754735403241555,0.6174934725848564,0.9002363600551507,0.6966488703888034,0.7727169382341796,0.9756869756311051,0.7971469329529244,0.7741516479948044,0.7286640726329442
a,4,prototype,513,0.8110766510055185,0.8949633845413206,0.8023159095543226,0.9743619852826053,0.6262104583602324,0.9007936507936508,0.7023425880019831,0.7861781765901542,0.9781830688715989,0.8073938196698179,0.7754182754182755,0.7488078360613482
a,4,prototype,528,0.8073773720969011,0.8914003008128466,0.8029673989770661,0.9735592954376054,0.631578947368421,0.8895832283424885,0.6869120525285687,0.7777423391152875,0.9790244853617093,0.8205980066445183,0.7634689178818113,0.7439290761916999
a,4,prototype,543,0.8117973125094359,0.8931638602488002,0.8102559629003314,0.9742063103468537,0.6390532544378699,0.8977871443624869,0.6906725888324873,0.7802918993045352,0.9785292040004462,0.8225985563575792,0.7802887633396108,0.7427480916030534
a,4,prototype,558,0.8141750661116457,0.896558510647544,0.8072732526588767,0.9749789698143475,0.6400996264009963,0.899248873309965,0.6978213226762924,0.7946937107976256,0.9790455640398441,0.8114906388452193,0.7797197291765077,0.7504771599440132
a,4,prototype,573,0.8184280997886599,0.8986443459087026,0.8111555320087058,0.9749882573978393,0.6513038204972711,0.9048588019256539,0.7050112045727648,0.7994237003241685,0.9787629191468024,0.8154878389712049,0.7898294174444802,0.7461869378177551
a,4,prototype,588,0.8177502744182918,0.8998934663514347,0.8114547647127369,0.9757508255661723,0.6590772917914919,0.9003456790123456,0.709721948333662,0.8082844749511416,0.9788619701536972,0.8065637602558754,0.7731119791666666,0.7480345405335739
a,4,prototype,603,0.8147435605302179,0.8961123402382007,0.815439585592259,0.9759022027808155,0.6500867553499132,0.8999003984063745,0.7047147995889003,0.7954269624739065,0.9758314359299765,0.8273942093541202,0.7794937111924852,0.7239415696954692
a,4,prototype,618,0.821353068084123,0.9010491142257742,0.8180416895301458,0.9756230955543402,0.6515783204288267,0.8965551523587016,0.7175308802920184,0.8077801553145962,0.9782815029869912,0.8468295360966237,0.7736925515055467,0.7443064182194618
a,4,prototype,633,0.8200924565672083,0.901469771152625,0.818486270528198,0.9758501339486497,0.646813579511614,0.8960785295737967,0.7197124579568687,0.8130271678096103,0.9777678596334626,0.8392348392348392,0.7806714778788829,0.7316760635571502
a,4,prototype,648,0.8089687152079148,0.8936662091511949,0.8204864362678959,0.9756784784863131,0.6531826293872695,0.8962372864371962,0.7189783424396023,0.8115061811051864,0.9651008104461699,0.837734821671658,0.7819057982278874,0.6403940886699507
a,4,prototype,663,0.8170954849473245,0.9023142064927236,0.8268763864089047,0.9759589992371042,0.6585081585081585,0.8899753036641298,0.7448228649666268,0.8392343826684429,0.9685129553135562,0.8583976577056162,0.7602898103900108,0.6581592320722756
a,4,prototype,678,0.8197943030404213,0.9013450349589612,0.8307362251571558,0.9767633067752481,0.6623681125439624,0.9035881125136667,0.7362521653476445,0.8329345531315975,0.9666940052980382,0.852972683449384,0.7905792488860598,0.6559965394181897
a,4,prototype,693,0.8185738557698039,0.9043245642409776,0.828742836823621,0.9762421540446999,0.6616279069767442,0.8952173050208375,0.7518897915930767,0.854230330672748,0.9656748411222014,0.8456832087015635,0.7700585535686026,0.6465406102277611
a,4,prototype,708,0.8294600718523508,0.9119228247986243,0.8320932806250165,0.9765204981329788,0.6616191030867793,0.8954095588600984,0.7557801366875091,0.8628091773922776,0.9750028086731828,0.8483528450857609,0.7693034982666247,0.7203430204859457
a,4,prototype,723,0.8244267036491897,0.9101155341135322,0.8298725727180865,0.9766452695451974,0.6588785046728972,0.8975282451033598,0.7638097366558647,0.8714606543661103,0.9682039476167114,0.8474996555999449,0.7685617651795781,0.667252554103043
a,4,prototype,738,0.8161346513431016,0.9016955729736255,0.8346068057398432,0.9770110456266344,0.6690223792697291,0.9016555963120849,0.7715634914779016,0.8716330340474708,0.9492710474251359,0.8695652173913043,0.7835903959294005,0.5518996546082531
a,4,prototype,753,0.8378945110619633,0.9175808490826939,0.832673121836622,0.9769369087639747,0.6514697060587883,0.9096612296110415,0.7714476218699067,0.8703489920966166,0.9764101988724019,0.8679345657667243,0.7800246175487955,0.7368167589694197
a,4,prototype,768,0.8049874001948143,0.8988005249298283,0.8318316791002359,0.9771796372147454,0.6503871351995235,0.8620689655172413,0.778663258401624,0.8772431386347642,0.9485448732104965,0.8708772866871411,0.7320962199312715,0.5478260869565217
a,4,prototype,783,0.8248480279908902,0.911681554263651,0.834023279153337,0.9765204981329788,0.6525166767738023,0.8666701239433698,0.7741313457188416,0.8722509845568388,0.9729354744963485,0.8698934879331266,0.7359731355813628,0.7027405247813411
a,4,prototype,798,0.8114954695704372,0.9009178060573672,0.8366966811741539,0.9774124094734782,0.6739130434782609,0.8712470832253046,0.7717542605620556,0.8733530163486538,0.952979315488998,0.864388961892247,0.7438616071428571,0.5745495285220801
a,4,prototype,813,0.819153811468619,0.9082642976165812,0.837761508892851,0.9763961528667411,0.6702317290552585,0.8571129597656045,0.7800220624595838,0.8792325550834464,0.965726738426996,0.8700683850604944,0.7203263086335826,0.6532674118658641
a,4,prototype,828,0.8309948690609338,0.9163391305645685,0.839101402373945,0.9768834778523753,0.6742243436754176,0.8475260140157146,0.7845683439658752,0.8813417559923403,0.9791038666220089,0.8712508185985592,0.7063324538258575,0.7577227470002553
a,4,prototype,843,0.8349146261074868,0.9191126928144091,0.8418181901824728,0.9772157845286564,0.6658823529411765,0.8537010619749564,0.7916478214985677,0.8837609857351058,0.9804911551240881,0.8740951396070321,0.7170413728881203,0.7703959606696784
a,4,prototype,858,0.83633698155895,0.9174781492660279,0.8407280890967829,0.9769155398785029,0.6858823529411765,0.8578024976387869,0.7817574745788435,0.878237374513982,0.9798700034307226,0.8803129074315516,0.7221100793971201,0.764144604219863
a,4,prototype,873,0.8352051827730698,0.917190277237393,0.8419156176261378,0.9777716902124995,0.6837507280139778,0.8535776338651082,0.7820129452288126,0.8785499021095933,0.9795888031067383,0.8827676240208877,0.7137884872824631,0.7650388311175464
a,4,prototype,888,0.8332645518642872,0.9165624120244991,0.8404506445642577,0.9771675166732052,0.6772486772486772,0.8519417475728155,0.7799720575463505,0.87754518039138,0.980012631422521,0.8777734016016805,0.7098486859569949,0.7678710683649597
a,4,prototype,903,0.8373146738247912,0.9189796169306595,0.8450126982506596,0.9775382203057624,0.6814469078179697,0.8530870712401055,0.7857857087916315,0.8835292321782934,0.9805571812093006,0.8848058378941882,0.7163308589607635,0.7727510460251046
a,4,prototype,918,0.8359797848483372,0.9204455977333116,0.8412837247382312,0.9775661748858716,0.6714285714285714,0.8510279388508171,0.7969457447624895,0.8905204906424976,0.980144018583043,0.8815028901734104,0.7038271769569275,0.7708550573514077
