t,pi_min,seed,strategy,n_labels,macro_f1,f1_0,f1_1,f1_2,f1_3,f1_4,f1_5
0.0,0.02,0,random,18,0.5574061838994794,0.7556418345061878,0.6149312377210217,0.6214788732394366,0.7177522349936143,0.4950980392156863,0.13953488372093023
0.0,0.02,0,random,48,0.615876213325621,0.8948895335862531,0.7206020696142992,0.7401869158878505,0.8015364916773368,0.34838709677419355,0.1896551724137931
0.0,0.02,0,random,78,0.6387848926110239,0.9162605228178998,0.7616279069767442,0.6326129666011788,0.7487437185929648,0.5439560439560439,0.22950819672131148
0.0,0.02,0,random,108,0.6513334332541925,0.9174917491749175,0.7616731517509727,0.6103092783505155,0.7466340269277846,0.6173469387755102,0.2545454545454545
0.0,0.02,0,random,138,0.6512601908636715,0.9166666666666666,0.7490157480314961,0.6875675675675675,0.7938931297709924,0.49586776859504134,0.26455026455026454
0.0,0.02,0,random,168,0.6412105750071502,0.9105655414291978,0.7511002444987775,0.7108695652173913,0.798469387755102,0.4355179704016913,0.24074074074074073
0.0,0.02,0,random,198,0.6764893897893556,0.9076482256998016,0.7708029197080292,0.7305122494432071,0.8136482939632546,0.5956607495069034,0.24066390041493776
0.0,0.02,0,random,228,0.6764289551414553,0.9138986013986014,0.7579051383399209,0.75,0.8241469816272966,0.5843621399176955,0.22826086956521738
0.0,0.02,0,random,258,0.6906878188463851,0.9162280701754386,0.7669099756690998,0.765253360910031,0.8315508021390374,0.5898989898989899,0.2742857142857143
0.0,0.02,0,random,288,0.7015689158224631,0.9230769230769231,0.7800869985500242,0.7774358974358975,0.8429530201342282,0.5983606557377049,0.2875
0.0,0.02,0,random,318,0.7143176778764119,0.9211508895233912,0.8028776978417266,0.7832310838445807,0.8682795698924731,0.631578947368421,0.2787878787878788
0.0,0.02,0,random,348,0.7413016115594896,0.9230096237970253,0.8078770413064361,0.8251028806584362,0.8803191489361702,0.6851851851851852,0.3263157894736842
0.0,0.02,0,random,378,0.750108844559489,0.9222027972027972,0.8086538461538462,0.8272921108742004,0.8736842105263158,0.6820276497695853,0.3867924528301887
0.0,0.02,0,random,408,0.7504448846949366,0.9214316892186818,0.8092485549132948,0.8285410010649628,0.8736842105263158,0.6774193548387096,0.3923444976076555
0.0,0.02,0,random,438,0.7530799658136353,0.921701199563795,0.81665868836764,0.8315565031982942,0.8703703703703703,0.6839622641509434,0.3942307692307692
0.0,0.02,0,random,468,0.7543675049780103,0.9215256466462078,0.818785578747628,0.8331539289558665,0.8695652173913043,0.6886792452830188,0.3944954128440367
0.0,0.02,0,random,498,0.7648907344394326,0.9214567792891619,0.8182665424044734,0.8389923329682366,0.8826666666666667,0.6919431279620853,0.43601895734597157
0.0,0.02,0,random,528,0.7689909679807653,0.925104326817483,0.8292457195742712,0.832967032967033,0.8745046235138706,0.6921241050119332,0.46
0.0,0.02,0,random,558,0.7739749314146062,0.9243623570800352,0.8311090658076392,0.8568281938325991,0.8827404479578392,0.6904761904761905,0.4583333333333333
0.0,0.02,0,random,588,0.7606109096744822,0.9246696035242291,0.830101569713758,0.8298109010011123,0.8713910761154856,0.6666666666666666,0.441025641025641
0.0,0.02,0,random,618,0.760462914188051,0.9234502536951247,0.8302752293577982,0.8318385650224215,0.868766404199475,0.6651480637813212,0.44329896907216493
0.0,0.02,0,random,648,0.7677195307552896,0.9240982518256251,0.8276177411979881,0.820627802690583,0.8894806924101198,0.6935123042505593,0.45098039215686275
0.0,0.02,0,random,678,0.7622327184437904,0.92382424376242,0.8290676416819013,0.8237934904601572,0.8868175765645806,0.6877828054298643,0.4221105527638191
0.0,0.02,0,random,708,0.7677367472933186,0.9249116607773852,0.8291342189647274,0.8233970753655793,0.8921832884097035,0.7032967032967034,0.43349753694581283
0.0,0.02,0,random,738,0.7728540227857574,0.9254192409532216,0.8273018781493358,0.8275084554678692,0.8972972972972973,0.7108167770419426,0.44878048780487806
0.0,0.02,0,random,768,0.769115253859109,0.9237231925713022,0.8271773825809393,0.8257918552036199,0.8954423592493298,0.7168141592920354,0.42574257425742573
0.0,0.02,0,margin,18,0.5574061838994794,0.7556418345061878,0.6149312377210217,0.6214788732394366,0.7177522349936143,0.4950980392156863,0.13953488372093023
0.0,0.02,0,margin,48,0.5954695421628654,0.8403397952515792,0.663048394391678,0.6687306501547987,0.6465927099841522,0.5482233502538071,0.20588235294117646
0.0,0.02,0,margin,78,0.6125242410707453,0.8799499791579825,0.7284313725490196,0.6897321428571429,0.7072463768115942,0.45925925925925926,0.21052631578947367
0.0,0.02,0,margin,108,0.6784683411704218,0.8934707903780069,0.7789872219592996,0.7600411946446962,0.7811158798283262,0.6778846153846154,0.1793103448275862
0.0,0.02,0,margin,138,0.7158565032475082,0.9020618556701031,0.7788778877887789,0.7689030883919062,0.8142857142857143,0.6729857819905213,0.35802469135802467
0.0,0.02,0,margin,168,0.7257919990797567,0.9155052264808362,0.8082191780821918,0.7810140237324703,0.8410958904109589,0.6567164179104478,0.3522012578616352
0.0,0.02,0,margin,198,0.7405617723805559,0.9176981541802389,0.8189415041782729,0.8102893890675241,0.8664850136239782,0.6541176470588236,0.37583892617449666
0.0,0.02,0,margin,228,0.7549797063163227,0.9198000434688112,0.8243494423791822,0.8315565031982942,0.878581173260573,0.6946386946386947,0.38095238095238093
0.0,0.02,0,margin,258,0.7637495186414088,0.9218340611353711,0.8196872125114996,0.832271762208068,0.8906882591093117,0.6941747572815534,0.423841059602649
0.0,0.02,0,margin,288,0.7664828813578265,0.9229762164521056,0.8273645546372819,0.8288482238966631,0.8807588075880759,0.7002398081534772,0.43870967741935485
0.0,0.02,0,margin,318,0.7711487923248742,0.9228752457941883,0.8267644362969753,0.824295010845987,0.889795918367347,0.7070217917675545,0.45614035087719296
0.0,0.02,0,margin,348,0.7653506325135884,0.9224704336399474,0.8274296094459582,0.828039430449069,0.8909825033647375,0.68,0.4431818181818182
0.0,0.02,0,margin,378,0.7742313085409555,0.9225382932166302,0.825988187187642,0.8296943231441049,0.8916323731138546,0.7177033492822966,0.4578313253012048
0.0,0.02,0,margin,408,0.7691293194266752,0.9216245883644347,0.8265582655826558,0.8324205914567361,0.8873435326842837,0.6870588235294117,0.45977011494252873
0.0,0.02,0,margin,438,0.7765119978249371,0.9220978714066271,0.8276797829036635,0.8307692307692308,0.8953168044077136,0.7092198581560284,0.47398843930635837
0.0,0.02,0,margin,468,0.7829827021100312,0.9229079727652097,0.8312274368231047,0.8377192982456141,0.8940852819807428,0.7177033492822966,0.4942528735632184
0.0,0.02,0,margin,498,0.7817443902543241,0.9209773277569888,0.8276481149012568,0.8378672470076169,0.8958630527817404,0.728110599078341,0.48
0.0,0.02,0,margin,528,0.7810248589968802,0.9207680423747517,0.825368468066101,0.834061135371179,0.9005681818181818,0.728110599078341,0.4772727272727273
0.0,0.02,0,margin,558,0.7865618561248691,0.9207330536542283,0.8276169265033407,0.8446389496717724,0.9044943820224719,0.7395348837209302,0.4823529411764706
0.0,0.02,0,margin,588,0.7825815092461862,0.9215513442044954,0.8308658591296546,0.8474945533769063,0.895774647887324,0.728538283062645,0.47126436781609193
0.0,0.02,0,margin,618,0.7884933967088078,0.9222638185421713,0.8310049571879224,0.8491379310344828,0.906030855539972,0.7429906542056075,0.47953216374269003
0.0,0.02,0,margin,648,0.7900893187728077,0.9222295659836969,0.8295761947700632,0.853763440860215,0.9019607843137255,0.7390300230946882,0.4939759036144578
0.0,0.02,0,margin,678,0.7929489329325916,0.9233809001097695,0.8306159420289855,0.854389721627409,0.9070422535211268,0.7453703703703703,0.4968944099378882
0.0,0.02,0,margin,708,0.7895803299238139,0.9224346297517029,0.8272440234551195,0.8516129032258064,0.9057665260196905,0.7365967365967366,0.49382716049382713
0.0,0.02,0,margin,738,0.795699111638247,0.9231444883618797,0.8298642533936652,0.8556034482758621,0.9108635097493036,0.7458432304038005,0.5088757396449705
0.0,0.02,0,margin,768,0.7900625882944258,0.9219951658976049,0.8294889190411578,0.8577586206896551,0.9128630705394191,0.7363420427553444,0.4819277108433735
0.0,0.02,1,random,18,0.4045212785287715,0.5728823705477402,0.46838025295797636,0.6351351351351351,0.41917502787068006,0.1471861471861472,0.1843687374749499
0.0,0.02,1,random,48,0.5165175233107872,0.8315789473684211,0.6821777570963239,0.7109634551495017,0.40870616686819833,0.23965141612200436,0.22602739726027396
0.0,0.02,1,random,78,0.5711486548652412,0.8599763872491145,0.7967741935483871,0.7136150234741784,0.4947089947089947,0.31381733021077285,0.248
0.0,0.02,1,random,108,0.5878788474018538,0.8802619270346118,0.786346396965866,0.6889952153110048,0.6305170239596469,0.25728155339805825,0.2838709677419355
0.0,0.02,1,random,138,0.6096964115361233,0.8798133022170361,0.8260325406758448,0.6994152046783626,0.6090225563909775,0.36220472440944884,0.28169014084507044
0.0,0.02,1,random,168,0.6589004206481336,0.9299391754899752,0.8393694077545804,0.7697441601779755,0.6928675400291121,0.3854166666666667,0.3360655737704918
0.0,0.02,1,random,198,0.6905257071337806,0.9278954484001802,0.8542931483087598,0.7765486725663717,0.6863033873343152,0.5253863134657837,0.37272727272727274
0.0,0.02,1,random,228,0.6931188681989232,0.9287996348699225,0.8523316062176166,0.7636363636363637,0.7192982456140351,0.5162689804772235,0.3783783783783784
0.0,0.02,1,random,258,0.7227700183338986,0.9360254083484574,0.8688879273041973,0.7914798206278026,0.739568345323741,0.602510460251046,0.39814814814814814
0.0,0.02,1,random,288,0.7341064551145368,0.9404063205417608,0.8666666666666667,0.8097345132743363,0.7178729689807977,0.5914893617021276,0.4784688995215311
0.0,0.02,1,random,318,0.7413740504311517,0.9453405017921147,0.8667820069204152,0.8253275109170306,0.7225433526011561,0.5933014354066986,0.494949494949495
0.0,0.02,1,random,348,0.7351804208635256,0.941970310391363,0.8639455782312925,0.8202866593164277,0.7346938775510204,0.5749385749385749,0.4752475247524752
0.0,0.02,1,random,378,0.7352375693075005,0.9486836233824185,0.86377309840997,0.8160535117056856,0.7208271787296898,0.5990338164251208,0.4630541871921182
0.0,0.02,1,random,408,0.7389319430010609,0.9509738079247817,0.8685466377440347,0.8141592920353983,0.7245949926362297,0.6308724832214765,0.4444444444444444
0.0,0.02,1,random,438,0.735055629494353,0.9518045281327057,0.8711762171477812,0.8097886540600667,0.7261904761904762,0.6157303370786517,0.43564356435643564
0.0,0.02,1,random,468,0.7412746659732027,0.9513997760358343,0.8731537793223284,0.8106312292358804,0.7309941520467836,0.6337078651685393,0.44776119402985076
0.0,0.02,1,random,498,0.7502012763757153,0.9563474387527839,0.8745644599303136,0.8244274809160306,0.725925925925926,0.6276346604215457,0.49230769230769234
0.0,0.02,1,random,528,0.7519866679674644,0.956366874443455,0.8813559322033898,0.8185840707964602,0.7261904761904762,0.641860465116279,0.48756218905472637
0.0,0.02,1,random,558,0.7540701312832122,0.9561540173603383,0.8814298169136879,0.8171806167400881,0.725111441307578,0.6420323325635104,0.5025125628140703
0.0,0.02,1,random,588,0.758815834260492,0.9589285714285715,0.8870547350130321,0.8206820682068207,0.7240356083086054,0.6773455377574371,0.48484848484848486
0.0,0.02,1,random,618,0.7590997757329809,0.9570251614339791,0.8815331010452961,0.8220994475138121,0.7307692307692307,0.6758620689655173,0.4873096446700508
0.0,0.02,1,random,648,0.7593812804297552,0.955456570155902,0.8774531181857829,0.8227571115973742,0.7286135693215339,0.6928406466512702,0.4791666666666667
0.0,0.02,1,random,678,0.7637813658739767,0.9575083426028921,0.8812227074235808,0.8324205914567361,0.7326440177252584,0.6993006993006993,0.47959183673469385
0.0,0.02,1,random,708,0.7621260811168439,0.9563474387527839,0.8775153105861767,0.8370044052863436,0.7342143906020558,0.680365296803653,0.4873096446700508
0.0,0.02,1,random,738,0.7648527874699215,0.9575272403824772,0.8830486202365309,0.8316831683168316,0.7432835820895523,0.6890380313199105,0.4845360824742268
0.0,0.02,1,random,768,0.7634699283971892,0.9568505338078291,0.8897569444444444,0.8317046688382194,0.7355623100303952,0.6882217090069284,0.4787234042553192
0.0,0.02,1,margin,18,0.4045212785287715,0.5728823705477402,0.46838025295797636,0.6351351351351351,0.41917502787068006,0.1471861471861472,0.1843687374749499
0.0,0.02,1,margin,48,0.5918899056968059,0.8903823870220162,0.7068466730954677,0.743109151047409,0.5938748335552596,0.3314121037463977,0.2857142857142857
0.0,0.02,1,margin,78,0.6462480357355075,0.9272321428571428,0.7569141193595342,0.7771428571428571,0.6454891994917408,0.4602076124567474,0.3105022831050228
0.0,0.02,1,margin,108,0.7016635043942255,0.9300884955752212,0.8312869486130059,0.8096885813148789,0.6562905317769131,0.5263157894736842,0.4563106796116505
0.0,0.02,1,margin,138,0.7092128531468912,0.9384073911130665,0.8514760147601476,0.8117913832199547,0.682741116751269,0.6415929203539823,0.32926829268292684
0.0,0.02,1,margin,168,0.7361992227244377,0.9450307827616534,0.8785388127853881,0.8232611174458381,0.717391304347826,0.7074235807860262,0.34554973821989526
0.0,0.02,1,margin,198,0.7402804267578681,0.945910290237467,0.8805429864253393,0.8275084554678692,0.7178082191780822,0.6921348314606741,0.37777777777777777
0.0,0.02,1,margin,228,0.7469956202668869,0.9453827593770564,0.8745454545454545,0.8357221609702316,0.7188811188811188,0.7029478458049887,0.4044943820224719
0.0,0.02,1,margin,258,0.7488823756997376,0.9445656918376255,0.8738574040219378,0.8392070484581498,0.7282913165266106,0.6962616822429907,0.4111111111111111
0.0,0.02,1,margin,288,0.751829868255626,0.9450021824530772,0.8706739526411658,0.8448844884488449,0.7114285714285714,0.7185354691075515,0.42045454545454547
0.0,0.02,1,margin,318,0.7458448086772056,0.9452954048140044,0.877541798463624,0.8467475192943771,0.7173601147776184,0.7181818181818181,0.3699421965317919
0.0,0.02,1,margin,348,0.7537731651789871,0.9458689458689459,0.8858038513210927,0.8390677025527192,0.7343976777939042,0.7289293849658315,0.38857142857142857
0.0,0.02,1,margin,378,0.7554325156166319,0.9479921000658328,0.8887892376681614,0.8468271334792122,0.7380607814761215,0.738255033557047,0.37267080745341613
0.0,0.02,1,margin,408,0.7544765583996605,0.9490333919156415,0.8887896382313533,0.8426724137931034,0.7540500736377025,0.7252252252252253,0.3670886075949367
0.0,0.02,1,margin,438,0.764608289790202,0.9501427630133977,0.8899821109123435,0.8491379310344828,0.7514792899408284,0.7297297297297297,0.4171779141104294
0.0,0.02,1,margin,468,0.7674729191401958,0.9507692307692308,0.889284126278346,0.8527808069792803,0.7547723935389133,0.7425968109339408,0.4146341463414634
0.0,0.02,1,margin,498,0.772028280373513,0.952339117065671,0.8899777282850779,0.8562019758507134,0.7603550295857988,0.7354260089686099,0.4378698224852071
0.0,0.02,1,margin,528,0.7673774478185599,0.9534065934065934,0.8876055086628165,0.849615806805708,0.757396449704142,0.7370786516853932,0.41916167664670656
0.0,0.02,1,margin,558,0.7660714216013585,0.953656929497035,0.8853333333333333,0.8524945770065075,0.7525925925925926,0.7402298850574712,0.4121212121212121
0.0,0.02,1,margin,588,0.766904969042626,0.954076027246759,0.8890852850198852,0.8530701754385965,0.7570789865871833,0.7334851936218679,0.4146341463414634
0.0,0.02,1,margin,618,0.7741412551004204,0.9534065934065934,0.8900709219858156,0.8558951965065502,0.7589285714285714,0.7368421052631579,0.44970414201183434
0.0,0.02,1,margin,648,0.766046443258066,0.9534934979061054,0.8892809880899868,0.8537117903930131,0.7492537313432835,0.7313769751693002,0.41916167664670656
0.0,0.02,1,margin,678,0.7703591011165911,0.9543751377562266,0.8891832229580574,0.8577728776185226,0.7503692762186115,0.7325842696629213,0.4378698224852071
0.0,0.02,1,margin,708,0.7620717524658768,0.9549668874172186,0.8895732512098549,0.8505997818974919,0.7459138187221397,0.7387387387387387,0.39263803680981596
0.0,0.02,1,margin,738,0.7650773175730228,0.9553886925795053,0.8884007029876977,0.8442982456140351,0.7485207100591716,0.7346938775510204,0.41916167664670656
0.0,0.02,1,margin,768,0.7633495113332223,0.9555997349237906,0.8895705521472392,0.847084708470847,0.7455621301775148,0.7301587301587301,0.4121212121212121
0.0,0.02,2,random,18,0.37186639712081293,0.6950614058008884,0.5620188195038495,0.16589861751152074,0.391304347826087,0.1806282722513089,0.23628691983122363
0.0,0.02,2,random,48,0.49262721557703243,0.8047968021319121,0.6924315619967794,0.5420560747663551,0.34210526315789475,0.33753148614609574,0.23684210526315788
0.0,0.02,2,random,78,0.5526665683891608,0.863400316098442,0.7018150388936906,0.6928499496475328,0.46865671641791046,0.4195804195804196,0.1696969696969697
0.0,0.02,2,random,108,0.5718414874566352,0.8643331045527339,0.7273500638026372,0.7250996015936255,0.456973293768546,0.5066079295154186,0.1506849315068493
0.0,0.02,2,random,138,0.60087152846888,0.872768361581921,0.7745919717688575,0.7387914230019493,0.4633781763826607,0.6118143459915611,0.14388489208633093
0.0,0.02,2,random,168,0.6418243642982134,0.875,0.779896013864818,0.8012752391073327,0.4570596797671033,0.6133909287257019,0.32432432432432434
0.0,0.02,2,random,198,0.6690482425165643,0.883098916301591,0.7962962962962963,0.8347639484978541,0.5244072524407253,0.6387665198237885,0.33695652173913043
0.0,0.02,2,random,228,0.6768168314207491,0.8770322876116327,0.7936241610738255,0.8296943231441049,0.5489655172413793,0.64,0.37158469945355194
0.0,0.02,2,random,258,0.6688176947189614,0.8734321550741163,0.8052497883149873,0.8138238573021181,0.5406896551724137,0.6280623608017817,0.3516483516483517
0.0,0.02,2,random,288,0.6856796825933954,0.8768986624348221,0.8034188034188035,0.8406779661016949,0.5373134328358209,0.625,0.4307692307692308
0.0,0.02,2,random,318,0.6889847437654848,0.8793879387938794,0.8048463868455215,0.8312570781426953,0.5535465924895688,0.64,0.42487046632124353
0.0,0.02,2,random,348,0.6943029664752348,0.8834628190899001,0.8051372896368467,0.8431818181818181,0.5742024965325936,0.648068669527897,0.4117647058823529
0.0,0.02,2,random,378,0.688715018976262,0.88126531521497,0.8072024593763725,0.8314350797266514,0.5714285714285714,0.6181015452538632,0.4228571428571429
0.0,0.02,2,random,408,0.6859668939659596,0.8808567603748326,0.8136185072020952,0.8237986270022883,0.5671232876712329,0.6327433628318584,0.39766081871345027
0.0,0.02,2,random,438,0.6841671695392041,0.883053839364519,0.8061269146608315,0.819634703196347,0.5816023738872403,0.6263498920086393,0.38823529411764707
0.0,0.02,2,random,468,0.7119792584896462,0.8873177198409191,0.8175499565595135,0.8266360505166476,0.588957055214724,0.6434782608695652,0.5079365079365079
0.0,0.02,2,random,498,0.7103548963550005,0.8872711228766821,0.8144640551011623,0.831981460023175,0.5819295558958653,0.6325167037861915,0.5139664804469274
0.0,0.02,2,random,528,0.7162744773012785,0.8943270300333704,0.8140832975525977,0.8441410693970421,0.6074074074074074,0.6292134831460674,0.5084745762711864
0.0,0.02,2,random,558,0.7205224736484505,0.8947368421052632,0.811044003451251,0.8437856328392246,0.6103703703703703,0.6419213973799127,0.5212765957446809
0.0,0.02,2,random,588,0.7173568641051927,0.8931909212283045,0.8117697966248377,0.8437856328392246,0.5961820851688693,0.6535947712418301,0.5056179775280899
0.0,0.02,2,random,618,0.722578650581409,0.895949876929962,0.8167675021607606,0.8625698324022346,0.604992657856094,0.6578947368421053,0.4972972972972973
0.0,0.02,2,random,648,0.7334792247898981,0.8984861976847729,0.8217652099400171,0.8555431131019037,0.6077519379844961,0.6510638297872341,0.5662650602409639
0.0,0.02,2,random,678,0.7337754275097397,0.8970555678547709,0.8231759656652361,0.8615725359911407,0.5844155844155844,0.6581196581196581,0.5783132530120482
0.0,0.02,2,random,708,0.7403829477712153,0.8984478935698448,0.8301240907145914,0.867178924259056,0.6095238095238096,0.6726057906458798,0.5644171779141104
0.0,0.02,2,random,738,0.7509069932625025,0.8997338065661047,0.8341151385927505,0.8693743139407245,0.6022187004754358,0.6818181818181818,0.6181818181818182
0.0,0.02,2,random,768,0.7483582163443304,0.9003542958370239,0.8360375747224594,0.8744493392070485,0.6019108280254777,0.6940639269406392,0.5833333333333334
0.0,0.02,2,margin,18,0.37186639712081293,0.6950614058008884,0.5620188195038495,0.16589861751152074,0.391304347826087,0.1806282722513089,0.23628691983122363
0.0,0.02,2,margin,48,0.4110679851583862,0.7465707218349449,0.5752009184845006,0.14232209737827714,0.19638242894056848,0.4326923076923077,0.3732394366197183
0.0,0.02,2,margin,78,0.5352176733306151,0.8276734866062012,0.7128412537917088,0.38613861386138615,0.3319946452476573,0.5382436260623229,0.4144144144144144
0.0,0.02,2,margin,108,0.6202881627947576,0.8627872020614129,0.7826871055004508,0.584573748308525,0.38146167557932265,0.6216696269982238,0.48854961832061067
0.0,0.02,2,margin,138,0.6448103848082624,0.8658064516129033,0.7752707581227437,0.7061790668348046,0.36140350877192984,0.6210720887245841,0.5391304347826087
0.0,0.02,2,margin,168,0.6703737406198881,0.870891514500537,0.7966841186736475,0.7965260545905707,0.36330935251798563,0.6247379454926625,0.5700934579439252
0.0,0.02,2,margin,198,0.6914633979686199,0.8769867189200958,0.7938053097345132,0.8199767711962834,0.4196277495769882,0.6383838383838384,0.6
0.0,0.02,2,margin,228,0.700336016060484,0.8771084337349397,0.799645390070922,0.825938566552901,0.4512,0.6335403726708074,0.6145833333333334
0.0,0.02,2,margin,258,0.6988785007445832,0.8749728201782996,0.8060097216084843,0.8294392523364486,0.4473684210526316,0.6365503080082136,0.5989304812834224
0.0,0.02,2,margin,288,0.711981263752307,0.8767003071522598,0.8026431718061674,0.8433179723502304,0.49044585987261147,0.6527196652719666,0.6060606060606061
0.0,0.02,2,margin,318,0.7146413911228849,0.876429199648197,0.8108581436077058,0.8486238532110092,0.4834123222748815,0.6396588486140725,0.6288659793814433
0.0,0.02,2,margin,348,0.723638590003933,0.8830939226519336,0.8080454744206383,0.8522727272727273,0.4857142857142857,0.6528066528066528,0.6598984771573604
0.0,0.02,2,margin,378,0.7222937729293731,0.8844109831709478,0.8172786177105832,0.8552036199095022,0.4864,0.6526315789473685,0.6378378378378379
0.0,0.02,2,margin,408,0.730404349848366,0.8863686902379364,0.8182984181274049,0.8664421997755332,0.5023547880690737,0.6535947712418301,0.655367231638418
0.0,0.02,2,margin,438,0.7427174332478891,0.8914798206278027,0.8212765957446808,0.8747203579418344,0.5457317073170732,0.6637554585152838,0.6593406593406593
0.0,0.02,2,margin,468,0.7472706870616772,0.8927770300583221,0.8267347807577693,0.8747203579418344,0.5474006116207951,0.6753246753246753,0.6666666666666666
0.0,0.02,2,margin,498,0.7417284007376499,0.8910270754083688,0.8314893617021276,0.8772321428571429,0.5304212168486739,0.6909871244635193,0.6292134831460674
0.0,0.02,2,margin,528,0.7383400448559588,0.89181940098346,0.8334742180896028,0.877665544332211,0.5264797507788161,0.6799116997792495,0.6206896551724138
0.0,0.02,2,margin,558,0.7359414589536543,0.8904783191774698,0.8301404853128991,0.8752783964365256,0.5341614906832298,0.691304347826087,0.5942857142857143
0.0,0.02,2,margin,588,0.7411439323727979,0.8921152557516194,0.8331210191082803,0.8762541806020067,0.5408805031446541,0.6943231441048034,0.6101694915254238
0.0,0.02,2,margin,618,0.743369202011097,0.8926654740608229,0.8350340136054422,0.8756998880179171,0.5356037151702786,0.6926406926406926,0.6285714285714286
0.0,0.02,2,margin,648,0.7499574464447218,0.8954555630176853,0.8353997434801197,0.8759776536312849,0.5705614567526556,0.6980728051391863,0.6242774566473989
0.0,0.02,2,margin,678,0.7500337817369505,0.8962264150943396,0.8329092451229856,0.8754208754208754,0.5757121439280359,0.6840958605664488,0.6358381502890174
0.0,0.02,2,margin,708,0.7574419957627905,0.8985181859003143,0.8365180467091295,0.874439461883408,0.583963691376702,0.6997840172786177,0.6514285714285715
0.0,0.02,2,margin,738,0.7586662746823644,0.8970786516853932,0.8409475465313029,0.8814317673378076,0.5714285714285714,0.706140350877193,0.6549707602339181
0.0,0.02,2,margin,768,0.7631955046604738,0.8980418636056718,0.8418821534548537,0.8819599109131403,0.5757121439280359,0.7071583514099783,0.6744186046511628
0.2,0.04933333333333333,0,random,18,0.5169192312319678,0.7469468900880432,0.5168044077134987,0.48382923673997413,0.6844262295081968,0.41879637262984337,0.25071225071225073
0.2,0.04933333333333333,0,random,48,0.6523912078498664,0.8420212765957447,0.724087591240876,0.6105087572977481,0.7707865168539326,0.5245901639344263,0.4423529411764706
0.2,0.04933333333333333,0,random,78,0.6756492434454713,0.8486299547752062,0.7931897846770155,0.6880415944540728,0.7025703794369645,0.5977653631284916,0.4236983842010772
0.2,0.04933333333333333,0,random,108,0.6913509387006594,0.8688439606013478,0.7929471032745592,0.7065217391304348,0.8297632468996617,0.5463258785942492,0.40370370370370373
0.2,0.04933333333333333,0,random,138,0.7183272693885564,0.8426212590299278,0.7936191425722832,0.7467980295566502,0.8131634819532909,0.7079646017699115,0.4057971014492754
0.2,0.04933333333333333,0,random,168,0.7357841051691482,0.8676028084252758,0.773827923750644,0.7612387612387612,0.8589607635206787,0.7334315169366715,0.41964285714285715
0.2,0.04933333333333333,0,random,198,0.7431888301406122,0.8819497334348819,0.7877862595419848,0.7632850241545893,0.8774193548387097,0.7329376854599406,0.41575492341356673
0.2,0.04933333333333333,0,random,228,0.7456429341457541,0.8851699279093718,0.801583374567046,0.7703842549203374,0.881578947368421,0.7414050822122571,0.39373601789709173
0.2,0.04933333333333333,0,random,258,0.7380551004759774,0.887001287001287,0.8088235294117647,0.76937441643324,0.8770764119601329,0.7034883720930233,0.38256658595641646
0.2,0.04933333333333333,0,random,288,0.743706251363245,0.8873492430074417,0.8033514046328241,0.7885167464114833,0.8841870824053452,0.6960227272727273,0.4028103044496487
0.2,0.04933333333333333,0,random,318,0.7468944291675309,0.891260162601626,0.800599700149925,0.7901234567901234,0.8830601092896175,0.6984126984126984,0.417910447761194
0.2,0.04933333333333333,0,random,348,0.7577098800226891,0.8906882591093117,0.797153024911032,0.7916666666666666,0.8903508771929824,0.7130434782608696,0.46335697399527187
0.2,0.04933333333333333,0,random,378,0.7590729291602555,0.894630192502533,0.7983830217281456,0.7904761904761904,0.8871851040525739,0.7057142857142857,0.47804878048780486
0.2,0.04933333333333333,0,random,408,0.7631219145954887,0.8980005062009618,0.8005967180507211,0.8045757864632984,0.8925081433224755,0.7088235294117647,0.4742268041237113
0.2,0.04933333333333333,0,random,438,0.7639777206871563,0.8996452103395844,0.7992106561420819,0.8084291187739464,0.8859934853420195,0.726207906295754,0.46437994722955145
0.2,0.04933333333333333,0,random,468,0.774598231211273,0.9024759979787772,0.802962962962963,0.815968841285297,0.8913282107574094,0.7259475218658892,0.5089058524173028
0.2,0.04933333333333333,0,random,498,0.7743954998398862,0.9032258064516129,0.801583374567046,0.8148873653281097,0.8884073672806068,0.7229629629629629,0.5153061224489796
0.2,0.04933333333333333,0,random,528,0.7758357771417416,0.9031289111389237,0.8057340583292141,0.8157635467980295,0.8809523809523809,0.725111441307578,0.5243243243243243
0.2,0.04933333333333333,0,random,558,0.7770130940945702,0.904047976011994,0.8073668491786958,0.81648675171737,0.8835690968443961,0.7242921013412816,0.5263157894736842
0.2,0.04933333333333333,0,random,588,0.7831770693909839,0.903370786516854,0.8018018018018018,0.8153998025666338,0.8942731277533039,0.7270029673590505,0.5572139303482587
0.2,0.04933333333333333,0,random,618,0.7813478947269256,0.9039660763282614,0.8035982008995503,0.8134254689042448,0.8906077348066298,0.725111441307578,0.5513784461152882
0.2,0.04933333333333333,0,random,648,0.7873878357682322,0.907040841894262,0.8145563310069791,0.8188976377952756,0.8942731277533039,0.7337278106508875,0.5558312655086849
0.2,0.04933333333333333,0,random,678,0.7846528003707038,0.9067201604814443,0.8137450199203188,0.8180039138943248,0.8908489525909592,0.7299703264094956,0.5486284289276808
0.2,0.04933333333333333,0,random,708,0.7813674928410429,0.9101376720901126,0.812344449975112,0.8148873653281097,0.8896247240618101,0.7275449101796407,0.5336658354114713
0.2,0.04933333333333333,0,random,738,0.7799035460601926,0.9083625438157236,0.80990099009901,0.8126232741617357,0.8952590959206174,0.7256371814092953,0.5276381909547738
0.2,0.04933333333333333,0,random,768,0.7842593615782719,0.9090909090909091,0.8112927191679049,0.816125860373648,0.8900979325353645,0.7344461305007587,0.5445026178010471
0.2,0.04933333333333333,0,margin,18,0.5169192312319678,0.7469468900880432,0.5168044077134987,0.48382923673997413,0.6844262295081968,0.41879637262984337,0.25071225071225073
0.2,0.04933333333333333,0,margin,48,0.6412638999367731,0.8869821034567296,0.6087463556851312,0.6641366223908919,0.8527679623085983,0.42280285035629456,0.4121475054229935
0.2,0.04933333333333333,0,margin,78,0.6832214840715447,0.880537580886013,0.7474252084355076,0.6482213438735178,0.8223234624145785,0.5606299212598426,0.44019138755980863
0.2,0.04933333333333333,0,margin,108,0.7324280589626727,0.8926496590047992,0.8079727758872144,0.7604267701260912,0.824696802646086,0.6708661417322834,0.43795620437956206
0.2,0.04933333333333333,0,margin,138,0.7544966756335091,0.8992443324937027,0.8221268478779208,0.7991886409736308,0.8533333333333334,0.7024539877300614,0.4506329113924051
0.2,0.04933333333333333,0,margin,168,0.7564774695394224,0.9014865205341396,0.8200192492781521,0.794383149448345,0.8536036036036037,0.6845238095238095,0.48484848484848486
0.2,0.04933333333333333,0,margin,198,0.7768359802467569,0.9078617926890336,0.8116370808678501,0.8315054835493519,0.8710407239819005,0.6831395348837209,0.5558312655086849
0.2,0.04933333333333333,0,margin,228,0.7679465998957952,0.9062186559679037,0.8125922282341368,0.8251748251748252,0.8677966101694915,0.6857962697274032,0.51010101010101
0.2,0.04933333333333333,0,margin,258,0.7783458918318349,0.9072681704260651,0.8148510014655593,0.8309859154929577,0.8741573033707866,0.7128129602356407,0.53
0.2,0.04933333333333333,0,margin,288,0.7819922168613808,0.9069475796338099,0.812992125984252,0.8333333333333334,0.8741573033707866,0.7190684133915575,0.5454545454545454
0.2,0.04933333333333333,0,margin,318,0.7846360383634168,0.909136295556665,0.8149606299212598,0.8284854563691073,0.8861607142857143,0.725925925925926,0.5431472081218274
0.2,0.04933333333333333,0,margin,348,0.7768460552460206,0.9103620474406992,0.8121927236971485,0.8293650793650794,0.8787541713014461,0.7197640117994101,0.5106382978723404
0.2,0.04933333333333333,0,margin,378,0.7871908649889314,0.910950361686206,0.8144126357354393,0.839724680432645,0.8752783964365256,0.7310549777117384,0.5517241379310345
0.2,0.04933333333333333,0,margin,408,0.7856806355747072,0.9124032942350886,0.8153998025666338,0.831858407079646,0.88470066518847,0.7310549777117384,0.5386666666666666
0.2,0.04933333333333333,0,margin,438,0.7892467934614257,0.9124469942629084,0.8091224590976698,0.8390918065153011,0.891832229580574,0.7360703812316716,0.546916890080429
0.2,0.04933333333333333,0,margin,468,0.7900502899025897,0.9108074534161491,0.8153241650294696,0.8412698412698413,0.8881506090808416,0.7575757575757576,0.5271739130434783
0.2,0.04933333333333333,0,margin,498,0.7947013257122083,0.9121672057725803,0.8142717497556208,0.8446215139442231,0.8938053097345132,0.7569230769230769,0.5464190981432361
0.2,0.04933333333333333,0,margin,528,0.7985193836230425,0.9123942259830762,0.8100147275405007,0.8437810945273632,0.8915929203539823,0.7619047619047619,0.5714285714285714
0.2,0.04933333333333333,0,margin,558,0.8065653947266855,0.9121672057725803,0.8103870651641353,0.8491508491508492,0.8955555555555555,0.7741935483870968,0.5979381443298969
0.2,0.04933333333333333,0,margin,588,0.8064167461183422,0.9146978363591146,0.8094302554027505,0.8489065606361829,0.8903654485049833,0.7730061349693251,0.6020942408376964
0.2,0.04933333333333333,0,margin,618,0.8025396680662166,0.9140586189766517,0.8100147275405007,0.8453815261044176,0.8881506090808416,0.7708978328173375,0.5867346938775511
0.2,0.04933333333333333,0,margin,648,0.7998323081229065,0.9133780094316207,0.8045186640471512,0.8408408408408409,0.8844444444444445,0.7639751552795031,0.5918367346938775
0.2,0.04933333333333333,0,margin,678,0.8047540279017676,0.912568306010929,0.8074656188605108,0.848,0.8839779005524862,0.7713841368584758,0.6051282051282051
0.2,0.04933333333333333,0,margin,708,0.8068928516864385,0.9119761963798662,0.8058968058968059,0.8488488488488488,0.8891352549889135,0.778816199376947,0.6066838046272494
0.2,0.04933333333333333,0,margin,738,0.8125119599478562,0.9138187221396731,0.807673389080177,0.8531468531468531,0.8982300884955752,0.7891373801916933,0.6130653266331658
0.2,0.04933333333333333,0,margin,768,0.8080535794708604,0.9124286777474572,0.8015678588926997,0.8450704225352113,0.8952590959206174,0.7828843106180665,0.6111111111111112
0.2,0.04933333333333333,1,random,18,0.6217917550923527,0.8237986270022883,0.7146067415730337,0.6454388984509466,0.5422535211267606,0.5584988962472406,0.4461538461538462
0.2,0.04933333333333333,1,random,48,0.6947947903980504,0.9058823529411765,0.7681473456121344,0.7204030226700252,0.703862660944206,0.6419019316493314,0.42857142857142855
0.2,0.04933333333333333,1,random,78,0.7100040289045034,0.8615303150648663,0.7514824797843666,0.7098445595854922,0.7216494845360825,0.6856368563685636,0.5298804780876494
0.2,0.04933333333333333,1,random,108,0.7234451367334821,0.90216271884655,0.776986301369863,0.7477313974591652,0.709349593495935,0.7075208913649025,0.49691991786447637
0.2,0.04933333333333333,1,random,138,0.7328679071077474,0.903242542153048,0.8035435122459614,0.7862318840579711,0.7135135135135136,0.717948717948718,0.4727272727272727
0.2,0.04933333333333333,1,random,168,0.7438886739020264,0.912831061969658,0.8027069234773555,0.7735682819383259,0.7567567567567568,0.7466266866566716,0.4708423326133909
0.2,0.04933333333333333,1,random,198,0.7502771278879948,0.9168168941540046,0.7989664082687339,0.7917414721723519,0.7347368421052631,0.753125,0.5062761506276151
0.2,0.04933333333333333,1,random,228,0.758477853452944,0.9192258064516129,0.8272408612919379,0.7939339875111507,0.7611777535441657,0.750392464678179,0.4988962472406181
0.2,0.04933333333333333,1,random,258,0.766401081582848,0.9222050489438434,0.8491566265060241,0.8036363636363636,0.7954285714285714,0.7210031347962382,0.5069767441860465
0.2,0.04933333333333333,1,random,288,0.7720009839902113,0.9236363636363636,0.8584995251661919,0.7975243147656941,0.7972350230414746,0.7348242811501597,0.5202863961813843
0.2,0.04933333333333333,1,random,318,0.7684670373385819,0.9299461123941494,0.8605313092979127,0.7985143918291551,0.7935409457900807,0.75625,0.4720194647201946
0.2,0.04933333333333333,1,random,348,0.7838760073591106,0.9309109518935517,0.8591954022988506,0.8250701590271281,0.7922814982973894,0.7627906976744186,0.5330073349633252
0.2,0.04933333333333333,1,random,378,0.7783488452574648,0.9322033898305084,0.8576904647819837,0.8135283363802559,0.7968217934165721,0.7711213517665131,0.49872773536895676
0.2,0.04933333333333333,1,random,408,0.7869865919137778,0.9367477592829706,0.8575539568345324,0.8245283018867925,0.7859569648924122,0.76103500761035,0.5560975609756098
0.2,0.04933333333333333,1,random,438,0.7870823944083076,0.9359631147540983,0.8493282149712092,0.8222013170272813,0.7869955156950673,0.774390243902439,0.5536159600997507
0.2,0.04933333333333333,1,random,468,0.7828269147203336,0.9376763272634009,0.8519405845711547,0.8220973782771536,0.7831858407079646,0.7649769585253456,0.5370843989769821
0.2,0.04933333333333333,1,random,498,0.7837881150614404,0.9397590361445783,0.8601633829889476,0.8191000918273645,0.796440489432703,0.7617554858934169,0.5255102040816326
0.2,0.04933333333333333,1,random,528,0.7845988113103813,0.9393627954779034,0.8612578012481997,0.8142726440988106,0.7973421926910299,0.7610062893081762,0.5343511450381679
0.2,0.04933333333333333,1,random,558,0.7865206847328917,0.94,0.8669527896995708,0.8172635445362718,0.8040313549832027,0.7610062893081762,0.5298701298701298
0.2,0.04933333333333333,1,random,588,0.7856697769561131,0.9405128205128205,0.8685334598955862,0.8165898617511521,0.8094701240135288,0.7582938388625592,0.520618556701031
0.2,0.04933333333333333,1,random,618,0.7866651720745143,0.9405128205128205,0.8697299857887257,0.8172635445362718,0.8112994350282486,0.7496062992125985,0.531578947368421
0.2,0.04933333333333333,1,random,648,0.7838243863643432,0.939161554192229,0.8700618752974774,0.8191000918273645,0.8109965635738832,0.7414330218068536,0.5221932114882507
0.2,0.04933333333333333,1,random,678,0.7867603364187215,0.939015054860934,0.8720874940561103,0.8152274837511606,0.8170310701956272,0.7550077041602465,0.5221932114882507
0.2,0.04933333333333333,1,random,708,0.7885140993821577,0.9390461616934456,0.8750593824228029,0.8156424581005587,0.8179723502304147,0.7611710323574731,0.5221932114882507
0.2,0.04933333333333333,1,random,738,0.7868950126816938,0.9389527458492976,0.8730679156908665,0.8164794007490637,0.8177570093457944,0.7515527950310559,0.5235602094240838
0.2,0.04933333333333333,1,random,768,0.7874250194453495,0.9389215435727064,0.8796992481203008,0.8130841121495327,0.8255813953488372,0.753125,0.5141388174807198
0.2,0.04933333333333333,1,margin,18,0.6217917550923527,0.8237986270022883,0.7146067415730337,0.6454388984509466,0.5422535211267606,0.5584988962472406,0.4461538461538462
0.2,0.04933333333333333,1,margin,48,0.6856539382050811,0.8501820218426211,0.7594486438417074,0.7486033519553073,0.6188992731048806,0.7120115774240231,0.4247787610619469
0.2,0.04933333333333333,1,margin,78,0.7367436062499834,0.9281113115176501,0.8465160075329566,0.7687687687687688,0.6407322654462243,0.7245053272450532,0.5118279569892473
0.2,0.04933333333333333,1,margin,108,0.7677443853626899,0.9338085539714868,0.8558866634098681,0.8044579533941236,0.6853932584269663,0.7663817663817664,0.5605381165919282
0.2,0.04933333333333333,1,margin,138,0.770688848372029,0.9371486969851814,0.8725023786869648,0.8035538005923001,0.703030303030303,0.7546099290780142,0.5532879818594104
0.2,0.04933333333333333,1,margin,168,0.7875844547333956,0.9429521616781785,0.8785578747628083,0.8095712861415753,0.7428571428571429,0.759493670886076,0.5920745920745921
0.2,0.04933333333333333,1,margin,198,0.7784600391918025,0.937532002048131,0.8731707317073171,0.7813471502590673,0.7445887445887446,0.7437325905292479,0.5903890160183066
0.2,0.04933333333333333,1,margin,228,0.7897053012338099,0.938252626184986,0.8718446601941747,0.8080808080808081,0.7580110497237569,0.7828571428571428,0.579185520361991
0.2,0.04933333333333333,1,margin,258,0.7848987543815351,0.9386503067484663,0.8727796447431589,0.7841501564129302,0.764505119453925,0.7670850767085077,0.5822222222222222
0.2,0.04933333333333333,1,margin,288,0.7963622171674837,0.9375159398112727,0.8801534036433365,0.8104312938816449,0.7711670480549199,0.7873563218390804,0.5915492957746479
0.2,0.04933333333333333,1,margin,318,0.7980637151816813,0.9388903093837894,0.876871076774505,0.8223748773307163,0.7711386696730552,0.7902995720399429,0.5888077858880778
0.2,0.04933333333333333,1,margin,348,0.7995844778612304,0.9385674228906449,0.8811121764141898,0.8258317025440313,0.7701283547257877,0.7890961262553802,0.5927710843373494
0.2,0.04933333333333333,1,margin,378,0.7960968947593207,0.9376114081996435,0.8872832369942196,0.8185328185328186,0.7800925925925926,0.7844827586206896,0.5685785536159601
0.2,0.04933333333333333,1,margin,408,0.7938995956314336,0.9368956743002544,0.8917624521072797,0.8180076628352491,0.7850467289719626,0.784370477568741,0.5473145780051151
0.2,0.04933333333333333,1,margin,438,0.7971286442894626,0.9388067312595615,0.8905950095969289,0.8156638013371538,0.7976878612716763,0.7959770114942529,0.5440414507772021
0.2,0.04933333333333333,1,margin,468,0.801399977634088,0.9394402035623409,0.8943089430894309,0.8209099709583737,0.8014018691588785,0.7959479015918958,0.556390977443609
0.2,0.04933333333333333,1,margin,498,0.8034874855717796,0.9395325203252033,0.8903846153846153,0.8244422890397672,0.8083623693379791,0.7953890489913544,0.5628140703517588
0.2,0.04933333333333333,1,margin,528,0.8041849963686211,0.9398629789393554,0.8886756238003839,0.8240917782026769,0.8123515439429929,0.784370477568741,0.5757575757575758
0.2,0.04933333333333333,1,margin,558,0.8006467957789564,0.9409378960709759,0.8909090909090909,0.8211538461538461,0.8194774346793349,0.7798561151079136,0.5515463917525774
0.2,0.04933333333333333,1,margin,588,0.8022159399280118,0.9412955465587044,0.8888888888888888,0.819672131147541,0.817966903073286,0.7907647907647908,0.55470737913486
0.2,0.04933333333333333,1,margin,618,0.8014313881881693,0.9418634171109419,0.885024154589372,0.8229665071770335,0.8150765606595995,0.7931526390870185,0.5505050505050505
0.2,0.04933333333333333,1,margin,648,0.8036443891755757,0.9428498856997714,0.8870735223450265,0.8202676864244742,0.81786133960047,0.7982583454281568,0.5555555555555556
0.2,0.04933333333333333,1,margin,678,0.8082827816523169,0.9421613394216134,0.8892100192678227,0.8157389635316699,0.82063305978898,0.8040638606676342,0.5778894472361809
0.2,0.04933333333333333,1,margin,708,0.8051952879619284,0.941594718131031,0.8848192771084338,0.8199233716475096,0.8164705882352942,0.7947976878612717,0.57356608478803
0.2,0.04933333333333333,1,margin,738,0.8054060651210123,0.9413854351687388,0.8881421027364378,0.8229665071770335,0.8151658767772512,0.7976878612716763,0.5670886075949367
0.2,0.04933333333333333,1,margin,768,0.8075043996280197,0.9416539827498731,0.8906999041227229,0.8216007714561234,0.8127962085308057,0.8011611030478955,0.5771144278606966
0.2,0.04933333333333333,2,random,18,0.4272727827710267,0.6484349258649094,0.45139813581890814,0.5226993865030675,0.45426829268292684,0.32653061224489793,0.16030534351145037
0.2,0.04933333333333333,2,random,48,0.49057378156204906,0.8051816103632208,0.548564447159438,0.5362872421695951,0.49583333333333335,0.41531664212076586,0.14225941422594143
0.2,0.04933333333333333,2,random,78,0.5847615827931313,0.8448968657915885,0.48876786929884275,0.6721311475409836,0.5235521235521235,0.4828711256117455,0.49635036496350365
0.2,0.04933333333333333,2,random,108,0.6372554026238099,0.8448415922014623,0.6327108092812677,0.7272727272727273,0.5581818181818182,0.5668016194331984,0.49372384937238495
0.2,0.04933333333333333,2,random,138,0.6846645822074512,0.8384697130712009,0.7504970178926441,0.8242990654205608,0.5284872298624754,0.6381679389312978,0.5280665280665281
0.2,0.04933333333333333,2,random,168,0.6980383521460021,0.8424273329933707,0.7468418393127843,0.8007699711260827,0.5907626208378088,0.672645739910314,0.5347826086956522
0.2,0.04933333333333333,2,random,198,0.6946801459437203,0.8390069106731508,0.731381612737545,0.8125,0.5738219895287958,0.6826347305389222,0.5287356321839081
0.2,0.04933333333333333,2,random,228,0.7057822580439433,0.8482510288065843,0.7612590799031477,0.8221797323135756,0.5464247598719317,0.6776315789473685,0.5789473684210527
0.2,0.04933333333333333,2,random,258,0.7072511577674144,0.8541140837960626,0.7560270009643202,0.8204633204633205,0.5603751465416178,0.6699186991869919,0.5826086956521739
0.2,0.04933333333333333,2,random,288,0.7139878293025634,0.85771744595274,0.7587890625,0.8131655372700871,0.5928489042675894,0.6731707317073171,0.5882352941176471
0.2,0.04933333333333333,2,random,318,0.7171504107960233,0.857071588924919,0.7557034220532319,0.8242303872889771,0.5876662636033857,0.6677524429967426,0.6104783599088838
0.2,0.04933333333333333,2,random,348,0.7167948255838187,0.8557189135310241,0.7662025924147864,0.8188050930460333,0.5717791411042945,0.7080745341614907,0.5801886792452831
0.2,0.04933333333333333,2,random,378,0.7186836722781598,0.86112493777999,0.7698986975397974,0.8151750972762646,0.5849514563106796,0.6978193146417445,0.5831325301204819
0.2,0.04933333333333333,2,random,408,0.7276433936486763,0.8662644544997486,0.7868852459016393,0.8238747553816047,0.5960099750623441,0.7051482059282371,0.5876777251184834
0.2,0.04933333333333333,2,random,438,0.7292049928476066,0.8717171717171717,0.7940354147250699,0.8255813953488372,0.602203182374541,0.6940639269406392,0.5876288659793815
0.2,0.04933333333333333,2,random,468,0.7347647049320849,0.8798380976473564,0.7940214852872489,0.8247821878025169,0.6077210460772104,0.7142857142857143,0.5879396984924623
0.2,0.04933333333333333,2,random,498,0.7406950901657986,0.8791878172588833,0.7996289424860853,0.8285163776493256,0.6198243412797992,0.7238372093023255,0.5931758530183727
0.2,0.04933333333333333,2,random,528,0.7385123353985938,0.8768799388223298,0.7981351981351982,0.8269230769230769,0.6127450980392157,0.7293777134587555,0.587012987012987
0.2,0.04933333333333333,2,random,558,0.7467062536550036,0.880164228894021,0.8035136384650948,0.830945558739255,0.6054590570719603,0.74,0.6201550387596899
0.2,0.04933333333333333,2,random,588,0.7384254059779961,0.8779861289493963,0.8012849931161083,0.8179162609542356,0.6027060270602707,0.7306590257879656,0.6
0.2,0.04933333333333333,2,random,618,0.7442110918410451,0.8748400307141029,0.8057354301572618,0.826171875,0.5997552019583844,0.7417974322396577,0.6169665809768637
0.2,0.04933333333333333,2,random,648,0.7409245413673858,0.8739409499358152,0.8025770823745974,0.8296007789678675,0.5978128797083839,0.7342857142857143,0.6073298429319371
0.2,0.04933333333333333,2,random,678,0.7462929401767776,0.8759650025733402,0.8049907578558225,0.83203125,0.6048192771084338,0.7339971550497866,0.6259541984732825
0.2,0.04933333333333333,2,random,708,0.7486911937379014,0.8780487804878049,0.8068709377901578,0.83088954056696,0.617046818727491,0.7368421052631579,0.6224489795918368
0.2,0.04933333333333333,2,random,738,0.7525694408880476,0.8760541783797597,0.8042770804277081,0.8390918065153011,0.6151990349819059,0.7432624113475177,0.6375321336760925
0.2,0.04933333333333333,2,random,768,0.7503927548314492,0.8765368852459017,0.8095896726602121,0.8385826771653543,0.6099635479951397,0.7407407407407407,0.6269430051813472
0.2,0.04933333333333333,2,margin,18,0.4272727827710267,0.6484349258649094,0.45139813581890814,0.5226993865030675,0.45426829268292684,0.32653061224489793,0.16030534351145037
0.2,0.04933333333333333,2,margin,48,0.6015292141638232,0.765869956309432,0.652394366197183,0.75,0.511240632805995,0.5384615384615384,0.3912087912087912
0.2,0.04933333333333333,2,margin,78,0.6237980024582986,0.8023163990523822,0.6630076838638859,0.7451963241436925,0.5415162454873647,0.6498422712933754,0.3409090909090909
0.2,0.04933333333333333,2,margin,108,0.6373913433131907,0.8079710144927537,0.7224713502740409,0.7775831873905429,0.49336283185840707,0.684931506849315,0.3380281690140845
0.2,0.04933333333333333,2,margin,138,0.6797981409641007,0.843313373253493,0.7339357429718876,0.8025830258302583,0.46094750320102434,0.7166416791604198,0.5213675213675214
0.2,0.04933333333333333,2,margin,168,0.7027100218682372,0.8619225967540575,0.7416538263995891,0.8,0.5465686274509803,0.7360482654600302,0.5300668151447662
0.2,0.04933333333333333,2,margin,198,0.7112777654964063,0.8554425985618647,0.7690752905507833,0.801125703564728,0.5384615384615384,0.7403156384505022,0.5632458233890215
0.2,0.04933333333333333,2,margin,228,0.7268712940707219,0.862394436164928,0.7858212680978532,0.7973231357552581,0.5746268656716418,0.7640449438202247,0.5770171149144254
0.2,0.04933333333333333,2,margin,258,0.7310673876657573,0.862403582980841,0.7956671590349581,0.8057692307692308,0.5782828282828283,0.7636363636363637,0.5806451612903226
0.2,0.04933333333333333,2,margin,288,0.7329568800672687,0.8646353646353646,0.7968901846452867,0.8092933204259438,0.5549872122762148,0.7598870056497176,0.6120481927710844
0.2,0.04933333333333333,2,margin,318,0.7373570823328107,0.871,0.803073967339097,0.8128031037827352,0.572538860103627,0.7588152327221439,0.6059113300492611
0.2,0.04933333333333333,2,margin,348,0.7373129552928153,0.8699775393062141,0.8064669519733714,0.8233046800382043,0.5729303547963206,0.7674418604651163,0.583756345177665
0.2,0.04933333333333333,2,margin,378,0.7433650296067665,0.8703241895261845,0.8111163447951013,0.8230842005676443,0.5737051792828686,0.7809239940387481,0.6010362694300518
0.2,0.04933333333333333,2,margin,408,0.7416160987839117,0.8684603886397608,0.8066350710900474,0.828436018957346,0.5668449197860963,0.7777777777777778,0.6015424164524421
0.2,0.04933333333333333,2,margin,438,0.7604960292178248,0.8760619690154923,0.8139754485363551,0.837967401725791,0.5992217898832685,0.7812041116005873,0.6545454545454545
0.2,0.04933333333333333,2,margin,468,0.7619261093096307,0.8785282258064516,0.8121154756270705,0.8392007611798288,0.5979643765903307,0.7737226277372263,0.6700251889168766
0.2,0.04933333333333333,2,margin,498,0.7594764959247833,0.876427302715047,0.8145009416195856,0.8258426966292135,0.6025316455696202,0.7725947521865889,0.6649616368286445
0.2,0.04933333333333333,2,margin,528,0.766515975582327,0.8758002560819462,0.815442561205273,0.8249534450651769,0.6104218362282878,0.782991202346041,0.6894865525672371
0.2,0.04933333333333333,2,margin,558,0.7646467978631212,0.8778860954335557,0.8151260504201681,0.8212290502793296,0.6176836861768369,0.7628865979381443,0.693069306930693
0.2,0.04933333333333333,2,margin,588,0.7696400274922119,0.8786008230452675,0.8168618266978923,0.8228678537956888,0.6178266178266179,0.7755102040816326,0.7061728395061728
0.2,0.04933333333333333,2,margin,618,0.7731485102966315,0.8802672147995889,0.8153701968134958,0.8317757009345794,0.6144430844553244,0.7859237536656891,0.7111111111111111
0.2,0.04933333333333333,2,margin,648,0.7734732703616123,0.8796722990271377,0.8134957825679475,0.8344370860927153,0.6150061500615006,0.7750362844702468,0.7231920199501247
0.2,0.04933333333333333,2,margin,678,0.7765135213313016,0.8816598360655737,0.8153342683496961,0.8382213812677389,0.6210268948655256,0.7764705882352941,0.7263681592039801
0.2,0.04933333333333333,2,margin,708,0.7781446386083685,0.8849693251533742,0.8147456836210919,0.8484270734032412,0.6097867001254705,0.7771260997067448,0.7338129496402878
0.2,0.04933333333333333,2,margin,738,0.7799217334250045,0.8856335132356721,0.8148837209302325,0.8484848484848485,0.61557478368356,0.7791044776119403,0.7358490566037735
0.2,0.04933333333333333,2,margin,768,0.7764906832458447,0.8856410256410256,0.8136384866884633,0.8427073403241182,0.6182266009852216,0.7791044776119403,0.719626168224299
0.4,0.07866666666666666,0,random,18,0.44763552080812824,0.5015898251192369,0.416367552045944,0.6010928961748634,0.4880677444187837,0.4196277495769882,0.25906735751295334
0.4,0.07866666666666666,0,random,48,0.5522398970821802,0.676923076923077,0.6488431876606684,0.5264727815063386,0.5685358255451713,0.49226006191950467,0.40040444893832156
0.4,0.07866666666666666,0,random,78,0.6499664475010912,0.7856664434025452,0.6915477497255763,0.6232709519934907,0.7308970099667774,0.6101321585903083,0.4582843713278496
0.4,0.07866666666666666,0,random,108,0.7162346158620334,0.8376123234916559,0.7289029535864979,0.704,0.8117313150425733,0.6287487073422957,0.5864123957091776
0.4,0.07866666666666666,0,random,138,0.7264664384291252,0.860964230171073,0.772930648769575,0.7052722558340536,0.8278457196613358,0.6044071353620147,0.587378640776699
0.4,0.07866666666666666,0,random,168,0.7221981530878142,0.865515114127082,0.7678958785249458,0.6601626016260163,0.8060913705583757,0.6063829787234043,0.6271409749670619
0.4,0.07866666666666666,0,random,198,0.7267444560938839,0.8762790697674419,0.7761828814460393,0.647493837304848,0.806484295845998,0.6038961038961039,0.6501305483028721
0.4,0.07866666666666666,0,random,228,0.7190842173734328,0.8730650154798761,0.7674294837679617,0.6350877192982456,0.7822057460611678,0.6223224351747464,0.6343949044585987
0.4,0.07866666666666666,0,random,258,0.7388546834492168,0.8762022959975179,0.7570441254651781,0.6764705882352942,0.8353948620361561,0.6674132138857782,0.6206030150753769
0.4,0.07866666666666666,0,random,288,0.7543156847628852,0.8819913952059004,0.749597855227882,0.6813768755516328,0.8679962013295347,0.7144408251900108,0.6304909560723514
0.4,0.07866666666666666,0,random,318,0.7560866829245244,0.8831804281345565,0.7579062159214831,0.6837455830388692,0.879392212725546,0.709051724137931,0.6232439335887612
0.4,0.07866666666666666,0,random,348,0.7667990513278421,0.8819041806530363,0.7649273803119957,0.7237422771403353,0.8736942070275404,0.7234513274336283,0.6330749354005168
0.4,0.07866666666666666,0,random,378,0.7715064748044053,0.8819612590799032,0.7878787878787878,0.7416741674167416,0.879848628192999,0.7123595505617978,0.6253164556962025
0.4,0.07866666666666666,0,random,408,0.7734239976626499,0.8843000303674461,0.7901234567901234,0.7488748874887489,0.8825757575757576,0.7138047138047138,0.6208651399491094
0.4,0.07866666666666666,0,random,438,0.7805208645630898,0.8802177858439202,0.7876823338735819,0.7797202797202797,0.8903717826501429,0.71731843575419,0.6278145695364239
0.4,0.07866666666666666,0,random,468,0.7798234256180289,0.8804380894432613,0.7907725321888412,0.7844827586206896,0.8863198458574181,0.7070484581497798,0.629878869448183
0.4,0.07866666666666666,0,random,498,0.7870129330348421,0.881851400730816,0.8025343189017952,0.7931914893617021,0.8719923002887392,0.7347876004592423,0.6377204884667571
0.4,0.07866666666666666,0,random,528,0.787903883606587,0.881510813280536,0.8,0.7929883138564274,0.8687258687258688,0.7347417840375586,0.6494565217391305
0.4,0.07866666666666666,0,random,558,0.7836019031576521,0.8808007279344859,0.795515216230646,0.7892976588628763,0.8601735776277725,0.7291666666666666,0.6466575716234653
0.4,0.07866666666666666,0,random,588,0.7832675894979451,0.8835512313773183,0.8071843634442684,0.7804878048780488,0.8544061302681992,0.7300469483568075,0.6439290586630286
0.4,0.07866666666666666,0,random,618,0.7833067910386583,0.883947608894304,0.8044397463002114,0.7899159663865546,0.8604206500956023,0.7198124267291911,0.6413043478260869
0.4,0.07866666666666666,0,random,648,0.7883626508274889,0.8864602307225258,0.7983014861995754,0.8081149619611158,0.8666666666666667,0.7249417249417249,0.6456908344733242
0.4,0.07866666666666666,0,random,678,0.7913881556064121,0.8884185061989719,0.7985153764581124,0.8060965283657917,0.8685714285714285,0.7293844367015099,0.6573426573426573
0.4,0.07866666666666666,0,random,708,0.7956931089869715,0.889894419306184,0.797675647120972,0.8147512864493996,0.8739336492890996,0.7378190255220418,0.6600846262341326
0.4,0.07866666666666666,0,random,738,0.7964717703575639,0.8910295003010235,0.8002119766825649,0.8171673819742489,0.8726235741444867,0.7395348837209302,0.6582633053221288
0.4,0.07866666666666666,0,random,768,0.7957335626399269,0.890295358649789,0.8021220159151193,0.8120171673819743,0.8718929254302104,0.7454128440366973,0.6526610644257703
0.4,0.07866666666666666,0,margin,18,0.44763552080812824,0.5015898251192369,0.416367552045944,0.6010928961748634,0.4880677444187837,0.4196277495769882,0.25906735751295334
0.4,0.07866666666666666,0,margin,48,0.6091939545482078,0.7873824689111313,0.6776071995764955,0.6905754795663053,0.7323688969258589,0.438871473354232,0.3283582089552239
0.4,0.07866666666666666,0,margin,78,0.6894977235551322,0.8478581979320532,0.728952772073922,0.6829268292682927,0.7764705882352941,0.6578249336870027,0.4429530201342282
0.4,0.07866666666666666,0,margin,108,0.7002498106116898,0.8748159057437408,0.6875320677270395,0.6918714555765595,0.8034849951597289,0.6452353616532721,0.49855907780979825
0.4,0.07866666666666666,0,margin,138,0.7260121117806092,0.8838309193023943,0.7103092783505155,0.7684478371501272,0.8214285714285714,0.6153846153846154,0.5566714490674318
0.4,0.07866666666666666,0,margin,168,0.7617373257118665,0.8911764705882353,0.7503957783641161,0.8031634446397188,0.8689138576779026,0.6754491017964072,0.5813253012048193
0.4,0.07866666666666666,0,margin,198,0.7779193391920293,0.8954423592493298,0.7703549060542797,0.8045178105994787,0.8805268109125117,0.7154471544715447,0.6012269938650306
0.4,0.07866666666666666,0,margin,228,0.7703079041595359,0.8959810874704491,0.7758346581875993,0.8051282051282052,0.8785578747628083,0.7116704805491991,0.554675118858954
0.4,0.07866666666666666,0,margin,258,0.7815767124275071,0.8927191679049035,0.7790143084260731,0.832625318606627,0.8784165881244109,0.7312572087658593,0.5754276827371695
0.4,0.07866666666666666,0,margin,288,0.7841097485033952,0.8950506857483602,0.7772461456671983,0.8275261324041812,0.8783269961977186,0.7191011235955056,0.6074074074074074
0.4,0.07866666666666666,0,margin,318,0.7859344452598647,0.8934010152284264,0.7815610267155579,0.8220858895705522,0.879162702188392,0.7256235827664399,0.6137724550898204
0.4,0.07866666666666666,0,margin,348,0.786616830371429,0.8944062219563267,0.7921406411582212,0.8220858895705522,0.8831908831908832,0.7200929152148664,0.6077844311377245
0.4,0.07866666666666666,0,margin,378,0.7911213688184499,0.8969804618117229,0.7923156801661475,0.8336252189141856,0.8893129770992366,0.7163120567375887,0.6181818181818182
0.4,0.07866666666666666,0,margin,408,0.7944470079699683,0.8965312777942485,0.7950181629475869,0.8353765323992994,0.8899521531100478,0.7223529411764706,0.6274509803921569
0.4,0.07866666666666666,0,margin,438,0.7949433482327991,0.8944723618090452,0.7995867768595041,0.8323090430201932,0.8884615384615384,0.7281437125748503,0.6266866566716641
0.4,0.07866666666666666,0,margin,468,0.7967696293813312,0.8945497630331753,0.8061696658097687,0.852233676975945,0.8841698841698842,0.7158671586715867,0.6276276276276276
0.4,0.07866666666666666,0,margin,498,0.8009046410528171,0.8932384341637011,0.8012358393408857,0.8502581755593803,0.8859060402684564,0.7345454545454545,0.6402439024390244
0.4,0.07866666666666666,0,margin,528,0.7989809654565146,0.894347440071027,0.8014553014553014,0.85099052540913,0.8867562380038387,0.732360097323601,0.6279761904761905
0.4,0.07866666666666666,0,margin,558,0.7981820425758661,0.8944723618090452,0.8027069234773555,0.8487972508591065,0.8848368522072937,0.725925925925926,0.6323529411764706
0.4,0.07866666666666666,0,margin,588,0.7969867739165096,0.8952493360873414,0.8016701461377871,0.8495270851246776,0.8863198458574181,0.7252475247524752,0.6239067055393586
0.4,0.07866666666666666,0,margin,618,0.8006934866005184,0.8964705882352941,0.8004190675746464,0.8566523605150215,0.8848368522072937,0.7335811648079306,0.6322008862629247
0.4,0.07866666666666666,0,margin,648,0.79892529992627,0.8974283180608927,0.8025078369905956,0.8522039757994814,0.8842105263157894,0.7343941248470012,0.6228070175438597
0.4,0.07866666666666666,0,margin,678,0.803499361740936,0.8989958653278204,0.8050314465408805,0.8546861564918314,0.8854961832061069,0.7432098765432099,0.6335766423357664
0.4,0.07866666666666666,0,margin,708,0.8015577732275219,0.8979952830188679,0.7985270910047344,0.8534923339011925,0.8867745004757374,0.7440699126092385,0.6284875183553598
0.4,0.07866666666666666,0,margin,738,0.8050547268852917,0.8966331955109273,0.7995802728226653,0.854468085106383,0.8908045977011494,0.7546239210850801,0.6342182890855457
0.4,0.07866666666666666,0,margin,768,0.804825604967846,0.8974056603773585,0.7968586387434555,0.8568994889267462,0.892960462873674,0.7518427518427518,0.6329866270430906
0.4,0.07866666666666666,1,random,18,0.5246919688856084,0.7312839059674503,0.6180722891566265,0.5301047120418848,0.6405767250257467,0.4026058631921824,0.2255083179297597
0.4,0.07866666666666666,1,random,48,0.6311024567204279,0.851764705882353,0.7737824305871643,0.6768115942028986,0.5321782178217822,0.5774647887323944,0.3746130030959752
0.4,0.07866666666666666,1,random,78,0.6574896590214099,0.9079563182527302,0.7615560640732265,0.6897637795275591,0.6342541436464089,0.6162528216704289,0.33515482695810567
0.4,0.07866666666666666,1,random,108,0.6392289258895706,0.8993630573248408,0.7683562292752251,0.6558585114222549,0.6338797814207651,0.5640473627556513,0.31386861313868614
0.4,0.07866666666666666,1,random,138,0.6779491768158258,0.9161695447409733,0.7805983680870353,0.7151020408163266,0.6849615806805708,0.5507246376811594,0.4201388888888889
0.4,0.07866666666666666,1,random,168,0.6877290988107428,0.918732350172576,0.7734056987788331,0.7534807534807535,0.6645021645021645,0.5856980703745743,0.4305555555555556
0.4,0.07866666666666666,1,random,198,0.707633594678453,0.915497349547864,0.7966573816155988,0.7738095238095238,0.7549407114624506,0.5445544554455446,0.4603421461897356
0.4,0.07866666666666666,1,random,228,0.7292005270084246,0.9110832811521603,0.81237721021611,0.7675401521555367,0.7718253968253969,0.6517357222844344,0.4606413994169096
0.4,0.07866666666666666,1,random,258,0.7431041170576207,0.9149396845035571,0.8295114656031904,0.7688442211055276,0.7731755424063116,0.7054871220604704,0.4666666666666667
0.4,0.07866666666666666,1,random,288,0.7390435404986403,0.9226081657525899,0.8171318575553417,0.7873754152823921,0.7527749747729566,0.7033218785796106,0.45104895104895104
0.4,0.07866666666666666,1,random,318,0.7410876776255119,0.92312404287902,0.8337349397590361,0.7748344370860927,0.766,0.6930022573363431,0.4558303886925795
0.4,0.07866666666666666,1,random,348,0.742281342406799,0.928180158247109,0.8370546318289787,0.7706734867860188,0.748995983935743,0.7061503416856492,0.4626334519572954
0.4,0.07866666666666666,1,random,378,0.738857705969984,0.9288956127080181,0.8336501901140685,0.7718696397941681,0.7298387096774194,0.6968641114982579,0.47202797202797203
0.4,0.07866666666666666,1,random,408,0.7391971082586962,0.9274658573596358,0.8298993770963105,0.7804054054054054,0.7265469061876247,0.7171129220023282,0.4537521815008726
0.4,0.07866666666666666,1,random,438,0.7449596262645662,0.9262839879154079,0.8296438883541867,0.7891156462585034,0.7184661957618567,0.7156177156177156,0.4906303236797274
0.4,0.07866666666666666,1,random,468,0.755454203937691,0.9290909090909091,0.8236424795771263,0.7937608318890814,0.7419354838709677,0.7158145065398336,0.5284810126582279
0.4,0.07866666666666666,1,random,498,0.7595918716567015,0.9307110438729198,0.8351012536162006,0.7951176983435048,0.742914979757085,0.7300469483568075,0.5236593059936908
0.4,0.07866666666666666,1,random,528,0.7608336194905867,0.9275098574461632,0.835603112840467,0.7891513560804899,0.746,0.7249417249417249,0.541795665634675
0.4,0.07866666666666666,1,random,558,0.7617139366167449,0.9309090909090909,0.8346303501945526,0.7926186291739895,0.744,0.7308584686774942,0.5372670807453416
0.4,0.07866666666666666,1,random,588,0.7673120014804257,0.9308671922377199,0.841796875,0.794351279788173,0.7599206349206349,0.7314814814814815,0.5454545454545454
0.4,0.07866666666666666,1,random,618,0.7695258114701935,0.932362754018805,0.8485742379547689,0.7947136563876652,0.7719298245614035,0.7317073170731707,0.5378670788253478
0.4,0.07866666666666666,1,random,648,0.7719281061355391,0.932403758714762,0.8485742379547689,0.7915194346289752,0.781404549950544,0.7300115874855156,0.5476550680786687
0.4,0.07866666666666666,1,random,678,0.7714083395219907,0.9320036264732547,0.8442260442260442,0.7960992907801419,0.7767944936086529,0.7283372365339579,0.5509893455098934
0.4,0.07866666666666666,1,random,708,0.7735852684193992,0.9319213313161876,0.8426745329400197,0.8045774647887324,0.7775590551181102,0.7251461988304093,0.5596330275229358
0.4,0.07866666666666666,1,random,738,0.7749558998317893,0.9312009656004828,0.8458887247661251,0.7950310559006211,0.7909270216962525,0.7311320754716981,0.5555555555555556
0.4,0.07866666666666666,1,random,768,0.7807392350697794,0.9302325581395349,0.8544461003477397,0.7947136563876652,0.8,0.7456445993031359,0.5593984962406015
0.4,0.07866666666666666,1,margin,18,0.5246919688856084,0.7312839059674503,0.6180722891566265,0.5301047120418848,0.6405767250257467,0.4026058631921824,0.2255083179297597
0.4,0.07866666666666666,1,margin,48,0.6131528920881901,0.831081081081081,0.7494515138218517,0.5438311688311688,0.572605561277034,0.4492099322799097,0.5327380952380952
0.4,0.07866666666666666,1,margin,78,0.6608294255213182,0.9057656540607564,0.741106719367589,0.6722689075630253,0.6292397660818714,0.592274678111588,0.4243208279430789
0.4,0.07866666666666666,1,margin,108,0.6772537518613055,0.9124311083894673,0.7379413227250124,0.7258347978910369,0.6914572864321608,0.5377574370709383,0.4581005586592179
0.4,0.07866666666666666,1,margin,138,0.7191834111816285,0.9179424372320881,0.7761495704901465,0.773037542662116,0.7331975560081466,0.6176142697881828,0.4971590909090909
0.4,0.07866666666666666,1,margin,168,0.7299802555951979,0.920012258657677,0.7918326693227091,0.7755803955288049,0.7515274949083504,0.6335540838852097,0.5073746312684366
0.4,0.07866666666666666,1,margin,198,0.7316947667104065,0.920478968375806,0.7964601769911505,0.780952380952381,0.7436676798378926,0.6423200859291085,0.5062893081761006
0.4,0.07866666666666666,1,margin,228,0.7361313164662104,0.9215746109246262,0.8023426061493412,0.7743055555555556,0.7396149949341438,0.6466666666666666,0.5322834645669291
0.4,0.07866666666666666,1,margin,258,0.7488074559346772,0.9208677054689887,0.8134110787172012,0.7830596369922213,0.7532467532467533,0.6741826381059752,0.5480769230769231
0.4,0.07866666666666666,1,margin,288,0.7523071250273876,0.9238733252131547,0.814348036839554,0.784965034965035,0.748995983935743,0.6779661016949152,0.5636942675159236
0.4,0.07866666666666666,1,margin,318,0.751978476879365,0.9236826165960024,0.8079534432589719,0.7919227392449517,0.7484909456740443,0.6759581881533101,0.5638629283489096
0.4,0.07866666666666666,1,margin,348,0.75494500967983,0.9236363636363636,0.8064516129032258,0.7948051948051948,0.7484787018255578,0.6897347174163783,0.56656346749226
0.4,0.07866666666666666,1,margin,378,0.7544489301833704,0.9257246376811594,0.8071879553181156,0.7915936952714536,0.7364102564102564,0.696969696969697,0.5688073394495413
0.4,0.07866666666666666,1,margin,408,0.7560273047785508,0.9264617239300783,0.8079727758872144,0.7862190812720848,0.7346938775510204,0.7080890973036342,0.5727272727272728
0.4,0.07866666666666666,1,margin,438,0.7603065369439702,0.9273877673998192,0.8104956268221575,0.7971781305114638,0.7319587628865979,0.7126168224299065,0.5822021116138764
0.4,0.07866666666666666,1,margin,468,0.7620702394068094,0.9270205066344994,0.8121974830590513,0.7996485061511424,0.7306501547987616,0.7137809187279152,0.5891238670694864
0.4,0.07866666666666666,1,margin,498,0.7622074771297361,0.9258035446079904,0.8058536585365854,0.8034934497816594,0.7343589743589743,0.7149643705463183,0.5887708649468892
0.4,0.07866666666666666,1,margin,528,0.7663214656835594,0.9257142857142857,0.8107317073170732,0.8112379280070237,0.7358684480986639,0.7183098591549296,0.5960665658093798
0.4,0.07866666666666666,1,margin,558,0.7623877699234464,0.9258480936655659,0.8072230356271352,0.8052863436123348,0.7323076923076923,0.7163120567375887,0.5873493975903614
0.4,0.07866666666666666,1,margin,588,0.7662559202752225,0.9270644966847499,0.8092708836310961,0.8199300699300699,0.7238883143743536,0.713436385255648,0.6039453717754173
0.4,0.07866666666666666,1,margin,618,0.7680858205480473,0.9262839879154079,0.8137397194000967,0.8153310104529616,0.7341513292433538,0.7156398104265402,0.6033690658499234
0.4,0.07866666666666666,1,margin,648,0.7705161249393244,0.9265639165911151,0.814707305273343,0.8198433420365535,0.7282051282051282,0.7264150943396226,0.6073619631901841
0.4,0.07866666666666666,1,margin,678,0.7703598838158681,0.9284636281316028,0.8182701652089407,0.818815331010453,0.7375886524822695,0.7242603550295857,0.5947611710323575
0.4,0.07866666666666666,1,margin,708,0.7733344779060219,0.9297558034368405,0.8215324927255092,0.8160418482999128,0.7420998980632009,0.7333333333333333,0.5972434915773354
0.4,0.07866666666666666,1,margin,738,0.7746625316746392,0.9288728149487643,0.8216902784562775,0.819614711033275,0.7431472081218274,0.7370892018779343,0.5975609756097561
0.4,0.07866666666666666,1,margin,768,0.7782040118165977,0.9303721488595438,0.8252092565238799,0.8165057067603161,0.749238578680203,0.7491329479768786,0.5987654320987654
0.4,0.07866666666666666,2,random,18,0.5748711507057233,0.7078729281767956,0.5760673481659652,0.6083274523641496,0.5914935707220573,0.4282315622521808,0.5372340425531915
0.4,0.07866666666666666,2,random,48,0.6707138611862065,0.8160048499545317,0.6749134092033646,0.8037542662116041,0.4419642857142857,0.6786140979689367,0.6090322580645161
0.4,0.07866666666666666,2,random,78,0.7084134918376382,0.8200122025625382,0.711528429838289,0.8012976480129764,0.5152224824355972,0.7555066079295154,0.6469135802469136
0.4,0.07866666666666666,2,random,108,0.7280529349126947,0.8472468916518651,0.7250530785562632,0.8025078369905956,0.5018007202881153,0.7695652173913043,0.7221438645980254
0.4,0.07866666666666666,2,random,138,0.7534851059703915,0.8615664845173042,0.7566718995290423,0.8303425774877651,0.5925925925925926,0.7542468856172141,0.7254901960784313
0.4,0.07866666666666666,2,random,168,0.7536472551442862,0.8574001801260882,0.7679755226925038,0.8471177944862155,0.5665961945031712,0.7532163742690059,0.7295774647887324
0.4,0.07866666666666666,2,random,198,0.7582037166235905,0.8597014925373134,0.7734258800198315,0.8583545377438507,0.5615550755939525,0.7551266586248492,0.7410586552217453
0.4,0.07866666666666666,2,random,228,0.7688155995888613,0.8685887708649469,0.7877647058823529,0.8464874241110147,0.6122004357298475,0.7690387016229713,0.7288135593220338
0.4,0.07866666666666666,2,random,258,0.7622514344889223,0.8719346049046321,0.7799522673031026,0.8436103663985701,0.6193001060445387,0.7576530612244898,0.701058201058201
0.4,0.07866666666666666,2,random,288,0.7684152902773406,0.8752260397830018,0.7825242718446602,0.8479427549194991,0.6150627615062761,0.7663316582914573,0.723404255319149
0.4,0.07866666666666666,2,random,318,0.7821343968885879,0.8779599271402551,0.7858546168958742,0.8659611992945326,0.6405767250257467,0.7694174757281553,0.7530364372469636
0.4,0.07866666666666666,2,random,348,0.7837578925316092,0.8751879699248121,0.7910375060886508,0.8673835125448028,0.6319082377476538,0.7783132530120482,0.7587168758716876
0.4,0.07866666666666666,2,random,378,0.7857436786183332,0.8775757575757576,0.787819253438114,0.8576480990274093,0.6606243705941591,0.7747318235995232,0.7560627674750356
0.4,0.07866666666666666,2,random,408,0.7749277835551119,0.8706377858002406,0.7827380952380952,0.8452696728558797,0.650049850448654,0.7572815533980582,0.7435897435897436
0.4,0.07866666666666666,2,random,438,0.7748706551089753,0.8739898234061658,0.7802690582959642,0.8495575221238938,0.6500994035785288,0.7524509803921569,0.7428571428571429
0.4,0.07866666666666666,2,random,468,0.7817067360658715,0.8735769922109047,0.7872763419483101,0.8611353711790393,0.6533066132264529,0.7613219094247246,0.7536231884057971
0.4,0.07866666666666666,2,random,498,0.778881850693583,0.8742908330845028,0.7882703777335984,0.8551360842844601,0.6539235412474849,0.7603911980440098,0.7412790697674418
0.4,0.07866666666666666,2,random,528,0.77748937685869,0.8732394366197183,0.7873078829945463,0.8568935427574171,0.6547263681592039,0.7639060568603214,0.7288629737609329
0.4,0.07866666666666666,2,random,558,0.7810349641624739,0.8720264980427582,0.7940298507462686,0.854419410745234,0.6620416253716551,0.780905752753978,0.7227866473149492
0.4,0.07866666666666666,2,random,588,0.7851988760671335,0.8731117824773413,0.7960199004975125,0.8571428571428571,0.6640394088669951,0.7883211678832117,0.7325581395348837
0.4,0.07866666666666666,2,random,618,0.7851307448055781,0.8740204942736588,0.7978196233894945,0.8529411764705882,0.6593843098311817,0.7931873479318735,0.7334315169366715
0.4,0.07866666666666666,2,random,648,0.7827445019475457,0.8751123090745733,0.7957532861476239,0.8583840139009556,0.655511811023622,0.7961630695443646,0.7155425219941349
0.4,0.07866666666666666,2,random,678,0.7806930204728677,0.8692008380724334,0.7935548841893253,0.8621291448516579,0.6510263929618768,0.7922705314009661,0.7159763313609467
0.4,0.07866666666666666,2,random,708,0.7825323252993116,0.8696696696696696,0.7908629441624365,0.8633594429939078,0.6524685382381413,0.7923627684964201,0.7264705882352941
0.4,0.07866666666666666,2,random,738,0.779678052796028,0.8708997893469757,0.7845303867403315,0.8658008658008658,0.6503428011753183,0.7827130852340937,0.723781388478582
0.4,0.07866666666666666,2,random,768,0.7830119549689497,0.8714242697982535,0.7863931965982992,0.8688097306689835,0.6601178781925344,0.7827130852340937,0.7286135693215339
0.4,0.07866666666666666,2,margin,18,0.5748711507057233,0.7078729281767956,0.5760673481659652,0.6083274523641496,0.5914935707220573,0.4282315622521808,0.5372340425531915
0.4,0.07866666666666666,2,margin,48,0.6853148485421684,0.8327425072510474,0.7081206496519722,0.817347789824854,0.5910204081632653,0.6410891089108911,0.5215686274509804
0.4,0.07866666666666666,2,margin,78,0.7009146407495243,0.8406557377049181,0.7140319715808171,0.8149498632634458,0.580906148867314,0.6064690026954178,0.6484751203852327
0.4,0.07866666666666666,2,margin,108,0.7055852610861398,0.8416770963704631,0.6811594202898551,0.799645390070922,0.6129317980513729,0.6092089728453365,0.6888888888888889
0.4,0.07866666666666666,2,margin,138,0.7247650113312716,0.8578616352201258,0.7063197026022305,0.8121645796064401,0.6044776119402985,0.6594982078853047,0.7082683307332294
0.4,0.07866666666666666,2,margin,168,0.7545082608341772,0.8593059936908517,0.7371737173717372,0.8482697426796806,0.6353383458646616,0.7487562189054726,0.6982055464926591
0.4,0.07866666666666666,2,margin,198,0.7686792762961847,0.86375,0.7560975609756098,0.8563876651982378,0.6491063029162747,0.7681331747919143,0.7186009538950715
0.4,0.07866666666666666,2,margin,228,0.7755970096010204,0.870404984423676,0.7633302151543498,0.8776595744680851,0.6474543707973103,0.7627906976744186,0.7319422150882825
0.4,0.07866666666666666,2,margin,258,0.7814023221430846,0.8737623762376238,0.7666195190947667,0.8792184724689165,0.6627101879327398,0.7572590011614402,0.74884437596302
0.4,0.07866666666666666,2,margin,288,0.7912066455986052,0.8715880893300249,0.7811320754716982,0.8932735426008969,0.6686507936507936,0.7617924528301887,0.7708029197080292
0.4,0.07866666666666666,2,margin,318,0.7948821960761691,0.8671023965141612,0.7874465049928673,0.8946894689468947,0.6863905325443787,0.7815028901734105,0.7521613832853026
0.4,0.07866666666666666,2,margin,348,0.7998616173388432,0.8717472118959108,0.7952267303102625,0.8910714285714286,0.6812749003984063,0.7846332945285215,0.7752161383285303
0.4,0.07866666666666666,2,margin,378,0.7980728422869818,0.8709876543209877,0.7961352657004831,0.8930150309460654,0.6719367588932806,0.7790697674418605,0.777292576419214
0.4,0.07866666666666666,2,margin,408,0.7990477676752902,0.8706896551724138,0.7986609277857485,0.8833034111310593,0.679920477137177,0.785377358490566,0.7763347763347763
0.4,0.07866666666666666,2,margin,438,0.8016289830502225,0.869727047146402,0.800764452938366,0.8884924174843889,0.6803921568627451,0.7929411764705883,0.7774566473988439
0.4,0.07866666666666666,2,margin,468,0.802628494640716,0.8694041370793455,0.800575263662512,0.8870967741935484,0.6771037181996086,0.7943262411347518,0.7872648335745297
0.4,0.07866666666666666,2,margin,498,0.8069562926784837,0.8721291123525761,0.8034351145038168,0.8958147818343722,0.6868884540117417,0.7985865724381626,0.7848837209302325
0.4,0.07866666666666666,2,margin,528,0.805652985146749,0.8730109204368175,0.8011417697431018,0.8992932862190812,0.6869479882237488,0.7924080664294187,0.7811158798283262
0.4,0.07866666666666666,2,margin,558,0.8051967194665396,0.8753894080996885,0.7977099236641222,0.8970976253298153,0.6889763779527559,0.7910271546635183,0.7809798270893372
0.4,0.07866666666666666,2,margin,588,0.8052466626847429,0.8786844554762644,0.7969421882465361,0.8988566402814424,0.6812313803376365,0.7924080664294187,0.7833572453371592
0.4,0.07866666666666666,2,margin,618,0.8095636731038741,0.8814400993171942,0.8019002375296912,0.9006156552330695,0.6904055390702275,0.7976190476190477,0.7854014598540145
0.4,0.07866666666666666,2,margin,648,0.8062362792111504,0.8800247371675943,0.8,0.9066901408450704,0.6753768844221105,0.7933491686460807,0.7819767441860465
0.4,0.07866666666666666,2,margin,678,0.8060179321781197,0.8797780517879161,0.7998084291187739,0.9043020193151887,0.676056338028169,0.7900355871886121,0.7861271676300579
0.4,0.07866666666666666,2,margin,708,0.8070156126871391,0.8802969378286422,0.8028639618138425,0.9058927000879508,0.6812749003984063,0.7914183551847438,0.7803468208092486
0.4,0.07866666666666666,2,margin,738,0.8090162974647616,0.8795552810376775,0.8072692491630798,0.9062226117440841,0.6819085487077535,0.7942583732057417,0.7848837209302325
0.4,0.07866666666666666,2,margin,768,0.8083938868450407,0.8775952897427952,0.8084696823869105,0.903169014084507,0.6849852796859667,0.7905325443786982,0.7856115107913669
0.6,0.10799999999999998,0,random,18,0.6225623186393155,0.6686825053995681,0.6512583461736005,0.5532915360501567,0.7248062015503876,0.5497342444950646,0.5876010781671159
0.6,0.10799999999999998,0,random,48,0.7089964126141813,0.8660436137071651,0.7286902286902287,0.7421180274858529,0.8543689320388349,0.4806565064478312,0.5821011673151751
0.6,0.10799999999999998,0,random,78,0.7140987699107955,0.8591277499035122,0.7054306088864509,0.7563527653213752,0.7371541501976284,0.5904617713853142,0.6360655737704918
0.6,0.10799999999999998,0,random,108,0.7480060986806646,0.8611410118406889,0.7504531722054381,0.772218073188947,0.7683720930232558,0.6623255813953488,0.6735266604303087
0.6,0.10799999999999998,0,random,138,0.7625022728957721,0.8521428571428571,0.7628865979381443,0.7686510926902789,0.829225352112676,0.6878001921229587,0.6743075453677173
0.6,0.10799999999999998,0,random,168,0.7742240576386145,0.8727799927509967,0.7463235294117647,0.7694483734087695,0.8564058469475494,0.6888677450047573,0.7115188583078491
0.6,0.10799999999999998,0,random,198,0.7769623166903744,0.876099706744868,0.7527405602923264,0.7725017717930546,0.8419243986254296,0.72,0.6985074626865672
0.6,0.10799999999999998,0,random,228,0.7792955732632315,0.8777857656362329,0.7572575663990118,0.7710144927536232,0.8331877729257642,0.725897920604915,0.7106299212598425
0.6,0.10799999999999998,0,random,258,0.7761417812285827,0.878119349005425,0.7468513853904282,0.7736263736263737,0.8390325271059216,0.70521327014218,0.7140077821011673
0.6,0.10799999999999998,0,random,288,0.7864729536753395,0.8815406976744186,0.7593846153846154,0.7782738095238095,0.8520032706459526,0.7216494845360825,0.7259858442871587
0.6,0.10799999999999998,0,random,318,0.7872091257995767,0.8759661391240339,0.7545565006075334,0.7723935389133627,0.8604651162790697,0.7326007326007326,0.7272727272727273
0.6,0.10799999999999998,0,random,348,0.793416908934209,0.8825046040515654,0.757020757020757,0.7830533235938641,0.8721804511278195,0.739404869251578,0.7263374485596708
0.6,0.10799999999999998,0,random,378,0.7951617180961273,0.8829826504245109,0.7569193742478941,0.7845142439737034,0.8738357324301439,0.7569506726457399,0.7157676348547718
0.6,0.10799999999999998,0,random,408,0.8003768295510162,0.8842182890855457,0.757919904363419,0.7893961708394698,0.8824020016680567,0.7644362969752521,0.7238883143743536
0.6,0.10799999999999998,0,random,438,0.8021010163510175,0.8849426563078061,0.7544910179640718,0.7970479704797048,0.8817733990147784,0.7721866422689845,0.7221644120707597
0.6,0.10799999999999998,0,random,468,0.8006753225097679,0.8816416269695859,0.7670420865441613,0.7991038088125467,0.8712374581939799,0.7676579925650557,0.7173689619732785
0.6,0.10799999999999998,0,random,498,0.8010114503544089,0.8786084381939304,0.7660577489687684,0.8044776119402985,0.8740617180984154,0.7673992673992674,0.7154639175257732
0.6,0.10799999999999998,0,random,528,0.80323976484131,0.8819188191881919,0.768141592920354,0.8057228915662651,0.8748964374482188,0.7696577243293247,0.7191011235955056
0.6,0.10799999999999998,0,random,558,0.802261743526142,0.880410858400587,0.7693222354340071,0.8018223234624146,0.8702928870292888,0.7679708826205641,0.7237512742099899
0.6,0.10799999999999998,0,random,588,0.8013398918088339,0.88,0.7750294464075382,0.7993943981831946,0.8597972972972973,0.776230269266481,0.7175879396984924
0.6,0.10799999999999998,0,random,618,0.8018175136468985,0.8795580110497238,0.7733961153619776,0.7996965098634294,0.8664987405541562,0.7774699907663897,0.7142857142857143
0.6,0.10799999999999998,0,random,648,0.8027356593529799,0.8842337375964718,0.7718676122931442,0.8044943820224719,0.8696383515559294,0.774074074074074,0.7121057985757884
0.6,0.10799999999999998,0,random,678,0.8037905979921555,0.8815305371596762,0.7723577235772358,0.8099173553719008,0.8716216216216216,0.776844070961718,0.7104722792607803
0.6,0.10799999999999998,0,random,708,0.8058869519953548,0.8867647058823529,0.7780346820809249,0.8057882711348058,0.8677337826453243,0.7793167128347184,0.717683557394002
0.6,0.10799999999999998,0,random,738,0.8042371575776843,0.8851974898486527,0.775533756491633,0.802130898021309,0.871536523929471,0.7784986098239111,0.7125256673511293
0.6,0.10799999999999998,0,random,768,0.8030158344644104,0.8864468864468864,0.7740440324449595,0.804915514592934,0.8651399491094147,0.7750229568411386,0.7125256673511293
0.6,0.10799999999999998,0,margin,18,0.6225623186393155,0.6686825053995681,0.6512583461736005,0.5532915360501567,0.7248062015503876,0.5497342444950646,0.5876010781671159
0.6,0.10799999999999998,0,margin,48,0.7035347133379332,0.8022988505747126,0.6442080378250591,0.6554621848739496,0.8322033898305085,0.6676406135865596,0.6193952033368092
0.6,0.10799999999999998,0,margin,78,0.7432615807678683,0.8450704225352113,0.6929577464788732,0.7080536912751678,0.8527397260273972,0.6962457337883959,0.6645021645021645
0.6,0.10799999999999998,0,margin,108,0.7556260879408535,0.8740100791936645,0.7354685646500593,0.7925746569814366,0.8265486725663717,0.673469387755102,0.6316851664984864
0.6,0.10799999999999998,0,margin,138,0.7416428467031407,0.8917525773195877,0.7332144979203803,0.7126623376623377,0.8412017167381974,0.6158886158886159,0.6551373346897253
0.6,0.10799999999999998,0,margin,168,0.7575013785236521,0.8893709327548807,0.7487980769230769,0.7566302652106084,0.8298969072164949,0.6590709903593339,0.6612410986775178
0.6,0.10799999999999998,0,margin,198,0.7737247893411757,0.8823959094229364,0.7720670391061453,0.7978227060653188,0.8613861386138614,0.6897880539499036,0.6388888888888888
0.6,0.10799999999999998,0,margin,228,0.7778411206676572,0.8826530612244898,0.752542372881356,0.8083785880527541,0.8629690048939641,0.7018867924528301,0.6586169045005489
0.6,0.10799999999999998,0,margin,258,0.7898037010031392,0.8824593128390597,0.7590497737556561,0.8119122257053292,0.872168284789644,0.7495256166982922,0.6637069922308546
0.6,0.10799999999999998,0,margin,288,0.7925289043935182,0.8766726943942134,0.755011135857461,0.8207547169811321,0.8722891566265061,0.7692307692307693,0.6612149532710281
0.6,0.10799999999999998,0,margin,318,0.7968572567833864,0.8770788141720897,0.7585825027685493,0.8313725490196079,0.8716707021791767,0.7734082397003745,0.6690307328605201
0.6,0.10799999999999998,0,margin,348,0.8014761549519581,0.8814045145109279,0.7554806070826307,0.8387096774193549,0.8809716599190284,0.7685098406747891,0.6837806301050176
0.6,0.10799999999999998,0,margin,378,0.801534930458355,0.8795137647479442,0.7567567567567568,0.8367670364500792,0.8817377312952535,0.7633587786259542,0.6910755148741419
0.6,0.10799999999999998,0,margin,408,0.8062607982200377,0.8827536751523843,0.7609921082299888,0.8411811652035116,0.8824476650563607,0.7673076923076924,0.7028824833702882
0.6,0.10799999999999998,0,margin,438,0.8080524590143616,0.8864285714285715,0.7682789651293588,0.8397435897435898,0.8776508972267537,0.7674641148325358,0.70874861572536
0.6,0.10799999999999998,0,margin,468,0.808974993284347,0.8879341210168278,0.7703619909502263,0.8401898734177216,0.8847402597402597,0.7712918660287081,0.6993318485523385
0.6,0.10799999999999998,0,margin,498,0.8110408409221542,0.8868261335237415,0.7613636363636364,0.8465774980330448,0.8856447688564477,0.7702573879885606,0.7155756207674944
0.6,0.10799999999999998,0,margin,528,0.8101872529906525,0.8840215439856374,0.7665347654041832,0.8487727632620744,0.8829268292682927,0.7629839471199245,0.7158836689038032
0.6,0.10799999999999998,0,margin,558,0.8090586720795588,0.884809215262779,0.7692307692307693,0.8451151707704527,0.8737864077669902,0.7664783427495292,0.7149321266968326
0.6,0.10799999999999998,0,margin,588,0.8111447614935615,0.8846568451311534,0.7718309859154929,0.8482922954725973,0.875605815831987,0.7686496694995278,0.7178329571106095
0.6,0.10799999999999998,0,margin,618,0.8082533962133455,0.884255930984903,0.7681895093062606,0.8426150121065376,0.8768,0.7568590350047304,0.7208008898776418
0.6,0.10799999999999998,0,margin,648,0.8122667311155028,0.8852223816355811,0.7702779353374929,0.8441247002398081,0.8807045636509208,0.7649857278782112,0.7282850779510023
0.6,0.10799999999999998,0,margin,678,0.8117058980302829,0.8851399856424982,0.7712197863968522,0.8459069020866774,0.8776167471819646,0.7657142857142857,0.7246376811594203
0.6,0.10799999999999998,0,margin,708,0.8121594330941638,0.8836206896551724,0.7739764441951766,0.844551282051282,0.8793522267206477,0.7696682464454976,0.7217877094972067
0.6,0.10799999999999998,0,margin,738,0.8140628019685288,0.8856115107913669,0.7718120805369127,0.8442292171105731,0.8825448613376835,0.7771535580524345,0.7230255839822024
0.6,0.10799999999999998,0,margin,768,0.814632534610439,0.8845738942826321,0.7722439843312815,0.8431214802896219,0.88379705400982,0.7812206572769953,0.7228381374722838
0.6,0.10799999999999998,1,random,18,0.5709763751457778,0.6547041707080504,0.6898517673888256,0.5968728755948335,0.5392857142857143,0.5430894308943089,0.4020542920029347
0.6,0.10799999999999998,1,random,48,0.6732617609356252,0.8626394767218161,0.7129159616469262,0.6346300533943554,0.6779661016949152,0.6605839416058394,0.4908350305498982
0.6,0.10799999999999998,1,random,78,0.7187064180322599,0.8716780561883067,0.7334123222748815,0.702485966319166,0.7478797224363917,0.6618705035971223,0.5949119373776908
0.6,0.10799999999999998,1,random,108,0.728687902030294,0.8868135973104221,0.7575584711922418,0.7088803088803088,0.7771520514883347,0.6435921421889617,0.5981308411214953
0.6,0.10799999999999998,1,random,138,0.7454354395550128,0.8952664927320164,0.7806912991656734,0.7239819004524887,0.7682437850842021,0.6980461811722913,0.6063829787234043
0.6,0.10799999999999998,1,random,168,0.7495454965702891,0.8866666666666667,0.7814972611077298,0.7519623233908949,0.7970049916805324,0.6846361185983828,0.5955056179775281
0.6,0.10799999999999998,1,random,198,0.7465259321759015,0.8781542898341744,0.7509157509157509,0.7278382581648523,0.7573467674223342,0.7756653992395437,0.5892351274787535
0.6,0.10799999999999998,1,random,228,0.7572899122038385,0.8849621348719798,0.7598522167487685,0.7299610894941634,0.7846027846027847,0.7916270218839201,0.5927342256214149
0.6,0.10799999999999998,1,random,258,0.7624491270763997,0.8979591836734694,0.7623100303951368,0.7423312883435583,0.7798537774167343,0.7894736842105263,0.6027667984189723
0.6,0.10799999999999998,1,random,288,0.7633094795370825,0.896399706098457,0.7682038834951457,0.7448275862068966,0.7769667477696675,0.7926605504587156,0.6007984031936128
0.6,0.10799999999999998,1,random,318,0.7741504924984522,0.894022735606894,0.8036036036036036,0.7526020816653323,0.7875399361022364,0.7931345980126467,0.614
0.6,0.10799999999999998,1,random,348,0.7791810243316394,0.8972375690607735,0.8038277511961722,0.769835035349568,0.7882632831086439,0.7955801104972375,0.6203423967774421
0.6,0.10799999999999998,1,random,378,0.7840948180060249,0.9063643013899049,0.8165404775771695,0.7764705882352941,0.7869918699186992,0.7918968692449355,0.6263048016701461
0.6,0.10799999999999998,1,random,408,0.7899729203003837,0.9124221326493221,0.8220289855072463,0.7829581993569131,0.7841552142279709,0.7938517179023508,0.6444212721584984
0.6,0.10799999999999998,1,random,438,0.793046648688054,0.9080249175522169,0.824143934997098,0.7861736334405145,0.7913322632423756,0.8066298342541437,0.6419753086419753
0.6,0.10799999999999998,1,random,468,0.7863191494738965,0.9044678532509989,0.8166862514688602,0.7773343974461293,0.7852564102564102,0.7926605504587156,0.6415094339622641
0.6,0.10799999999999998,1,random,498,0.7852837075889104,0.9039507067778181,0.8107791446983011,0.7738853503184714,0.7831715210355987,0.8,0.6399155227032735
0.6,0.10799999999999998,1,random,528,0.7927871275596918,0.9060573086688429,0.8126463700234192,0.7807570977917981,0.7967741935483871,0.8073394495412844,0.6531483457844184
0.6,0.10799999999999998,1,random,558,0.7961921787229317,0.9065693430656935,0.8116959064327486,0.7872174590802806,0.8036454018227009,0.8088642659279779,0.6591606960081884
0.6,0.10799999999999998,1,random,588,0.7962881179667293,0.9055089383436702,0.8172910662824208,0.7890196078431373,0.8003300330033003,0.8037383177570093,0.6618407445708376
0.6,0.10799999999999998,1,random,618,0.7999577396992806,0.9094229364499635,0.827466820542412,0.7880220646178093,0.8082304526748971,0.7992530345471522,0.6673511293634496
0.6,0.10799999999999998,1,random,648,0.8030445712669058,0.9104204753199269,0.8331428571428572,0.7949326999208234,0.8033057851239669,0.8022388059701493,0.6742268041237114
0.6,0.10799999999999998,1,random,678,0.7987740060080784,0.9055089383436702,0.8317972350230415,0.7843137254901961,0.815422477440525,0.8,0.6556016597510373
0.6,0.10799999999999998,1,random,708,0.8014114018513325,0.9071559633027523,0.8296892980437284,0.7966101694915254,0.8125,0.8,0.6625129802699896
0.6,0.10799999999999998,1,random,738,0.8028205822435756,0.9112166605772744,0.8323831242873432,0.7916666666666666,0.8159866777685262,0.8052930056710775,0.660377358490566
0.6,0.10799999999999998,1,random,768,0.804547387342184,0.9148311306901615,0.8275071633237823,0.7993897787948131,0.809563066776587,0.8135593220338984,0.6624338624338625
0.6,0.10799999999999998,1,margin,18,0.5709763751457778,0.6547041707080504,0.6898517673888256,0.5968728755948335,0.5392857142857143,0.5430894308943089,0.4020542920029347
0.6,0.10799999999999998,1,margin,48,0.6736188526807609,0.8300304878048781,0.7104477611940299,0.656093489148581,0.6234567901234568,0.6827956989247311,0.5388888888888889
0.6,0.10799999999999998,1,margin,78,0.6878060630831705,0.825147347740668,0.7121364092276831,0.7159763313609467,0.690566037735849,0.7050228310502283,0.4779874213836478
0.6,0.10799999999999998,1,margin,108,0.746925498100166,0.8758568164508759,0.7613577023498694,0.7544264819091608,0.7237209302325581,0.7591623036649214,0.6070287539936102
0.6,0.10799999999999998,1,margin,138,0.7381152338379517,0.8870843000773395,0.7674779906784049,0.7514619883040936,0.7348837209302326,0.7567099567099567,0.5310734463276836
0.6,0.10799999999999998,1,margin,168,0.7546026545171279,0.8820552744258466,0.7789046653144016,0.7756598240469208,0.7591377694470478,0.7557840616966581,0.5760743321718932
0.6,0.10799999999999998,1,margin,198,0.7601313204278304,0.8924026224450443,0.7877211238293444,0.7729257641921398,0.7769516728624535,0.7540425531914894,0.5767441860465117
0.6,0.10799999999999998,1,margin,228,0.7764920071476064,0.906060606060606,0.8006329113924051,0.7846265409717187,0.7948717948717948,0.7829861111111112,0.5897740784780023
0.6,0.10799999999999998,1,margin,258,0.7848993901131182,0.9123730725836781,0.8086253369272237,0.7831149927219796,0.8079350766456267,0.7954743255004352,0.6018735362997658
0.6,0.10799999999999998,1,margin,288,0.7857900472850713,0.9118631461509855,0.8085808580858086,0.7810909090909091,0.8061594202898551,0.8051724137931034,0.6018735362997658
0.6,0.10799999999999998,1,margin,318,0.7855377406573578,0.9140305173055452,0.8081813156440022,0.7812728602779809,0.8049645390070922,0.8052401746724891,0.5995370370370371
0.6,0.10799999999999998,1,margin,348,0.7863659859019069,0.9136904761904762,0.8119800332778702,0.7797101449275362,0.7971274685816876,0.8115687992988606,0.6041189931350115
0.6,0.10799999999999998,1,margin,378,0.7899536507011465,0.9152165864494631,0.8169170840289371,0.7812728602779809,0.8042328042328042,0.8144876325088339,0.6075949367088608
0.6,0.10799999999999998,1,margin,408,0.791653168169483,0.9126865671641791,0.8179302711676812,0.7803085966201323,0.8017467248908297,0.8123893805309734,0.6248574686431014
0.6,0.10799999999999998,1,margin,438,0.7910509156959833,0.910913140311804,0.8191841234840133,0.7775280898876404,0.7996485061511424,0.8123348017621146,0.6266968325791855
0.6,0.10799999999999998,1,margin,468,0.7897092352879788,0.9063893016344725,0.8203991130820399,0.7700453857791225,0.8,0.8123348017621146,0.629086809470124
0.6,0.10799999999999998,1,margin,498,0.7945704282973932,0.9089563286454478,0.8245033112582781,0.7813673929376409,0.8048359240069085,0.8146167557932263,0.6331428571428571
0.6,0.10799999999999998,1,margin,528,0.7953929170260672,0.9133333333333333,0.8275482093663912,0.7850187265917603,0.8010335917312662,0.8154121863799283,0.6300114547537228
0.6,0.10799999999999998,1,margin,558,0.7935042047987544,0.9132047477744807,0.8186301369863014,0.7803425167535368,0.7965367965367965,0.8191681735985533,0.6331428571428571
0.6,0.10799999999999998,1,margin,588,0.7971459937491255,0.9160475482912332,0.8246859639541234,0.7859806114839671,0.7969018932874354,0.8232094288304623,0.6360505166475315
0.6,0.10799999999999998,1,margin,618,0.7952242086170495,0.9161098737936154,0.8230811105062602,0.7844311377245509,0.793073593073593,0.8152866242038217,0.6393629124004551
0.6,0.10799999999999998,1,margin,648,0.8013231046562749,0.9151785714285714,0.8310700706137969,0.789712556732224,0.8023952095808383,0.8186813186813187,0.6509009009009009
0.6,0.10799999999999998,1,margin,678,0.8028471717888855,0.9158947758429048,0.8286026200873362,0.7972665148063781,0.8010247651579846,0.8202764976958525,0.6540178571428571
0.6,0.10799999999999998,1,margin,708,0.8066309876631785,0.9193786982248521,0.8330614464382817,0.8003060443764346,0.8047945205479452,0.825925925925926,0.656319290465632
0.6,0.10799999999999998,1,margin,738,0.8056680627443663,0.9210233592880979,0.8334237655995659,0.7990867579908676,0.8075601374570447,0.8262476894639557,0.6466666666666666
0.6,0.10799999999999998,1,margin,768,0.8073804474428498,0.9206819866567828,0.8386041439476554,0.795144157814871,0.8140531276778064,0.8284132841328413,0.6473859844271412
0.6,0.10799999999999998,2,random,18,0.5195827659012191,0.6519861830742659,0.43587842846553004,0.6114649681528662,0.41751824817518246,0.49443207126948774,0.5062166962699822
0.6,0.10799999999999998,2,random,48,0.6150151182012663,0.7550938873351978,0.6269662921348315,0.7588075880758808,0.5590142671854734,0.5117773019271948,0.47843137254901963
0.6,0.10799999999999998,2,random,78,0.6926141672640557,0.7933509633547412,0.6880886426592798,0.8113496932515337,0.5972027972027972,0.6318131256952169,0.6338797814207651
0.6,0.10799999999999998,2,random,108,0.7039354550793929,0.8031953522149601,0.7154835103409726,0.7936267071320182,0.5927099841521395,0.6442516268980477,0.6743455497382199
0.6,0.10799999999999998,2,random,138,0.6843971605875317,0.7680297397769517,0.6786296900489397,0.7357512953367875,0.5974025974025974,0.6179401993355482,0.7086294416243655
0.6,0.10799999999999998,2,random,168,0.7130268887852719,0.8056067871634084,0.7024128686327078,0.7842835130970724,0.6174273858921162,0.6483516483516484,0.7200791295746786
0.6,0.10799999999999998,2,random,198,0.7427084554624374,0.8180773649942551,0.7321148825065275,0.8122977346278317,0.6698412698412698,0.6817691477885652,0.7421503330161751
0.6,0.10799999999999998,2,random,228,0.7442866851788984,0.8221488815548221,0.7202156334231806,0.8115702479338843,0.6650563607085346,0.6932773109243697,0.7534516765285996
0.6,0.10799999999999998,2,random,258,0.7535509479379455,0.8266860043509789,0.7281501340482573,0.8093587521663779,0.6765625,0.7217125382262997,0.7588357588357588
0.6,0.10799999999999998,2,random,288,0.7607872255568915,0.8312067079839591,0.7325456498388829,0.8284734133790738,0.6823899371069182,0.7403651115618661,0.7497425334706488
0.6,0.10799999999999998,2,random,318,0.7699887396322901,0.8361252731245448,0.7513397642015005,0.8559463986599665,0.6709367493995196,0.7469635627530364,0.7586206896551724
0.6,0.10799999999999998,2,random,348,0.771438212715926,0.8391098139365195,0.7529286474973376,0.8588039867109635,0.6827309236947792,0.7400611620795107,0.7549947423764458
0.6,0.10799999999999998,2,random,378,0.7668594072972902,0.8365489625045505,0.7482703565726451,0.8588039867109635,0.6833602584814217,0.7285861713106295,0.7455867082035307
0.6,0.10799999999999998,2,random,408,0.76507690349628,0.8341818181818181,0.7542372881355932,0.8516666666666667,0.6710853355426678,0.7393939393939394,0.7398963730569948
0.6,0.10799999999999998,2,random,438,0.76392011351262,0.8316546762589928,0.7567567567567568,0.8492462311557789,0.6683630195080577,0.7402206619859579,0.7372793354101765
0.6,0.10799999999999998,2,random,468,0.7703044674692964,0.8348391760028913,0.7521097046413502,0.8580912863070539,0.6775021385799829,0.7612387612387612,0.738045738045738
0.6,0.10799999999999998,2,random,498,0.7689889937066362,0.8357452966714906,0.7485503426462836,0.8545454545454545,0.6758620689655173,0.7497527200791295,0.7494780793319415
0.6,0.10799999999999998,2,random,528,0.7686884949447238,0.8404641044234953,0.7468619246861925,0.8573811509591326,0.6793103448275862,0.734975369458128,0.7531380753138075
0.6,0.10799999999999998,2,random,558,0.7731256657483181,0.841534008683068,0.7466666666666667,0.859983429991715,0.68059181897302,0.7578947368421053,0.7520833333333333
0.6,0.10799999999999998,2,random,588,0.7765951513994424,0.8435571687840291,0.7495995728777363,0.8675496688741722,0.6753022452504318,0.7600767754318618,0.7634854771784232
0.6,0.10799999999999998,2,random,618,0.7750207410173166,0.8404332129963898,0.7484008528784648,0.859271523178808,0.6789473684210526,0.7671497584541063,0.7559217301750772
0.6,0.10799999999999998,2,random,648,0.7775001499093408,0.841534008683068,0.7488050982474774,0.8640533778148457,0.6816999132697311,0.7684918347742555,0.7604166666666666
0.6,0.10799999999999998,2,random,678,0.780075874501943,0.8442174388909157,0.7544141252006421,0.8656716417910447,0.6838487972508591,0.7703984819734345,0.7619047619047619
0.6,0.10799999999999998,2,random,708,0.7797168971453353,0.8434085943190095,0.7566418703506907,0.8592839300582847,0.6766256590509666,0.7735849056603774,0.7687564234326825
0.6,0.10799999999999998,2,random,738,0.7843956985430752,0.8506588579795022,0.7595744680851064,0.8585690515806988,0.6800699300699301,0.7763157894736842,0.7811860940695297
0.6,0.10799999999999998,2,random,768,0.7826268641737336,0.8503476033662641,0.7598299681190224,0.8625827814569537,0.6753246753246753,0.7658767772511849,0.781799379524302
0.6,0.10799999999999998,2,margin,18,0.5195827659012191,0.6519861830742659,0.43587842846553004,0.6114649681528662,0.41751824817518246,0.49443207126948774,0.5062166962699822
0.6,0.10799999999999998,2,margin,48,0.6547373282760351,0.6823925863521483,0.6178067318132465,0.7756756756756756,0.5450581395348837,0.590030518819939,0.7174603174603175
0.6,0.10799999999999998,2,margin,78,0.6953022522553506,0.8165137614678899,0.6728425158459288,0.7608200455580866,0.6041308089500861,0.6053215077605322,0.7121848739495799
0.6,0.10799999999999998,2,margin,108,0.7546751284812269,0.833076923076923,0.748881153654898,0.8415213946117274,0.6428571428571429,0.718351324828263,0.7433628318584071
0.6,0.10799999999999998,2,margin,138,0.7568716194493437,0.822066822066822,0.7447137699845281,0.8521739130434782,0.6632996632996633,0.7322611163670766,0.7267144319344934
0.6,0.10799999999999998,2,margin,168,0.7696166888723083,0.843908135461269,0.7470737913486005,0.8508914100486223,0.686616791354946,0.7072243346007605,0.781985670419652
0.6,0.10799999999999998,2,margin,198,0.7768957168421173,0.8440944881889764,0.7426810477657936,0.8658823529411764,0.6699507389162561,0.7379182156133829,0.8008474576271186
0.6,0.10799999999999998,2,margin,228,0.7923899527465269,0.862413528055342,0.760313315926893,0.8662519440124417,0.6758383490971626,0.7700631199278629,0.8194594594594594
0.6,0.10799999999999998,2,margin,258,0.7937140201610678,0.8625377643504532,0.7688284518828452,0.8658823529411764,0.6691109074243813,0.7854671280276817,0.8104575163398693
0.6,0.10799999999999998,2,margin,288,0.8015779405801459,0.8707326428845417,0.7712765957446809,0.8678655199374511,0.6890459363957597,0.7863829787234042,0.8241639697950378
0.6,0.10799999999999998,2,margin,318,0.7983542769790605,0.8672839506172839,0.7679235262878386,0.8641390205371248,0.6848591549295775,0.7841483979763912,0.8217716115261473
0.6,0.10799999999999998,2,margin,348,0.8024252497269329,0.8706429124709527,0.7687434002111933,0.8664546899841018,0.7018150388936906,0.785774767146486,0.8211206896551724
0.6,0.10799999999999998,2,margin,378,0.8046481125386311,0.876058506543495,0.7736842105263158,0.8646080760095012,0.7058823529411765,0.7855297157622739,0.8221258134490239
0.6,0.10799999999999998,2,margin,408,0.8058018304174492,0.8721109399075501,0.7753813782219884,0.8738170347003155,0.7021459227467811,0.7884615384615384,0.8228941684665226
0.6,0.10799999999999998,2,margin,438,0.8049221086597237,0.8695318495778972,0.7718191377497371,0.873217115689382,0.7087294727744166,0.790616854908775,0.8156182212581344
0.6,0.10799999999999998,2,margin,468,0.8021908438062842,0.8664122137404581,0.7715039577836411,0.8688783570300158,0.7101827676240209,0.7896103896103897,0.8065573770491803
0.6,0.10799999999999998,2,margin,498,0.8027766270966112,0.8677654273668072,0.7711730668069438,0.8690851735015773,0.7013215859030837,0.7900172117039587,0.8172972972972973
0.6,0.10799999999999998,2,margin,528,0.801997636734013,0.8679678530424799,0.7699629825489159,0.8659305993690851,0.6990459670424979,0.7906976744186046,0.8183807439824945
0.6,0.10799999999999998,2,margin,558,0.8054120855657135,0.869431643625192,0.7731796752226296,0.8641779189833201,0.7160068846815835,0.7926829268292683,0.8169934640522876
0.6,0.10799999999999998,2,margin,588,0.8064589909514711,0.8673040152963671,0.773753280839895,0.8700475435816165,0.7136715391229579,0.7964912280701755,0.8174863387978142
0.6,0.10799999999999998,2,margin,618,0.805069266162794,0.8646991184361824,0.7710084033613446,0.8705321683876092,0.7159863945578231,0.7950747581354441,0.8131147540983606
0.6,0.10799999999999998,2,margin,648,0.8067605045195744,0.867590454195535,0.7713239141810571,0.8713496448303079,0.7182978723404255,0.7992957746478874,0.8127053669222344
0.6,0.10799999999999998,2,margin,678,0.8081618011615794,0.866692278140607,0.7759791122715405,0.8741092636579573,0.7182978723404255,0.800705467372134,0.8131868131868132
0.6,0.10799999999999998,2,margin,708,0.8086911201493808,0.8668730650154799,0.7769709543568465,0.873217115689382,0.7206751054852321,0.8,0.8144104803493449
0.6,0.10799999999999998,2,margin,738,0.8111271368223351,0.869364161849711,0.778238341968912,0.8755905511811024,0.7283531409168081,0.8028545941123997,0.8123620309050773
0.6,0.10799999999999998,2,margin,768,0.8129172281002438,0.8705701078582434,0.783686112545173,0.8789308176100629,0.723874256584537,0.8053811659192825,0.8150609080841639
0.8,0.13733333333333336,0,random,18,0.6142513735272387,0.6193827828911749,0.5686370297997069,0.5548281505728314,0.7728,0.608615948670944,0.5612443292287751
0.8,0.13733333333333336,0,random,48,0.6722050064920501,0.7026209677419355,0.5754775107825015,0.6303030303030303,0.8103448275862069,0.6801893171061528,0.6342943854324734
0.8,0.13733333333333336,0,random,78,0.7400190110841173,0.8255002326663564,0.7097922848664688,0.6640563821456539,0.8779411764705882,0.7021097046413503,0.6607142857142857
0.8,0.13733333333333336,0,random,108,0.7684347557994698,0.8394024276377218,0.7463414634146341,0.7123287671232876,0.8760932944606414,0.7798845836768343,0.6565579984836998
0.8,0.13733333333333336,0,random,138,0.7688514690405054,0.8398849472674976,0.7305825242718447,0.7147102526002972,0.8731988472622478,0.8042763157894737,0.6504559270516718
0.8,0.13733333333333336,0,random,168,0.7644755905380206,0.8349788434414669,0.7194244604316546,0.6959876543209876,0.8828571428571429,0.7869387755102041,0.6666666666666666
0.8,0.13733333333333336,0,random,198,0.7638128230002521,0.8433074463225217,0.7340492735312697,0.6962509563886764,0.8722021660649819,0.7821862348178138,0.6548808608762491
0.8,0.13733333333333336,0,random,228,0.7667773190209844,0.846118511713367,0.7372400756143668,0.6990881458966566,0.8741912293314162,0.7788778877887789,0.6651480637813212
0.8,0.13733333333333336,0,random,258,0.7689864702483851,0.8534442903374942,0.7418738049713193,0.7260377358490566,0.8567293777134588,0.7666941467436109,0.6691394658753709
0.8,0.13733333333333336,0,random,288,0.7707668415756291,0.8600842302292934,0.7490494296577946,0.7341211225997046,0.8575581395348837,0.7516447368421053,0.6721433905899925
0.8,0.13733333333333336,0,random,318,0.7727207550222986,0.8555503947979564,0.7440401505646174,0.734065934065934,0.8546511627906976,0.7663398692810458,0.6816770186335404
0.8,0.13733333333333336,0,random,348,0.7745174485408165,0.8524743230625583,0.7376237623762376,0.7416545718432511,0.8613138686131386,0.7712634186622626,0.6827747466874513
0.8,0.13733333333333336,0,random,378,0.7772692628349634,0.8538066324147594,0.7425,0.7498154981549815,0.8581765557163531,0.7678275290215588,0.6914893617021277
0.8,0.13733333333333336,0,random,408,0.7748460618218488,0.8559479553903345,0.7426791277258566,0.7576435495898584,0.8509719222462203,0.7558139534883721,0.6860198624904508
0.8,0.13733333333333336,0,random,438,0.7793959672964993,0.8496309963099631,0.7447335811648079,0.7606263982102909,0.8615160349854227,0.7572493786246893,0.7026194144838213
0.8,0.13733333333333336,0,random,468,0.7848670694329618,0.85451197053407,0.7481481481481481,0.7646622123236823,0.8672566371681416,0.7739273927392739,0.7006960556844548
0.8,0.13733333333333336,0,random,498,0.7874193232839785,0.8583218707015131,0.7510809141445337,0.7635285396590067,0.871039056742815,0.7722772277227723,0.7082683307332294
0.8,0.13733333333333336,0,random,528,0.7870673666317792,0.864516129032258,0.7478042659974906,0.7661469933184856,0.8737151248164464,0.7671913835956918,0.703030303030303
0.8,0.13733333333333336,0,random,558,0.7887505885950378,0.8672811059907835,0.7440100882723834,0.7654504839910647,0.8745414526779164,0.7768860353130016,0.7043343653250774
0.8,0.13733333333333336,0,random,588,0.7888927141519275,0.8682027649769585,0.740880503144654,0.7670623145400594,0.8728070175438597,0.7735697018533441,0.7108339828526891
0.8,0.13733333333333336,0,random,618,0.7931022671470652,0.8713692946058091,0.7510917030567685,0.7724240177909563,0.8730741012472487,0.778046811945117,0.7126076742364917
0.8,0.13733333333333336,0,random,648,0.7922197409512207,0.8692449355432781,0.7479674796747967,0.7688888888888888,0.8727005150846211,0.7813504823151125,0.713166144200627
0.8,0.13733333333333336,0,random,678,0.8006170481554628,0.8760939659143252,0.7592245153220762,0.7783543365455893,0.884643644379133,0.792,0.7133858267716535
0.8,0.13733333333333336,0,random,708,0.8022076842857043,0.875,0.7644110275689223,0.7869339272457313,0.8791208791208791,0.7932692307692307,0.7145110410094637
0.8,0.13733333333333336,0,random,738,0.802452945547581,0.8768382352941176,0.7619047619047619,0.7934863064396743,0.882051282051282,0.789431545236189,0.7110055423594616
0.8,0.13733333333333336,0,random,768,0.80571852434728,0.8816213726393367,0.7670206121174266,0.7934863064396743,0.8859649122807017,0.7909238249594813,0.7152941176470589
0.8,0.13733333333333336,0,margin,18,0.6142513735272387,0.6193827828911749,0.5686370297997069,0.5548281505728314,0.7728,0.608615948670944,0.5612443292287751
0.8,0.13733333333333336,0,margin,48,0.618787096981037,0.7103195390256679,0.5201511335012594,0.5221445221445221,0.7468671679197995,0.6736429038587312,0.5395973154362416
0.8,0.13733333333333336,0,margin,78,0.6705327184094471,0.7630896837739761,0.6076260762607626,0.5919145690312738,0.83125,0.661134163208852,0.5681818181818182
0.8,0.13733333333333336,0,margin,108,0.7159165199927555,0.8100755667506297,0.6479400749063671,0.6750369276218612,0.8645980253878702,0.7320703653585927,0.5657781599312124
0.8,0.13733333333333336,0,margin,138,0.7472326610201377,0.8147044212617983,0.6738853503184713,0.7642045454545454,0.8685314685314686,0.7258632840028189,0.6362068965517241
0.8,0.13733333333333336,0,margin,168,0.76608827111224,0.8062529606821411,0.6710182767624021,0.792107117688513,0.8727534148094895,0.7781021897810219,0.6762956669498725
0.8,0.13733333333333336,0,margin,198,0.7781624370254265,0.8397017707362535,0.6701916721744877,0.8135349172066235,0.8763878608438194,0.7724719101123596,0.6966864910790145
0.8,0.13733333333333336,0,margin,228,0.7838519503179916,0.8486842105263158,0.6968911917098446,0.8191027496382055,0.8748159057437408,0.7699859747545582,0.693631669535284
0.8,0.13733333333333336,0,margin,258,0.783842289002359,0.8481189038550859,0.7074742268041238,0.8040786598689003,0.8671532846715329,0.7794432548179872,0.6967854039965248
0.8,0.13733333333333336,0,margin,288,0.7889535285039035,0.8532710280373832,0.7144719687092569,0.8103821196827685,0.8771676300578035,0.7821067821067821,0.6963216424294268
0.8,0.13733333333333336,0,margin,318,0.797553196516512,0.8578088578088578,0.7269205939315687,0.8252840909090909,0.8831168831168831,0.7937219730941704,0.6984667802385008
0.8,0.13733333333333336,0,margin,348,0.8027245322447568,0.8607476635514019,0.7311411992263056,0.8257790368271954,0.8823529411764706,0.7978963185574756,0.7184300341296929
0.8,0.13733333333333336,0,margin,378,0.8018645637923236,0.8586190699859089,0.7432176656151419,0.8258706467661692,0.8774193548387097,0.7954887218045112,0.7105719237435009
0.8,0.13733333333333336,0,margin,408,0.8079819637991555,0.8649651972157772,0.7514231499051234,0.8287769784172662,0.8893647394718058,0.796969696969697,0.7163920208152645
0.8,0.13733333333333336,0,margin,438,0.8120557401869343,0.8694844403158384,0.7623206487835309,0.8379728765167738,0.8858773181169758,0.8033924441017734,0.7132867132867133
0.8,0.13733333333333336,0,margin,468,0.8114598042190199,0.8653935724266418,0.7584480600750939,0.8423295454545454,0.8858773181169758,0.8027950310559007,0.7139152981849611
0.8,0.13733333333333336,0,margin,498,0.8115231450556891,0.867906976744186,0.7591331269349845,0.843010752688172,0.8896797153024911,0.793401413982718,0.7160068846815835
0.8,0.13733333333333336,0,margin,528,0.8140679238348681,0.8667287977632805,0.7573170731707317,0.8418772563176895,0.8914285714285715,0.8040593286494926,0.7229965156794426
0.8,0.13733333333333336,0,margin,558,0.8126450980665769,0.8677298311444653,0.7561709813365443,0.8421052631578947,0.8931623931623932,0.7996882307092751,0.7170138888888888
0.8,0.13733333333333336,0,margin,588,0.8115376670220001,0.8692779613025012,0.7639639639639639,0.8468864468864469,0.8918918918918919,0.7880220646178093,0.7091836734693877
0.8,0.13733333333333336,0,margin,618,0.8127701319580938,0.8697696285848613,0.764247150569886,0.8436363636363636,0.8898365316275764,0.7943485086342229,0.7147826086956521
0.8,0.13733333333333336,0,margin,648,0.813497549280415,0.8728296574378226,0.7678464307138573,0.8405797101449275,0.892526690391459,0.7917981072555205,0.7154046997389034
0.8,0.13733333333333336,0,margin,678,0.8136782007484609,0.874240299205236,0.7681246255242661,0.8340675477239354,0.8907922912205567,0.8021806853582555,0.7126637554585152
0.8,0.13733333333333336,0,margin,708,0.8149148001395602,0.8735417638824078,0.7672880336740829,0.8319882611885546,0.8908045977011494,0.8076923076923077,0.7181738366988587
0.8,0.13733333333333336,0,margin,738,0.8174504434873908,0.8735417638824078,0.7667269439421338,0.8391812865497076,0.8942857142857142,0.8046511627906977,0.7263157894736842
0.8,0.13733333333333336,0,margin,768,0.8199469709196915,0.8763940520446096,0.7688593844296923,0.8400292184075968,0.8942857142857142,0.8133230054221534,0.726790450928382
0.8,0.13733333333333336,1,random,18,0.5884260507128135,0.7130354675264855,0.6583924349881797,0.5230524642289348,0.5843621399176955,0.5641447368421053,0.48756906077348067
0.8,0.13733333333333336,1,random,48,0.6635798589041455,0.7879924953095685,0.6696528555431132,0.5880640465793304,0.6764452113891286,0.7396664249456127,0.5196581196581197
0.8,0.13733333333333336,1,random,78,0.7143663712340983,0.8183652875882946,0.7013601419278533,0.7348484848484849,0.7277070063694268,0.7213930348258707,0.5825242718446602
0.8,0.13733333333333336,1,random,108,0.701145403056283,0.7821229050279329,0.6506602641056423,0.7158469945355191,0.7480680061823802,0.6992153443766347,0.6109589041095891
0.8,0.13733333333333336,1,random,138,0.7338278438911195,0.7900101936799184,0.6940966010733453,0.7394270122783083,0.7251370399373531,0.8006230529595015,0.6536731634182908
0.8,0.13733333333333336,1,random,168,0.7620385858636349,0.8341182626896912,0.7656065959952886,0.7425876010781671,0.7582417582417582,0.8055130168453293,0.6661642803315749
0.8,0.13733333333333336,1,random,198,0.7599282506340933,0.8461936820300362,0.7530364372469636,0.7546419098143236,0.732612055641422,0.8038125496425734,0.6692728694292416
0.8,0.13733333333333336,1,random,228,0.7621813622765353,0.8868868868868869,0.7459954233409611,0.7751396648044693,0.7295019157088123,0.768370607028754,0.6671936758893281
0.8,0.13733333333333336,1,random,258,0.7734783733927871,0.875804057397328,0.7519061583577713,0.7872487872487872,0.7513812154696132,0.7889060092449923,0.6856240126382307
0.8,0.13733333333333336,1,random,288,0.7838650084423163,0.8874045801526718,0.7546490701859628,0.8008415147265077,0.7619808306709265,0.8096348096348096,0.6886792452830188
0.8,0.13733333333333336,1,random,318,0.7833154241510893,0.8893075836081017,0.7478368355995055,0.7965860597439545,0.7613727055067837,0.8089368258859785,0.695852534562212
0.8,0.13733333333333336,1,random,348,0.7892300089172098,0.8973880597014925,0.7635658914728682,0.7883934890304317,0.7724458204334366,0.8194233687405159,0.6941634241245136
0.8,0.13733333333333336,1,random,378,0.7881854029163277,0.8838951310861424,0.7750952986022872,0.7851534618129907,0.7706563706563706,0.8250377073906485,0.6892744479495269
0.8,0.13733333333333336,1,random,408,0.7861465469198136,0.8946135831381733,0.7603305785123967,0.7882689556509299,0.7636932707355243,0.815418828762046,0.6945540647198106
0.8,0.13733333333333336,1,random,438,0.7916988587731599,0.9035250463821892,0.7586657946370177,0.7983134223471539,0.7832817337461301,0.803834808259587,0.702572347266881
0.8,0.13733333333333336,1,random,468,0.7948259884958807,0.9053613053613053,0.7648984937786509,0.8022519352568613,0.7864302235929067,0.8082595870206489,0.7017543859649122
0.8,0.13733333333333336,1,random,498,0.7972431369932189,0.9031061659712564,0.7790697674418605,0.7951977401129944,0.7916343919442292,0.8138138138138138,0.7006369426751592
0.8,0.13733333333333336,1,random,528,0.8019648174808514,0.8987108655616943,0.792861695347355,0.8005738880918221,0.7981293842556508,0.8172205438066465,0.7042925278219396
0.8,0.13733333333333336,1,random,558,0.8039409452241716,0.9024839006439742,0.8025078369905956,0.797979797979798,0.8037676609105181,0.8166666666666667,0.7002398081534772
0.8,0.13733333333333336,1,random,588,0.8026714933027083,0.8983516483516484,0.7928388746803069,0.801148600143575,0.8058326937835764,0.8194444444444444,0.6984126984126984
0.8,0.13733333333333336,1,random,618,0.8042118352604116,0.8998628257887518,0.8017902813299232,0.7960057061340942,0.8097784568372803,0.819369715603382,0.698464025869038
0.8,0.13733333333333336,1,random,648,0.8068787010147865,0.8949059201468563,0.8102893890675241,0.7979942693409742,0.8203957382039574,0.8182509505703423,0.6994359387590653
0.8,0.13733333333333336,1,random,678,0.8051277426236529,0.8928571428571429,0.806949806949807,0.7965616045845272,0.8192219679633868,0.817351598173516,0.6978243352135375
0.8,0.13733333333333336,1,random,708,0.8056978709561736,0.8924485125858124,0.8062015503875969,0.7982893799002139,0.8126888217522659,0.8218125960061444,0.7027463651050081
0.8,0.13733333333333336,1,random,738,0.8063398311529691,0.8926450433988122,0.8092783505154639,0.7982832618025751,0.8142532221379833,0.8187403993855606,0.7048387096774194
0.8,0.13733333333333336,1,random,768,0.8077404105417512,0.8940852819807428,0.8113329040566645,0.7991422444603288,0.8181132075471698,0.8206312548113934,0.7031375703942075
0.8,0.13733333333333336,1,margin,18,0.5884260507128135,0.7130354675264855,0.6583924349881797,0.5230524642289348,0.5843621399176955,0.5641447368421053,0.48756906077348067
0.8,0.13733333333333336,1,margin,48,0.6809077984935868,0.8170974155069582,0.5674486803519062,0.7087316762268961,0.6712882726747544,0.7515923566878981,0.5692883895131086
0.8,0.13733333333333336,1,margin,78,0.7062551427016195,0.8226196230062832,0.5881513204853676,0.7415730337078652,0.748395378690629,0.7415730337078652,0.5952184666117065
0.8,0.13733333333333336,1,margin,108,0.7115363567252707,0.8213783403656821,0.593841642228739,0.7644326476443265,0.7431551499348109,0.7521246458923513,0.5942857142857143
0.8,0.13733333333333336,1,margin,138,0.7290389428159548,0.8319770224988032,0.6772068511198946,0.7640750670241286,0.7834036568213784,0.7222222222222222,0.5953488372093023
0.8,0.13733333333333336,1,margin,168,0.7590373777383314,0.8470474346563408,0.7516697024893746,0.7777777777777778,0.7889634601043997,0.7402597402597403,0.648506151142355
0.8,0.13733333333333336,1,margin,198,0.7778444041481062,0.867683226758485,0.7842199641362821,0.7965860597439545,0.8131049888309755,0.7501820830298617,0.6552901023890785
0.8,0.13733333333333336,1,margin,228,0.7838592991395034,0.8888888888888888,0.7915194346289752,0.7944606413994169,0.8059479553903346,0.7629796839729119,0.6593591905564924
0.8,0.13733333333333336,1,margin,258,0.781073962096,0.8861362553596951,0.7710843373493976,0.7890173410404624,0.8184568835098336,0.7607900512070227,0.660958904109589
0.8,0.13733333333333336,1,margin,288,0.7872925097693919,0.89924670433145,0.7766990291262136,0.79,0.8187311178247734,0.775330396475771,0.6637478108581436
0.8,0.13733333333333336,1,margin,318,0.7886747305416235,0.9002364066193853,0.7934978928356412,0.7906976744186046,0.8161708619374524,0.7636103151862464,0.6678352322524101
0.8,0.13733333333333336,1,margin,348,0.7894587837402272,0.9006622516556292,0.7884267631103075,0.7938371239911959,0.8186046511627907,0.7542613636363636,0.6809605488850772
0.8,0.13733333333333336,1,margin,378,0.792297865987374,0.9063097514340345,0.7995240928019036,0.8002915451895044,0.8123552123552124,0.7623126338329764,0.6729939603106126
0.8,0.13733333333333336,1,margin,408,0.7942840686748242,0.9073543457497613,0.801909307875895,0.8002969561989607,0.8132205995388163,0.7621082621082621,0.6808149405772496
0.8,0.13733333333333336,1,margin,438,0.7967822905415801,0.906832298136646,0.8104886769964244,0.8008849557522124,0.812933025404157,0.7630637079455977,0.6864910790144435
0.8,0.13733333333333336,1,margin,468,0.7958770160634524,0.909702209414025,0.8088675853804673,0.8063583815028902,0.8079877112135176,0.7625178826895566,0.6798283261802575
0.8,0.13733333333333336,1,margin,498,0.7938754468081758,0.9046242774566474,0.8098676293622142,0.8017366136034733,0.8042813455657493,0.7636887608069164,0.6790540540540541
0.8,0.13733333333333336,1,margin,528,0.7980564934308066,0.907088122605364,0.8153938665063138,0.7994186046511628,0.8158899923605806,0.7681159420289855,0.6824324324324325
0.8,0.13733333333333336,1,margin,558,0.8003714996978601,0.9096126255380201,0.8163265306122449,0.7956204379562044,0.8192219679633868,0.7740524781341108,0.6873949579831933
0.8,0.13733333333333336,1,margin,588,0.798396996250049,0.9100478468899521,0.814993954050786,0.7918486171761281,0.8157695223654283,0.7731582786287381,0.6845637583892618
0.8,0.13733333333333336,1,margin,618,0.8010757768620667,0.9085686931546194,0.8135184067592034,0.7974044700793078,0.8220015278838808,0.7786705624543463,0.6862910008410429
0.8,0.13733333333333336,1,margin,648,0.7999581034638504,0.9062049062049062,0.8137432188065099,0.7968185104844541,0.8174962292609351,0.7830533235938641,0.6824324324324325
0.8,0.13733333333333336,1,margin,678,0.8018951160631812,0.9092654824771963,0.8188882247459653,0.7930283224400871,0.820747520976354,0.7820983125458547,0.6873428331936295
0.8,0.13733333333333336,1,margin,708,0.802685149999788,0.9115255858440937,0.8134373125374925,0.7982708933717579,0.8177641653905053,0.7859237536656891,0.6891891891891891
0.8,0.13733333333333336,1,margin,738,0.8032385975190582,0.9122137404580153,0.8177458033573142,0.7970909090909091,0.8225437928408226,0.7796610169491526,0.690176322418136
0.8,0.13733333333333336,1,margin,768,0.8040681246041674,0.9132726401533301,0.8236700537955768,0.7956363636363636,0.8224582701062215,0.7847171197648788,0.684654300168634
0.8,0.13733333333333336,2,random,18,0.5487903988228406,0.44146341463414634,0.5429200293470287,0.684179104477612,0.5117883841288097,0.4658990256864482,0.6464924346629987
0.8,0.13733333333333336,2,random,48,0.6358045780817717,0.7767373090192213,0.5863529411764706,0.7487113402061856,0.5589285714285714,0.5637130801687764,0.5803842264914054
0.8,0.13733333333333336,2,random,78,0.6681071712412004,0.699663623258049,0.6887201735357917,0.7579231287929872,0.5163934426229508,0.6798283261802575,0.6661143330571665
0.8,0.13733333333333336,2,random,108,0.7293096584114783,0.7481060606060606,0.7082649151614668,0.773371104815864,0.736764705882353,0.7166947723440135,0.6926563916591115
0.8,0.13733333333333336,2,random,138,0.7473598934681962,0.7888407888407888,0.7167381974248928,0.814555633310007,0.7380239520958084,0.7293921731890092,0.696608615948671
0.8,0.13733333333333336,2,random,168,0.7564953881920006,0.7828571428571428,0.734163508391987,0.8241992882562278,0.7488855869242199,0.7489574645537949,0.699909338168631
0.8,0.13733333333333336,2,random,198,0.7696546178614159,0.8088589311506981,0.7564032697547683,0.832409972299169,0.7522658610271903,0.7542087542087542,0.7137809187279152
0.8,0.13733333333333336,2,random,228,0.7811113863600346,0.8248756218905473,0.7412209616423555,0.8539325842696629,0.7471176018447349,0.758340113913751,0.7611814345991561
0.8,0.13733333333333336,2,random,258,0.7849271265945225,0.8177240684793555,0.7330721880246223,0.8690228690228691,0.7456828885400314,0.7663702506063056,0.7776904948939513
0.8,0.13733333333333336,2,random,288,0.7897692732428362,0.8111392405063291,0.744874715261959,0.8705722070844687,0.7398568019093079,0.7771609833465504,0.7950116913484022
0.8,0.13733333333333336,2,random,318,0.7950433256776197,0.8374875373878365,0.7427937915742794,0.8766550522648083,0.7350565428109854,0.7760252365930599,0.8022417934347478
0.8,0.13733333333333336,2,random,348,0.7921327633309027,0.8272458045409674,0.7403628117913832,0.8657342657342657,0.7460567823343849,0.7828125,0.7905844155844156
0.8,0.13733333333333336,2,random,378,0.8010287907641631,0.8353057199211046,0.7559591373439274,0.8680555555555556,0.7517619420516837,0.7863383637807784,0.8087520259319287
0.8,0.13733333333333336,2,random,408,0.8064166976173297,0.8441176470588235,0.7595936794582393,0.8688981868898187,0.7515625,0.7956147220046985,0.8187134502923976
0.8,0.13733333333333336,2,random,438,0.8055297614705091,0.8387413962635202,0.7586980920314254,0.8729824561403509,0.7517509727626459,0.7962529274004684,0.8147527242246437
0.8,0.13733333333333336,2,random,468,0.8078041064349586,0.8413247652001977,0.7597765363128491,0.8717221828490432,0.760061919504644,0.797478329393223,0.8164609053497942
0.8,0.13733333333333336,2,random,498,0.8091962536902351,0.8483063328424153,0.7531003382187148,0.8747346072186837,0.757976653696498,0.7996906419180201,0.8213689482470785
0.8,0.13733333333333336,2,random,528,0.8083583980144405,0.845631067961165,0.7547592385218365,0.8814285714285715,0.7529597474348856,0.8,0.8153717627401837
0.8,0.13733333333333336,2,random,558,0.8089674199568675,0.8496350364963504,0.7591564927857936,0.8781869688385269,0.7545671167593329,0.7981293842556508,0.8141295206055509
0.8,0.13733333333333336,2,random,588,0.8088937986555406,0.8476052249637155,0.7649667405764967,0.8828956706884316,0.7531645569620253,0.7972027972027972,0.8075278015397775
0.8,0.13733333333333336,2,random,618,0.8069715393774294,0.8460038986354775,0.7598684210526315,0.8814762242725337,0.7513899920571883,0.796583850931677,0.8065068493150684
0.8,0.13733333333333336,2,random,648,0.807514574802706,0.8460417678484702,0.7617486338797814,0.8863636363636364,0.7585657370517929,0.7872174590802806,0.8051502145922746
0.8,0.13733333333333336,2,random,678,0.8104776208845078,0.8511673151750972,0.7650273224043715,0.8863636363636364,0.7525855210819411,0.798443579766537,0.8092783505154639
0.8,0.13733333333333336,2,random,708,0.8064547295176517,0.8501204819277108,0.763215859030837,0.8860580325548478,0.7387820512820513,0.7916018662519441,0.8089500860585198
0.8,0.13733333333333336,2,random,738,0.8073013481242629,0.8513119533527697,0.7599557522123894,0.8888888888888888,0.7396825396825397,0.7934782608695652,0.8104906937394247
0.8,0.13733333333333336,2,random,768,0.8087016268147513,0.8528411850412821,0.7610132158590308,0.8880969351389879,0.7416267942583732,0.7931303669008587,0.8155012636899748
0.8,0.13733333333333336,2,margin,18,0.5487903988228406,0.44146341463414634,0.5429200293470287,0.684179104477612,0.5117883841288097,0.4658990256864482,0.6464924346629987
0.8,0.13733333333333336,2,margin,48,0.6542171556906705,0.6846493379107406,0.5554259043173863,0.7855191256830601,0.5373352855051244,0.6902953586497891,0.672077922077922
0.8,0.13733333333333336,2,margin,78,0.7018368707470857,0.7726847521047708,0.5712530712530712,0.7972456006120887,0.6385542168674698,0.7250384024577573,0.7062451811873555
0.8,0.13733333333333336,2,margin,108,0.7450784348332791,0.8289473684210527,0.6532410320956576,0.8138138138138138,0.6706497386109037,0.7522658610271903,0.7515527950310559
0.8,0.13733333333333336,2,margin,138,0.7548210256889374,0.8321513002364066,0.6451195862960569,0.8403860430586488,0.674225245653817,0.7824109173616376,0.7546330615270571
0.8,0.13733333333333336,2,margin,168,0.7631381194294379,0.8303821062441752,0.6574983628028814,0.842814371257485,0.6960418222554144,0.7945619335347432,0.7575301204819277
0.8,0.13733333333333336,2,margin,198,0.7604695707543113,0.8089053803339518,0.6641414141414141,0.8188854489164087,0.6965966690803765,0.7959183673469388,0.7783701447067783
0.8,0.13733333333333336,2,margin,228,0.77746468171215,0.8185291308500477,0.6891807379612258,0.8458618071374335,0.7223382045929019,0.8041074249605056,0.7847707847707848
0.8,0.13733333333333336,2,margin,258,0.7910839659283212,0.8050682261208577,0.7192660550458716,0.8599397590361446,0.7291960507757405,0.8177570093457944,0.8152766952455183
0.8,0.13733333333333336,2,margin,288,0.7950525122611638,0.8159156279961649,0.7222562844880441,0.8629213483146068,0.7207465900933238,0.8176100628930818,0.8308651597817615
0.8,0.13733333333333336,2,margin,318,0.7980981527225329,0.8180494905385735,0.7262638717632552,0.8722927557879014,0.7306325515280739,0.8143525741029641,0.8269976726144298
0.8,0.13733333333333336,2,margin,348,0.8044938403873177,0.8239882983910287,0.738404452690167,0.8788104089219331,0.7349228611500701,0.8185388845247447,0.8322981366459627
0.8,0.13733333333333336,2,margin,378,0.809657516267103,0.8301517376407245,0.7501542257865516,0.8798219584569733,0.7359550561797753,0.8160123171670516,0.8458498023715415
0.8,0.13733333333333336,2,margin,408,0.8068876772502863,0.8276524243879021,0.7482823235477827,0.878267363704257,0.7351664254703328,0.8065967016491754,0.845360824742268
0.8,0.13733333333333336,2,margin,438,0.8111824946847054,0.8358353510895884,0.7495338719701679,0.8872620790629575,0.7420289855072464,0.8083832335329342,0.8440514469453376
0.8,0.13733333333333336,2,margin,468,0.8108496519080727,0.838170191834727,0.7431077694235589,0.8924418604651163,0.7512544802867384,0.8023512123438648,0.837772397094431
0.8,0.13733333333333336,2,margin,498,0.817561592184663,0.8401781296387927,0.7549751243781094,0.8956083513318934,0.7562904385334291,0.8097345132743363,0.848582995951417
0.8,0.13733333333333336,2,margin,528,0.8157173569095707,0.8399803052683407,0.7466666666666667,0.9002153625269204,0.7505391804457225,0.8011569052783803,0.8557457212713936
0.8,0.13733333333333336,2,margin,558,0.8134769027732279,0.8412228796844181,0.7385204081632653,0.9028571428571428,0.7476769120800572,0.8011569052783803,0.8494271685761048
0.8,0.13733333333333336,2,margin,588,0.8145907468234963,0.8443349753694581,0.7365728900255755,0.9012082444918266,0.7534148094895758,0.8014388489208633,0.8505747126436781
0.8,0.13733333333333336,2,margin,618,0.8176390425551984,0.8454320987654321,0.7408829174664108,0.9068767908309455,0.7569892473118279,0.8057347670250896,0.8499184339314845
0.8,0.13733333333333336,2,margin,648,0.8159894311576988,0.8455125061304561,0.7403174603174603,0.9024390243902439,0.7592727272727273,0.8068916008614501,0.8415032679738562
0.8,0.13733333333333336,2,margin,678,0.814406715432629,0.8414814814814815,0.7460617517328293,0.9025270758122743,0.7482014388489209,0.8045977011494253,0.8435708435708436
0.8,0.13733333333333336,2,margin,708,0.8169214421598969,0.8441365660564077,0.74858934169279,0.9044862518089725,0.7510791366906475,0.8077753779697624,0.8454619787408013
0.8,0.13733333333333336,2,margin,738,0.8209463315954447,0.8451676528599605,0.7558859975216853,0.9067245119305857,0.7552346570397112,0.8116363636363636,0.8510288065843621
0.8,0.13733333333333336,2,margin,768,0.8202842459109734,0.8453505718547986,0.7572575663990118,0.9064748201438849,0.7535612535612536,0.8111273792093704,0.8479338842975207
1.0,0.16666666666666669,0,random,18,0.6406518933258138,0.6690734055354994,0.6077694235588973,0.6589830508474577,0.7135678391959799,0.6828897338403042,0.5116279069767442
1.0,0.16666666666666669,0,random,48,0.7171671605006814,0.782608695652174,0.710594315245478,0.7327586206896551,0.7694840834248079,0.6463878326996197,0.6611694152923538
1.0,0.16666666666666669,0,random,78,0.7099208810168939,0.7876169906407487,0.6944444444444444,0.7471554993678887,0.7866520787746171,0.6167471819645732,0.6269090909090909
1.0,0.16666666666666669,0,random,108,0.7409975638271534,0.7843971631205674,0.7545284197376639,0.7612031921424187,0.8285880302149913,0.6905132192846034,0.6267553584626755
1.0,0.16666666666666669,0,random,138,0.7330046573131638,0.8117816091954023,0.7024329382407986,0.7458432304038005,0.851140456182473,0.6624605678233438,0.6243691420331651
1.0,0.16666666666666669,0,random,168,0.7552490238139274,0.8289290681502086,0.7223587223587223,0.7779156327543424,0.8405797101449275,0.7004754358161648,0.6612355736591989
1.0,0.16666666666666669,0,random,198,0.7451875668363147,0.8288288288288288,0.7101796407185629,0.76125,0.8453865336658354,0.6634692246203038,0.6620111731843575
1.0,0.16666666666666669,0,random,228,0.7544481467397629,0.8328840970350404,0.71922377198302,0.7616060225846926,0.8421709295071741,0.7041373926619828,0.6666666666666666
1.0,0.16666666666666669,0,random,258,0.7598280675467475,0.8345612860013396,0.7338129496402878,0.7647058823529411,0.8403990024937655,0.7188226181254841,0.6666666666666666
1.0,0.16666666666666669,0,random,288,0.7679724167901097,0.835357624831309,0.7489309712889431,0.7715210355987056,0.8560794044665012,0.7321156773211568,0.6638297872340425
1.0,0.16666666666666669,0,random,318,0.7768959410768104,0.8431771894093686,0.751207729468599,0.7807692307692308,0.8583850931677018,0.7429443173150267,0.6848920863309352
1.0,0.16666666666666669,0,random,348,0.7808464499450621,0.8407557354925776,0.7611940298507462,0.7786458333333334,0.8566108007448789,0.7485029940119761,0.6993693062368606
1.0,0.16666666666666669,0,random,378,0.7760450577180124,0.8368983957219251,0.7689417658108955,0.7849740932642487,0.849502487562189,0.7311178247734139,0.6848357791754018
1.0,0.16666666666666669,0,random,408,0.7793311287659798,0.8423153692614771,0.7625716104392107,0.7904269081500647,0.8472049689440994,0.7406844106463878,0.6927835051546392
1.0,0.16666666666666669,0,random,438,0.7812028696899388,0.8510919920582396,0.75898105813194,0.7893020221787345,0.8505889646621203,0.7393577296489918,0.6978954514596063
1.0,0.16666666666666669,0,random,468,0.7857135181602589,0.8502289077828646,0.7612137203166227,0.7934640522875817,0.8523573200992556,0.7390334572490707,0.717983651226158
1.0,0.16666666666666669,0,random,498,0.7880659744525711,0.853990914990266,0.7653333333333333,0.7961038961038961,0.8523364485981308,0.7405764966740577,0.7200547570157426
1.0,0.16666666666666669,0,random,528,0.7877303162319014,0.8529032258064516,0.7643908969210174,0.7932598833441348,0.8521303258145363,0.7485294117647059,0.7151681537405628
1.0,0.16666666666666669,0,random,558,0.7916101514129422,0.8528645833333334,0.7709570957095709,0.8,0.8584015103838892,0.7552958363769174,0.7121418826739427
1.0,0.16666666666666669,0,random,588,0.7956882992062012,0.8532643826761473,0.7695364238410596,0.8002585649644474,0.8632911392405064,0.7686781609195402,0.7191011235955056
1.0,0.16666666666666669,0,random,618,0.8003436488582051,0.8522875816993464,0.7774130006565988,0.8020765736534717,0.8725176169122357,0.7762039660056658,0.7215631542219121
1.0,0.16666666666666669,0,random,648,0.8004380077273613,0.8539765319426337,0.7753765553372626,0.7984445884640311,0.8707395498392283,0.7764371894960965,0.7276536312849162
1.0,0.16666666666666669,0,random,678,0.7992273316807555,0.848761408083442,0.7697325505544683,0.7979139504563233,0.8701799485861182,0.78125,0.7275261324041812
1.0,0.16666666666666669,0,random,708,0.7990388799253306,0.8472131147540983,0.7639429312581063,0.8028909329829172,0.8687258687258688,0.7818052594171997,0.7296551724137931
1.0,0.16666666666666669,0,random,738,0.8002106558024166,0.8459016393442623,0.759379042690815,0.8068783068783069,0.8720257234726688,0.78328611898017,0.7337931034482759
1.0,0.16666666666666669,0,random,768,0.7985789233299866,0.85,0.7591145833333334,0.8052631578947368,0.8713375796178344,0.778485491861288,0.7272727272727273
1.0,0.16666666666666669,0,margin,18,0.6406518933258138,0.6690734055354994,0.6077694235588973,0.6589830508474577,0.7135678391959799,0.6828897338403042,0.5116279069767442
1.0,0.16666666666666669,0,margin,48,0.6581350527395079,0.6846153846153846,0.6195732155997057,0.7015643802647413,0.6561643835616439,0.6350710900473934,0.6518218623481782
1.0,0.16666666666666669,0,margin,78,0.7116697357680857,0.7651715039577837,0.6710914454277286,0.7692307692307693,0.7482383087764254,0.6482479784366577,0.6680384087791496
1.0,0.16666666666666669,0,margin,108,0.7411497813450466,0.7410649161196207,0.6990291262135923,0.817258883248731,0.8058375634517766,0.696085409252669,0.68762278978389
1.0,0.16666666666666669,0,margin,138,0.7636488839810847,0.8029689608636977,0.723540731237973,0.8248877485567672,0.8495803744351195,0.7133479212253829,0.6675675675675675
1.0,0.16666666666666669,0,margin,168,0.7607154239183987,0.7824324324324324,0.7381703470031545,0.821969696969697,0.8479381443298969,0.7012987012987013,0.6724832214765101
1.0,0.16666666666666669,0,margin,198,0.7769901336132071,0.7959731543624161,0.7493734335839599,0.8270096463022508,0.8584298584298584,0.7340425531914894,0.697112155809268
1.0,0.16666666666666669,0,margin,228,0.789145430182337,0.8127914723517655,0.7669172932330827,0.8407894736842105,0.8576923076923076,0.7520117044623262,0.7046703296703297
1.0,0.16666666666666669,0,margin,258,0.7833733774077613,0.8161073825503355,0.7558359621451104,0.8284409654272668,0.8489583333333334,0.7402234636871509,0.7106741573033708
1.0,0.16666666666666669,0,margin,288,0.7880724569219661,0.8178191489361702,0.7557840616966581,0.8372395833333334,0.8550913838120104,0.7463312368972747,0.7161693268563497
1.0,0.16666666666666669,0,margin,318,0.7936467629613758,0.832339297548045,0.7562254259501966,0.8352638352638353,0.860327868852459,0.7515745276417075,0.726149622512011
1.0,0.16666666666666669,0,margin,348,0.7945793895362643,0.8303630363036304,0.7541613316261203,0.835509138381201,0.8648648648648649,0.7558057705840957,0.7267721954576738
1.0,0.16666666666666669,0,margin,378,0.7965935710877137,0.8355263157894737,0.7547892720306514,0.8288874430709173,0.8689384010484927,0.7649122807017544,0.726507713884993
1.0,0.16666666666666669,0,margin,408,0.7968086886221082,0.8371484630477436,0.7557840616966581,0.8321358589157414,0.8683181225554107,0.7695530726256983,0.7179125528913963
1.0,0.16666666666666669,0,margin,438,0.8039466359651168,0.8377850162866449,0.7613488975356679,0.8461538461538461,0.8737737083060824,0.7702984038861902,0.7343199436222692
1.0,0.16666666666666669,0,margin,468,0.8034680310663598,0.8388780169602087,0.7603626943005182,0.8472131147540983,0.870527000650618,0.7753973738769868,0.7284299858557284
1.0,0.16666666666666669,0,margin,498,0.8059133111098121,0.8389610389610389,0.7613488975356679,0.8503625576796309,0.8749189889825016,0.7813370473537604,0.7285513361462729
1.0,0.16666666666666669,0,margin,528,0.8086915114152292,0.8380829015544041,0.7673363577446533,0.8578947368421053,0.8789644012944984,0.7828531271960647,0.7270175438596491
1.0,0.16666666666666669,0,margin,558,0.8071800461408486,0.8372395833333334,0.7643229166666666,0.8485639686684073,0.8792207792207792,0.7846689895470383,0.729064039408867
1.0,0.16666666666666669,0,margin,588,0.8054184277513584,0.8352941176470589,0.7594278283485045,0.8528839922229423,0.8805194805194805,0.7808599167822469,0.7235252309879175
1.0,0.16666666666666669,0,margin,618,0.8034256283962043,0.839344262295082,0.754055807916937,0.847741935483871,0.8724656638325703,0.782246879334258,0.7246992215145082
1.0,0.16666666666666669,0,margin,648,0.8048444056404697,0.8410725964682799,0.7546683837733419,0.8489583333333334,0.8741721854304636,0.7860082304526749,0.7241867043847242
1.0,0.16666666666666669,0,margin,678,0.8053566937896576,0.8431372549019608,0.7579083279535184,0.8443860801050558,0.8756613756613757,0.7880027266530334,0.7230443974630021
1.0,0.16666666666666669,0,margin,708,0.8064885931613927,0.8439531859557867,0.7609819121447028,0.8496042216358839,0.8721007289595759,0.7893660531697342,0.7229254571026723
1.0,0.16666666666666669,0,margin,738,0.8047406908542253,0.842380640941792,0.758220502901354,0.8488448844884489,0.870946393117141,0.7859078590785907,0.7221438645980254
1.0,0.16666666666666669,0,margin,768,0.8030286932145527,0.8386675375571522,0.7571059431524548,0.8475689881734559,0.8724388631857237,0.7842605156037992,0.7181303116147308
1.0,0.16666666666666669,1,random,18,0.5559053252399004,0.7352732434350603,0.6620450606585788,0.3912429378531073,0.4382089552238806,0.6983676366217175,0.4102941176470588
1.0,0.16666666666666669,1,random,48,0.6939765026648986,0.8121761658031088,0.7629979743416611,0.6122961104140527,0.6976127320954907,0.783025325119781,0.49575070821529743
1.0,0.16666666666666669,1,random,78,0.7056793794668533,0.8027465667915106,0.6707566462167689,0.6858288770053476,0.7521035598705501,0.7800269905533064,0.5426136363636364
1.0,0.16666666666666669,1,random,108,0.7447591530319736,0.8254380272550292,0.7484989993328885,0.684856753069577,0.7680763983628922,0.8312863606981254,0.6103983794733289
1.0,0.16666666666666669,1,random,138,0.7535923098321563,0.803921568627451,0.7444876783398184,0.7311827956989247,0.7393103448275862,0.836436170212766,0.6662153012863913
1.0,0.16666666666666669,1,random,168,0.7640721098354409,0.8185279187817259,0.7666009204470743,0.7723463687150838,0.7599193006052455,0.8317757009345794,0.6352624495289367
1.0,0.16666666666666669,1,random,198,0.7610028378971071,0.8231552162849872,0.7697368421052632,0.7662782727895819,0.7563587684069611,0.8136986301369863,0.6367892976588628
1.0,0.16666666666666669,1,random,228,0.7690003995737883,0.8323773103887827,0.7744565217391305,0.7575342465753425,0.7739816031537451,0.813858695652174,0.6617940199335548
1.0,0.16666666666666669,1,random,258,0.7686873031905325,0.8284098051539912,0.7544581618655692,0.7546648237733241,0.7842351369405478,0.8285137861466039,0.6618421052631579
1.0,0.16666666666666669,1,random,288,0.7732483705183895,0.8285163776493256,0.7523809523809524,0.7643835616438356,0.782145236508994,0.8391793514228988,0.6728847435043305
1.0,0.16666666666666669,1,random,318,0.7768918623455144,0.8462046204620463,0.7637102234258633,0.7651363938789089,0.7805203468979319,0.8342175066312998,0.671562082777036
1.0,0.16666666666666669,1,random,348,0.7862973967979382,0.8638743455497382,0.7874659400544959,0.7590282337491793,0.8002654280026543,0.8332225913621263,0.673927842069435
1.0,0.16666666666666669,1,random,378,0.7911629105976866,0.8569553805774278,0.7732598208132323,0.7828382838283828,0.8041912246234446,0.8370565045992115,0.6926762491444216
1.0,0.16666666666666669,1,random,408,0.7943184094136431,0.8613138686131386,0.7716863289382373,0.7850098619329389,0.8129973474801061,0.830848995463383,0.7040540540540541
1.0,0.16666666666666669,1,random,438,0.796177500140579,0.8655126498002663,0.782967032967033,0.7820934825543121,0.8085676037483266,0.8314899154196487,0.7064343163538874
1.0,0.16666666666666669,1,random,468,0.8004672346934304,0.8684034736138945,0.7780097425191371,0.7981345769487008,0.8087649402390438,0.8287581699346406,0.7207325049051668
1.0,0.16666666666666669,1,random,498,0.7986618153901399,0.856760374832664,0.774281805745554,0.7970725216234198,0.8142292490118577,0.827037773359841,0.7225891677675033
1.0,0.16666666666666669,1,random,528,0.801670550756017,0.8579052701801201,0.7822525597269625,0.7954545454545454,0.8191489361702128,0.833112582781457,0.7221494102228048
1.0,0.16666666666666669,1,random,558,0.8042057087745483,0.859395532194481,0.7863481228668942,0.7989311957247829,0.8138297872340425,0.8338848444738584,0.7328447701532311
1.0,0.16666666666666669,1,random,588,0.8032033234883911,0.8614379084967321,0.7822525597269625,0.7960132890365449,0.8161911081619111,0.8354430379746836,0.7278820375335121
1.0,0.16666666666666669,1,random,618,0.8046362329475868,0.8664495114006515,0.7921462423832092,0.7909454061251664,0.81951871657754,0.8364611260053619,0.7222963951935915
1.0,0.16666666666666669,1,random,648,0.803432396565098,0.8674540682414699,0.7938420348058902,0.7894039735099337,0.816,0.8352084712111185,0.7186858316221766
1.0,0.16666666666666669,1,random,678,0.8037270883397554,0.8586525759577279,0.7991831177671885,0.7901399067288475,0.8158940397350993,0.8358602504943968,0.722632639355272
1.0,0.16666666666666669,1,random,708,0.8017063365973534,0.859395532194481,0.796448087431694,0.7879598662207358,0.8135368281353683,0.8371786420566908,0.7157190635451505
1.0,0.16666666666666669,1,random,738,0.8043828128919475,0.8640840446487197,0.7994561522773623,0.790073775989269,0.8159468438538205,0.8401585204755614,0.7165775401069518
1.0,0.16666666666666669,1,random,768,0.8038867553316927,0.8648648648648649,0.7975626269465133,0.7938625750500333,0.8172185430463577,0.8391793514228988,0.7106325706594886
1.0,0.16666666666666669,1,margin,18,0.5559053252399004,0.7352732434350603,0.6620450606585788,0.3912429378531073,0.4382089552238806,0.6983676366217175,0.4102941176470588
1.0,0.16666666666666669,1,margin,48,0.6505503552947531,0.7976190476190477,0.6512361914781694,0.5695958948043618,0.6270118964310707,0.7453042824943651,0.5125348189415042
1.0,0.16666666666666669,1,margin,78,0.721336192654209,0.788546255506608,0.7058118633912522,0.7473749227918468,0.6671009771986971,0.8095890410958904,0.6095940959409594
1.0,0.16666666666666669,1,margin,108,0.745071882922037,0.8020833333333334,0.7362250879249707,0.76346037507562,0.6986666666666667,0.8116747741487144,0.658321060382916
1.0,0.16666666666666669,1,margin,138,0.757518409430106,0.8125915080527086,0.7401477832512315,0.7600502512562815,0.7230667547918044,0.8407382091592618,0.6685159500693482
1.0,0.16666666666666669,1,margin,168,0.7764575705849243,0.83810888252149,0.7538367096378146,0.7827191867852605,0.7440597420230821,0.8438356164383561,0.6961852861035422
1.0,0.16666666666666669,1,margin,198,0.78974833207488,0.8517482517482518,0.7770056854074542,0.7828315182575273,0.7759197324414716,0.8459986550100874,0.7049861495844876
1.0,0.16666666666666669,1,margin,228,0.7942078836240946,0.859538784067086,0.7767235926628716,0.7853939782190903,0.7776280323450134,0.8504043126684636,0.7155586017820424
1.0,0.16666666666666669,1,margin,258,0.7947608030606502,0.8696826468602296,0.7723525681674065,0.7848911651728553,0.7903448275862069,0.8433898305084746,0.7079037800687286
1.0,0.16666666666666669,1,margin,288,0.7953937306361745,0.8647178789938818,0.7820593809222994,0.7858064516129032,0.7906976744186046,0.8445040214477212,0.7045769764216366
1.0,0.16666666666666669,1,margin,318,0.7983731300135689,0.8697421981004071,0.7877629063097514,0.7790404040404041,0.7873365450791466,0.8542780748663101,0.7120786516853933
1.0,0.16666666666666669,1,margin,348,0.7997689436798695,0.8674217188540972,0.7837314396384765,0.787220447284345,0.7886740331491713,0.8539026017344896,0.717663421418637
1.0,0.16666666666666669,1,margin,378,0.7979714362449556,0.8644639244774106,0.788931788931789,0.7827191867852605,0.7912388774811773,0.8502994011976048,0.7101754385964912
1.0,0.16666666666666669,1,margin,408,0.7992805710087749,0.8682795698924731,0.7892030848329049,0.7829408020369192,0.7911784975878704,0.8506967485069675,0.713384723195515
1.0,0.16666666666666669,1,margin,438,0.8032427289703669,0.8684034736138945,0.7953216374269005,0.7823303457106274,0.7994467496542186,0.8506967485069675,0.7232574189095928
1.0,0.16666666666666669,1,margin,468,0.8052430464169266,0.8708388814913449,0.8,0.7824402840542285,0.8041811846689896,0.848202396804261,0.7257955314827352
1.0,0.16666666666666669,1,margin,498,0.8078336675678391,0.8729946524064172,0.8070634401569653,0.7847446670976083,0.8068965517241379,0.850132625994695,0.7251700680272108
1.0,0.16666666666666669,1,margin,528,0.8074729064811947,0.8695073235685752,0.8070404172099087,0.7797927461139896,0.8119777158774373,0.8493696084936961,0.7271496276235613
1.0,0.16666666666666669,1,margin,558,0.8091044475977404,0.8749172733289212,0.8089005235602095,0.7792207792207793,0.8137254901960784,0.8449767132401863,0.7328859060402685
1.0,0.16666666666666669,1,margin,588,0.8080004609002979,0.8765676567656766,0.7979071288423807,0.7823261858349577,0.8199018920812894,0.8423153692614771,0.7289845326160054
1.0,0.16666666666666669,1,margin,618,0.8117984291970731,0.8739273927392739,0.8042049934296978,0.7872062663185379,0.8218793828892006,0.8442677269715043,0.7393048128342246
1.0,0.16666666666666669,1,margin,648,0.81266293610673,0.8783068783068783,0.8034300791556728,0.7926023778071334,0.823447313328681,0.8409986859395532,0.7371922821024618
1.0,0.16666666666666669,1,margin,678,0.8137292005366539,0.8824306472919419,0.8055372445616348,0.7952286282306164,0.8236111111111111,0.837393021724819,0.7381745502998002
1.0,0.16666666666666669,1,margin,708,0.8126732093757281,0.8827404479578392,0.8042049934296978,0.7951967978652434,0.8192602930914166,0.8361955085865258,0.7384412153236459
1.0,0.16666666666666669,1,margin,738,0.8123251835617594,0.8861092824226465,0.7992151733158928,0.7965540092776673,0.8203342618384402,0.8327825512227363,0.7389558232931727
1.0,0.16666666666666669,1,margin,768,0.8145269980538071,0.8910891089108911,0.8026058631921824,0.7981283422459893,0.8215767634854771,0.8311345646437994,0.7426273458445041
1.0,0.16666666666666669,2,random,18,0.5523965665877029,0.611150317572336,0.5242621310655328,0.5429314830875975,0.5699263932702419,0.5353697749196141,0.5307392996108949
1.0,0.16666666666666669,2,random,48,0.6386505516532706,0.5705426356589147,0.6069246435845214,0.7281420765027322,0.5684596577017115,0.6890101325019485,0.668824163969795
1.0,0.16666666666666669,2,random,78,0.7204464677584745,0.6939068100358423,0.6793123888559573,0.7762733720180529,0.6666666666666666,0.7693441414885778,0.7371754274857505
1.0,0.16666666666666669,2,random,108,0.6766763582249627,0.6452064380685795,0.6866197183098591,0.7738958470665788,0.5929721815519766,0.6613021214337966,0.7000618429189858
1.0,0.16666666666666669,2,random,138,0.7081750714887999,0.6996655518394649,0.6935286935286935,0.8017902813299232,0.6312684365781711,0.6987270155586988,0.7240704500978473
1.0,0.16666666666666669,2,random,168,0.7334150611870806,0.7494908350305499,0.711481261154075,0.8307692307692308,0.6421207658321061,0.7072297780959198,0.7593984962406015
1.0,0.16666666666666669,2,random,198,0.7407946620229159,0.7589098532494759,0.710388856645386,0.8435191403626595,0.6602086438152012,0.7136871508379888,0.7580543272267846
1.0,0.16666666666666669,2,random,228,0.7420762515509293,0.7517146776406035,0.7059503177354131,0.852,0.6585735963581184,0.7166309778729479,0.7675879396984925
1.0,0.16666666666666669,2,random,258,0.7489789074746444,0.7747368421052632,0.7118834080717489,0.8554533508541393,0.6457055214723927,0.7223443223443223,0.78375
1.0,0.16666666666666669,2,random,288,0.7618451798871703,0.7900894700619409,0.7237663074305162,0.8582677165354331,0.6539634146341463,0.748546511627907,0.7964376590330788
1.0,0.16666666666666669,2,random,318,0.7681539882988636,0.7819548872180451,0.7280139778683751,0.859776168531929,0.6712962962962963,0.7821229050279329,0.7857596948506039
1.0,0.16666666666666669,2,random,348,0.7758447411600365,0.7892255892255893,0.7289611143354614,0.8724114896459586,0.6692248656945511,0.7868162692847125,0.8084291187739464
1.0,0.16666666666666669,2,random,378,0.7737883302928249,0.784895482130816,0.7334484743811168,0.8689839572192514,0.6763580719204285,0.7803138373751783,0.7987301587301587
1.0,0.16666666666666669,2,random,408,0.7802781196593371,0.7782312925170068,0.7378299120234604,0.8661735036987223,0.700955180014695,0.7930313588850174,0.8054474708171206
1.0,0.16666666666666669,2,random,438,0.789103693950712,0.7762430939226519,0.7513353115727003,0.8820786142571619,0.7120115774240231,0.8140013726835964,0.7989521938441388
1.0,0.16666666666666669,2,random,468,0.7965455462602069,0.7900552486187845,0.746730083234245,0.8916943521594685,0.7109826589595376,0.8217481073640743,0.8180628272251309
1.0,0.16666666666666669,2,random,498,0.7987160457076783,0.7962085308056872,0.7494061757719715,0.8927152317880794,0.7111756168359942,0.8201240523776706,0.8226666666666667
1.0,0.16666666666666669,2,random,528,0.7984587689405256,0.7940979208584842,0.750149790293589,0.8922670191672174,0.7169811320754716,0.8215024121295658,0.8157543391188251
1.0,0.16666666666666669,2,random,558,0.8012934269884687,0.7967698519515478,0.7525710828796128,0.8902195608782435,0.7264895908111989,0.8178694158075601,0.823841059602649
1.0,0.16666666666666669,2,random,588,0.8015232604377349,0.7920927062031357,0.752,0.8897795591182365,0.7304964539007093,0.8220108695652174,0.8227599738391105
1.0,0.16666666666666669,2,random,618,0.7965402121817808,0.784394250513347,0.7441285537700866,0.8819212808539026,0.7298245614035088,0.8194921070693205,0.8194805194805195
1.0,0.16666666666666669,2,random,648,0.8027783549687949,0.7913468248429868,0.754950495049505,0.8827404479578392,0.7428571428571429,0.8173673328738801,0.8274078862314156
1.0,0.16666666666666669,2,random,678,0.8002624235119454,0.7848633496846531,0.7503152585119798,0.8758169934640523,0.7452054794520548,0.8172484599589322,0.828125
1.0,0.16666666666666669,2,random,708,0.8013196735583527,0.7843684577808793,0.7529706066291432,0.879526003949967,0.7446954140999316,0.8186813186813187,0.8276762402088773
1.0,0.16666666666666669,2,random,738,0.8023324154793611,0.7829727843684577,0.7540574282147315,0.8807339449541285,0.7501720578114246,0.8164383561643835,0.8296199213630406
1.0,0.16666666666666669,2,random,768,0.801498173274457,0.7773167358229599,0.7593516209476309,0.8830486202365309,0.7553411440385941,0.8182446440912232,0.8156862745098039
1.0,0.16666666666666669,2,margin,18,0.5523965665877029,0.611150317572336,0.5242621310655328,0.5429314830875975,0.5699263932702419,0.5353697749196141,0.5307392996108949
1.0,0.16666666666666669,2,margin,48,0.6738802436491708,0.6323218066337333,0.6345574954846478,0.7310742609949531,0.6585216860109957,0.708300395256917,0.6785058175137784
1.0,0.16666666666666669,2,margin,78,0.7315496485584587,0.7403314917127072,0.6968944099378882,0.8263736263736263,0.6706521739130434,0.7399545109931767,0.7150916784203103
1.0,0.16666666666666669,2,margin,108,0.7571452647265668,0.7131147540983607,0.7422680412371134,0.8369723435225619,0.695702005730659,0.787746170678337,0.7670682730923695
1.0,0.16666666666666669,2,margin,138,0.7889572962802891,0.7534246575342466,0.743801652892562,0.8865836791147994,0.7253269916765755,0.8146551724137931,0.8099516240497581
1.0,0.16666666666666669,2,margin,168,0.7993095204229793,0.775235531628533,0.7517915309446254,0.8870292887029289,0.729483282674772,0.8220516399162596,0.8302658486707567
1.0,0.16666666666666669,2,margin,198,0.79971269540961,0.7757009345794392,0.7529880478087649,0.8700564971751412,0.7447335811648079,0.8228187919463087,0.8319783197831978
1.0,0.16666666666666669,2,margin,228,0.8040626372954094,0.7805851063829787,0.7537953795379538,0.8853591160220995,0.7340492735312697,0.8208248816768087,0.849762066621346
1.0,0.16666666666666669,2,margin,258,0.8014524746091197,0.773841961852861,0.7478143913920645,0.8903924221921515,0.7282948157401624,0.8287808127914723,0.8395904436860068
1.0,0.16666666666666669,2,margin,288,0.803880677346093,0.7824897400820794,0.7378507871321013,0.8998664886515354,0.7369077306733167,0.8260869565217391,0.8400823610157858
1.0,0.16666666666666669,2,margin,318,0.810368506640026,0.793127147766323,0.7464503042596349,0.9018280297901151,0.7397769516728625,0.8275862068965517,0.8534423994546694
1.0,0.16666666666666669,2,margin,348,0.8076912681931465,0.7870879120879121,0.7394270122783083,0.9060175794455714,0.7344139650872819,0.8187830687830688,0.8604180714767363
1.0,0.16666666666666669,2,margin,378,0.814292525659461,0.7885010266940452,0.7503410641200545,0.9126344086021505,0.7373040752351098,0.8289473684210527,0.8680272108843538
1.0,0.16666666666666669,2,margin,408,0.8144850624961952,0.7958477508650519,0.7503410641200545,0.9109311740890689,0.7354037267080745,0.8260013131976363,0.8683853459972863
1.0,0.16666666666666669,2,margin,438,0.8152302997019959,0.7991718426501035,0.7486338797814208,0.9088453747467927,0.7365158090514569,0.8272251308900523,0.8709897610921502
1.0,0.16666666666666669,2,margin,468,0.8167119509076284,0.8027397260273973,0.7535836177474403,0.908968307484828,0.73579013116802,0.8309305373525557,0.868259385665529
1.0,0.16666666666666669,2,margin,498,0.8177246726362427,0.8027303754266212,0.7542545949625595,0.9147496617050067,0.7373674360573924,0.8299409061063691,0.8673050615595075
1.0,0.16666666666666669,2,margin,528,0.8207497083553296,0.8074277854195323,0.7596479350033852,0.9142471303173532,0.7391304347826086,0.8325673013788575,0.8714776632302406
1.0,0.16666666666666669,2,margin,558,0.8194853867948463,0.8058051140290255,0.7540760869565217,0.9142091152815014,0.746417445482866,0.8320209973753281,0.8643835616438356
1.0,0.16666666666666669,2,margin,588,0.8206361419715851,0.8033240997229917,0.7562797012898846,0.9162759544541192,0.7475124378109452,0.8316961362148002,0.8687285223367698
1.0,0.16666666666666669,2,margin,618,0.820900888764961,0.8071872840359364,0.7515316541865215,0.9218436873747495,0.7456575682382134,0.8296199213630406,0.8695652173913043
1.0,0.16666666666666669,2,margin,648,0.8208296766970777,0.8030619345859429,0.752542372881356,0.9213333333333333,0.750154990700558,0.8300653594771242,0.8678200692041522
1.0,0.16666666666666669,2,margin,678,0.8227792476055616,0.8088950660180682,0.7527027027027027,0.9234863606121091,0.7534246575342466,0.8301639344262295,0.8680027643400138
1.0,0.16666666666666669,2,margin,708,0.8237635052791141,0.8044382801664355,0.7532116294793779,0.9253333333333333,0.7526348419094855,0.8342105263157895,0.8727524204702628
1.0,0.16666666666666669,2,margin,738,0.8244210960188707,0.8052668052668053,0.7562457798784605,0.9246164109406271,0.7512437810945274,0.8376068376068376,0.8715469613259669
1.0,0.16666666666666669,2,margin,768,0.8255947831057177,0.8080110497237569,0.7575554063129617,0.9241011984021305,0.7554449284380834,0.8364116094986808,0.8720445062586927
